audio_id,audio_path,original_split,project_split,locale,speaker_id,normalized_speaker_id,speaker_sex,speaker_age,transcript,annot_utt,tokens,labels,intent_idx,intent,scenario_str,duration_sec,sample_rate,num_channels,is_valid,protocol,role,checksum,dataset_type,split_role,split_name,duplicate_path,duplicate_checksum
15725,dev/3ad59c437df9f88fb73aa7836be03236.wav,validation,SVM,vi-VN,6552b16899091e4aaa587d1b,exp_svm_spk_0001,Male,33,tôi muốn đăng một trạng thái trên twitter,tôi muốn đăng một trạng thái trên [media_type : twitter],['tôi' 'muốn' 'đăng' 'một' 'trạng' 'thái' 'trên' 'twitter'],['Other' 'Other' 'Other' 'Other' 'Other' 'Other' 'Other' 'media_type'],47,social_post,social,2.58,48000,1,True,SVM_CLOSED_SET,SVM_EXPERIMENTAL,54dd762665a7b4b1ab3c79292e78022bdaff86cb8b8c5fe86a0cff3d1b969a2b,SVM_CLOSED_SET,ENROLLMENT,svm_closed_set_enrollment,False,False
8372,dev/9bb610ed02974acd847eb7730f910235.wav,validation,SVM,vi-VN,6552b16899091e4aaa587d1b,exp_svm_spk_0001,Male,33,này siri chắc chắn rằng lịch của tôi hoàn toàn rõ ràng vào ngày mai,này siri chắc chắn rằng lịch của tôi hoàn toàn rõ ràng vào [date : ngày mai],"['này' 'siri' 'chắc' 'chắn' 'rằng' 'lịch' 'của' 'tôi' 'hoàn' 'toàn' 'rõ'
 'ràng' 'vào' 'ngày' 'mai']","['Other' 'Other' 'Other' 'Other' 'Other' 'Other' 'Other' 'Other' 'Other'
 'Other' 'Other' 'Other' 'Other' 'date' 'date']",30,calendar_remove,calendar,5.1,48000,1,True,SVM_CLOSED_SET,SVM_EXPERIMENTAL,b48193af5e64eab3da8fef115833f4165598a0219e4fd4fb1cb725f2b0cbbd85,SVM_CLOSED_SET,ENROLLMENT,svm_closed_set_enrollment,False,False
16570,dev/c49416ed116437e83d89d9319a2736d8.wav,validation,SVM,vi-VN,6552b16899091e4aaa587d1b,exp_svm_spk_0001,Male,33,gửi email đến tất cả nhân viên công ty tôi,gửi email đến tất cả [relation : nhân viên] công ty tôi,['gửi' 'email' 'đến' 'tất' 'cả' 'nhân' 'viên' 'công' 'ty' 'tôi'],"['Other' 'Other' 'Other' 'Other' 'Other' 'relation' 'relation' 'Other'
 'Other' 'Other']",33,email_sendemail,email,3.72,48000,1,True,SVM_CLOSED_SET,SVM_EXPERIMENTAL,3f50433277c1b044058d5520ff9d09b89560ab054f86c15d891513c0b300948a,SVM_CLOSED_SET,ENROLLMENT,svm_closed_set_enrollment,False,False
8072,dev/5db14ad2feaa9a898249d89e643cedc0.wav,validation,SVM,vi-VN,6552b16899091e4aaa587d1b,exp_svm_spk_0001,Male,33,tôi có một cuộc hẹn hò vào thứ sáu phải không,tôi có một cuộc hẹn hò vào [date : thứ sáu] phải không,['tôi' 'có' 'một' 'cuộc' 'hẹn' 'hò' 'vào' 'thứ' 'sáu' 'phải' 'không'],"['Other' 'Other' 'Other' 'Other' 'Other' 'Other' 'Other' 'date' 'date'
 'Other' 'Other']",32,calendar_query,calendar,4.5,48000,1,True,SVM_CLOSED_SET,SVM_EXPERIMENTAL,c22c7d304ae743e31e158618be88002e96c2b4415e0c0b0ee9515e55eef25042,SVM_CLOSED_SET,ENROLLMENT,svm_closed_set_enrollment,False,False
13384,dev/2c8a885c31eb6345db91d90158c2347d.wav,validation,SVM,vi-VN,6552b16899091e4aaa587d1b,exp_svm_spk_0001,Male,33,chủ tịch thành phố cần thơ là ai,chủ tịch thành phố [place_name : cần thơ] là ai,['chủ' 'tịch' 'thành' 'phố' 'cần' 'thơ' 'là' 'ai'],['Other' 'Other' 'Other' 'Other' 'place_name' 'place_name' 'Other' 'Other'],49,qa_factoid,qa,2.46,48000,1,True,SVM_CLOSED_SET,SVM_EXPERIMENTAL,d3fbfbf010c3c65e711f0938b6b61a881217193debf74e7d7e94a6f23e3e66ff,SVM_CLOSED_SET,ENROLLMENT,svm_closed_set_enrollment,False,False
4723,dev/4eccc049a8c90a634134b2d36147cdac.wav,validation,SVM,vi-VN,6537e43c008bb605430a302f,exp_svm_spk_0002,Female,29,liệt kê báo thức khác của tôi,liệt kê báo thức khác của tôi,['liệt' 'kê' 'báo' 'thức' 'khác' 'của' 'tôi'],['Other' 'Other' 'Other' 'Other' 'Other' 'Other' 'Other'],23,alarm_query,alarm,2.28,48000,1,True,SVM_CLOSED_SET,SVM_EXPERIMENTAL,d3732778358cf3c162e7f264f6d9a848af730c4640e81488bd19808f79a1b794,SVM_CLOSED_SET,ENROLLMENT,svm_closed_set_enrollment,False,False
10666,dev/b0fccb95306b4e99de9c54c49f1d4588.wav,validation,SVM,vi-VN,6537e43c008bb605430a302f,exp_svm_spk_0002,Female,29,đọc danh sách,đọc danh sách,['đọc' 'danh' 'sách'],['Other' 'Other' 'Other'],59,lists_query,lists,1.8,48000,1,True,SVM_CLOSED_SET,SVM_EXPERIMENTAL,c5f28b146f7a9398560b1406300b301956cc035c7257864b2e949ca64f6c0edb,SVM_CLOSED_SET,ENROLLMENT,svm_closed_set_enrollment,False,False
10924,dev/3e5c690b3011dada2171a0c847b88237.wav,validation,SVM,vi-VN,6537e43c008bb605430a302f,exp_svm_spk_0002,Female,29,xoá cuộc họp sáng thứ tư,xoá cuộc họp [timeofday : sáng] [date : thứ tư],['xoá' 'cuộc' 'họp' 'sáng' 'thứ' 'tư'],['Other' 'Other' 'Other' 'timeofday' 'date' 'date'],30,calendar_remove,calendar,1.38,48000,1,True,SVM_CLOSED_SET,SVM_EXPERIMENTAL,091cb7c3b0665366db184a7a21350360a487a5b88df8d911cbaaa836a1691ae1,SVM_CLOSED_SET,ENROLLMENT,svm_closed_set_enrollment,False,False
12352,dev/f59478315ad2f5b86c568c864cedb767.wav,validation,SVM,vi-VN,6537e43c008bb605430a302f,exp_svm_spk_0002,Female,29,đặt một chiếc taxi đi đến sân bay vào buổi sáng ngày mai,đặt một chiếc [transport_type : taxi] đi đến [place_name : sân bay] vào [timeofday : buổi sáng] [date : ngày mai],"['đặt' 'một' 'chiếc' 'taxi' 'đi' 'đến' 'sân' 'bay' 'vào' 'buổi' 'sáng'
 'ngày' 'mai']","['Other' 'Other' 'Other' 'transport_type' 'Other' 'Other' 'place_name'
 'place_name' 'Other' 'timeofday' 'timeofday' 'date' 'date']",54,transport_taxi,transport,3.54,48000,1,True,SVM_CLOSED_SET,SVM_EXPERIMENTAL,f561162b1f02bad1fba7122967dcebae37a21de6e3ded9058305a796e49d049e,SVM_CLOSED_SET,ENROLLMENT,svm_closed_set_enrollment,False,False
12715,dev/8a6095d09fb3ebe2acf66df78da8af24.wav,validation,SVM,vi-VN,6537e43c008bb605430a302f,exp_svm_spk_0002,Female,29,gọi một taxi đến đón tôi ngay,gọi một [transport_type : taxi] đến đón tôi ngay,['gọi' 'một' 'taxi' 'đến' 'đón' 'tôi' 'ngay'],['Other' 'Other' 'transport_type' 'Other' 'Other' 'Other' 'Other'],54,transport_taxi,transport,1.56,48000,1,True,SVM_CLOSED_SET,SVM_EXPERIMENTAL,5dc2047f4e8f44fb6a6f5730b6a9efe8499b9d7f17d626ed717294cd097ff5f9,SVM_CLOSED_SET,ENROLLMENT,svm_closed_set_enrollment,False,False
5666,dev/fa749c13aaf2b13ee4ceef66a2d0e2df.wav,validation,SVM,vi-VN,5c9d67af9e01ef000197cd15,exp_svm_spk_0003,Female,59,thời tiết được cập nhật theo giây bằng cách sử dụng thời tiết hoặc cập nhật dự báo từ trung tâm dự báo khí tượng thuỷ văn quốc gia hoặc weathercom đều khá kém đối với trang web của tôi,thời tiết được cập nhật theo giây bằng cách sử dụng thời tiết hoặc cập nhật dự báo từ trung tâm dự báo khí tượng thuỷ văn quốc gia hoặc weathercom đều khá kém đối với trang web của tôi,"['thời' 'tiết' 'được' 'cập' 'nhật' 'theo' 'giây' 'bằng' 'cách' 'sử' 'dụng'
 'thời' 'tiết' 'hoặc' 'cập' 'nhật' 'dự' 'báo' 'từ' 'trung' 'tâm' 'dự'
 'báo' 'khí' 'tượng' 'thuỷ' 'văn' 'quốc' 'gia' 'hoặc' 'weathercom' 'đều'
 'khá' 'kém' 'đối' 'với' 'trang' 'web' 'của' 'tôi']","['Other' 'Other' 'Other' 'Other' 'Other' 'Other' 'Other' 'Other' 'Other'
 'Other' 'Other' 'Other' 'Other' 'Other' 'Other' 'Other' 'Other' 'Other'
 'Other' 'Other' 'Other' 'Other' 'Other' 'Other' 'Other' 'Other' 'Other'
 'Other' 'Other' 'Other' 'Other' 'Other' 'Other' 'Other' 'Other' 'Other'
 'Other' 'Other' 'Other' 'Other']",13,weather_query,weather,15.6,48000,1,True,SVM_CLOSED_SET,SVM_EXPERIMENTAL,cf287dbbe66786fbc1f9a66acb896ee6e6c550cb9d246803328b91cec00adb44,SVM_CLOSED_SET,ENROLLMENT,svm_closed_set_enrollment,False,False
12533,dev/7c212a77d5e79b0043b40b0b178e70a0.wav,validation,SVM,vi-VN,5c9d67af9e01ef000197cd15,exp_svm_spk_0003,Female,59,chỉ tôi đường đến địa điểm,chỉ tôi đường đến địa điểm,['chỉ' 'tôi' 'đường' 'đến' 'địa' 'điểm'],['Other' 'Other' 'Other' 'Other' 'Other' 'Other'],42,transport_query,transport,2.94,48000,1,True,SVM_CLOSED_SET,SVM_EXPERIMENTAL,ae6da81885d98750003684d3d83533b3d4c98a1a6a7089fb5b3906ffd1fb561e,SVM_CLOSED_SET,ENROLLMENT,svm_closed_set_enrollment,False,False
4971,dev/512e5d85b9cd20cabe606e5c6c307119.wav,validation,SVM,vi-VN,5c9d67af9e01ef000197cd15,exp_svm_spk_0003,Female,59,bỏ báo thức đi ngủ của vy,bỏ báo thức đi ngủ [person : của vy],['bỏ' 'báo' 'thức' 'đi' 'ngủ' 'của' 'vy'],['Other' 'Other' 'Other' 'Other' 'Other' 'person' 'person'],52,alarm_remove,alarm,3.0,48000,1,True,SVM_CLOSED_SET,SVM_EXPERIMENTAL,e89132e989632d56ea29126161e622d1eda479f5a4a5e4eda5394f07b69c1545,SVM_CLOSED_SET,ENROLLMENT,svm_closed_set_enrollment,False,False
16929,dev/fcf4ac4be1ed13f0c36fe7f34ec64c7f.wav,validation,SVM,vi-VN,5c9d67af9e01ef000197cd15,exp_svm_spk_0003,Female,59,phản hồi thư của hùng với phản hồi sáu ba mươi,phản hồi thư [person : của hùng] với phản hồi sáu ba mươi,['phản' 'hồi' 'thư' 'của' 'hùng' 'với' 'phản' 'hồi' 'sáu' 'ba' 'mươi'],"['Other' 'Other' 'Other' 'person' 'person' 'Other' 'Other' 'Other' 'Other'
 'Other' 'Other']",33,email_sendemail,email,4.26,48000,1,True,SVM_CLOSED_SET,SVM_EXPERIMENTAL,80466509a95a7d48adb368cb3f1b3a0644989ec01bf2364d6da9e8d8bb06d50c,SVM_CLOSED_SET,ENROLLMENT,svm_closed_set_enrollment,False,False
8788,dev/ed6ae9c008a6f579fa6c66cccdea75d8.wav,validation,SVM,vi-VN,5c9d67af9e01ef000197cd15,exp_svm_spk_0003,Female,59,tìm kiếm những gì đang xảy ra gần đây vào các ngày cụ thể,tìm kiếm những gì đang xảy ra gần đây vào các ngày cụ thể,"['tìm' 'kiếm' 'những' 'gì' 'đang' 'xảy' 'ra' 'gần' 'đây' 'vào' 'các'
 'ngày' 'cụ' 'thể']","['Other' 'Other' 'Other' 'Other' 'Other' 'Other' 'Other' 'Other' 'Other'
 'Other' 'Other' 'Other' 'Other' 'Other']",6,recommendation_events,recommendation,5.4,48000,1,True,SVM_CLOSED_SET,SVM_EXPERIMENTAL,6e005dfec861b87d1ba12f830060ac7c1ce04c580a914931ae6604e43e7c9e0b,SVM_CLOSED_SET,ENROLLMENT,svm_closed_set_enrollment,False,False
3701,dev/dd6d3ba0c684ecafd5b132a6741933ce.wav,validation,SVM,vi-VN,5e133bbe6a5bff9911b73cfc,exp_svm_spk_0004,Female,31,nó quá sáng,nó quá sáng,['nó' 'quá' 'sáng'],['Other' 'Other' 'Other'],31,iot_hue_lightdim,iot,2.22,48000,1,True,SVM_CLOSED_SET,SVM_EXPERIMENTAL,6928dc921f267431225fae064e7dc6d535536d9e67e3615247d89f03febc585b,SVM_CLOSED_SET,ENROLLMENT,svm_closed_set_enrollment,False,False
8751,dev/b7c51e19ad3f7f8c40d30cf0f17f592d.wav,validation,SVM,vi-VN,5e133bbe6a5bff9911b73cfc,exp_svm_spk_0004,Female,31,cuộc họp buổi trưa thứ ba,[event_name : cuộc họp] [timeofday : buổi trưa] [date : thứ ba],['cuộc' 'họp' 'buổi' 'trưa' 'thứ' 'ba'],['event_name' 'event_name' 'timeofday' 'timeofday' 'date' 'date'],50,calendar_set,calendar,2.64,48000,1,True,SVM_CLOSED_SET,SVM_EXPERIMENTAL,969d64c374269f8e26f15f9e9e8c412d011cd74f8c49dbe900a7069215452cb6,SVM_CLOSED_SET,ENROLLMENT,svm_closed_set_enrollment,False,False
2140,dev/de922906d358b91c5e282d8e4ef4fa2a.wav,validation,SVM,vi-VN,5e133bbe6a5bff9911b73cfc,exp_svm_spk_0004,Female,31,siri thời tiết bên ngoài như thế nào,siri thời tiết bên ngoài như thế nào,['siri' 'thời' 'tiết' 'bên' 'ngoài' 'như' 'thế' 'nào'],['Other' 'Other' 'Other' 'Other' 'Other' 'Other' 'Other' 'Other'],13,weather_query,weather,3.06,48000,1,True,SVM_CLOSED_SET,SVM_EXPERIMENTAL,751de84a939f54838199948c90523882639c59795c0a8d82c1e37953dcc9e50d,SVM_CLOSED_SET,ENROLLMENT,svm_closed_set_enrollment,False,False
15294,dev/135809789a4dc4615f9825172e9d2245.wav,validation,SVM,vi-VN,5e133bbe6a5bff9911b73cfc,exp_svm_spk_0004,Female,31,thông tin mới nhất từ ​​nguồn cấp dữ liệu của tôi là gì,thông tin mới nhất từ ​​nguồn cấp dữ liệu của tôi là gì,"['thông' 'tin' 'mới' 'nhất' 'từ' '\u200b\u200bnguồn' 'cấp' 'dữ' 'liệu'
 'của' 'tôi' 'là' 'gì']","['Other' 'Other' 'Other' 'Other' 'Other' 'Other' 'Other' 'Other' 'Other'
 'Other' 'Other' 'Other' 'Other']",27,social_query,social,3.96,48000,1,True,SVM_CLOSED_SET,SVM_EXPERIMENTAL,a157001f283f04c749a306bd7a4b730feacb10b834bb5f9fd84a7d717ce21f1f,SVM_CLOSED_SET,ENROLLMENT,svm_closed_set_enrollment,False,False
10293,dev/cd4f783e917713c1ed23099c45298367.wav,validation,SVM,vi-VN,5e133bbe6a5bff9911b73cfc,exp_svm_spk_0004,Female,31,muốn chơi game với tôi không,muốn chơi game với tôi không,['muốn' 'chơi' 'game' 'với' 'tôi' 'không'],['Other' 'Other' 'Other' 'Other' 'Other' 'Other'],51,play_game,play,2.94,48000,1,True,SVM_CLOSED_SET,SVM_EXPERIMENTAL,481ebf3f3d46197d58fc82a589655f320e5329fa4c5feb57e768e4fd35c03401,SVM_CLOSED_SET,ENROLLMENT,svm_closed_set_enrollment,False,False
9736,dev/97087093a1263b0e5dbc49a2348ba910.wav,validation,SVM,vi-VN,6557ebf8541bd32382739c1a,exp_svm_spk_0005,Female,30,phát sách nói mới thêm gần đây,phát [media_type : sách nói] mới thêm gần đây,['phát' 'sách' 'nói' 'mới' 'thêm' 'gần' 'đây'],['Other' 'media_type' 'media_type' 'Other' 'Other' 'Other' 'Other'],20,play_audiobook,play,4.56,48000,1,True,SVM_CLOSED_SET,SVM_EXPERIMENTAL,6e4df7bd3f87eddae50e29540dc7a8ddbc6cbc766f1ddb91dcdbf9f5c6cd0ab7,SVM_CLOSED_SET,ENROLLMENT,svm_closed_set_enrollment,False,False
708,dev/f917261a23cf166a37944468c2a901c2.wav,validation,SVM,vi-VN,6557ebf8541bd32382739c1a,exp_svm_spk_0005,Female,30,ai đang dẫn đầu giải đua công thức một ngay bây giờ,ai đang dẫn đầu giải đua [news_topic : công thức một] ngay bây giờ,"['ai' 'đang' 'dẫn' 'đầu' 'giải' 'đua' 'công' 'thức' 'một' 'ngay' 'bây'
 'giờ']","['Other' 'Other' 'Other' 'Other' 'Other' 'Other' 'news_topic' 'news_topic'
 'news_topic' 'Other' 'Other' 'Other']",22,news_query,news,5.28,48000,1,True,SVM_CLOSED_SET,SVM_EXPERIMENTAL,93d0e67ae824491ba52c30c9965bc51f7fdc27080ab11be8bca6a0ef414c725f,SVM_CLOSED_SET,ENROLLMENT,svm_closed_set_enrollment,False,False
15897,dev/14aa32bc7e81f8b3a525f0955fcc63f8.wav,validation,SVM,vi-VN,6557ebf8541bd32382739c1a,exp_svm_spk_0005,Female,30,gửi chúc mừng sinh nhất đến thang a còng gmail.com,gửi chúc mừng sinh nhất đến [email_address : thang a còng gmail.com],['gửi' 'chúc' 'mừng' 'sinh' 'nhất' 'đến' 'thang' 'a' 'còng' 'gmail.com'],"['Other' 'Other' 'Other' 'Other' 'Other' 'Other' 'email_address'
 'email_address' 'email_address' 'email_address']",33,email_sendemail,email,6.48,48000,1,True,SVM_CLOSED_SET,SVM_EXPERIMENTAL,4ba78b34a0274dec644c9592ccad54932ca7ba49eea73ebcb4bc9dda29948a9d,SVM_CLOSED_SET,ENROLLMENT,svm_closed_set_enrollment,False,False
6132,dev/7bf8375bbe8e75fbd46805f42b0189e2.wav,validation,SVM,vi-VN,6557ebf8541bd32382739c1a,exp_svm_spk_0005,Female,30,olly mở bất cứ thứ gì trong danh sách phát gần đây nhất của tôi,olly mở [music_descriptor : bất cứ thứ gì] trong danh sách phát gần đây nhất của tôi,"['olly' 'mở' 'bất' 'cứ' 'thứ' 'gì' 'trong' 'danh' 'sách' 'phát' 'gần'
 'đây' 'nhất' 'của' 'tôi']","['Other' 'Other' 'music_descriptor' 'music_descriptor' 'music_descriptor'
 'music_descriptor' 'Other' 'Other' 'Other' 'Other' 'Other' 'Other'
 'Other' 'Other' 'Other']",45,play_music,play,6.24,48000,1,True,SVM_CLOSED_SET,SVM_EXPERIMENTAL,5399d899fafa743aa2480f706edf46cb9bb5369fcf63cabdc811fe56d2fcacf7,SVM_CLOSED_SET,ENROLLMENT,svm_closed_set_enrollment,False,False
2693,dev/a440e57a0aa2c7e9cfbe6d296362a0e2.wav,validation,SVM,vi-VN,6557ebf8541bd32382739c1a,exp_svm_spk_0005,Female,30,làm một cốc cà phê cho tôi,làm một cốc cà phê cho tôi,['làm' 'một' 'cốc' 'cà' 'phê' 'cho' 'tôi'],['Other' 'Other' 'Other' 'Other' 'Other' 'Other' 'Other'],56,iot_coffee,iot,3.84,48000,1,True,SVM_CLOSED_SET,SVM_EXPERIMENTAL,c764aef266cfdebd26575526e006c3dad5b0d95f31419296a16cf54d243b4ea1,SVM_CLOSED_SET,ENROLLMENT,svm_closed_set_enrollment,False,False
9425,dev/0c6a1454f31843f837710865ba52c3bf.wav,validation,SVM,vi-VN,5ee49e71f8d19d00098aca3e,exp_svm_spk_0006,Male,27,olly tôi muốn nghe kênh phát nhạc r. and b.,olly tôi muốn nghe [radio_name : kênh phát nhạc r. and b.],['olly' 'tôi' 'muốn' 'nghe' 'kênh' 'phát' 'nhạc' 'r.' 'and' 'b.'],"['Other' 'Other' 'Other' 'Other' 'radio_name' 'radio_name' 'radio_name'
 'radio_name' 'radio_name' 'radio_name']",36,play_radio,play,3.9,48000,1,True,SVM_CLOSED_SET,SVM_EXPERIMENTAL,e7f79bde6ccff270890a181f78cc7575ac1036e89172b612f8d670c6934e59fc,SVM_CLOSED_SET,ENROLLMENT,svm_closed_set_enrollment,False,False
16840,dev/687f07e902a909093bb6a987c80bcdb7.wav,validation,SVM,vi-VN,5ee49e71f8d19d00098aca3e,exp_svm_spk_0006,Male,27,email cho oanh,email cho [person : oanh],['email' 'cho' 'oanh'],['Other' 'Other' 'person'],33,email_sendemail,email,1.74,48000,1,True,SVM_CLOSED_SET,SVM_EXPERIMENTAL,f3f3474fae046a1aef5922035a60cb28e19b48d5cd2ed34a01d502a75d8aca49,SVM_CLOSED_SET,ENROLLMENT,svm_closed_set_enrollment,False,False
11608,dev/75e569e0cf274957ef15fb2b94c377b8.wav,validation,SVM,vi-VN,5ee49e71f8d19d00098aca3e,exp_svm_spk_0006,Male,27,nhà hàng gần nhất trong thành phố ở đâu,[business_type : nhà hàng] gần nhất trong [place_name : thành phố] ở đâu,['nhà' 'hàng' 'gần' 'nhất' 'trong' 'thành' 'phố' 'ở' 'đâu'],"['business_type' 'business_type' 'Other' 'Other' 'Other' 'place_name'
 'place_name' 'Other' 'Other']",19,recommendation_locations,recommendation,3.06,48000,1,True,SVM_CLOSED_SET,SVM_EXPERIMENTAL,bc8cc8580301086e3010dee8f3952d70533eea60fb691c716de8d46b1e9632db,SVM_CLOSED_SET,ENROLLMENT,svm_closed_set_enrollment,False,False
2095,dev/c9535b44912a918b105098fdf666ebe3.wav,validation,SVM,vi-VN,5ee49e71f8d19d00098aca3e,exp_svm_spk_0006,Male,27,peking garden có giao hàng hay không,[business_name : peking garden] có [order_type : giao hàng] hay không,['peking' 'garden' 'có' 'giao' 'hàng' 'hay' 'không'],"['business_name' 'business_name' 'Other' 'order_type' 'order_type' 'Other'
 'Other']",3,takeaway_query,takeaway,3.96,48000,1,True,SVM_CLOSED_SET,SVM_EXPERIMENTAL,b6e061537d87dbc8f89a1e0f468c9a8bf0a60388dd4d40d98d0af64c3acaa36c,SVM_CLOSED_SET,ENROLLMENT,svm_closed_set_enrollment,False,False
5636,dev/a19864a69d5cfa271745acf23c7e0a83.wav,validation,SVM,vi-VN,5ee49e71f8d19d00098aca3e,exp_svm_spk_0006,Male,27,tôi có cần kem chống nắng tuần này không,tôi có cần [weather_descriptor : kem chống nắng] [date : tuần này] không,['tôi' 'có' 'cần' 'kem' 'chống' 'nắng' 'tuần' 'này' 'không'],"['Other' 'Other' 'Other' 'weather_descriptor' 'weather_descriptor'
 'weather_descriptor' 'date' 'date' 'Other']",13,weather_query,weather,3.78,48000,1,True,SVM_CLOSED_SET,SVM_EXPERIMENTAL,35829c079a2a1232f21ae3ed707e9e1af2e32a8d4b58af9841e964e30427e0aa,SVM_CLOSED_SET,ENROLLMENT,svm_closed_set_enrollment,False,False
15625,dev/02d094202f69f5a542522b159b2e9add.wav,validation,SVM,vi-VN,5e4247e718b8910d4a2b9a34,exp_svm_spk_0007,Female,32,tweet phàn nàn,[media_type : tweet] phàn nàn,['tweet' 'phàn' 'nàn'],['media_type' 'Other' 'Other'],47,social_post,social,3.12,48000,1,True,SVM_CLOSED_SET,SVM_EXPERIMENTAL,2b651d099e877b3d81101f26cb61f368d168ad60915524f935f7f024d42d6a85,SVM_CLOSED_SET,ENROLLMENT,svm_closed_set_enrollment,False,False
12108,dev/1f683d259d1a017b047ddec39561324b.wav,validation,SVM,vi-VN,5e4247e718b8910d4a2b9a34,exp_svm_spk_0007,Female,32,có nơi nào bán đồ trung hoa ở ninh bình không,có nơi nào bán đồ [food_type : trung hoa] ở [place_name : ninh bình] không,['có' 'nơi' 'nào' 'bán' 'đồ' 'trung' 'hoa' 'ở' 'ninh' 'bình' 'không'],"['Other' 'Other' 'Other' 'Other' 'Other' 'food_type' 'food_type' 'Other'
 'place_name' 'place_name' 'Other']",19,recommendation_locations,recommendation,4.56,48000,1,True,SVM_CLOSED_SET,SVM_EXPERIMENTAL,2ed5c2e7648a6eca7e1c82be1b2de7da6d5fabc39fb4e9b3de5017d7b621bdc6,SVM_CLOSED_SET,ENROLLMENT,svm_closed_set_enrollment,False,False
16161,dev/f9f834fd4629c104df4bc7480d539fcb.wav,validation,SVM,vi-VN,5e4247e718b8910d4a2b9a34,exp_svm_spk_0007,Female,32,trả lời lại email này,trả lời lại email này,['trả' 'lời' 'lại' 'email' 'này'],['Other' 'Other' 'Other' 'Other' 'Other'],33,email_sendemail,email,3.54,48000,1,True,SVM_CLOSED_SET,SVM_EXPERIMENTAL,29080558668b5f05630623f4af61b2e297d8be38db31bda98040862b36c238a4,SVM_CLOSED_SET,ENROLLMENT,svm_closed_set_enrollment,False,False
9725,dev/4073f99c722160d857d6c171e562a1f7.wav,validation,SVM,vi-VN,5e4247e718b8910d4a2b9a34,exp_svm_spk_0007,Female,32,tạm dừng sách nói,[player_setting : tạm dừng] [media_type : sách nói],['tạm' 'dừng' 'sách' 'nói'],['player_setting' 'player_setting' 'media_type' 'media_type'],20,play_audiobook,play,3.18,48000,1,True,SVM_CLOSED_SET,SVM_EXPERIMENTAL,bb28fd7dbfa38b740aae7bbad30b8719adffe22d22f1fdbac1c7b355af3aff4d,SVM_CLOSED_SET,ENROLLMENT,svm_closed_set_enrollment,False,False
2520,dev/643b0dcc6670bb1d5abdc06f4c10f241.wav,validation,SVM,vi-VN,5e4247e718b8910d4a2b9a34,exp_svm_spk_0007,Female,32,giúp tôi bật robot hút bụi,giúp tôi bật [device_type : robot hút bụi],['giúp' 'tôi' 'bật' 'robot' 'hút' 'bụi'],['Other' 'Other' 'Other' 'device_type' 'device_type' 'device_type'],34,iot_cleaning,iot,3.42,48000,1,True,SVM_CLOSED_SET,SVM_EXPERIMENTAL,5c403054f1e637b0251e4f513c4a79a1d770d288405f510ca9826e27a7941b8b,SVM_CLOSED_SET,ENROLLMENT,svm_closed_set_enrollment,False,False
14930,dev/4c5d7ec9a64610f5a20fefc9b45c4f32.wav,validation,SVM,vi-VN,5fb84feecf0626000b30cbd3,exp_svm_spk_0008,Male,29,đen vâu dự định làm gì tuần này,[person : đen vâu] dự định làm gì [date : tuần này],['đen' 'vâu' 'dự' 'định' 'làm' 'gì' 'tuần' 'này'],['person' 'person' 'Other' 'Other' 'Other' 'Other' 'date' 'date'],49,qa_factoid,qa,2.88,48000,1,True,SVM_CLOSED_SET,SVM_EXPERIMENTAL,4b6fa4e8ccae19f090e950bc3d006275fb044fd6818d4da4881c895046ae064f,SVM_CLOSED_SET,ENROLLMENT,svm_closed_set_enrollment,False,False
1914,dev/971362071fe3df0f0056c5252ef64d1b.wav,validation,SVM,vi-VN,5fb84feecf0626000b30cbd3,exp_svm_spk_0008,Male,29,báo thức tôi lúc năm giờ,báo thức tôi lúc [time : năm] giờ,['báo' 'thức' 'tôi' 'lúc' 'năm' 'giờ'],['Other' 'Other' 'Other' 'Other' 'time' 'Other'],48,alarm_set,alarm,1.86,48000,1,True,SVM_CLOSED_SET,SVM_EXPERIMENTAL,16271a3123d39b7c409736b1803c6f673ef1c22bf2c59ef739d9161e80672a1c,SVM_CLOSED_SET,ENROLLMENT,svm_closed_set_enrollment,False,False
3149,dev/5c88ced3ab68d7dd92b528ca820f8552.wav,validation,SVM,vi-VN,5fb84feecf0626000b30cbd3,exp_svm_spk_0008,Male,29,tôi có bất kỳ báo thức nào cho sáng ngày mai không,tôi có bất kỳ báo thức nào cho [timeofday : sáng] [date : ngày mai] không,"['tôi' 'có' 'bất' 'kỳ' 'báo' 'thức' 'nào' 'cho' 'sáng' 'ngày' 'mai'
 'không']","['Other' 'Other' 'Other' 'Other' 'Other' 'Other' 'Other' 'Other'
 'timeofday' 'date' 'date' 'Other']",23,alarm_query,alarm,3.36,48000,1,True,SVM_CLOSED_SET,SVM_EXPERIMENTAL,e4931d5ee94cd55f669608f58a574ff51f71d80ff319f44f005d1e344c164ea4,SVM_CLOSED_SET,ENROLLMENT,svm_closed_set_enrollment,False,False
11305,dev/6f3eb828ae79f0baa2cf2d423175ba87.wav,validation,SVM,vi-VN,5fb84feecf0626000b30cbd3,exp_svm_spk_0008,Male,29,phát podcast lý do gần nhất,phát podcast [podcast_name : lý do] gần nhất,['phát' 'podcast' 'lý' 'do' 'gần' 'nhất'],['Other' 'Other' 'podcast_name' 'podcast_name' 'Other' 'Other'],58,play_podcasts,play,3.3,48000,1,True,SVM_CLOSED_SET,SVM_EXPERIMENTAL,58bec468730dca5905608477e5bc1e58f7594e3666680d05b2e2de0f16fe94f9,SVM_CLOSED_SET,ENROLLMENT,svm_closed_set_enrollment,False,False
5290,dev/e0238c32bd96c7fa43c6e775beb1ca45.wav,validation,SVM,vi-VN,5fb84feecf0626000b30cbd3,exp_svm_spk_0008,Male,29,ngoài trời như thế nào,ngoài trời như thế nào,['ngoài' 'trời' 'như' 'thế' 'nào'],['Other' 'Other' 'Other' 'Other' 'Other'],13,weather_query,weather,2.28,48000,1,True,SVM_CLOSED_SET,SVM_EXPERIMENTAL,36bc1d60e3d57eafdb563497416e0c6ab3cff0400ad64041710fab96d0833519,SVM_CLOSED_SET,ENROLLMENT,svm_closed_set_enrollment,False,False
271,dev/8bf892ad3d53db5938d4a26703d65a1f.wav,validation,SVM,vi-VN,604b93f6432ad99bcb4798e8,exp_svm_spk_0009,Male,31,ở hà nội bây giờ là mấy giờ,ở [place_name : hà nội] bây giờ là mấy giờ,['ở' 'hà' 'nội' 'bây' 'giờ' 'là' 'mấy' 'giờ'],['Other' 'place_name' 'place_name' 'Other' 'Other' 'Other' 'Other' 'Other'],0,datetime_query,datetime,4.0785,48000,1,True,SVM_CLOSED_SET,SVM_EXPERIMENTAL,f6ce9a158377ac385ba346fb3b064aa77d019a95d767fb6f6d34cde908159b5a,SVM_CLOSED_SET,ENROLLMENT,svm_closed_set_enrollment,False,False
3973,dev/3c8ff5b96766037363ec0bca6306f54d.wav,validation,SVM,vi-VN,604b93f6432ad99bcb4798e8,exp_svm_spk_0009,Male,31,tôi muốn biết đội nào đang dẫn đầu giải bóng đá vô địch nước anh ngay thời điểm này,tôi muốn biết đội nào đang dẫn đầu [news_topic : giải bóng đá vô địch nước anh] ngay thời điểm này,"['tôi' 'muốn' 'biết' 'đội' 'nào' 'đang' 'dẫn' 'đầu' 'giải' 'bóng' 'đá'
 'vô' 'địch' 'nước' 'anh' 'ngay' 'thời' 'điểm' 'này']","['Other' 'Other' 'Other' 'Other' 'Other' 'Other' 'Other' 'Other'
 'news_topic' 'news_topic' 'news_topic' 'news_topic' 'news_topic'
 'news_topic' 'news_topic' 'Other' 'Other' 'Other' 'Other']",22,news_query,news,15.377166666666668,48000,1,True,SVM_CLOSED_SET,SVM_EXPERIMENTAL,60c24018de06ed055abe93a3c0bc4b9bd81ff04b91e5d667d1470e85d2bb93c8,SVM_CLOSED_SET,ENROLLMENT,svm_closed_set_enrollment,False,False
14593,dev/7373e100c5d07f0d674fa70708bad465.wav,validation,SVM,vi-VN,604b93f6432ad99bcb4798e8,exp_svm_spk_0009,Male,31,cho tôi mô tả về mạch máy tính xách tay,cho tôi mô tả về [definition_word : mạch máy tính xách tay],['cho' 'tôi' 'mô' 'tả' 'về' 'mạch' 'máy' 'tính' 'xách' 'tay'],"['Other' 'Other' 'Other' 'Other' 'Other' 'definition_word'
 'definition_word' 'definition_word' 'definition_word' 'definition_word']",26,qa_definition,qa,7.315833333333333,48000,1,True,SVM_CLOSED_SET,SVM_EXPERIMENTAL,fe5194c2535dd8fd75dc9a0811b1f87a5218c662e78c26674798b52f023b7eb5,SVM_CLOSED_SET,ENROLLMENT,svm_closed_set_enrollment,False,False
2879,dev/2442f4a2d83dcfd35bd02146c7d3e867.wav,validation,SVM,vi-VN,604b93f6432ad99bcb4798e8,exp_svm_spk_0009,Male,31,vui lòng xóa bất cứ báo thức nào mà tôi đã đặt,vui lòng xóa bất cứ báo thức nào mà tôi đã đặt,['vui' 'lòng' 'xóa' 'bất' 'cứ' 'báo' 'thức' 'nào' 'mà' 'tôi' 'đã' 'đặt'],"['Other' 'Other' 'Other' 'Other' 'Other' 'Other' 'Other' 'Other' 'Other'
 'Other' 'Other' 'Other']",52,alarm_remove,alarm,7.8785,48000,1,True,SVM_CLOSED_SET,SVM_EXPERIMENTAL,a3299cbfe5749d20fb4d83982def212bc3fb4853cde207c0a80ba67748701cf4,SVM_CLOSED_SET,ENROLLMENT,svm_closed_set_enrollment,False,False
5113,dev/9dc37e13b6ce755b962917483ce993d9.wav,validation,SVM,vi-VN,604b93f6432ad99bcb4798e8,exp_svm_spk_0009,Male,31,thời tiết ngày hôm sau sẽ như thế nào,thời tiết [date : ngày hôm sau] sẽ như thế nào,['thời' 'tiết' 'ngày' 'hôm' 'sau' 'sẽ' 'như' 'thế' 'nào'],['Other' 'Other' 'date' 'date' 'date' 'Other' 'Other' 'Other' 'Other'],13,weather_query,weather,6.427833333333333,48000,1,True,SVM_CLOSED_SET,SVM_EXPERIMENTAL,7ee570e2d0fed9f2f8794047d4a2b205dd998235a89d8f8562766e6be45568cb,SVM_CLOSED_SET,ENROLLMENT,svm_closed_set_enrollment,False,False
4317,dev/4862ac2777a63abe558e12557f0190c7.wav,validation,SVM,vi-VN,63cfbea470ab1bba9db30082,exp_svm_spk_0010,Male,21,cài một báo thức lúc mười giờ sáng ngày mai,cài một báo thức lúc [time : mười] giờ [timeofday : sáng] [date : ngày mai],['cài' 'một' 'báo' 'thức' 'lúc' 'mười' 'giờ' 'sáng' 'ngày' 'mai'],"['Other' 'Other' 'Other' 'Other' 'Other' 'time' 'Other' 'timeofday' 'date'
 'date']",48,alarm_set,alarm,2.7,48000,1,True,SVM_CLOSED_SET,SVM_EXPERIMENTAL,9010c2b22aa02850d082a507dde7180d8d92926d609fdf590be365c318fa61e7,SVM_CLOSED_SET,ENROLLMENT,svm_closed_set_enrollment,False,False
4942,dev/0a19125e8e0d38d96de65201428acf1b.wav,validation,SVM,vi-VN,63cfbea470ab1bba9db30082,exp_svm_spk_0010,Male,21,gửi cho tôi bản cập nhật thị trường chứng khoán cho ngày hôm nay,gửi cho tôi bản cập nhật [news_topic : thị trường chứng khoán] cho ngày [date : hôm nay],"['gửi' 'cho' 'tôi' 'bản' 'cập' 'nhật' 'thị' 'trường' 'chứng' 'khoán' 'cho'
 'ngày' 'hôm' 'nay']","['Other' 'Other' 'Other' 'Other' 'Other' 'Other' 'news_topic' 'news_topic'
 'news_topic' 'news_topic' 'Other' 'Other' 'date' 'date']",4,qa_stock,qa,3.06,48000,1,True,SVM_CLOSED_SET,SVM_EXPERIMENTAL,f10fd62ed061addd7220d630a6637032536a3b88a7bfd6aff9e62b140444a769,SVM_CLOSED_SET,ENROLLMENT,svm_closed_set_enrollment,False,False
14868,dev/7f1c534ffb2d4fde306f02051517fbec.wav,validation,SVM,vi-VN,63cfbea470ab1bba9db30082,exp_svm_spk_0010,Male,21,tìm cho tôi một số nhân vật nổi tiếng cung ma kết,tìm cho tôi một số nhân vật nổi tiếng cung ma kết,['tìm' 'cho' 'tôi' 'một' 'số' 'nhân' 'vật' 'nổi' 'tiếng' 'cung' 'ma' 'kết'],"['Other' 'Other' 'Other' 'Other' 'Other' 'Other' 'Other' 'Other' 'Other'
 'Other' 'Other' 'Other']",49,qa_factoid,qa,3.0,48000,1,True,SVM_CLOSED_SET,SVM_EXPERIMENTAL,5a99fe998d26d34913881a1ce4140bbb8a7a7c3e436d5d2e12dbc6b88b12834e,SVM_CLOSED_SET,ENROLLMENT,svm_closed_set_enrollment,False,False
7893,dev/9d212f0085c45f4d0511e913f5324ed2.wav,validation,SVM,vi-VN,63cfbea470ab1bba9db30082,exp_svm_spk_0010,Male,21,cập nhật cho tôi cuộc bầu cử ba mươi phút một lần,cập nhật cho tôi [event_name : cuộc bầu cử] [time : ba mươi phút] một lần,['cập' 'nhật' 'cho' 'tôi' 'cuộc' 'bầu' 'cử' 'ba' 'mươi' 'phút' 'một' 'lần'],"['Other' 'Other' 'Other' 'Other' 'event_name' 'event_name' 'event_name'
 'time' 'time' 'time' 'Other' 'Other']",50,calendar_set,calendar,3.54,48000,1,True,SVM_CLOSED_SET,SVM_EXPERIMENTAL,fd0d0761ca7e674fc8de39665bccd8764345a6b10809d581e63eaefd67116308,SVM_CLOSED_SET,ENROLLMENT,svm_closed_set_enrollment,False,False
1548,dev/7db2b270988799bfdb5a9ed37f37af2c.wav,validation,SVM,vi-VN,63cfbea470ab1bba9db30082,exp_svm_spk_0010,Male,21,tôi có thể xem dự báo mười ngày cho khu vực của tôi hay không,tôi có thể xem dự báo [time : mười ngày] cho khu vực của tôi hay không,"['tôi' 'có' 'thể' 'xem' 'dự' 'báo' 'mười' 'ngày' 'cho' 'khu' 'vực'
 'của' 'tôi' 'hay' 'không']","['Other' 'Other' 'Other' 'Other' 'Other' 'Other' 'time' 'time' 'Other'
 'Other' 'Other' 'Other' 'Other' 'Other' 'Other']",13,weather_query,weather,3.54,48000,1,True,SVM_CLOSED_SET,SVM_EXPERIMENTAL,ae520e8c1aa13eb9967f7bc544bb9d8949b20a656bb59e51ca789599aded37b0,SVM_CLOSED_SET,ENROLLMENT,svm_closed_set_enrollment,False,False
741,dev/57bc2094dbb5be917aedffa4c68db490.wav,validation,SVM,vi-VN,6552b16899091e4aaa587d1b,exp_svm_spk_0001,Male,33,phát các bài hát từ r. b. và soul genre,phát các bài hát từ [artist_name : r. b.] và [music_genre : soul] genre,['phát' 'các' 'bài' 'hát' 'từ' 'r.' 'b.' 'và' 'soul' 'genre'],"['Other' 'Other' 'Other' 'Other' 'Other' 'artist_name' 'artist_name'
 'Other' 'music_genre' 'Other']",45,play_music,play,5.04,48000,1,True,SVM_CLOSED_SET,SVM_EXPERIMENTAL,80d934f1743128fa9f0488011f6f13ad7ef8425e149d2f404112638bd8d8a4d5,SVM_CLOSED_SET,TRAIN,svm_closed_set_train,False,False
5015,dev/b380d2d7245b37ce8d41a74bec397c21.wav,validation,SVM,vi-VN,6552b16899091e4aaa587d1b,exp_svm_spk_0001,Male,33,vui lòng cho tôi biết tin tức mới nhất về tình hình bầu cử ở bang của chúng ta,vui lòng cho tôi biết tin tức mới nhất về [news_topic : tình hình bầu cử] ở [place_name : bang] của chúng ta,"['vui' 'lòng' 'cho' 'tôi' 'biết' 'tin' 'tức' 'mới' 'nhất' 'về' 'tình'
 'hình' 'bầu' 'cử' 'ở' 'bang' 'của' 'chúng' 'ta']","['Other' 'Other' 'Other' 'Other' 'Other' 'Other' 'Other' 'Other' 'Other'
 'Other' 'news_topic' 'news_topic' 'news_topic' 'news_topic' 'Other'
 'place_name' 'Other' 'Other' 'Other']",22,news_query,news,5.28,48000,1,True,SVM_CLOSED_SET,SVM_EXPERIMENTAL,a53cf2be578c2be5caadb7fd159f0d97e206b0732b6f47ed87135ea9ddbcb3fd,SVM_CLOSED_SET,TRAIN,svm_closed_set_train,False,False
12373,dev/bac5ec3d93361cb00414e28a69c93428.wav,validation,SVM,vi-VN,6552b16899091e4aaa587d1b,exp_svm_spk_0001,Male,33,hãy đặt một chiếc taxi,hãy đặt một chiếc [transport_type : taxi],['hãy' 'đặt' 'một' 'chiếc' 'taxi'],['Other' 'Other' 'Other' 'Other' 'transport_type'],54,transport_taxi,transport,1.68,48000,1,True,SVM_CLOSED_SET,SVM_EXPERIMENTAL,297abc151907ca5b7d80971fe0be06698cda04a2e3ec4662b186fd8e0da45b85,SVM_CLOSED_SET,TRAIN,svm_closed_set_train,False,False
8089,dev/05228e8a019a7e501eb60cb95d1e268d.wav,validation,SVM,vi-VN,6552b16899091e4aaa587d1b,exp_svm_spk_0001,Male,33,khi nào họp,khi nào [event_name : họp],['khi' 'nào' 'họp'],['Other' 'Other' 'event_name'],50,calendar_set,calendar,1.02,48000,1,True,SVM_CLOSED_SET,SVM_EXPERIMENTAL,c92c19d1470b19e8e1bd9f0158de7ccd0086452b869f5577f7b9cc87cc91680e,SVM_CLOSED_SET,TRAIN,svm_closed_set_train,False,False
15812,dev/4d800a3427af226cb32deb00e0428a6a.wav,validation,SVM,vi-VN,6552b16899091e4aaa587d1b,exp_svm_spk_0001,Male,33,olly tôi muốn biết về buổi tiệc của mai,olly tôi muốn biết về [event_name : buổi tiệc] của [person : mai],['olly' 'tôi' 'muốn' 'biết' 'về' 'buổi' 'tiệc' 'của' 'mai'],"['Other' 'Other' 'Other' 'Other' 'Other' 'event_name' 'event_name' 'Other'
 'person']",12,general_quirky,general,3.24,48000,1,True,SVM_CLOSED_SET,SVM_EXPERIMENTAL,4e318ce718de3a57497aaf80294650930fa5d04b270edb48039cd4eb4af0883b,SVM_CLOSED_SET,TRAIN,svm_closed_set_train,False,False
8729,dev/e60ad97187b5f507b758996cfddbfa79.wav,validation,SVM,vi-VN,6552b16899091e4aaa587d1b,exp_svm_spk_0001,Male,33,đặt lời nhắc cho một cuộc hẹn hằng tuần,đặt lời nhắc cho một cuộc hẹn [general_frequency : hằng tuần],['đặt' 'lời' 'nhắc' 'cho' 'một' 'cuộc' 'hẹn' 'hằng' 'tuần'],"['Other' 'Other' 'Other' 'Other' 'Other' 'Other' 'Other'
 'general_frequency' 'general_frequency']",50,calendar_set,calendar,2.4,48000,1,True,SVM_CLOSED_SET,SVM_EXPERIMENTAL,d5f854f53f5dea4b59bfe50926ebef2925723d71bec5f4c7099d22b26b0ce1f4,SVM_CLOSED_SET,TRAIN,svm_closed_set_train,False,False
15545,dev/33feee9815f799fd26161a6a6a389335.wav,validation,SVM,vi-VN,6552b16899091e4aaa587d1b,exp_svm_spk_0001,Male,33,nhắc tôi tweet tại công ty này,nhắc tôi [media_type : tweet] tại công ty này,['nhắc' 'tôi' 'tweet' 'tại' 'công' 'ty' 'này'],['Other' 'Other' 'media_type' 'Other' 'Other' 'Other' 'Other'],50,calendar_set,calendar,2.46,48000,1,True,SVM_CLOSED_SET,SVM_EXPERIMENTAL,edc6d45955b0ed8e3890ac9b93c6f15195b0ce283a53fc05bdf6a5662bdedc01,SVM_CLOSED_SET,TRAIN,svm_closed_set_train,False,False
16991,dev/8649b7fbe11a970176d7a92d24af9696.wav,validation,SVM,vi-VN,6552b16899091e4aaa587d1b,exp_svm_spk_0001,Male,33,kiểm tra email của trần văn dũng,kiểm tra email của [person : trần văn dũng],['kiểm' 'tra' 'email' 'của' 'trần' 'văn' 'dũng'],['Other' 'Other' 'Other' 'Other' 'person' 'person' 'person'],44,email_query,email,3.12,48000,1,True,SVM_CLOSED_SET,SVM_EXPERIMENTAL,4985b6c221066f31ce60b3ef9743838d1f9acc00d9530630ce9ce66443657b62,SVM_CLOSED_SET,TRAIN,svm_closed_set_train,False,False
10238,dev/844785be622dad1c6d78af25cc6fe2ef.wav,validation,SVM,vi-VN,6552b16899091e4aaa587d1b,exp_svm_spk_0001,Male,33,tìm công thức gà nấu ragu,tìm công thức [food_type : gà nấu ragu],['tìm' 'công' 'thức' 'gà' 'nấu' 'ragu'],['Other' 'Other' 'Other' 'food_type' 'food_type' 'food_type'],9,cooking_recipe,cooking,3.42,48000,1,True,SVM_CLOSED_SET,SVM_EXPERIMENTAL,ba5dc0a3c3c1b387a110ec18245f02132bf74e00ff001be7fb57897b6b2d61d2,SVM_CLOSED_SET,TRAIN,svm_closed_set_train,False,False
9215,dev/db6f3eda8ca1bf3d1bf4fd4afacf690f.wav,validation,SVM,vi-VN,6552b16899091e4aaa587d1b,exp_svm_spk_0001,Male,33,mở radio viet nam phát nhạc rock,mở [app_name : radio viet nam] phát nhạc [music_genre : rock],['mở' 'radio' 'viet' 'nam' 'phát' 'nhạc' 'rock'],['Other' 'app_name' 'app_name' 'app_name' 'Other' 'Other' 'music_genre'],36,play_radio,play,2.7,48000,1,True,SVM_CLOSED_SET,SVM_EXPERIMENTAL,22f8fd77be2e6b7136bc2a789c156cc782161d8ea9207320bbcf82833cd4e368,SVM_CLOSED_SET,TRAIN,svm_closed_set_train,False,False
5476,dev/1d6502701ebe92d045cfca2a60d91f51.wav,validation,SVM,vi-VN,6537e43c008bb605430a302f,exp_svm_spk_0002,Female,29,thay đổi màu đèn,thay đổi màu đèn,['thay' 'đổi' 'màu' 'đèn'],['Other' 'Other' 'Other' 'Other'],1,iot_hue_lightchange,iot,1.26,48000,1,True,SVM_CLOSED_SET,SVM_EXPERIMENTAL,3d05a974ff77c872ea2b815753b69ec82ee16144b5b7bf965c9c2a1c6f39a1fa,SVM_CLOSED_SET,TRAIN,svm_closed_set_train,False,False
7345,dev/f7aabab99c1ca09800fcc271f6ab89b8.wav,validation,SVM,vi-VN,6537e43c008bb605430a302f,exp_svm_spk_0002,Female,29,thêm sinh nhật của mai là ngày mười hai tháng bảy vào lịch của tôi,thêm [event_name : sinh nhật] của [person : mai] là [date : ngày mười hai tháng bảy] vào lịch của tôi,"['thêm' 'sinh' 'nhật' 'của' 'mai' 'là' 'ngày' 'mười' 'hai' 'tháng' 'bảy'
 'vào' 'lịch' 'của' 'tôi']","['Other' 'event_name' 'event_name' 'Other' 'person' 'Other' 'date' 'date'
 'date' 'date' 'date' 'Other' 'Other' 'Other' 'Other']",50,calendar_set,calendar,3.06,48000,1,True,SVM_CLOSED_SET,SVM_EXPERIMENTAL,a68a4636dacec49e1128e703269ec57cdc342ebc5008ac7b1249fd7b9e68d187,SVM_CLOSED_SET,TRAIN,svm_closed_set_train,False,False
6483,dev/1be5c7a1360b6df98b7285a9df5df845.wav,validation,SVM,vi-VN,6537e43c008bb605430a302f,exp_svm_spk_0002,Female,29,tôi đã đến vinmart hôm nay,tôi đã đến [place_name : vinmart] [date : hôm nay],['tôi' 'đã' 'đến' 'vinmart' 'hôm' 'nay'],['Other' 'Other' 'Other' 'place_name' 'date' 'date'],12,general_quirky,general,2.1,48000,1,True,SVM_CLOSED_SET,SVM_EXPERIMENTAL,74cac414603c48951bd3b7c3cb03e2bc3295d620f9454b20b8bd2fb1f8e4a1b0,SVM_CLOSED_SET,TRAIN,svm_closed_set_train,False,False
11596,dev/a3640050db2a00615fb0c1ef025e3dab.wav,validation,SVM,vi-VN,6537e43c008bb605430a302f,exp_svm_spk_0002,Female,29,có chương trình xiếc chó đang diễn tra gần thành phố hồ chí minh không,có [event_name : chương trình xiếc chó] đang diễn tra gần [place_name : thành phố hồ chí minh] không,"['có' 'chương' 'trình' 'xiếc' 'chó' 'đang' 'diễn' 'tra' 'gần' 'thành'
 'phố' 'hồ' 'chí' 'minh' 'không']","['Other' 'event_name' 'event_name' 'event_name' 'event_name' 'Other'
 'Other' 'Other' 'Other' 'place_name' 'place_name' 'place_name'
 'place_name' 'place_name' 'Other']",6,recommendation_events,recommendation,4.5,48000,1,True,SVM_CLOSED_SET,SVM_EXPERIMENTAL,fb5d6e2429dca6c84511b6e4747197ab15a38fbe87729fe029807d205ea34a07,SVM_CLOSED_SET,TRAIN,svm_closed_set_train,False,False
12593,dev/82dabc9869b78f62ecd31c31a2e48665.wav,validation,SVM,vi-VN,6537e43c008bb605430a302f,exp_svm_spk_0002,Female,29,olly vui lòng mua cho tôi một vé xe lửa tới hồ chí minh,olly vui lòng mua cho tôi một vé [transport_type : xe lửa] tới [place_name : hồ chí minh],"['olly' 'vui' 'lòng' 'mua' 'cho' 'tôi' 'một' 'vé' 'xe' 'lửa' 'tới' 'hồ'
 'chí' 'minh']","['Other' 'Other' 'Other' 'Other' 'Other' 'Other' 'Other' 'Other'
 'transport_type' 'transport_type' 'Other' 'place_name' 'place_name'
 'place_name']",2,transport_ticket,transport,3.48,48000,1,True,SVM_CLOSED_SET,SVM_EXPERIMENTAL,87ac3653886d10425e79f58808a12806aa1d030319d691f2a5e02f665db47941,SVM_CLOSED_SET,TRAIN,svm_closed_set_train,False,False
12956,dev/45e5bc390f2d9dc48a2b7716c459d483.wav,validation,SVM,vi-VN,6537e43c008bb605430a302f,exp_svm_spk_0002,Female,29,trong trường hợp nào bạn sẽ sử dụng từ bất tiện,trong trường hợp nào bạn sẽ sử dụng từ [definition_word : bất tiện],['trong' 'trường' 'hợp' 'nào' 'bạn' 'sẽ' 'sử' 'dụng' 'từ' 'bất' 'tiện'],"['Other' 'Other' 'Other' 'Other' 'Other' 'Other' 'Other' 'Other' 'Other'
 'definition_word' 'definition_word']",26,qa_definition,qa,2.22,48000,1,True,SVM_CLOSED_SET,SVM_EXPERIMENTAL,c16b0177aec668e967925b18484a5b9d62deb20b2f0ac3509cbac13a613fa05a,SVM_CLOSED_SET,TRAIN,svm_closed_set_train,False,False
11621,dev/b1133de64fa1e45363c70c5f524e0a20.wav,validation,SVM,vi-VN,6537e43c008bb605430a302f,exp_svm_spk_0002,Female,29,các sự kiện đang diễn ra gần tôi,các sự kiện đang diễn ra gần tôi,['các' 'sự' 'kiện' 'đang' 'diễn' 'ra' 'gần' 'tôi'],['Other' 'Other' 'Other' 'Other' 'Other' 'Other' 'Other' 'Other'],6,recommendation_events,recommendation,2.46,48000,1,True,SVM_CLOSED_SET,SVM_EXPERIMENTAL,c0a463005874ce11f70a2a94521ec72010683d95f656e8858e8ed473b1a47eb9,SVM_CLOSED_SET,TRAIN,svm_closed_set_train,False,False
13231,dev/e119f7d29d214d0140f5a98575b134e8.wav,validation,SVM,vi-VN,6537e43c008bb605430a302f,exp_svm_spk_0002,Female,29,tòa nhà cao nhất,tòa nhà cao nhất,['tòa' 'nhà' 'cao' 'nhất'],['Other' 'Other' 'Other' 'Other'],49,qa_factoid,qa,1.86,48000,1,True,SVM_CLOSED_SET,SVM_EXPERIMENTAL,30359ee155ca6f03c1eb3ce84ac912adeda21ba0bd76904e042c300683c6c16a,SVM_CLOSED_SET,TRAIN,svm_closed_set_train,False,False
12891,dev/78d9761bb9845374c23b6ff6df68bda7.wav,validation,SVM,vi-VN,6537e43c008bb605430a302f,exp_svm_spk_0002,Female,29,cho tôi một chuyến tàu hỏa di chuyển từ hà nội đến hồ chí minh,cho tôi một chuyến [transport_type : tàu hỏa] di chuyển từ [place_name : hà nội] đến [place_name : hồ chí minh],"['cho' 'tôi' 'một' 'chuyến' 'tàu' 'hỏa' 'di' 'chuyển' 'từ' 'hà' 'nội'
 'đến' 'hồ' 'chí' 'minh']","['Other' 'Other' 'Other' 'Other' 'transport_type' 'transport_type' 'Other'
 'Other' 'Other' 'place_name' 'place_name' 'Other' 'place_name'
 'place_name' 'place_name']",2,transport_ticket,transport,3.9,48000,1,True,SVM_CLOSED_SET,SVM_EXPERIMENTAL,28b904c91cdba34d625bfd6cf108653b8c6e447eac494a04707d3732b69aba13,SVM_CLOSED_SET,TRAIN,svm_closed_set_train,False,False
3602,dev/3f5708131b5e2dec61b4edc05555566a.wav,validation,SVM,vi-VN,6537e43c008bb605430a302f,exp_svm_spk_0002,Female,29,tin tức mới nhất về bầu cử mỹ là gì,tin tức mới nhất về [news_topic : bầu cử mỹ] là gì,['tin' 'tức' 'mới' 'nhất' 'về' 'bầu' 'cử' 'mỹ' 'là' 'gì'],"['Other' 'Other' 'Other' 'Other' 'Other' 'news_topic' 'news_topic'
 'news_topic' 'Other' 'Other']",22,news_query,news,2.58,48000,1,True,SVM_CLOSED_SET,SVM_EXPERIMENTAL,e5f4d83b9309b930ac343e6909fdf2d26a744b22425d477efbb2866ab4461fa7,SVM_CLOSED_SET,TRAIN,svm_closed_set_train,False,False
7804,dev/064a3937a30b7a5bb38b4c2fae183fcd.wav,validation,SVM,vi-VN,5c9d67af9e01ef000197cd15,exp_svm_spk_0003,Female,59,nhắc lại các nhiệm vụ công việc của tôi mỗi ngày lúc tám giờ sáng,nhắc lại các nhiệm vụ công việc của tôi [general_frequency : mỗi ngày] lúc [time : tám giờ sáng],"['nhắc' 'lại' 'các' 'nhiệm' 'vụ' 'công' 'việc' 'của' 'tôi' 'mỗi' 'ngày'
 'lúc' 'tám' 'giờ' 'sáng']","['Other' 'Other' 'Other' 'Other' 'Other' 'Other' 'Other' 'Other' 'Other'
 'general_frequency' 'general_frequency' 'Other' 'time' 'time' 'time']",50,calendar_set,calendar,5.22,48000,1,True,SVM_CLOSED_SET,SVM_EXPERIMENTAL,c4e84d5c0fc9ede16b268606fee38ee64e17b759a38897adfb20182211252e75,SVM_CLOSED_SET,TRAIN,svm_closed_set_train,False,False
6675,dev/34bd9d14c3b6ec5d9f448c53a2e60306.wav,validation,SVM,vi-VN,5c9d67af9e01ef000197cd15,exp_svm_spk_0003,Female,59,nếu bạn có thể nói về ba điều chúng sẽ là gì,nếu bạn có thể nói về ba điều chúng sẽ là gì,['nếu' 'bạn' 'có' 'thể' 'nói' 'về' 'ba' 'điều' 'chúng' 'sẽ' 'là' 'gì'],"['Other' 'Other' 'Other' 'Other' 'Other' 'Other' 'Other' 'Other' 'Other'
 'Other' 'Other' 'Other']",12,general_quirky,general,4.14,48000,1,True,SVM_CLOSED_SET,SVM_EXPERIMENTAL,b036749b2521114ac6610b1372315c3bddf847cceefb424672f7a63b67a62f81,SVM_CLOSED_SET,TRAIN,svm_closed_set_train,False,False
10301,dev/09d039f51067ff795a212f5e683c8a8a.wav,validation,SVM,vi-VN,5c9d67af9e01ef000197cd15,exp_svm_spk_0003,Female,59,muốn chơi một game of trivia,muốn chơi một [game_name : game of trivia],['muốn' 'chơi' 'một' 'game' 'of' 'trivia'],['Other' 'Other' 'Other' 'game_name' 'game_name' 'game_name'],51,play_game,play,3.36,48000,1,True,SVM_CLOSED_SET,SVM_EXPERIMENTAL,f59734fd9cffed0cf00d9b620d927384515a6fdf8102454a5b12a144a07a409d,SVM_CLOSED_SET,TRAIN,svm_closed_set_train,False,False
13185,dev/b34323d69a5bf6a39dcb7e89f7169a19.wav,validation,SVM,vi-VN,5c9d67af9e01ef000197cd15,exp_svm_spk_0003,Female,59,tính toán khoảng cách từ boston đến new york,tính toán khoảng cách từ [place_name : boston] đến [place_name : new york],['tính' 'toán' 'khoảng' 'cách' 'từ' 'boston' 'đến' 'new' 'york'],"['Other' 'Other' 'Other' 'Other' 'Other' 'place_name' 'Other' 'place_name'
 'place_name']",49,qa_factoid,qa,4.26,48000,1,True,SVM_CLOSED_SET,SVM_EXPERIMENTAL,2afcd119d8df046ecefedec124a2d9afabdbdc87b013bf438b03403ce51e5e21,SVM_CLOSED_SET,TRAIN,svm_closed_set_train,False,False
12872,dev/5719be255af0235c1661477481ca8eb0.wav,validation,SVM,vi-VN,5c9d67af9e01ef000197cd15,exp_svm_spk_0003,Female,59,đặt vé tàu hỏa tới hà nội cho tôi,đặt vé [transport_type : tàu hỏa] tới [place_name : hà nội] cho tôi,['đặt' 'vé' 'tàu' 'hỏa' 'tới' 'hà' 'nội' 'cho' 'tôi'],"['Other' 'Other' 'transport_type' 'transport_type' 'Other' 'place_name'
 'place_name' 'Other' 'Other']",2,transport_ticket,transport,4.32,48000,1,True,SVM_CLOSED_SET,SVM_EXPERIMENTAL,f953e690da747eb03bd8a02589a44e73ae6d0340a9b79e99e3a811d9952b0d8f,SVM_CLOSED_SET,TRAIN,svm_closed_set_train,False,False
3123,dev/952458b3503c189c63b80422a80a0bb0.wav,validation,SVM,vi-VN,5c9d67af9e01ef000197cd15,exp_svm_spk_0003,Female,59,phát một vài bài nhạc cho tôi,phát một vài bài nhạc cho tôi,['phát' 'một' 'vài' 'bài' 'nhạc' 'cho' 'tôi'],['Other' 'Other' 'Other' 'Other' 'Other' 'Other' 'Other'],45,play_music,play,2.88,48000,1,True,SVM_CLOSED_SET,SVM_EXPERIMENTAL,01bb60f4ad1906144bbffafbb20866c5d504b99d41489ba806185e38ad95b0b0,SVM_CLOSED_SET,TRAIN,svm_closed_set_train,False,False
1678,dev/fa700a4278316206ed89746f887d9903.wav,validation,SVM,vi-VN,5c9d67af9e01ef000197cd15,exp_svm_spk_0003,Female,59,f. m. chín trăm chín mươi chín gần đây đang phát nhạc gì,f. m. chín trăm chín mươi chín gần đây đang phát nhạc gì,"['f.' 'm.' 'chín' 'trăm' 'chín' 'mươi' 'chín' 'gần' 'đây' 'đang' 'phát'
 'nhạc' 'gì']","['Other' 'Other' 'Other' 'Other' 'Other' 'Other' 'Other' 'Other' 'Other'
 'Other' 'Other' 'Other' 'Other']",57,music_query,music,6.18,48000,1,True,SVM_CLOSED_SET,SVM_EXPERIMENTAL,d5cb2a04217ed57eb9591d263ddcbc988577bb19fa8f000e0641be56e6ef1975,SVM_CLOSED_SET,TRAIN,svm_closed_set_train,False,False
2932,dev/49e4fe1e37614c8975637b38b6adf024.wav,validation,SVM,vi-VN,5c9d67af9e01ef000197cd15,exp_svm_spk_0003,Female,59,tiếp theo phát bài người hãy quên em đi,tiếp theo phát bài [song_name : người hãy quên em đi],['tiếp' 'theo' 'phát' 'bài' 'người' 'hãy' 'quên' 'em' 'đi'],"['Other' 'Other' 'Other' 'Other' 'song_name' 'song_name' 'song_name'
 'song_name' 'song_name']",45,play_music,play,3.3,48000,1,True,SVM_CLOSED_SET,SVM_EXPERIMENTAL,eaf6378816ab63b4e1a6606a66032dc4996d22678dd4eee2d3119866feff0b56,SVM_CLOSED_SET,TRAIN,svm_closed_set_train,False,False
9593,dev/bd9bbd1e3c42aededc8ac51dbdfe7001.wav,validation,SVM,vi-VN,5c9d67af9e01ef000197cd15,exp_svm_spk_0003,Female,59,bật đài phát thanh tôi yêu thích lúc chín giờ tối,bật đài phát thanh tôi yêu thích lúc [time : chín giờ tối],['bật' 'đài' 'phát' 'thanh' 'tôi' 'yêu' 'thích' 'lúc' 'chín' 'giờ' 'tối'],"['Other' 'Other' 'Other' 'Other' 'Other' 'Other' 'Other' 'Other' 'time'
 'time' 'time']",36,play_radio,play,4.56,48000,1,True,SVM_CLOSED_SET,SVM_EXPERIMENTAL,cc8631dcd897d9fe061ff2e5c63a1ea5debe906bf609630359357f4958cea314,SVM_CLOSED_SET,TRAIN,svm_closed_set_train,False,False
9816,dev/2db1bbcd22149535be37654ec754212c.wav,validation,SVM,vi-VN,5c9d67af9e01ef000197cd15,exp_svm_spk_0003,Female,59,tìm phần phát lại này trong sách nói và mở cho tôi,tìm phần phát lại này trong [media_type : sách nói] và mở cho tôi,"['tìm' 'phần' 'phát' 'lại' 'này' 'trong' 'sách' 'nói' 'và' 'mở'
 'cho' 'tôi']","['Other' 'Other' 'Other' 'Other' 'Other' 'Other' 'media_type' 'media_type'
 'Other' 'Other' 'Other' 'Other']",20,play_audiobook,play,4.26,48000,1,True,SVM_CLOSED_SET,SVM_EXPERIMENTAL,74d9d4fdf61d4ff6c7c02ad29178c79ced7800be6037ee8d3bfdc09e8ac5e553,SVM_CLOSED_SET,TRAIN,svm_closed_set_train,False,False
562,dev/b930b239b08ca32251a9b604d01d0d01.wav,validation,SVM,vi-VN,5e133bbe6a5bff9911b73cfc,exp_svm_spk_0004,Female,31,tắt báo thức lúc tám giờ sáng của tôi,tắt báo thức lúc [time : tám giờ sáng] của tôi,['tắt' 'báo' 'thức' 'lúc' 'tám' 'giờ' 'sáng' 'của' 'tôi'],['Other' 'Other' 'Other' 'Other' 'time' 'time' 'time' 'Other' 'Other'],52,alarm_remove,alarm,3.84,48000,1,True,SVM_CLOSED_SET,SVM_EXPERIMENTAL,162dda3a7bdf143acee9723d7bd521a923fd7023ee2ec67d625e4f29e541f15f,SVM_CLOSED_SET,TRAIN,svm_closed_set_train,False,False
11876,dev/5fa6fa43deeaba6840088dae3134121b.wav,validation,SVM,vi-VN,5e133bbe6a5bff9911b73cfc,exp_svm_spk_0004,Female,31,các hoạt động nào đang được tổ chức ở chỗ tôi,các hoạt động nào đang được tổ chức ở chỗ tôi,['các' 'hoạt' 'động' 'nào' 'đang' 'được' 'tổ' 'chức' 'ở' 'chỗ' 'tôi'],"['Other' 'Other' 'Other' 'Other' 'Other' 'Other' 'Other' 'Other' 'Other'
 'Other' 'Other']",6,recommendation_events,recommendation,3.24,48000,1,True,SVM_CLOSED_SET,SVM_EXPERIMENTAL,2cabf2025c8f99954917a3b14b51e12d833b453d6ee97fb6f57aea10ac8da593,SVM_CLOSED_SET,TRAIN,svm_closed_set_train,False,False
616,dev/7eaf0a13865637fd8e7bc610b151f6b4.wav,validation,SVM,vi-VN,5e133bbe6a5bff9911b73cfc,exp_svm_spk_0004,Female,31,olly mở bài hát từ danh sách phát của tôi,olly mở bài hát từ danh sách phát của tôi,['olly' 'mở' 'bài' 'hát' 'từ' 'danh' 'sách' 'phát' 'của' 'tôi'],"['Other' 'Other' 'Other' 'Other' 'Other' 'Other' 'Other' 'Other' 'Other'
 'Other']",45,play_music,play,4.56,48000,1,True,SVM_CLOSED_SET,SVM_EXPERIMENTAL,71b5fecb9505c75f3c789d171b225cfda4744fee0f7d9a3ac932c10a3c262dbc,SVM_CLOSED_SET,TRAIN,svm_closed_set_train,False,False
12119,dev/a8435c0ddefc335eedb91cef5f6a21a4.wav,validation,SVM,vi-VN,5e133bbe6a5bff9911b73cfc,exp_svm_spk_0004,Female,31,vui lòng tìm các sự kiện ở vị trí của tôi,vui lòng tìm các sự kiện ở vị trí của tôi,['vui' 'lòng' 'tìm' 'các' 'sự' 'kiện' 'ở' 'vị' 'trí' 'của' 'tôi'],"['Other' 'Other' 'Other' 'Other' 'Other' 'Other' 'Other' 'Other' 'Other'
 'Other' 'Other']",6,recommendation_events,recommendation,3.48,48000,1,True,SVM_CLOSED_SET,SVM_EXPERIMENTAL,556aeb3ce20ce510bbf34f1dd83115784c5164790f9cd65586302bb00422cc79,SVM_CLOSED_SET,TRAIN,svm_closed_set_train,False,False
12768,dev/97a4422c7c31885b6733013409a7daf0.wav,validation,SVM,vi-VN,5e133bbe6a5bff9911b73cfc,exp_svm_spk_0004,Female,31,bao nhiêu tiền một vé xe lửa đến hồ chí minh,bao nhiêu tiền một vé [transport_type : xe lửa] đến [place_name : hồ chí minh],['bao' 'nhiêu' 'tiền' 'một' 'vé' 'xe' 'lửa' 'đến' 'hồ' 'chí' 'minh'],"['Other' 'Other' 'Other' 'Other' 'Other' 'transport_type' 'transport_type'
 'Other' 'place_name' 'place_name' 'place_name']",42,transport_query,transport,4.08,48000,1,True,SVM_CLOSED_SET,SVM_EXPERIMENTAL,55cb9b091f2916b011f1019c88eb15864b3f9d4312fa31f3b3cdc38ee35030c7,SVM_CLOSED_SET,TRAIN,svm_closed_set_train,False,False
8697,dev/0af6b19cb42aa3fe9b2107acd90ee722.wav,validation,SVM,vi-VN,5e133bbe6a5bff9911b73cfc,exp_svm_spk_0004,Female,31,tôi có một cuộc họp với an vào ngày hai mươi mốt tháng ba lúc mười giờ,tôi có một [event_name : cuộc họp] với [person : an] vào [date : ngày hai mươi mốt tháng ba] lúc [time : mười giờ],"['tôi' 'có' 'một' 'cuộc' 'họp' 'với' 'an' 'vào' 'ngày' 'hai' 'mươi' 'mốt'
 'tháng' 'ba' 'lúc' 'mười' 'giờ']","['Other' 'Other' 'Other' 'event_name' 'event_name' 'Other' 'person'
 'Other' 'date' 'date' 'date' 'date' 'date' 'date' 'Other' 'time' 'time']",50,calendar_set,calendar,5.22,48000,1,True,SVM_CLOSED_SET,SVM_EXPERIMENTAL,2337150051562c06ef8e1e6cdb21a95e2d32cd3111354d123902d03ed0db4c92,SVM_CLOSED_SET,TRAIN,svm_closed_set_train,False,False
16885,dev/fafc52383c18a1115c5847539fbc8774.wav,validation,SVM,vi-VN,5e133bbe6a5bff9911b73cfc,exp_svm_spk_0004,Female,31,gửi một email đến chị vy hỏi cô ấy rằng dean nộp bài tập về nhà cuối cùng của em ấy được không,gửi một email đến [person : chị vy] hỏi cô ấy rằng dean nộp bài tập về nhà cuối cùng của em ấy được không,"['gửi' 'một' 'email' 'đến' 'chị' 'vy' 'hỏi' 'cô' 'ấy' 'rằng' 'dean' 'nộp'
 'bài' 'tập' 'về' 'nhà' 'cuối' 'cùng' 'của' 'em' 'ấy' 'được' 'không']","['Other' 'Other' 'Other' 'Other' 'person' 'person' 'Other' 'Other' 'Other'
 'Other' 'Other' 'Other' 'Other' 'Other' 'Other' 'Other' 'Other' 'Other'
 'Other' 'Other' 'Other' 'Other' 'Other']",33,email_sendemail,email,7.02,48000,1,True,SVM_CLOSED_SET,SVM_EXPERIMENTAL,6f2bf922a1c0df5bc9242449bc27103c0e77ac3ec96418f2ae18e3c3a338ef0d,SVM_CLOSED_SET,TRAIN,svm_closed_set_train,False,False
13583,dev/3d61c0a400f791849664e0da3171003f.wav,validation,SVM,vi-VN,5e133bbe6a5bff9911b73cfc,exp_svm_spk_0004,Female,31,tỷ giá chuyển đổi giữa đô la và euro hiện tại là bao nhiêu,tỷ giá chuyển đổi giữa [currency_name : đô la] và [currency_name : euro] hiện tại là bao nhiêu,"['tỷ' 'giá' 'chuyển' 'đổi' 'giữa' 'đô' 'la' 'và' 'euro' 'hiện' 'tại' 'là'
 'bao' 'nhiêu']","['Other' 'Other' 'Other' 'Other' 'Other' 'currency_name' 'currency_name'
 'Other' 'currency_name' 'Other' 'Other' 'Other' 'Other' 'Other']",10,qa_currency,qa,3.9,48000,1,True,SVM_CLOSED_SET,SVM_EXPERIMENTAL,abea6b34d6c50ed69741e3237d32070cc2359151438a1f588754effdd549146a,SVM_CLOSED_SET,TRAIN,svm_closed_set_train,False,False
8808,dev/b22ff843e7a317f71bda2d367bf4aab7.wav,validation,SVM,vi-VN,5e133bbe6a5bff9911b73cfc,exp_svm_spk_0004,Female,31,tôi có cần được nhắc nhở về bất kỳ cuộc họp nào vào thứ hai không,tôi có cần được nhắc nhở về bất kỳ [event_name : cuộc họp] nào vào [date : thứ hai] không,"['tôi' 'có' 'cần' 'được' 'nhắc' 'nhở' 'về' 'bất' 'kỳ' 'cuộc' 'họp' 'nào'
 'vào' 'thứ' 'hai' 'không']","['Other' 'Other' 'Other' 'Other' 'Other' 'Other' 'Other' 'Other' 'Other'
 'event_name' 'event_name' 'Other' 'Other' 'date' 'date' 'Other']",50,calendar_set,calendar,5.1,48000,1,True,SVM_CLOSED_SET,SVM_EXPERIMENTAL,d2bab0d788ece2f047b92bd6849e106be4cfeccc0d9a3b8391ab2bfa404714aa,SVM_CLOSED_SET,TRAIN,svm_closed_set_train,False,False
9614,dev/8154aab1f8e49e69294a65535fff87ae.wav,validation,SVM,vi-VN,5e133bbe6a5bff9911b73cfc,exp_svm_spk_0004,Female,31,mở kênh chín mươi chín chấm năm f. m.,mở kênh [radio_name : chín mươi chín chấm năm f. m.],['mở' 'kênh' 'chín' 'mươi' 'chín' 'chấm' 'năm' 'f.' 'm.'],"['Other' 'Other' 'radio_name' 'radio_name' 'radio_name' 'radio_name'
 'radio_name' 'radio_name' 'radio_name']",36,play_radio,play,3.36,48000,1,True,SVM_CLOSED_SET,SVM_EXPERIMENTAL,27043681023bd833b866ede1a55e000f39fc6e9677144011fece9f31fa2f9772,SVM_CLOSED_SET,TRAIN,svm_closed_set_train,False,False
8522,dev/78a51ba8349e81d99ae7fb2216f9f273.wav,validation,SVM,vi-VN,6557ebf8541bd32382739c1a,exp_svm_spk_0005,Female,30,tôi muốn thêm thứ gì đó vào lịch của mình,tôi muốn thêm thứ gì đó vào lịch của mình,['tôi' 'muốn' 'thêm' 'thứ' 'gì' 'đó' 'vào' 'lịch' 'của' 'mình'],"['Other' 'Other' 'Other' 'Other' 'Other' 'Other' 'Other' 'Other' 'Other'
 'Other']",50,calendar_set,calendar,4.32,48000,1,True,SVM_CLOSED_SET,SVM_EXPERIMENTAL,b48bd9bd5d07f917cfd37dd57f27d1881fae877600fa35de3c2e8a5608f01c04,SVM_CLOSED_SET,TRAIN,svm_closed_set_train,False,False
511,dev/68f61e93d72ce3404fba710e031e5578.wav,validation,SVM,vi-VN,6557ebf8541bd32382739c1a,exp_svm_spk_0005,Female,30,bởi mỹ tâm,bởi mỹ tâm,['bởi' 'mỹ' 'tâm'],['Other' 'Other' 'Other'],13,weather_query,weather,2.76,48000,1,True,SVM_CLOSED_SET,SVM_EXPERIMENTAL,646460ac8d0bf385fdb725688e78c446e913f4bee59f01d59b5dab416f604b37,SVM_CLOSED_SET,TRAIN,svm_closed_set_train,False,False
15349,dev/923a8fc59f2dfb3b71ab7791b2c56e96.wav,validation,SVM,vi-VN,6557ebf8541bd32382739c1a,exp_svm_spk_0005,Female,30,tôi không vui với big c vui lòng giúp tôi,tôi không vui với [business_name : big c] vui lòng giúp tôi,['tôi' 'không' 'vui' 'với' 'big' 'c' 'vui' 'lòng' 'giúp' 'tôi'],"['Other' 'Other' 'Other' 'Other' 'business_name' 'business_name' 'Other'
 'Other' 'Other' 'Other']",47,social_post,social,4.62,48000,1,True,SVM_CLOSED_SET,SVM_EXPERIMENTAL,44cefd0d808c65270b8ea10e189c528513a1f1a851d45c1977e9fb9a6af240af,SVM_CLOSED_SET,TRAIN,svm_closed_set_train,False,False
921,dev/768018a94d9deba8ba7c0324c33dcb32.wav,validation,SVM,vi-VN,6557ebf8541bd32382739c1a,exp_svm_spk_0005,Female,30,chơi nhạc từ ca sỹ yêu thích của tôi,chơi nhạc từ ca sỹ yêu thích của tôi,['chơi' 'nhạc' 'từ' 'ca' 'sỹ' 'yêu' 'thích' 'của' 'tôi'],['Other' 'Other' 'Other' 'Other' 'Other' 'Other' 'Other' 'Other' 'Other'],45,play_music,play,4.26,48000,1,True,SVM_CLOSED_SET,SVM_EXPERIMENTAL,72d336282ff21bd005de5f5b1f058fc3c7afbdf8395c11da2481433dbeb92f07,SVM_CLOSED_SET,TRAIN,svm_closed_set_train,False,False
1687,dev/35c1f26b6152c5573fcab45dd2184f11.wav,validation,SVM,vi-VN,6557ebf8541bd32382739c1a,exp_svm_spk_0005,Female,30,nhiệt độ của ngày mai sẽ nóng hay không,[weather_descriptor : nhiệt độ] [date : của ngày mai] sẽ [weather_descriptor : nóng] hay không,['nhiệt' 'độ' 'của' 'ngày' 'mai' 'sẽ' 'nóng' 'hay' 'không'],"['weather_descriptor' 'weather_descriptor' 'date' 'date' 'date' 'Other'
 'weather_descriptor' 'Other' 'Other']",13,weather_query,weather,4.38,48000,1,True,SVM_CLOSED_SET,SVM_EXPERIMENTAL,cf7f0d77ac2f042d5b5d9ae00c7b05642e981b6b583d85fddc7722df87ca1e14,SVM_CLOSED_SET,TRAIN,svm_closed_set_train,False,False
6723,dev/5846bd9fa82bf4bc4d3cf35d5795cacf.wav,validation,SVM,vi-VN,6557ebf8541bd32382739c1a,exp_svm_spk_0005,Female,30,olly danh sách công việc còn lại trong tuần,olly danh sách công việc [time : còn lại trong tuần],['olly' 'danh' 'sách' 'công' 'việc' 'còn' 'lại' 'trong' 'tuần'],['Other' 'Other' 'Other' 'Other' 'Other' 'time' 'time' 'time' 'time'],32,calendar_query,calendar,4.56,48000,1,True,SVM_CLOSED_SET,SVM_EXPERIMENTAL,128900a29abe018294cea7eee330dcb65f567b2fcd3856d2bd12c66fd9a5e190,SVM_CLOSED_SET,TRAIN,svm_closed_set_train,False,False
2668,dev/1225f66f6e867a72340705505cc9c37d.wav,validation,SVM,vi-VN,6557ebf8541bd32382739c1a,exp_svm_spk_0005,Female,30,tin tức mới từ báo người lao động,tin tức mới từ [media_type : báo người lao động],['tin' 'tức' 'mới' 'từ' 'báo' 'người' 'lao' 'động'],"['Other' 'Other' 'Other' 'Other' 'media_type' 'media_type' 'media_type'
 'media_type']",22,news_query,news,4.08,48000,1,True,SVM_CLOSED_SET,SVM_EXPERIMENTAL,95670be33c02153cb1eb9766b56c236a7de8d2514642cc6137cc29ffc2e360b5,SVM_CLOSED_SET,TRAIN,svm_closed_set_train,False,False
8594,dev/6d7dd172fc1868facc5c538feec07175.wav,validation,SVM,vi-VN,6557ebf8541bd32382739c1a,exp_svm_spk_0005,Female,30,sắp xếp sự kiện tiệc bể bơi ở chỗ của nam trong lịch của tôi thứ bảy này,sắp xếp sự kiện [event_name : tiệc bể bơi] ở [place_name : chỗ của nam] trong lịch của tôi [date : thứ bảy này],"['sắp' 'xếp' 'sự' 'kiện' 'tiệc' 'bể' 'bơi' 'ở' 'chỗ' 'của' 'nam' 'trong'
 'lịch' 'của' 'tôi' 'thứ' 'bảy' 'này']","['Other' 'Other' 'Other' 'Other' 'event_name' 'event_name' 'event_name'
 'Other' 'place_name' 'place_name' 'place_name' 'Other' 'Other' 'Other'
 'Other' 'date' 'date' 'date']",50,calendar_set,calendar,6.36,48000,1,True,SVM_CLOSED_SET,SVM_EXPERIMENTAL,d8dc7ddbe31936d79cb21743a9a0c30bcf54f55065fba4ba84917f9e8a225e91,SVM_CLOSED_SET,TRAIN,svm_closed_set_train,False,False
5108,dev/c13ce5370a88bcb6827bc1d0591c9831.wav,validation,SVM,vi-VN,6557ebf8541bd32382739c1a,exp_svm_spk_0005,Female,30,mở tiếp theo bài người hãy quên em đi,mở tiếp theo bài [song_name : người hãy quên em đi],['mở' 'tiếp' 'theo' 'bài' 'người' 'hãy' 'quên' 'em' 'đi'],"['Other' 'Other' 'Other' 'Other' 'song_name' 'song_name' 'song_name'
 'song_name' 'song_name']",45,play_music,play,4.32,48000,1,True,SVM_CLOSED_SET,SVM_EXPERIMENTAL,5ecb246212d6f0c8197d1f80ec90a67540db3aa48eb7cff000f2aac60436c43c,SVM_CLOSED_SET,TRAIN,svm_closed_set_train,False,False
7424,dev/9113c8c3ac5dcbb19e6fd278af2c6130.wav,validation,SVM,vi-VN,6557ebf8541bd32382739c1a,exp_svm_spk_0005,Female,30,tham gia buổi tiệc trước cuộc họp,tham gia [event_name : buổi tiệc] trước cuộc họp,['tham' 'gia' 'buổi' 'tiệc' 'trước' 'cuộc' 'họp'],['Other' 'Other' 'event_name' 'event_name' 'Other' 'Other' 'Other'],50,calendar_set,calendar,4.02,48000,1,True,SVM_CLOSED_SET,SVM_EXPERIMENTAL,6afbfaedd83924ac70ae3e8f65c25f2ad81063ae2e22aa2143f4f622bf1b3405,SVM_CLOSED_SET,TRAIN,svm_closed_set_train,False,False
6925,dev/c459fcefdc25f0abd3c064bf1afb4f6f.wav,validation,SVM,vi-VN,5ee49e71f8d19d00098aca3e,exp_svm_spk_0006,Male,27,có bất kỳ chương trình nào tối mai không,có bất kỳ chương trình nào [timeofday : tối] [date : mai] không,['có' 'bất' 'kỳ' 'chương' 'trình' 'nào' 'tối' 'mai' 'không'],"['Other' 'Other' 'Other' 'Other' 'Other' 'Other' 'timeofday' 'date'
 'Other']",32,calendar_query,calendar,3.78,48000,1,True,SVM_CLOSED_SET,SVM_EXPERIMENTAL,9148350cd29a6f84e4bddbd4832b3cd3eb4209083bc95e5f574fcc6b752dce50,SVM_CLOSED_SET,TRAIN,svm_closed_set_train,False,False
2665,dev/eef4e48b3273b225694ca9ad56261fdc.wav,validation,SVM,vi-VN,5ee49e71f8d19d00098aca3e,exp_svm_spk_0006,Male,27,hội đồng thành phố hà nội đang làm gì với người vô gia cư,[news_topic : hội đồng thành phố] [place_name : hà nội] đang [news_topic : làm gì với người vô gia cư],"['hội' 'đồng' 'thành' 'phố' 'hà' 'nội' 'đang' 'làm' 'gì' 'với'
 'người' 'vô' 'gia' 'cư']","['news_topic' 'news_topic' 'news_topic' 'news_topic' 'place_name'
 'place_name' 'Other' 'news_topic' 'news_topic' 'news_topic' 'news_topic'
 'news_topic' 'news_topic' 'news_topic']",22,news_query,news,3.84,48000,1,True,SVM_CLOSED_SET,SVM_EXPERIMENTAL,ccb4dc9d8d8d21cd046f2106f0663c4a573f7d78af20c766c4768e41cbf9a343,SVM_CLOSED_SET,TRAIN,svm_closed_set_train,False,False
1380,dev/27466d88d08eb2a8ec656c1edb05b709.wav,validation,SVM,vi-VN,5ee49e71f8d19d00098aca3e,exp_svm_spk_0006,Male,27,tôi có thể đặt mang đi ở romero hay không,tôi có thể đặt [order_type : mang đi] ở [business_name : romero] hay không,['tôi' 'có' 'thể' 'đặt' 'mang' 'đi' 'ở' 'romero' 'hay' 'không'],"['Other' 'Other' 'Other' 'Other' 'order_type' 'order_type' 'Other'
 'business_name' 'Other' 'Other']",3,takeaway_query,takeaway,4.68,48000,1,True,SVM_CLOSED_SET,SVM_EXPERIMENTAL,28d81f3e320399175d9515fd8605f5f3c165c48ffe84974a8a5e9e137a8ef189,SVM_CLOSED_SET,TRAIN,svm_closed_set_train,False,False
6158,dev/0c53de437507c32d3c04610c4d8733fc.wav,validation,SVM,vi-VN,5ee49e71f8d19d00098aca3e,exp_svm_spk_0006,Male,27,bật máy hút bụi,bật [device_type : máy hút bụi],['bật' 'máy' 'hút' 'bụi'],['Other' 'device_type' 'device_type' 'device_type'],34,iot_cleaning,iot,2.58,48000,1,True,SVM_CLOSED_SET,SVM_EXPERIMENTAL,04375b0b39759e0a48e1543e1fdbc0b7bb1f5b077456a468078ec4261166fb1b,SVM_CLOSED_SET,TRAIN,svm_closed_set_train,False,False
14989,dev/c1c0e8bfa09629ee2719ba80af205f78.wav,validation,SVM,vi-VN,5ee49e71f8d19d00098aca3e,exp_svm_spk_0006,Male,27,hòn đảo nào nhỏ nhất trên thế giới,hòn đảo nào nhỏ nhất trên [place_name : thế giới],['hòn' 'đảo' 'nào' 'nhỏ' 'nhất' 'trên' 'thế' 'giới'],['Other' 'Other' 'Other' 'Other' 'Other' 'Other' 'place_name' 'place_name'],49,qa_factoid,qa,3.42,48000,1,True,SVM_CLOSED_SET,SVM_EXPERIMENTAL,480b61ad3a52786ce5409f419a4a29691138fbf1888da2fcf79ead1d19dedfba,SVM_CLOSED_SET,TRAIN,svm_closed_set_train,False,False
14755,dev/7d4f4db2853acbd11526e38d43494ffc.wav,validation,SVM,vi-VN,5ee49e71f8d19d00098aca3e,exp_svm_spk_0006,Male,27,đền hùng nằm ở đâu,[place_name : đền hùng] nằm ở đâu,['đền' 'hùng' 'nằm' 'ở' 'đâu'],['place_name' 'place_name' 'Other' 'Other' 'Other'],49,qa_factoid,qa,2.64,48000,1,True,SVM_CLOSED_SET,SVM_EXPERIMENTAL,43122fa0f21062e2e5385dae9e260d977a4404e951f2f2ed5191cc35ad48b47c,SVM_CLOSED_SET,TRAIN,svm_closed_set_train,False,False
4012,dev/5f9d5418fed286d625042e17f067c6d6.wav,validation,SVM,vi-VN,5ee49e71f8d19d00098aca3e,exp_svm_spk_0006,Male,27,bật dọn dẹp,bật dọn dẹp,['bật' 'dọn' 'dẹp'],['Other' 'Other' 'Other'],34,iot_cleaning,iot,2.04,48000,1,True,SVM_CLOSED_SET,SVM_EXPERIMENTAL,7dc451b03f4c20ebabacf79da06ec9475c62d9595bb334ad9b3324ab07095cbd,SVM_CLOSED_SET,TRAIN,svm_closed_set_train,False,False
5755,dev/103032544d95146153d72cc30a67accd.wav,validation,SVM,vi-VN,5ee49e71f8d19d00098aca3e,exp_svm_spk_0006,Male,27,bật âm thanh,bật âm thanh,['bật' 'âm' 'thanh'],['Other' 'Other' 'Other'],14,audio_volume_up,audio,1.56,48000,1,True,SVM_CLOSED_SET,SVM_EXPERIMENTAL,598d8e70b5c06ff2aed209fa42fe7a86e8aa43ccea1da86698678322ed83ffe0,SVM_CLOSED_SET,TRAIN,svm_closed_set_train,False,False
851,dev/cf0b3ce272bd984f6afa120d9ebfb616.wav,validation,SVM,vi-VN,5ee49e71f8d19d00098aca3e,exp_svm_spk_0006,Male,27,bật sáng các đèn,bật sáng các đèn,['bật' 'sáng' 'các' 'đèn'],['Other' 'Other' 'Other' 'Other'],18,iot_hue_lightup,iot,2.22,48000,1,True,SVM_CLOSED_SET,SVM_EXPERIMENTAL,e7bce7e6bca90c9a51d7859ca92b7c71b0b220945145dd9f516fd056befe6113,SVM_CLOSED_SET,TRAIN,svm_closed_set_train,False,False
1223,dev/2fffa18177a7d2091f2633a0151d9a22.wav,validation,SVM,vi-VN,5ee49e71f8d19d00098aca3e,exp_svm_spk_0006,Male,27,cập nhật thời tiết vào thứ ba như thế nào,cập nhật thời tiết vào [date : thứ ba] như thế nào,['cập' 'nhật' 'thời' 'tiết' 'vào' 'thứ' 'ba' 'như' 'thế' 'nào'],"['Other' 'Other' 'Other' 'Other' 'Other' 'date' 'date' 'Other' 'Other'
 'Other']",13,weather_query,weather,3.12,48000,1,True,SVM_CLOSED_SET,SVM_EXPERIMENTAL,1edb16e38e5bd2f174fbc4af9a3ede12459a2560b5061b0a876881a9f49ab99a,SVM_CLOSED_SET,TRAIN,svm_closed_set_train,False,False
12923,dev/78f6884689cc8d8fb01b17ee005b1965.wav,validation,SVM,vi-VN,5e4247e718b8910d4a2b9a34,exp_svm_spk_0007,Female,32,tôi có thể bắt được chuyến tàu gần nhất lúc mấy giờ,tôi có thể bắt được [transport_type : chuyến tàu] gần nhất lúc mấy giờ,"['tôi' 'có' 'thể' 'bắt' 'được' 'chuyến' 'tàu' 'gần' 'nhất' 'lúc' 'mấy'
 'giờ']","['Other' 'Other' 'Other' 'Other' 'Other' 'transport_type' 'transport_type'
 'Other' 'Other' 'Other' 'Other' 'Other']",42,transport_query,transport,4.44,48000,1,True,SVM_CLOSED_SET,SVM_EXPERIMENTAL,e745a80ae073e759802c82e3c3827365daf32c04d1a467be2cc0b60832e2f47a,SVM_CLOSED_SET,TRAIN,svm_closed_set_train,False,False
9299,dev/da5dd56da4f9cbd14a9aeaeb7755553c.wav,validation,SVM,vi-VN,5e4247e718b8910d4a2b9a34,exp_svm_spk_0007,Female,32,bạn có thể bắt đầu kênh radio f. m. tám trăm chín mươi không,bạn có thể bắt đầu kênh radio [radio_name : f. m. tám trăm chín mươi] không,"['bạn' 'có' 'thể' 'bắt' 'đầu' 'kênh' 'radio' 'f.' 'm.' 'tám' 'trăm'
 'chín' 'mươi' 'không']","['Other' 'Other' 'Other' 'Other' 'Other' 'Other' 'Other' 'radio_name'
 'radio_name' 'radio_name' 'radio_name' 'radio_name' 'radio_name' 'Other']",36,play_radio,play,6.0,48000,1,True,SVM_CLOSED_SET,SVM_EXPERIMENTAL,4fdb62b49a616a860d3bdf2195030ba2b3074079f2c7941b024619904849d3e9,SVM_CLOSED_SET,TRAIN,svm_closed_set_train,False,False
4421,dev/8ef9c577c4eac8faf3accef9a42b8c17.wav,validation,SVM,vi-VN,5e4247e718b8910d4a2b9a34,exp_svm_spk_0007,Female,32,tắt tiếng âm thanh,tắt tiếng âm thanh,['tắt' 'tiếng' 'âm' 'thanh'],['Other' 'Other' 'Other' 'Other'],46,audio_volume_mute,audio,2.7,48000,1,True,SVM_CLOSED_SET,SVM_EXPERIMENTAL,deb8a1d59017988ba3319ae24c30258b01deaf6a88dfe36df5844101e4425dac,SVM_CLOSED_SET,TRAIN,svm_closed_set_train,False,False
15836,dev/292071b6f205e28e4928fe5192a7c22b.wav,validation,SVM,vi-VN,5e4247e718b8910d4a2b9a34,exp_svm_spk_0007,Female,32,mở thư điện tử gần đây nhất của tôi và trả lời,mở thư điện tử gần đây nhất của tôi và trả lời,['mở' 'thư' 'điện' 'tử' 'gần' 'đây' 'nhất' 'của' 'tôi' 'và' 'trả' 'lời'],"['Other' 'Other' 'Other' 'Other' 'Other' 'Other' 'Other' 'Other' 'Other'
 'Other' 'Other' 'Other']",33,email_sendemail,email,4.98,48000,1,True,SVM_CLOSED_SET,SVM_EXPERIMENTAL,6285ef9b8ed508c23c29cc03afe1f792eb5c8c26d7c111a8002fcbdd8c03ebde,SVM_CLOSED_SET,TRAIN,svm_closed_set_train,False,False
15065,dev/106a8128c29238e84d09eb3856a02c93.wav,validation,SVM,vi-VN,5e4247e718b8910d4a2b9a34,exp_svm_spk_0007,Female,32,cho tôi biết brexit sẽ ảnh hưởng đến công dân e. u. thế nào trong dài hạn và trung hạn,cho tôi biết brexit sẽ ảnh hưởng đến công dân e. u. thế nào trong dài hạn và trung hạn,"['cho' 'tôi' 'biết' 'brexit' 'sẽ' 'ảnh' 'hưởng' 'đến' 'công' 'dân' 'e.'
 'u.' 'thế' 'nào' 'trong' 'dài' 'hạn' 'và' 'trung' 'hạn']","['Other' 'Other' 'Other' 'Other' 'Other' 'Other' 'Other' 'Other' 'Other'
 'Other' 'Other' 'Other' 'Other' 'Other' 'Other' 'Other' 'Other' 'Other'
 'Other' 'Other']",49,qa_factoid,qa,7.02,48000,1,True,SVM_CLOSED_SET,SVM_EXPERIMENTAL,08726a65068570a434a5e9960e692e48e90f7fbb82965eb992ad67da7882a70a,SVM_CLOSED_SET,TRAIN,svm_closed_set_train,False,False
13756,dev/9cf094f0f347bc9cddb38c829d6f4584.wav,validation,SVM,vi-VN,5e4247e718b8910d4a2b9a34,exp_svm_spk_0007,Female,32,tìm cho tôi thông tin trên,tìm cho tôi thông tin trên,['tìm' 'cho' 'tôi' 'thông' 'tin' 'trên'],['Other' 'Other' 'Other' 'Other' 'Other' 'Other'],26,qa_definition,qa,3.6,48000,1,True,SVM_CLOSED_SET,SVM_EXPERIMENTAL,c971c43b895e184a1c79db34cdfe236dd861bb5536046afda9b87d84c47dbeee,SVM_CLOSED_SET,TRAIN,svm_closed_set_train,False,False
13914,dev/efa27c6b581fb425424262be436d37bd.wav,validation,SVM,vi-VN,5e4247e718b8910d4a2b9a34,exp_svm_spk_0007,Female,32,bạn có thể cho tôi biết tỷ giá hối đoái của đồng đô la sang đồng rupee được không,bạn có thể cho tôi biết tỷ giá hối đoái của đồng đô la sang đồng rupee được không,"['bạn' 'có' 'thể' 'cho' 'tôi' 'biết' 'tỷ' 'giá' 'hối' 'đoái' 'của' 'đồng'
 'đô' 'la' 'sang' 'đồng' 'rupee' 'được' 'không']","['Other' 'Other' 'Other' 'Other' 'Other' 'Other' 'Other' 'Other' 'Other'
 'Other' 'Other' 'Other' 'Other' 'Other' 'Other' 'Other' 'Other' 'Other'
 'Other']",49,qa_factoid,qa,6.54,48000,1,True,SVM_CLOSED_SET,SVM_EXPERIMENTAL,2217bbdefe0aa3bf3742cfd23393a39723a4fc65857312f080fc7e220a514ed4,SVM_CLOSED_SET,TRAIN,svm_closed_set_train,False,False
6655,dev/8fae2e284a7332280f5d10a102f0cc67.wav,validation,SVM,vi-VN,5e4247e718b8910d4a2b9a34,exp_svm_spk_0007,Female,32,thành phần cần thiết ở tiệm tạp hóa,thành phần cần thiết ở [business_type : tiệm tạp hóa],['thành' 'phần' 'cần' 'thiết' 'ở' 'tiệm' 'tạp' 'hóa'],"['Other' 'Other' 'Other' 'Other' 'Other' 'business_type' 'business_type'
 'business_type']",12,general_quirky,general,3.84,48000,1,True,SVM_CLOSED_SET,SVM_EXPERIMENTAL,2bcd995a2b4028f8b0efdb3c9ee909a64441f214e9489747cba3f7fa2a6b92a4,SVM_CLOSED_SET,TRAIN,svm_closed_set_train,False,False
6673,dev/9554b5c7ce75328b338d89f443eb9e34.wav,validation,SVM,vi-VN,5e4247e718b8910d4a2b9a34,exp_svm_spk_0007,Female,32,nó như thế nào rồi,nó như thế nào rồi,['nó' 'như' 'thế' 'nào' 'rồi'],['Other' 'Other' 'Other' 'Other' 'Other'],12,general_quirky,general,3.18,48000,1,True,SVM_CLOSED_SET,SVM_EXPERIMENTAL,92ee7c024995e3e7a5df2755ba012912cc96f7274fdcadb5e550c82d3e1a00de,SVM_CLOSED_SET,TRAIN,svm_closed_set_train,False,False
13836,dev/5f491a4df79972de1cb4384101e90397.wav,validation,SVM,vi-VN,5e4247e718b8910d4a2b9a34,exp_svm_spk_0007,Female,32,tôn giáo nào là đúng đắn nhất,tôn giáo nào là đúng đắn nhất,['tôn' 'giáo' 'nào' 'là' 'đúng' 'đắn' 'nhất'],['Other' 'Other' 'Other' 'Other' 'Other' 'Other' 'Other'],12,general_quirky,general,3.6,48000,1,True,SVM_CLOSED_SET,SVM_EXPERIMENTAL,63bddabb5ffcface69af2255cfcd942d0e62d2fa7f2e09cc5d3a4c79470a1c42,SVM_CLOSED_SET,TRAIN,svm_closed_set_train,False,False
1416,dev/a96f1d5fde98dc39aa04f3d93227a1b5.wav,validation,SVM,vi-VN,5fb84feecf0626000b30cbd3,exp_svm_spk_0008,Male,29,đặt vài món mang đi,đặt vài món [order_type : mang đi],['đặt' 'vài' 'món' 'mang' 'đi'],['Other' 'Other' 'Other' 'order_type' 'order_type'],16,takeaway_order,takeaway,1.38,48000,1,True,SVM_CLOSED_SET,SVM_EXPERIMENTAL,91bf9e742d441af18b5d656782ae2c2370d660ae19d1c72a0ce33fdfb1ee9771,SVM_CLOSED_SET,TRAIN,svm_closed_set_train,False,False
15247,dev/5b94bcd001e4f4aba1c77373153e8f80.wav,validation,SVM,vi-VN,5fb84feecf0626000b30cbd3,exp_svm_spk_0008,Male,29,đăng trạng thái lên facebook,đăng trạng thái lên [media_type : facebook],['đăng' 'trạng' 'thái' 'lên' 'facebook'],['Other' 'Other' 'Other' 'Other' 'media_type'],47,social_post,social,2.46,48000,1,True,SVM_CLOSED_SET,SVM_EXPERIMENTAL,0ed768a8ea6b3a57ea05c8a0a6d9b642ac4ae2ab5a0067175ae78fe286adea37,SVM_CLOSED_SET,TRAIN,svm_closed_set_train,False,False
10648,dev/6e79f07e8bc7a4994124ae53fe9282e0.wav,validation,SVM,vi-VN,5fb84feecf0626000b30cbd3,exp_svm_spk_0008,Male,29,thêm tạp hóa vào danh sách,thêm tạp hóa vào danh sách,['thêm' 'tạp' 'hóa' 'vào' 'danh' 'sách'],['Other' 'Other' 'Other' 'Other' 'Other' 'Other'],21,lists_createoradd,lists,2.22,48000,1,True,SVM_CLOSED_SET,SVM_EXPERIMENTAL,085ff8e82c8e28a43f3593ab6f47a556e8a8247e0bd3af82ea171a31a1f8ba23,SVM_CLOSED_SET,TRAIN,svm_closed_set_train,False,False
9383,dev/0eb9f881c6eb1d1adc7eea597bba33c3.wav,validation,SVM,vi-VN,5fb84feecf0626000b30cbd3,exp_svm_spk_0008,Male,29,phát b. b. c. radio số một,phát [radio_name : b. b. c. radio số một],['phát' 'b.' 'b.' 'c.' 'radio' 'số' 'một'],"['Other' 'radio_name' 'radio_name' 'radio_name' 'radio_name' 'radio_name'
 'radio_name']",36,play_radio,play,3.84,48000,1,True,SVM_CLOSED_SET,SVM_EXPERIMENTAL,c81e30747689fc5b2cb22cfa255233ed23eaf10013e1a9a8fb8cc23759fd72bb,SVM_CLOSED_SET,TRAIN,svm_closed_set_train,False,False
15910,dev/26dbb695ab7b73dc9ef8e10d06a864fe.wav,validation,SVM,vi-VN,5fb84feecf0626000b30cbd3,exp_svm_spk_0008,Male,29,kiểm tra thư điện tử trong mười hai giờ trước,kiểm tra thư điện tử trong [time : mười hai giờ trước],['kiểm' 'tra' 'thư' 'điện' 'tử' 'trong' 'mười' 'hai' 'giờ' 'trước'],"['Other' 'Other' 'Other' 'Other' 'Other' 'Other' 'time' 'time' 'time'
 'time']",44,email_query,email,3.3,48000,1,True,SVM_CLOSED_SET,SVM_EXPERIMENTAL,d6abd4423d2c51ffd73a4d405b805c2a7799270cf0ffe6ce0b6a5ccc38ed926b,SVM_CLOSED_SET,TRAIN,svm_closed_set_train,False,False
16788,dev/fa86970c444d92fd6b209a5bf6e7c632.wav,validation,SVM,vi-VN,5fb84feecf0626000b30cbd3,exp_svm_spk_0008,Male,29,ai đã email tôi mới đây,ai đã email tôi mới đây,['ai' 'đã' 'email' 'tôi' 'mới' 'đây'],['Other' 'Other' 'Other' 'Other' 'Other' 'Other'],44,email_query,email,2.28,48000,1,True,SVM_CLOSED_SET,SVM_EXPERIMENTAL,0887dde8d16dbf814a3974be7be8d69a5af36c05197bb67e7967f7f190e4215b,SVM_CLOSED_SET,TRAIN,svm_closed_set_train,False,False
3970,dev/ee82e60f55784b9a89596b3b1c0a21e8.wav,validation,SVM,vi-VN,5fb84feecf0626000b30cbd3,exp_svm_spk_0008,Male,29,thời tiết bây giờ thế nào,thời tiết bây giờ thế nào,['thời' 'tiết' 'bây' 'giờ' 'thế' 'nào'],['Other' 'Other' 'Other' 'Other' 'Other' 'Other'],13,weather_query,weather,2.4,48000,1,True,SVM_CLOSED_SET,SVM_EXPERIMENTAL,938afe6ca4c98b9e10bc7a0e8384965fe5665b85c2727041eee0ce7f557639b7,SVM_CLOSED_SET,TRAIN,svm_closed_set_train,False,False
13978,dev/62adc4598ef6b8b4d52b8d634154a219.wav,validation,SVM,vi-VN,5fb84feecf0626000b30cbd3,exp_svm_spk_0008,Male,29,ai là đỗ nam trung,ai là [person : đỗ nam trung],['ai' 'là' 'đỗ' 'nam' 'trung'],['Other' 'Other' 'person' 'person' 'person'],49,qa_factoid,qa,2.58,48000,1,True,SVM_CLOSED_SET,SVM_EXPERIMENTAL,03b722455a020ba9119a1d8dcd42b5253a6f46feaaa63dec4de8745fc2c027b1,SVM_CLOSED_SET,TRAIN,svm_closed_set_train,False,False
4900,dev/c0eda0b9c9e4e8ab6223965e96bb0990.wav,validation,SVM,vi-VN,5fb84feecf0626000b30cbd3,exp_svm_spk_0008,Male,29,ai hát bài này,ai hát bài này,['ai' 'hát' 'bài' 'này'],['Other' 'Other' 'Other' 'Other'],57,music_query,music,1.32,48000,1,True,SVM_CLOSED_SET,SVM_EXPERIMENTAL,92f5e1c6bd94119ed00462f06569abac43c97d83b71bea07bc863a296a42ed10,SVM_CLOSED_SET,TRAIN,svm_closed_set_train,False,False
15015,dev/c812edc9c268c4b5397c3fcd2fc377d3.wav,validation,SVM,vi-VN,5fb84feecf0626000b30cbd3,exp_svm_spk_0008,Male,29,sài gòn cách nhật bản bao xa,[place_name : sài gòn] cách [place_name : nhật bản] bao xa,['sài' 'gòn' 'cách' 'nhật' 'bản' 'bao' 'xa'],"['place_name' 'place_name' 'Other' 'place_name' 'place_name' 'Other'
 'Other']",42,transport_query,transport,2.82,48000,1,True,SVM_CLOSED_SET,SVM_EXPERIMENTAL,ac9c450a2bb45c4c1695191557e73120de29e69390f271996d578cff4878165c,SVM_CLOSED_SET,TRAIN,svm_closed_set_train,False,False
5436,dev/08803544868969e088a4f72777402d12.wav,validation,SVM,vi-VN,604b93f6432ad99bcb4798e8,exp_svm_spk_0009,Male,31,xóa báo thức năm giờ chiều,xóa báo thức [time : năm giờ chiều],['xóa' 'báo' 'thức' 'năm' 'giờ' 'chiều'],['Other' 'Other' 'Other' 'time' 'time' 'time'],52,alarm_remove,alarm,5.857166666666667,48000,1,True,SVM_CLOSED_SET,SVM_EXPERIMENTAL,ab67a9d2f36143905317d46f81b7caf4124fca0f80913a286820ef4108e0aa59,SVM_CLOSED_SET,TRAIN,svm_closed_set_train,False,False
14721,dev/ff7b9d4ca38bf0ea6815b08722c332f4.wav,validation,SVM,vi-VN,604b93f6432ad99bcb4798e8,exp_svm_spk_0009,Male,31,tỷ giá hối đoái đô la rupee,tỷ giá hối đoái [currency_name : đô la rupee],['tỷ' 'giá' 'hối' 'đoái' 'đô' 'la' 'rupee'],"['Other' 'Other' 'Other' 'Other' 'currency_name' 'currency_name'
 'currency_name']",10,qa_currency,qa,4.3345,48000,1,True,SVM_CLOSED_SET,SVM_EXPERIMENTAL,8327b98250e217dc8305460fd9d98c9a5c4a640e33d6e320fa9cd0baddd814e1,SVM_CLOSED_SET,TRAIN,svm_closed_set_train,False,False
6548,dev/159d8e7a9315d82de810f9af189191fa.wav,validation,SVM,vi-VN,604b93f6432ad99bcb4798e8,exp_svm_spk_0009,Male,31,hôm nay là một ngày mệt mỏi,[date : hôm nay] là một ngày mệt mỏi,['hôm' 'nay' 'là' 'một' 'ngày' 'mệt' 'mỏi'],['date' 'date' 'Other' 'Other' 'Other' 'Other' 'Other'],12,general_quirky,general,5.235833333333333,48000,1,True,SVM_CLOSED_SET,SVM_EXPERIMENTAL,2c744dcadbab3408ffd2cbb5b3b080a79079126fb9bd1afda51f055c4d0919f3,SVM_CLOSED_SET,TRAIN,svm_closed_set_train,False,False
5154,dev/03311753afa2e105b6791dbfcf11b5ba.wav,validation,SVM,vi-VN,604b93f6432ad99bcb4798e8,exp_svm_spk_0009,Male,31,ở đây quá sáng bạn có thể vặn một đèn tắt đi không,ở đây quá sáng bạn có thể vặn một đèn tắt đi không,"['ở' 'đây' 'quá' 'sáng' 'bạn' 'có' 'thể' 'vặn' 'một' 'đèn' 'tắt'
 'đi' 'không']","['Other' 'Other' 'Other' 'Other' 'Other' 'Other' 'Other' 'Other' 'Other'
 'Other' 'Other' 'Other' 'Other']",40,iot_hue_lightoff,iot,10.2065,48000,1,True,SVM_CLOSED_SET,SVM_EXPERIMENTAL,b32eddf05d2ae38b0d6f324d2fc7d28f71410267a8e6fe9230d6d273e28f34db,SVM_CLOSED_SET,TRAIN,svm_closed_set_train,False,False
11333,dev/7134c4b6ca7ec6cd5ef29a05c4bce5ed.wav,validation,SVM,vi-VN,604b93f6432ad99bcb4798e8,exp_svm_spk_0009,Male,31,sắp xếp và phát tất cả bài hát của mỹ tâm,sắp xếp và phát tất cả bài hát của [artist_name : mỹ tâm],['sắp' 'xếp' 'và' 'phát' 'tất' 'cả' 'bài' 'hát' 'của' 'mỹ' 'tâm'],"['Other' 'Other' 'Other' 'Other' 'Other' 'Other' 'Other' 'Other' 'Other'
 'artist_name' 'artist_name']",45,play_music,play,7.857166666666667,48000,1,True,SVM_CLOSED_SET,SVM_EXPERIMENTAL,ab469c0c3bbf7fcbf57fc4982cd7620e724ac9f696c7e1a0ebcb79ada17a3c69,SVM_CLOSED_SET,TRAIN,svm_closed_set_train,False,False
10488,dev/5a22941818974a15441f883e058c2114.wav,validation,SVM,vi-VN,604b93f6432ad99bcb4798e8,exp_svm_spk_0009,Male,31,lập danh sách,lập danh sách,['lập' 'danh' 'sách'],['Other' 'Other' 'Other'],21,lists_createoradd,lists,3.8758333333333335,48000,1,True,SVM_CLOSED_SET,SVM_EXPERIMENTAL,cf567908811a910b59d847550991d7d75d849887944ab2e3034bd1b86eb343e9,SVM_CLOSED_SET,TRAIN,svm_closed_set_train,False,False
16396,dev/bac848b6d85f2e343735c7955b07c10b.wav,validation,SVM,vi-VN,604b93f6432ad99bcb4798e8,exp_svm_spk_0009,Male,31,gửi email đến hùng,gửi email đến [person : hùng],['gửi' 'email' 'đến' 'hùng'],['Other' 'Other' 'Other' 'person'],33,email_sendemail,email,3.587833333333333,48000,1,True,SVM_CLOSED_SET,SVM_EXPERIMENTAL,3abccc4b119aba35662ccbfa9cda773e2329917169faad7ec2b2d792d7030594,SVM_CLOSED_SET,TRAIN,svm_closed_set_train,False,False
3285,dev/6ac312e81be989aab3bf2a54ebd87790.wav,validation,SVM,vi-VN,604b93f6432ad99bcb4798e8,exp_svm_spk_0009,Male,31,trời sẽ mưa vào ngày mai ở miami phải không,trời sẽ [weather_descriptor : mưa] vào [date : ngày mai] ở [place_name : miami] phải không,['trời' 'sẽ' 'mưa' 'vào' 'ngày' 'mai' 'ở' 'miami' 'phải' 'không'],"['Other' 'Other' 'weather_descriptor' 'Other' 'date' 'date' 'Other'
 'place_name' 'Other' 'Other']",13,weather_query,weather,6.387833333333333,48000,1,True,SVM_CLOSED_SET,SVM_EXPERIMENTAL,c4197824d9ee6a75a7a3a2884b708f75ff5bf930f6aef985b46528745d39fa61,SVM_CLOSED_SET,TRAIN,svm_closed_set_train,False,False
30,dev/5efe14e8b6e010c356bade507489a7bd.wav,validation,SVM,vi-VN,604b93f6432ad99bcb4798e8,exp_svm_spk_0009,Male,31,lau dọn là tốt bụi bẩn rất khó chịu bây giờ phép thuật của bạn làm sạch thảm của tôi,lau dọn là tốt bụi bẩn rất khó chịu bây giờ phép thuật của bạn làm sạch [house_place : thảm] của tôi,"['lau' 'dọn' 'là' 'tốt' 'bụi' 'bẩn' 'rất' 'khó' 'chịu' 'bây' 'giờ' 'phép'
 'thuật' 'của' 'bạn' 'làm' 'sạch' 'thảm' 'của' 'tôi']","['Other' 'Other' 'Other' 'Other' 'Other' 'Other' 'Other' 'Other' 'Other'
 'Other' 'Other' 'Other' 'Other' 'Other' 'Other' 'Other' 'Other'
 'house_place' 'Other' 'Other']",34,iot_cleaning,iot,15.955833333333333,48000,1,True,SVM_CLOSED_SET,SVM_EXPERIMENTAL,442eedc465e1d0a58baa85c645c94de8766197a39c29d4797b43d456588633d8,SVM_CLOSED_SET,TRAIN,svm_closed_set_train,False,False
13938,dev/8bd1017658485b2b7efa3dec4ef18597.wav,validation,SVM,vi-VN,604b93f6432ad99bcb4798e8,exp_svm_spk_0009,Male,31,tôi có lời mời kết bạn tinder mới không,tôi có lời mời kết bạn tinder mới không,['tôi' 'có' 'lời' 'mời' 'kết' 'bạn' 'tinder' 'mới' 'không'],['Other' 'Other' 'Other' 'Other' 'Other' 'Other' 'Other' 'Other' 'Other'],32,calendar_query,calendar,7.5665,48000,1,True,SVM_CLOSED_SET,SVM_EXPERIMENTAL,c94bb15bfa484e4f9f7c11b1dcb26d652e9d79c4f1041476addc02e008e1d297,SVM_CLOSED_SET,TRAIN,svm_closed_set_train,False,False
2303,dev/b4ef0aa96a46cdfaece1fee3b4548fe5.wav,validation,SVM,vi-VN,63cfbea470ab1bba9db30082,exp_svm_spk_0010,Male,21,tôi mãi mai hip hop,tôi mãi mai [music_genre : hip hop],['tôi' 'mãi' 'mai' 'hip' 'hop'],['Other' 'Other' 'Other' 'music_genre' 'music_genre'],43,music_likeness,music,1.98,48000,1,True,SVM_CLOSED_SET,SVM_EXPERIMENTAL,2feb4ee5585380c8891b7defedd8a57900424c58eec35fbaa42195cf934dfdbc,SVM_CLOSED_SET,TRAIN,svm_closed_set_train,False,False
15581,dev/4a0961d85ff9ab38ffdc348d21ee8015.wav,validation,SVM,vi-VN,63cfbea470ab1bba9db30082,exp_svm_spk_0010,Male,21,olly gửi một tweet đến công ty,olly gửi một [media_type : tweet] đến công ty,['olly' 'gửi' 'một' 'tweet' 'đến' 'công' 'ty'],['Other' 'Other' 'Other' 'media_type' 'Other' 'Other' 'Other'],47,social_post,social,2.16,48000,1,True,SVM_CLOSED_SET,SVM_EXPERIMENTAL,4c16d123bf909a122a1f1312aface2f90cbf75f7d81c4e4624e46c7df487c466,SVM_CLOSED_SET,TRAIN,svm_closed_set_train,False,False
6558,dev/6c3d4943fb953d4f2e21554a0d5c4c1d.wav,validation,SVM,vi-VN,63cfbea470ab1bba9db30082,exp_svm_spk_0010,Male,21,bạn có thích bạn gái của tôi không,bạn có thích [relation : bạn gái] của tôi không,['bạn' 'có' 'thích' 'bạn' 'gái' 'của' 'tôi' 'không'],['Other' 'Other' 'Other' 'relation' 'relation' 'Other' 'Other' 'Other'],12,general_quirky,general,2.88,48000,1,True,SVM_CLOSED_SET,SVM_EXPERIMENTAL,7929ec94d2123278bf0a3f21c325b0857cee6db1dc13b9e3882ccdfe927188fc,SVM_CLOSED_SET,TRAIN,svm_closed_set_train,False,False
2834,dev/aa422f1f362ecaa7150d30fbc918188a.wav,validation,SVM,vi-VN,63cfbea470ab1bba9db30082,exp_svm_spk_0010,Male,21,vui lòng hút bụi trong một tiếng,vui lòng [device_type : hút bụi] trong [time : một tiếng],['vui' 'lòng' 'hút' 'bụi' 'trong' 'một' 'tiếng'],['Other' 'Other' 'device_type' 'device_type' 'Other' 'time' 'time'],34,iot_cleaning,iot,3.36,48000,1,True,SVM_CLOSED_SET,SVM_EXPERIMENTAL,5b8ce05f600df446e47d0a49cbfc89a32ad21908937a09deb92b6596c2b368bc,SVM_CLOSED_SET,TRAIN,svm_closed_set_train,False,False
9355,dev/6449ca6d9f720aed8087a0b11e263a64.wav,validation,SVM,vi-VN,63cfbea470ab1bba9db30082,exp_svm_spk_0010,Male,21,radio bật,radio bật,['radio' 'bật'],['Other' 'Other'],36,play_radio,play,1.44,48000,1,True,SVM_CLOSED_SET,SVM_EXPERIMENTAL,46598bdec98c53a2ed1e0b400b91d15c569d89637ed7785265a3e102ffe766bb,SVM_CLOSED_SET,TRAIN,svm_closed_set_train,False,False
4497,dev/f14b5edd97477516efff0ac6c636851c.wav,validation,SVM,vi-VN,63cfbea470ab1bba9db30082,exp_svm_spk_0010,Male,21,tắt tiếng cài đặt,tắt tiếng cài đặt,['tắt' 'tiếng' 'cài' 'đặt'],['Other' 'Other' 'Other' 'Other'],46,audio_volume_mute,audio,1.8,48000,1,True,SVM_CLOSED_SET,SVM_EXPERIMENTAL,b25f4c09a234bbdde27bfc1bfe1da7238ccd4081a133a7ff4fd46eee82435781,SVM_CLOSED_SET,TRAIN,svm_closed_set_train,False,False
13859,dev/a16ae75500e7b0d9b681328d16861116.wav,validation,SVM,vi-VN,63cfbea470ab1bba9db30082,exp_svm_spk_0010,Male,21,đô la mỹ so với ru pi là bao nhiêu,[currency_name : đô la mỹ] so với [currency_name : ru pi] là bao nhiêu,['đô' 'la' 'mỹ' 'so' 'với' 'ru' 'pi' 'là' 'bao' 'nhiêu'],"['currency_name' 'currency_name' 'currency_name' 'Other' 'Other'
 'currency_name' 'currency_name' 'Other' 'Other' 'Other']",10,qa_currency,qa,2.94,48000,1,True,SVM_CLOSED_SET,SVM_EXPERIMENTAL,f23eabf98018bdd6acbe6aa58862bac753558ba63da60b341caad1dea3a34c1f,SVM_CLOSED_SET,TRAIN,svm_closed_set_train,False,False
10290,dev/ca3c708697b5100f03783e5c0838097a.wav,validation,SVM,vi-VN,63cfbea470ab1bba9db30082,exp_svm_spk_0010,Male,21,hãy chơi pinball,hãy chơi [game_name : pinball],['hãy' 'chơi' 'pinball'],['Other' 'Other' 'game_name'],51,play_game,play,1.32,48000,1,True,SVM_CLOSED_SET,SVM_EXPERIMENTAL,b42128539b70f177802b14ac6891b7e04fee29b42f04e3da59fb5ca7013850da,SVM_CLOSED_SET,TRAIN,svm_closed_set_train,False,False
1222,dev/f3880a046156159d4b0ebb7d5d18267e.wav,validation,SVM,vi-VN,63cfbea470ab1bba9db30082,exp_svm_spk_0010,Male,21,vui lòng phát người hãy quên em đi,vui lòng phát [song_name : người hãy quên em đi],['vui' 'lòng' 'phát' 'người' 'hãy' 'quên' 'em' 'đi'],"['Other' 'Other' 'Other' 'song_name' 'song_name' 'song_name' 'song_name'
 'song_name']",45,play_music,play,2.16,48000,1,True,SVM_CLOSED_SET,SVM_EXPERIMENTAL,b635c902fd93e9733e008a8d17b192e2fdd943901ad159793410b2109989e743,SVM_CLOSED_SET,TRAIN,svm_closed_set_train,False,False
6990,dev/92efd117af420f46bef381659d917481.wav,validation,SVM,vi-VN,63cfbea470ab1bba9db30082,exp_svm_spk_0010,Male,21,những sự kiện sắp tới,những sự kiện sắp tới,['những' 'sự' 'kiện' 'sắp' 'tới'],['Other' 'Other' 'Other' 'Other' 'Other'],32,calendar_query,calendar,1.74,48000,1,True,SVM_CLOSED_SET,SVM_EXPERIMENTAL,4a88764a108d28a187f284e2d4912a3e2a4c0a81e81ae8525687133247bf1658,SVM_CLOSED_SET,TRAIN,svm_closed_set_train,False,False
4481,dev/eb2ff25796a03d98d92ccc1f5735652e.wav,validation,SVM,vi-VN,6552b16899091e4aaa587d1b,exp_svm_spk_0001,Male,33,tôi sẽ có thể mặc đồ ngắn hôm nay phải không,tôi sẽ có thể mặc [weather_descriptor : đồ ngắn] [date : hôm nay] phải không,['tôi' 'sẽ' 'có' 'thể' 'mặc' 'đồ' 'ngắn' 'hôm' 'nay' 'phải' 'không'],"['Other' 'Other' 'Other' 'Other' 'Other' 'weather_descriptor'
 'weather_descriptor' 'date' 'date' 'Other' 'Other']",13,weather_query,weather,3.36,48000,1,True,SVM_CLOSED_SET,SVM_EXPERIMENTAL,1b6f5c7bdccdf0deaa9c4178f3453b223d6437ad27f4d4009ee6cdbc2f5f5ac6,SVM_CLOSED_SET,VALIDATION,svm_closed_set_validation,False,False
9123,dev/67d6a7710b97d2fe4493945163b2ec64.wav,validation,SVM,vi-VN,6552b16899091e4aaa587d1b,exp_svm_spk_0001,Male,33,thêm chuyến đi thăm chị của tôi vào lịch gia đình,thêm [event_name : chuyến đi thăm chị] của tôi vào lịch [event_name : gia đình],['thêm' 'chuyến' 'đi' 'thăm' 'chị' 'của' 'tôi' 'vào' 'lịch' 'gia' 'đình'],"['Other' 'event_name' 'event_name' 'event_name' 'event_name' 'Other'
 'Other' 'Other' 'Other' 'event_name' 'event_name']",50,calendar_set,calendar,2.76,48000,1,True,SVM_CLOSED_SET,SVM_EXPERIMENTAL,9d5a84f94aa952128e3e8f7306fcb2d0ac9e5c556651746e361880183842a4fa,SVM_CLOSED_SET,VALIDATION,svm_closed_set_validation,False,False
13499,dev/84a0dfcd11a34b122a3ee77e2ed980e5.wav,validation,SVM,vi-VN,6552b16899091e4aaa587d1b,exp_svm_spk_0001,Male,33,làm ơn tìm từ này,làm ơn tìm từ này,['làm' 'ơn' 'tìm' 'từ' 'này'],['Other' 'Other' 'Other' 'Other' 'Other'],26,qa_definition,qa,2.58,48000,1,True,SVM_CLOSED_SET,SVM_EXPERIMENTAL,c5fa643fe597af74aab60c02326f7e52d38da5f02d6bfbaae32f7ef3311153db,SVM_CLOSED_SET,VALIDATION,svm_closed_set_validation,False,False
14775,dev/c850ead525c66b9f1cbb05053ccf134d.wav,validation,SVM,vi-VN,6552b16899091e4aaa587d1b,exp_svm_spk_0001,Male,33,giá cổ phiếu hòa phát là gì,giá cổ phiếu [business_name : hòa phát] là gì,['giá' 'cổ' 'phiếu' 'hòa' 'phát' 'là' 'gì'],['Other' 'Other' 'Other' 'business_name' 'business_name' 'Other' 'Other'],4,qa_stock,qa,2.4,48000,1,True,SVM_CLOSED_SET,SVM_EXPERIMENTAL,b9bb9ce2cc5bcb317fe773208b28d417d5fb916cbe4e1d1c7f4df9255c31bf43,SVM_CLOSED_SET,VALIDATION,svm_closed_set_validation,False,False
7675,dev/d49df1f59ec84b515d9f6dcf4e0ec3df.wav,validation,SVM,vi-VN,6552b16899091e4aaa587d1b,exp_svm_spk_0001,Male,33,nhắc tôi về cuộc họp tiếp theo vào lúc bốn giờ sáng hôm nay,nhắc tôi về [event_name : cuộc họp] tiếp theo vào lúc [time : bốn giờ sáng] [date : hôm nay],"['nhắc' 'tôi' 'về' 'cuộc' 'họp' 'tiếp' 'theo' 'vào' 'lúc' 'bốn' 'giờ'
 'sáng' 'hôm' 'nay']","['Other' 'Other' 'Other' 'event_name' 'event_name' 'Other' 'Other' 'Other'
 'Other' 'time' 'time' 'time' 'date' 'date']",50,calendar_set,calendar,4.5,48000,1,True,SVM_CLOSED_SET,SVM_EXPERIMENTAL,71bac25eed1a5beb0106e621497e7388bb694b4cf73c14966de00954f38ce055,SVM_CLOSED_SET,VALIDATION,svm_closed_set_validation,False,False
8329,dev/8b06dcd611e40dbfe48ca34eba8b06ca.wav,validation,SVM,vi-VN,6537e43c008bb605430a302f,exp_svm_spk_0002,Female,29,đặt lời nhắc cho cuộc họp lúc ba giờ chiều thứ sáu,đặt lời nhắc cho [event_name : cuộc họp] lúc [time : ba giờ chiều] [date : thứ sáu],"['đặt' 'lời' 'nhắc' 'cho' 'cuộc' 'họp' 'lúc' 'ba' 'giờ' 'chiều' 'thứ'
 'sáu']","['Other' 'Other' 'Other' 'Other' 'event_name' 'event_name' 'Other' 'time'
 'time' 'time' 'date' 'date']",50,calendar_set,calendar,3.12,48000,1,True,SVM_CLOSED_SET,SVM_EXPERIMENTAL,f506d2dc98a34d205c5550c19ae95790f0b2dd5d9bdbe1320aaaed047cc56acd,SVM_CLOSED_SET,VALIDATION,svm_closed_set_validation,False,False
4582,dev/6b9a75cc41ada4394e086c8545fbafb8.wav,validation,SVM,vi-VN,6537e43c008bb605430a302f,exp_svm_spk_0002,Female,29,thời gian có khác ở hà nội không,thời gian có khác ở [place_name : hà nội] không,['thời' 'gian' 'có' 'khác' 'ở' 'hà' 'nội' 'không'],['Other' 'Other' 'Other' 'Other' 'Other' 'place_name' 'place_name' 'Other'],0,datetime_query,datetime,2.34,48000,1,True,SVM_CLOSED_SET,SVM_EXPERIMENTAL,d262c2f2759299463beb119a6d862690716cfff760167e569f07fd0571cb883c,SVM_CLOSED_SET,VALIDATION,svm_closed_set_validation,False,False
15632,dev/13ef4bc6f91b9d9231f18b93aaf7acfa.wav,validation,SVM,vi-VN,6537e43c008bb605430a302f,exp_svm_spk_0002,Female,29,ok google tweet dịch vụ ở nhà hàng hoa sứ rất tệ,ok google [media_type : tweet] dịch vụ ở nhà hàng hoa sứ rất tệ,['ok' 'google' 'tweet' 'dịch' 'vụ' 'ở' 'nhà' 'hàng' 'hoa' 'sứ' 'rất' 'tệ'],"['Other' 'Other' 'media_type' 'Other' 'Other' 'Other' 'Other' 'Other'
 'Other' 'Other' 'Other' 'Other']",47,social_post,social,3.54,48000,1,True,SVM_CLOSED_SET,SVM_EXPERIMENTAL,19e9628bdbe554a58810caebd3c8777a486dd5ace8dd111926f1d236ea9edff0,SVM_CLOSED_SET,VALIDATION,svm_closed_set_validation,False,False
15193,dev/f9d35fb7408a17c1d8d4fb2bc2e6292f.wav,validation,SVM,vi-VN,6537e43c008bb605430a302f,exp_svm_spk_0002,Female,29,đăng một bài mới trên facebook thời gian để ăn mừng,đăng một bài mới trên [media_type : facebook] thời gian để ăn mừng,['đăng' 'một' 'bài' 'mới' 'trên' 'facebook' 'thời' 'gian' 'để' 'ăn' 'mừng'],"['Other' 'Other' 'Other' 'Other' 'Other' 'media_type' 'Other' 'Other'
 'Other' 'Other' 'Other']",47,social_post,social,3.0,48000,1,True,SVM_CLOSED_SET,SVM_EXPERIMENTAL,d7e1120cf9aa88a7cf20c4536f1bf1738698487cf0ad3a3411046bb4d42d9d17,SVM_CLOSED_SET,VALIDATION,svm_closed_set_validation,False,False
13271,dev/354fc3f1ca9964c61f5ba0de9baaa100.wav,validation,SVM,vi-VN,6537e43c008bb605430a302f,exp_svm_spk_0002,Female,29,quê nhà của mỹ tâm ở đâu,quê nhà của [person : mỹ tâm] ở đâu,['quê' 'nhà' 'của' 'mỹ' 'tâm' 'ở' 'đâu'],['Other' 'Other' 'Other' 'person' 'person' 'Other' 'Other'],49,qa_factoid,qa,2.22,48000,1,True,SVM_CLOSED_SET,SVM_EXPERIMENTAL,23d4136fd16a04667ce5e752373f572618e69d1afcc360d83d7ce29b4bd0b0fb,SVM_CLOSED_SET,VALIDATION,svm_closed_set_validation,False,False
230,dev/be3c176f9b3b1f36e15dd24320b0babb.wav,validation,SVM,vi-VN,5c9d67af9e01ef000197cd15,exp_svm_spk_0003,Female,59,ở bắc kinh hiện tại là mấy giờ,ở [place_name : bắc kinh] hiện tại là mấy giờ,['ở' 'bắc' 'kinh' 'hiện' 'tại' 'là' 'mấy' 'giờ'],['Other' 'place_name' 'place_name' 'Other' 'Other' 'Other' 'Other' 'Other'],0,datetime_query,datetime,2.94,48000,1,True,SVM_CLOSED_SET,SVM_EXPERIMENTAL,7b8374bea5bf1cea491ca07180e5b9faa26e1a12828fc0b939778715640a1454,SVM_CLOSED_SET,VALIDATION,svm_closed_set_validation,False,False
415,dev/ff161bd7b0386737f19205ec3aa886ff.wav,validation,SVM,vi-VN,5c9d67af9e01ef000197cd15,exp_svm_spk_0003,Female,59,thay đổi các bóng đèn phòng của tôi để tôi có thể có một giấc ngủ ngon,thay đổi các bóng đèn phòng của tôi để tôi có thể có một [color_type : giấc ngủ ngon],"['thay' 'đổi' 'các' 'bóng' 'đèn' 'phòng' 'của' 'tôi' 'để' 'tôi'
 'có' 'thể' 'có' 'một' 'giấc' 'ngủ' 'ngon']","['Other' 'Other' 'Other' 'Other' 'Other' 'Other' 'Other' 'Other' 'Other'
 'Other' 'Other' 'Other' 'Other' 'Other' 'color_type' 'color_type'
 'color_type']",1,iot_hue_lightchange,iot,5.64,48000,1,True,SVM_CLOSED_SET,SVM_EXPERIMENTAL,f00ab4c43fa842e843926821a8f00d33ab2286d5aaf340bb8ceb6d85b1dd2d96,SVM_CLOSED_SET,VALIDATION,svm_closed_set_validation,False,False
1224,dev/249b9cea948fd605b0afa3ef01ea2e38.wav,validation,SVM,vi-VN,5c9d67af9e01ef000197cd15,exp_svm_spk_0003,Female,59,cập nhật thời tiết buổi trưa thứ hai,cập nhật thời tiết [timeofday : buổi trưa] [date : thứ hai],['cập' 'nhật' 'thời' 'tiết' 'buổi' 'trưa' 'thứ' 'hai'],['Other' 'Other' 'Other' 'Other' 'timeofday' 'timeofday' 'date' 'date'],13,weather_query,weather,2.82,48000,1,True,SVM_CLOSED_SET,SVM_EXPERIMENTAL,d069314e94196dc765b85721a75e47f2674cbf216969366bf62c8194001cd58e,SVM_CLOSED_SET,VALIDATION,svm_closed_set_validation,False,False
13875,dev/c614c1c428bd0c99a04a1eb699e55e72.wav,validation,SVM,vi-VN,5c9d67af9e01ef000197cd15,exp_svm_spk_0003,Female,59,nguyễn phú trọng bao nhiêu tuổi,[person : nguyễn phú trọng] bao nhiêu tuổi,['nguyễn' 'phú' 'trọng' 'bao' 'nhiêu' 'tuổi'],['person' 'person' 'person' 'Other' 'Other' 'Other'],49,qa_factoid,qa,2.7,48000,1,True,SVM_CLOSED_SET,SVM_EXPERIMENTAL,07f6d1f4fde0e9fcf49fe02ff5e7a77fca1a16788fe7e9d53f8e7366d9d9482b,SVM_CLOSED_SET,VALIDATION,svm_closed_set_validation,False,False
12247,dev/e6274c82d5e9156653e0a5d073e5edc9.wav,validation,SVM,vi-VN,5c9d67af9e01ef000197cd15,exp_svm_spk_0003,Female,59,vui lòng cho tôi biết lịch trình của bốn chuyến tàu tiếp theo tới sài gòn,vui lòng cho tôi biết lịch trình của bốn chuyến tàu tiếp theo tới [place_name : sài gòn],"['vui' 'lòng' 'cho' 'tôi' 'biết' 'lịch' 'trình' 'của' 'bốn' 'chuyến' 'tàu'
 'tiếp' 'theo' 'tới' 'sài' 'gòn']","['Other' 'Other' 'Other' 'Other' 'Other' 'Other' 'Other' 'Other' 'Other'
 'Other' 'Other' 'Other' 'Other' 'Other' 'place_name' 'place_name']",42,transport_query,transport,5.76,48000,1,True,SVM_CLOSED_SET,SVM_EXPERIMENTAL,0470574491420ab50394dccc4b3de47b803e8329ac00464626989fbaf64aecc0,SVM_CLOSED_SET,VALIDATION,svm_closed_set_validation,False,False
12980,dev/db4363f9987795f696095ff602b6e936.wav,validation,SVM,vi-VN,5e133bbe6a5bff9911b73cfc,exp_svm_spk_0004,Female,31,định nghĩa của evacuation là gì,định nghĩa của [definition_word : evacuation] là gì,['định' 'nghĩa' 'của' 'evacuation' 'là' 'gì'],['Other' 'Other' 'Other' 'definition_word' 'Other' 'Other'],26,qa_definition,qa,3.72,48000,1,True,SVM_CLOSED_SET,SVM_EXPERIMENTAL,2068c5f4883e55dc229ca5a72281c72992b50893f11812cee374933ee0247e4e,SVM_CLOSED_SET,VALIDATION,svm_closed_set_validation,False,False
13645,dev/9a81588b03351754cf833a08e46ae9dc.wav,validation,SVM,vi-VN,5e133bbe6a5bff9911b73cfc,exp_svm_spk_0004,Female,31,tôi muốn có một chuyến đi miễn phí đến thụy sĩ bạn có thể dẫn tôi đi không,tôi muốn có một chuyến đi miễn phí đến [place_name : thụy sĩ] bạn có thể dẫn tôi đi không,"['tôi' 'muốn' 'có' 'một' 'chuyến' 'đi' 'miễn' 'phí' 'đến' 'thụy' 'sĩ'
 'bạn' 'có' 'thể' 'dẫn' 'tôi' 'đi' 'không']","['Other' 'Other' 'Other' 'Other' 'Other' 'Other' 'Other' 'Other' 'Other'
 'place_name' 'place_name' 'Other' 'Other' 'Other' 'Other' 'Other' 'Other'
 'Other']",12,general_quirky,general,5.34,48000,1,True,SVM_CLOSED_SET,SVM_EXPERIMENTAL,2a00a1df87cd660593509a365727c2ae60e37f5d10a55cb37cf612ba521d7d93,SVM_CLOSED_SET,VALIDATION,svm_closed_set_validation,False,False
8384,dev/1b0198e0590824a443eb866589c973c2.wav,validation,SVM,vi-VN,5e133bbe6a5bff9911b73cfc,exp_svm_spk_0004,Female,31,có cuộc hẹn nào đang xử lý sáng hôm nay không,có [event_name : cuộc hẹn] nào đang xử lý [timeofday : sáng] hôm nay không,['có' 'cuộc' 'hẹn' 'nào' 'đang' 'xử' 'lý' 'sáng' 'hôm' 'nay' 'không'],"['Other' 'event_name' 'event_name' 'Other' 'Other' 'Other' 'Other'
 'timeofday' 'Other' 'Other' 'Other']",32,calendar_query,calendar,4.26,48000,1,True,SVM_CLOSED_SET,SVM_EXPERIMENTAL,d7d66b10664c71cad82653df3d8391b582c037740d532dabdd16028858702e36,SVM_CLOSED_SET,VALIDATION,svm_closed_set_validation,False,False
15374,dev/a381a27fdfe4b7cee0786677e86f674e.wav,validation,SVM,vi-VN,5e133bbe6a5bff9911b73cfc,exp_svm_spk_0004,Female,31,đăng trạng thái thế này trên facebook,đăng trạng thái thế này trên [media_type : facebook],['đăng' 'trạng' 'thái' 'thế' 'này' 'trên' 'facebook'],['Other' 'Other' 'Other' 'Other' 'Other' 'Other' 'media_type'],47,social_post,social,2.34,48000,1,True,SVM_CLOSED_SET,SVM_EXPERIMENTAL,f6b7fa8e132333f8ec70196a35d89d3f00902d3cc307605cb56a53dd63949f35,SVM_CLOSED_SET,VALIDATION,svm_closed_set_validation,False,False
16448,dev/7c260acea91e85a6aee432cf05bd8dea.wav,validation,SVM,vi-VN,5e133bbe6a5bff9911b73cfc,exp_svm_spk_0004,Female,31,mởi tài khoản email và kiểm tra email mới,mởi tài khoản email và kiểm tra email mới,['mởi' 'tài' 'khoản' 'email' 'và' 'kiểm' 'tra' 'email' 'mới'],['Other' 'Other' 'Other' 'Other' 'Other' 'Other' 'Other' 'Other' 'Other'],44,email_query,email,4.02,48000,1,True,SVM_CLOSED_SET,SVM_EXPERIMENTAL,ca9a1121af9a1011c713c0ee4f47fdb2897fca5a553718ef9667c54025482339,SVM_CLOSED_SET,VALIDATION,svm_closed_set_validation,False,False
10941,dev/d03b7b1be0618780c06face096b7f19f.wav,validation,SVM,vi-VN,6557ebf8541bd32382739c1a,exp_svm_spk_0005,Female,30,tạo một danh sách công việc,tạo một danh sách công việc,['tạo' 'một' 'danh' 'sách' 'công' 'việc'],['Other' 'Other' 'Other' 'Other' 'Other' 'Other'],21,lists_createoradd,lists,3.54,48000,1,True,SVM_CLOSED_SET,SVM_EXPERIMENTAL,75934daae0688753115049ac6cae5eb272a01b4c39b7ee6baf836c826a821652,SVM_CLOSED_SET,VALIDATION,svm_closed_set_validation,False,False
896,dev/a636a7171f31493ee8226d4eb060ce45.wav,validation,SVM,vi-VN,6557ebf8541bd32382739c1a,exp_svm_spk_0005,Female,30,tắt bất cứ báo thức buổi sáng nào sau ngày thứ sáu,tắt bất cứ báo thức [timeofday : buổi sáng] nào [date : sau ngày thứ sáu],"['tắt' 'bất' 'cứ' 'báo' 'thức' 'buổi' 'sáng' 'nào' 'sau' 'ngày' 'thứ'
 'sáu']","['Other' 'Other' 'Other' 'Other' 'Other' 'timeofday' 'timeofday' 'Other'
 'date' 'date' 'date' 'date']",52,alarm_remove,alarm,5.22,48000,1,True,SVM_CLOSED_SET,SVM_EXPERIMENTAL,42ab12fa2e3e796583a73fdd1250bcdc3f2efc8c5c0b7a816d0416d782c8bdfc,SVM_CLOSED_SET,VALIDATION,svm_closed_set_validation,False,False
3166,dev/d7f5624b8de6bd68419348b718b48f9f.wav,validation,SVM,vi-VN,6557ebf8541bd32382739c1a,exp_svm_spk_0005,Female,30,bật bài đó tiếp theo,bật bài đó tiếp theo,['bật' 'bài' 'đó' 'tiếp' 'theo'],['Other' 'Other' 'Other' 'Other' 'Other'],45,play_music,play,5.64,48000,1,True,SVM_CLOSED_SET,SVM_EXPERIMENTAL,8fb8cddd25bc02b39aa106fa06c8aca85370fca422905bf2db43f9e48e2ba988,SVM_CLOSED_SET,VALIDATION,svm_closed_set_validation,False,False
5793,dev/718c46c037348a23c4e8a5aa5768f2de.wav,validation,SVM,vi-VN,6557ebf8541bd32382739c1a,exp_svm_spk_0005,Female,30,đặt báo thức lúc năm giờ đúng tối nay gắn tên taxi,đặt báo thức lúc [time : năm] giờ đúng [timeofday : tối] nay gắn tên [event_name : taxi],"['đặt' 'báo' 'thức' 'lúc' 'năm' 'giờ' 'đúng' 'tối' 'nay' 'gắn' 'tên'
 'taxi']","['Other' 'Other' 'Other' 'Other' 'time' 'Other' 'Other' 'timeofday'
 'Other' 'Other' 'Other' 'event_name']",48,alarm_set,alarm,6.12,48000,1,True,SVM_CLOSED_SET,SVM_EXPERIMENTAL,9f50e002e48aaacad741022843a994e61bff0207e4f318ffd1a08f0c1057247b,SVM_CLOSED_SET,VALIDATION,svm_closed_set_validation,False,False
3840,dev/2f98a451929513d9367fdddf724dddb2.wav,validation,SVM,vi-VN,6557ebf8541bd32382739c1a,exp_svm_spk_0005,Female,30,bật máy dọn dẹp tự động,bật [device_type : máy dọn dẹp tự động],['bật' 'máy' 'dọn' 'dẹp' 'tự' 'động'],"['Other' 'device_type' 'device_type' 'device_type' 'device_type'
 'device_type']",34,iot_cleaning,iot,3.42,48000,1,True,SVM_CLOSED_SET,SVM_EXPERIMENTAL,6cd91204602740dd2e6768957c3409363f1dc936e156e39f5d93c9a62ed7b749,SVM_CLOSED_SET,VALIDATION,svm_closed_set_validation,False,False
5854,dev/cc7c5aa3a08423fb37c96b2294a74797.wav,validation,SVM,vi-VN,5ee49e71f8d19d00098aca3e,exp_svm_spk_0006,Male,27,khởi động robot hút bụi,khởi động [device_type : robot hút bụi],['khởi' 'động' 'robot' 'hút' 'bụi'],['Other' 'Other' 'device_type' 'device_type' 'device_type'],34,iot_cleaning,iot,2.64,48000,1,True,SVM_CLOSED_SET,SVM_EXPERIMENTAL,abcda3db68b4c1ce232550eeef9adcb35ffd53d6785ef87368fea887a9600a0f,SVM_CLOSED_SET,VALIDATION,svm_closed_set_validation,False,False
7016,dev/757ffa6788763cb4f9746af8c91baa3f.wav,validation,SVM,vi-VN,5ee49e71f8d19d00098aca3e,exp_svm_spk_0006,Male,27,có bất kỳ sự kiện sắp tới nào trên lịch của tôi không,có bất kỳ sự kiện sắp tới nào trên lịch của tôi không,"['có' 'bất' 'kỳ' 'sự' 'kiện' 'sắp' 'tới' 'nào' 'trên' 'lịch' 'của' 'tôi'
 'không']","['Other' 'Other' 'Other' 'Other' 'Other' 'Other' 'Other' 'Other' 'Other'
 'Other' 'Other' 'Other' 'Other']",32,calendar_query,calendar,4.08,48000,1,True,SVM_CLOSED_SET,SVM_EXPERIMENTAL,6fc60038edb074df9111cd66224abc8c78f3b55f5c5fbe7e3eab4bae810cd94d,SVM_CLOSED_SET,VALIDATION,svm_closed_set_validation,False,False
5621,dev/de6e5bd2fa2d6390a18b41184b05b1b2.wav,validation,SVM,vi-VN,5ee49e71f8d19d00098aca3e,exp_svm_spk_0006,Male,27,nhiệt độ bây giờ,[weather_descriptor : nhiệt độ] bây giờ,['nhiệt' 'độ' 'bây' 'giờ'],['weather_descriptor' 'weather_descriptor' 'Other' 'Other'],13,weather_query,weather,1.86,48000,1,True,SVM_CLOSED_SET,SVM_EXPERIMENTAL,85dd9c87e38116fbe973a5bb56a140c882804ad6c5e769c4c026775823c923ca,SVM_CLOSED_SET,VALIDATION,svm_closed_set_validation,False,False
10746,dev/20c9519d53b53555bb1c81684c5b44bb.wav,validation,SVM,vi-VN,5ee49e71f8d19d00098aca3e,exp_svm_spk_0006,Male,27,xóa mục đó khỏi danh sách của tôi,xóa mục đó khỏi danh sách của tôi,['xóa' 'mục' 'đó' 'khỏi' 'danh' 'sách' 'của' 'tôi'],['Other' 'Other' 'Other' 'Other' 'Other' 'Other' 'Other' 'Other'],53,lists_remove,lists,3.24,48000,1,True,SVM_CLOSED_SET,SVM_EXPERIMENTAL,097fac5ad6c50f83faa417321f96dfbd33e636783ed660be0d935de8486bac4b,SVM_CLOSED_SET,VALIDATION,svm_closed_set_validation,False,False
536,dev/a4c713b074ab32d6a1655392d5225cd0.wav,validation,SVM,vi-VN,5ee49e71f8d19d00098aca3e,exp_svm_spk_0006,Male,27,đặt báo thức lúc ba giờ chiều,đặt báo thức lúc [time : ba giờ chiều],['đặt' 'báo' 'thức' 'lúc' 'ba' 'giờ' 'chiều'],['Other' 'Other' 'Other' 'Other' 'time' 'time' 'time'],48,alarm_set,alarm,2.82,48000,1,True,SVM_CLOSED_SET,SVM_EXPERIMENTAL,6af1888b32e875d47ef72b7deba7375fee01b861761069b2ce2aaddfe33983ee,SVM_CLOSED_SET,VALIDATION,svm_closed_set_validation,False,False
13720,dev/a1297792f70694aa58fb0ff80ea55262.wav,validation,SVM,vi-VN,5e4247e718b8910d4a2b9a34,exp_svm_spk_0007,Female,32,tỷ giá giữa đô la mỹ và đô la canada là gì,tỷ giá giữa [currency_name : đô la mỹ] và [currency_name : đô la canada] là gì,['tỷ' 'giá' 'giữa' 'đô' 'la' 'mỹ' 'và' 'đô' 'la' 'canada' 'là' 'gì'],"['Other' 'Other' 'Other' 'currency_name' 'currency_name' 'currency_name'
 'Other' 'currency_name' 'currency_name' 'currency_name' 'Other' 'Other']",10,qa_currency,qa,4.62,48000,1,True,SVM_CLOSED_SET,SVM_EXPERIMENTAL,96869fb658e6b999c39906a760ea8d024a913a480e0bbbaf26a6f7a88092dd04,SVM_CLOSED_SET,VALIDATION,svm_closed_set_validation,False,False
12464,dev/7310ed8eac52a8e24a0422cce4eb4715.wav,validation,SVM,vi-VN,5e4247e718b8910d4a2b9a34,exp_svm_spk_0007,Female,32,cần một chiếc taxi lúc tám giờ sáng ngày mai,cần một chiếc [transport_type : taxi] lúc [time : tám giờ] [timeofday : sáng] [date : ngày mai],['cần' 'một' 'chiếc' 'taxi' 'lúc' 'tám' 'giờ' 'sáng' 'ngày' 'mai'],"['Other' 'Other' 'Other' 'transport_type' 'Other' 'time' 'time'
 'timeofday' 'date' 'date']",54,transport_taxi,transport,4.74,48000,1,True,SVM_CLOSED_SET,SVM_EXPERIMENTAL,ef3372a1678f5d4d7f9b9b61bed4e0d233b47e03768a94c6a5d643dc7c89d1e7,SVM_CLOSED_SET,VALIDATION,svm_closed_set_validation,False,False
6875,dev/7565c31739f94ac317a5bff1decddea1.wav,validation,SVM,vi-VN,5e4247e718b8910d4a2b9a34,exp_svm_spk_0007,Female,32,tôi có các sự kiện nào sắp diễn ra trong lịch không,tôi có các sự kiện nào sắp diễn ra trong lịch không,"['tôi' 'có' 'các' 'sự' 'kiện' 'nào' 'sắp' 'diễn' 'ra' 'trong' 'lịch'
 'không']","['Other' 'Other' 'Other' 'Other' 'Other' 'Other' 'Other' 'Other' 'Other'
 'Other' 'Other' 'Other']",32,calendar_query,calendar,4.74,48000,1,True,SVM_CLOSED_SET,SVM_EXPERIMENTAL,5aa3b7f774fc43d6ead7d5250a4a4f8182cf2a4bdc81de0bac7e4dd4d7757d5d,SVM_CLOSED_SET,VALIDATION,svm_closed_set_validation,False,False
16848,dev/2e562127443ff912260060535d13c3be.wav,validation,SVM,vi-VN,5e4247e718b8910d4a2b9a34,exp_svm_spk_0007,Female,32,tôi cần gửi thư điện tử cho liên và vũ,tôi cần gửi thư điện tử cho [person : liên] và [person : vũ],['tôi' 'cần' 'gửi' 'thư' 'điện' 'tử' 'cho' 'liên' 'và' 'vũ'],"['Other' 'Other' 'Other' 'Other' 'Other' 'Other' 'Other' 'person' 'Other'
 'person']",33,email_sendemail,email,5.28,48000,1,True,SVM_CLOSED_SET,SVM_EXPERIMENTAL,9e3a4eb842fe1fff0711f2bd66a15e022cf45e4ee9613b5a8e0db6be31699fd4,SVM_CLOSED_SET,VALIDATION,svm_closed_set_validation,False,False
5937,dev/eb4e5836c3bf6ec703105a22687f34df.wav,validation,SVM,vi-VN,5e4247e718b8910d4a2b9a34,exp_svm_spk_0007,Female,32,tôi cần áo mưa cho buổi tối,tôi cần [weather_descriptor : áo mưa cho buổi tối],['tôi' 'cần' 'áo' 'mưa' 'cho' 'buổi' 'tối'],"['Other' 'Other' 'weather_descriptor' 'weather_descriptor'
 'weather_descriptor' 'weather_descriptor' 'weather_descriptor']",13,weather_query,weather,3.48,48000,1,True,SVM_CLOSED_SET,SVM_EXPERIMENTAL,0697178af52ccb83b4d23c84a55cc1196dccc70d2d7395d48e31f3288c6000f4,SVM_CLOSED_SET,VALIDATION,svm_closed_set_validation,False,False
638,dev/155cca65ad25ae6dac61e89da9d8c072.wav,validation,SVM,vi-VN,5fb84feecf0626000b30cbd3,exp_svm_spk_0008,Male,29,bạn có thể kiếm một truyện cười về động vật cho tôi không,bạn có thể kiếm một truyện cười [joke_type : về động vật] cho tôi không,"['bạn' 'có' 'thể' 'kiếm' 'một' 'truyện' 'cười' 'về' 'động' 'vật' 'cho'
 'tôi' 'không']","['Other' 'Other' 'Other' 'Other' 'Other' 'Other' 'Other' 'joke_type'
 'joke_type' 'joke_type' 'Other' 'Other' 'Other']",25,general_joke,general,3.24,48000,1,True,SVM_CLOSED_SET,SVM_EXPERIMENTAL,1f1da0da4d442d0930976c8a8f60ef1918579b9f5ade23a269a227cf076d03da,SVM_CLOSED_SET,VALIDATION,svm_closed_set_validation,False,False
10364,dev/4dbf2b2e26e2a585d2e286190ea83747.wav,validation,SVM,vi-VN,5fb84feecf0626000b30cbd3,exp_svm_spk_0008,Male,29,chơi trò chơi,chơi trò chơi,['chơi' 'trò' 'chơi'],['Other' 'Other' 'Other'],51,play_game,play,1.44,48000,1,True,SVM_CLOSED_SET,SVM_EXPERIMENTAL,4c548880bcdf210a0d0cf9255d34cbbb44e792332dc273ae9f1a2e5143e9ba25,SVM_CLOSED_SET,VALIDATION,svm_closed_set_validation,False,False
12451,dev/336db92681b0de35bcaff63fdfe582f6.wav,validation,SVM,vi-VN,5fb84feecf0626000b30cbd3,exp_svm_spk_0008,Male,29,bắt một chiếc taxi,bắt một chiếc taxi,['bắt' 'một' 'chiếc' 'taxi'],['Other' 'Other' 'Other' 'Other'],54,transport_taxi,transport,2.7,48000,1,True,SVM_CLOSED_SET,SVM_EXPERIMENTAL,3ed25ee2e3967ce3d2cd76d52b93dbf7526ea8bb221d0fffeb6e584a99be24fb,SVM_CLOSED_SET,VALIDATION,svm_closed_set_validation,False,False
2600,dev/0096024bfdf3cc018eb6c9ee357c62ae.wav,validation,SVM,vi-VN,5fb84feecf0626000b30cbd3,exp_svm_spk_0008,Male,29,tắt đèn ngủ bên giường làm ơn,tắt [device_type : đèn ngủ bên giường] làm ơn,['tắt' 'đèn' 'ngủ' 'bên' 'giường' 'làm' 'ơn'],"['Other' 'device_type' 'device_type' 'device_type' 'device_type' 'Other'
 'Other']",40,iot_hue_lightoff,iot,2.88,48000,1,True,SVM_CLOSED_SET,SVM_EXPERIMENTAL,4c9e590e77ac20d6addf41a788b9c19b0894bb972c5fc3b9a72a56eb4bc6bdb3,SVM_CLOSED_SET,VALIDATION,svm_closed_set_validation,False,False
3082,dev/be17e5da7cb2b7679904026db3315489.wav,validation,SVM,vi-VN,5fb84feecf0626000b30cbd3,exp_svm_spk_0008,Male,29,tôi cần hai cái pizzas stat,tôi cần hai cái [food_type : pizzas stat],['tôi' 'cần' 'hai' 'cái' 'pizzas' 'stat'],['Other' 'Other' 'Other' 'Other' 'food_type' 'food_type'],16,takeaway_order,takeaway,3.12,48000,1,True,SVM_CLOSED_SET,SVM_EXPERIMENTAL,dafe8f6f1b11dfbee667d6a88c427f78fbe0072c945bf5764ec758b4369ef0cd,SVM_CLOSED_SET,VALIDATION,svm_closed_set_validation,False,False
8258,dev/a74fd7808ccb3d90880d813bdd791ff9.wav,validation,SVM,vi-VN,604b93f6432ad99bcb4798e8,exp_svm_spk_0009,Male,31,thêm thông tin về buổi hòa nhạc tại nhà hát lớn,thêm thông tin về [event_name : buổi hòa nhạc] tại [place_name : nhà hát lớn],['thêm' 'thông' 'tin' 'về' 'buổi' 'hòa' 'nhạc' 'tại' 'nhà' 'hát' 'lớn'],"['Other' 'Other' 'Other' 'Other' 'event_name' 'event_name' 'event_name'
 'Other' 'place_name' 'place_name' 'place_name']",32,calendar_query,calendar,7.867833333333333,48000,1,True,SVM_CLOSED_SET,SVM_EXPERIMENTAL,132b76844b251a8e648eb2ab5f5ccdde5ada832e2585f12de0dcbea631962e82,SVM_CLOSED_SET,VALIDATION,svm_closed_set_validation,False,False
12441,dev/0e40bd6874771534533d36ada8071149.wav,validation,SVM,vi-VN,604b93f6432ad99bcb4798e8,exp_svm_spk_0009,Male,31,giao thông từ nhà tới nơi làm việc như thế nào,giao thông từ [place_name : nhà] tới nơi làm việc như thế nào,['giao' 'thông' 'từ' 'nhà' 'tới' 'nơi' 'làm' 'việc' 'như' 'thế' 'nào'],"['Other' 'Other' 'Other' 'place_name' 'Other' 'Other' 'Other' 'Other'
 'Other' 'Other' 'Other']",11,transport_traffic,transport,8.355833333333333,48000,1,True,SVM_CLOSED_SET,SVM_EXPERIMENTAL,6cad3d2d99438dd3fc9228703bdd15b85b3ab4c37a95bc01fd08e444215d4018,SVM_CLOSED_SET,VALIDATION,svm_closed_set_validation,False,False
11721,dev/eb764555652d67223b0b19f539c50e90.wav,validation,SVM,vi-VN,604b93f6432ad99bcb4798e8,exp_svm_spk_0009,Male,31,phim hài nào tôi có thể xem trong rạp xung quanh hà nội,phim [movie_type : hài] nào tôi có thể xem trong rạp xung quanh [place_name : hà nội],"['phim' 'hài' 'nào' 'tôi' 'có' 'thể' 'xem' 'trong' 'rạp' 'xung' 'quanh'
 'hà' 'nội']","['Other' 'movie_type' 'Other' 'Other' 'Other' 'Other' 'Other' 'Other'
 'Other' 'Other' 'Other' 'place_name' 'place_name']",55,recommendation_movies,recommendation,10.155833333333334,48000,1,True,SVM_CLOSED_SET,SVM_EXPERIMENTAL,61a680a5f3bf9eb776d1b1ec1c9041004a895d58035ebac756d7b80a469014a2,SVM_CLOSED_SET,VALIDATION,svm_closed_set_validation,False,False
9834,dev/6e7e2e33f2b2708800ab2eb0f4b99e5d.wav,validation,SVM,vi-VN,604b93f6432ad99bcb4798e8,exp_svm_spk_0009,Male,31,tiếp tục phát một bài hát từ sách nói của michael jackson,[player_setting : tiếp tục phát] một bài hát từ [media_type : sách nói] của [artist_name : michael jackson],"['tiếp' 'tục' 'phát' 'một' 'bài' 'hát' 'từ' 'sách' 'nói' 'của'
 'michael' 'jackson']","['player_setting' 'player_setting' 'player_setting' 'Other' 'Other'
 'Other' 'Other' 'media_type' 'media_type' 'Other' 'artist_name'
 'artist_name']",20,play_audiobook,play,9.6065,48000,1,True,SVM_CLOSED_SET,SVM_EXPERIMENTAL,08ff874b5dbbb48ffab5aa9a390f969c96642936d1a8212f05c2f5ff1f8be37e,SVM_CLOSED_SET,VALIDATION,svm_closed_set_validation,False,False
318,dev/286015dc29b95efa03e01ba46dd118fb.wav,validation,SVM,vi-VN,604b93f6432ad99bcb4798e8,exp_svm_spk_0009,Male,31,trời sẽ mưa vào ngày mai phải không,trời sẽ [weather_descriptor : mưa] vào [date : ngày mai] phải không,['trời' 'sẽ' 'mưa' 'vào' 'ngày' 'mai' 'phải' 'không'],"['Other' 'Other' 'weather_descriptor' 'Other' 'date' 'date' 'Other'
 'Other']",13,weather_query,weather,5.227833333333334,48000,1,True,SVM_CLOSED_SET,SVM_EXPERIMENTAL,199a31b76f62ab4a8f78407f543014753a69ae2189a61c347146a453b9beaad7,SVM_CLOSED_SET,VALIDATION,svm_closed_set_validation,False,False
15541,dev/769b58a376a3352244a5aa9bb09c2485.wav,validation,SVM,vi-VN,63cfbea470ab1bba9db30082,exp_svm_spk_0010,Male,21,gửi tweet đến dominoes về việc vận chuyển tồi tệ,gửi [media_type : tweet] đến [business_name : dominoes] về việc vận chuyển tồi tệ,['gửi' 'tweet' 'đến' 'dominoes' 'về' 'việc' 'vận' 'chuyển' 'tồi' 'tệ'],"['Other' 'media_type' 'Other' 'business_name' 'Other' 'Other' 'Other'
 'Other' 'Other' 'Other']",47,social_post,social,3.3,48000,1,True,SVM_CLOSED_SET,SVM_EXPERIMENTAL,938fdf70ba9c08ec7e1d74a92c3c2fad752edb8e54666ab16a975ed26c2939a9,SVM_CLOSED_SET,VALIDATION,svm_closed_set_validation,False,False
16769,dev/8edf642c997bd8cd75418b9e8c8e41ce.wav,validation,SVM,vi-VN,63cfbea470ab1bba9db30082,exp_svm_spk_0010,Male,21,tìm kiếm thư điện tử cho liên hệ,tìm kiếm thư điện tử cho liên hệ,['tìm' 'kiếm' 'thư' 'điện' 'tử' 'cho' 'liên' 'hệ'],['Other' 'Other' 'Other' 'Other' 'Other' 'Other' 'Other' 'Other'],44,email_query,email,2.46,48000,1,True,SVM_CLOSED_SET,SVM_EXPERIMENTAL,19e3d8f1080aee19e295f6c1d197dd86915f7c4c69b0e78be094e840227a2c48,SVM_CLOSED_SET,VALIDATION,svm_closed_set_validation,False,False
14384,dev/a63f4234692ed8e952448a8d69754cfb.wav,validation,SVM,vi-VN,63cfbea470ab1bba9db30082,exp_svm_spk_0010,Male,21,tòa nhà empire cao bao nhiêu,tòa nhà empire cao bao nhiêu,['tòa' 'nhà' 'empire' 'cao' 'bao' 'nhiêu'],['Other' 'Other' 'Other' 'Other' 'Other' 'Other'],49,qa_factoid,qa,1.98,48000,1,True,SVM_CLOSED_SET,SVM_EXPERIMENTAL,0b213c66f31a0062ec0659821cff84d954b60710cb3c0136f387b66b408ea86a,SVM_CLOSED_SET,VALIDATION,svm_closed_set_validation,False,False
9876,dev/d6c15a6f3969aef645e7aca5df5c3c8f.wav,validation,SVM,vi-VN,63cfbea470ab1bba9db30082,exp_svm_spk_0010,Male,21,tiếp tục với sách nói của tôi,[player_setting : tiếp tục] với [media_type : sách nói] của tôi,['tiếp' 'tục' 'với' 'sách' 'nói' 'của' 'tôi'],"['player_setting' 'player_setting' 'Other' 'media_type' 'media_type'
 'Other' 'Other']",20,play_audiobook,play,1.98,48000,1,True,SVM_CLOSED_SET,SVM_EXPERIMENTAL,2a075e618ced5905ad5b2de85e3d2c2b667194a9ebb36d09a7c6a2cdff98f2bc,SVM_CLOSED_SET,VALIDATION,svm_closed_set_validation,False,False
6827,dev/9f1302cc71eb318d6c261534c5704d5d.wav,validation,SVM,vi-VN,63cfbea470ab1bba9db30082,exp_svm_spk_0010,Male,21,thêm cuộc hẹn vời tâm lúc chín giờ tối mai chưa,thêm [event_name : cuộc hẹn] vời [person : tâm] lúc [time : chín giờ tối] [date : mai] chưa,['thêm' 'cuộc' 'hẹn' 'vời' 'tâm' 'lúc' 'chín' 'giờ' 'tối' 'mai' 'chưa'],"['Other' 'event_name' 'event_name' 'Other' 'person' 'Other' 'time' 'time'
 'time' 'date' 'Other']",32,calendar_query,calendar,3.54,48000,1,True,SVM_CLOSED_SET,SVM_EXPERIMENTAL,af25d8aceb50860b3e9228ec5c7b5aad8d9dba4026ffcffe45682d073ac48ca7,SVM_CLOSED_SET,VALIDATION,svm_closed_set_validation,False,False
6136,dev/862d785635792a411b9637ac934d9985.wav,validation,SVM,vi-VN,6552b16899091e4aaa587d1b,exp_svm_spk_0001,Male,33,chọc tôi cười đi,chọc tôi cười đi,['chọc' 'tôi' 'cười' 'đi'],['Other' 'Other' 'Other' 'Other'],25,general_joke,general,1.68,48000,1,True,SVM_CLOSED_SET,SVM_EXPERIMENTAL,b0ea2b818c5e55bc4bafb256d0a6a736d44d2f984dd0754c01ff9ef9df485ff8,SVM_CLOSED_SET,TEST,svm_closed_set_test,False,False
237,dev/78da28fd1c24c3173163663ed27b6e0a.wav,validation,SVM,vi-VN,6552b16899091e4aaa587d1b,exp_svm_spk_0001,Male,33,tôi có cài báo thức để đánh thức tôi dậy vào buổi sáng không,tôi có cài báo thức để đánh [alarm_type : thức] tôi [alarm_type : dậy] vào [timeofday : buổi sáng] không,"['tôi' 'có' 'cài' 'báo' 'thức' 'để' 'đánh' 'thức' 'tôi' 'dậy' 'vào' 'buổi'
 'sáng' 'không']","['Other' 'Other' 'Other' 'Other' 'Other' 'Other' 'Other' 'alarm_type'
 'Other' 'alarm_type' 'Other' 'timeofday' 'timeofday' 'Other']",23,alarm_query,alarm,4.8,48000,1,True,SVM_CLOSED_SET,SVM_EXPERIMENTAL,bfe8a696aa36a2fc5b8e3fd342fb8917d923706092706459e90fc7d9b8519afa,SVM_CLOSED_SET,TEST,svm_closed_set_test,False,False
9840,dev/0817cb913f962ec154fb9a3585903ce2.wav,validation,SVM,vi-VN,6552b16899091e4aaa587d1b,exp_svm_spk_0001,Male,33,hãy tiếp tục sách nói tam quốc diễn nghĩa,hãy [player_setting : tiếp tục] [media_type : sách nói] [audiobook_name : tam quốc diễn nghĩa],['hãy' 'tiếp' 'tục' 'sách' 'nói' 'tam' 'quốc' 'diễn' 'nghĩa'],"['Other' 'player_setting' 'player_setting' 'media_type' 'media_type'
 'audiobook_name' 'audiobook_name' 'audiobook_name' 'audiobook_name']",20,play_audiobook,play,3.36,48000,1,True,SVM_CLOSED_SET,SVM_EXPERIMENTAL,20492d82ec81cd69d77e2c4f1ed0971c393b6cc37eb81f9ab08c6c5b336486c0,SVM_CLOSED_SET,TEST,svm_closed_set_test,False,False
1877,dev/d5ad16a936230bf3681bf3d6f145ac2b.wav,validation,SVM,vi-VN,6552b16899091e4aaa587d1b,exp_svm_spk_0001,Male,33,bài hát này rất hay bạn có thể phát lại không,bài hát này rất hay bạn có thể phát lại không,['bài' 'hát' 'này' 'rất' 'hay' 'bạn' 'có' 'thể' 'phát' 'lại' 'không'],"['Other' 'Other' 'Other' 'Other' 'Other' 'Other' 'Other' 'Other' 'Other'
 'Other' 'Other']",43,music_likeness,music,3.06,48000,1,True,SVM_CLOSED_SET,SVM_EXPERIMENTAL,3486a919778f0b0221f5f21443f4422be7a18e76b6c8bb22b4a8b94d0056e22a,SVM_CLOSED_SET,TEST,svm_closed_set_test,False,False
5561,dev/e24ee2e8189728f21c2ddfb93f498f73.wav,validation,SVM,vi-VN,6552b16899091e4aaa587d1b,exp_svm_spk_0001,Male,33,đọc giúp tôi tin tức trong ngày,đọc giúp tôi tin tức trong ngày,['đọc' 'giúp' 'tôi' 'tin' 'tức' 'trong' 'ngày'],['Other' 'Other' 'Other' 'Other' 'Other' 'Other' 'Other'],22,news_query,news,2.58,48000,1,True,SVM_CLOSED_SET,SVM_EXPERIMENTAL,a2aa5a9bc82defe26f76330e41b5c9c839451a9a1d3e6107b25264b31569c034,SVM_CLOSED_SET,TEST,svm_closed_set_test,False,False
5604,dev/a94c00610f68b3347643d73a536c0562.wav,validation,SVM,vi-VN,6537e43c008bb605430a302f,exp_svm_spk_0002,Female,29,phát xáo trộn danh sách phát nhạc blue,[player_setting : phát xáo trộn] [playlist_name : danh sách phát nhạc blue],['phát' 'xáo' 'trộn' 'danh' 'sách' 'phát' 'nhạc' 'blue'],"['player_setting' 'player_setting' 'player_setting' 'playlist_name'
 'playlist_name' 'playlist_name' 'playlist_name' 'playlist_name']",45,play_music,play,2.16,48000,1,True,SVM_CLOSED_SET,SVM_EXPERIMENTAL,423f8d8bb2d05e177619ca2ea5cc7d2148222e535673c992888a937c63fbce68,SVM_CLOSED_SET,TEST,svm_closed_set_test,False,False
3464,dev/ac3191bdfd58acde9b4842314ca04efc.wav,validation,SVM,vi-VN,6537e43c008bb605430a302f,exp_svm_spk_0002,Female,29,làm ơn mở tất cả các đèn ngoài trời,làm ơn mở tất cả các đèn ngoài trời,['làm' 'ơn' 'mở' 'tất' 'cả' 'các' 'đèn' 'ngoài' 'trời'],['Other' 'Other' 'Other' 'Other' 'Other' 'Other' 'Other' 'Other' 'Other'],41,iot_hue_lighton,iot,2.58,48000,1,True,SVM_CLOSED_SET,SVM_EXPERIMENTAL,3dac17d3d9be5ccaaef63a833d5d71dd19be6e5ded96bf723fecb4a80ecc8318,SVM_CLOSED_SET,TEST,svm_closed_set_test,False,False
10186,dev/27b1710ea90ffc9e83c48285ec4f44a0.wav,validation,SVM,vi-VN,6537e43c008bb605430a302f,exp_svm_spk_0002,Female,29,tôi nên nướng ức gà trong bao lâu,tôi nên nướng [food_type : ức gà] trong bao lâu,['tôi' 'nên' 'nướng' 'ức' 'gà' 'trong' 'bao' 'lâu'],['Other' 'Other' 'Other' 'food_type' 'food_type' 'Other' 'Other' 'Other'],9,cooking_recipe,cooking,2.22,48000,1,True,SVM_CLOSED_SET,SVM_EXPERIMENTAL,5707c301ee754c13629f44435091d170f9ea55b598752b7525becb07d939ce55,SVM_CLOSED_SET,TEST,svm_closed_set_test,False,False
12267,dev/9c302922f1ed4aa7d86889de8f3a56ec.wav,validation,SVM,vi-VN,6537e43c008bb605430a302f,exp_svm_spk_0002,Female,29,lịch trình gửi thư từ hội an đến huế là bao lâu,lịch trình gửi thư từ [place_name : hội an] đến [place_name : huế] là bao lâu,['lịch' 'trình' 'gửi' 'thư' 'từ' 'hội' 'an' 'đến' 'huế' 'là' 'bao' 'lâu'],"['Other' 'Other' 'Other' 'Other' 'Other' 'place_name' 'place_name' 'Other'
 'place_name' 'Other' 'Other' 'Other']",42,transport_query,transport,2.88,48000,1,True,SVM_CLOSED_SET,SVM_EXPERIMENTAL,8f89c5a99001f70235a5ac6c7f511effecc2256eebd3865a8f6746cdcba51d12,SVM_CLOSED_SET,TEST,svm_closed_set_test,False,False
13788,dev/1fcbfaa838c762d70832435d062b79c3.wav,validation,SVM,vi-VN,6537e43c008bb605430a302f,exp_svm_spk_0002,Female,29,độ cao trung bình của mỹ là gì,độ cao trung bình của mỹ là gì,['độ' 'cao' 'trung' 'bình' 'của' 'mỹ' 'là' 'gì'],['Other' 'Other' 'Other' 'Other' 'Other' 'Other' 'Other' 'Other'],49,qa_factoid,qa,1.68,48000,1,True,SVM_CLOSED_SET,SVM_EXPERIMENTAL,28d694181bdc80eb30df2e4222bad0b2dd54d1b8b39f7edf031ac5e0cee9a7a3,SVM_CLOSED_SET,TEST,svm_closed_set_test,False,False
8063,dev/728ed386ef7e7c80da0f3d475ab02f18.wav,validation,SVM,vi-VN,5c9d67af9e01ef000197cd15,exp_svm_spk_0003,Female,59,khi nào đến lời nhắc kế tiếp của tôi,khi nào đến lời nhắc kế tiếp của tôi,['khi' 'nào' 'đến' 'lời' 'nhắc' 'kế' 'tiếp' 'của' 'tôi'],['Other' 'Other' 'Other' 'Other' 'Other' 'Other' 'Other' 'Other' 'Other'],32,calendar_query,calendar,3.48,48000,1,True,SVM_CLOSED_SET,SVM_EXPERIMENTAL,49f38ebafdbcee2d1e81f948c45ce17d65c8bd5880fc0c04049feb00ad6edfce,SVM_CLOSED_SET,TEST,svm_closed_set_test,False,False
2464,dev/83e08c1f90b1b28e98504c7541da3cd0.wav,validation,SVM,vi-VN,5c9d67af9e01ef000197cd15,exp_svm_spk_0003,Female,59,olly tắt đèn,olly tắt đèn,['olly' 'tắt' 'đèn'],['Other' 'Other' 'Other'],40,iot_hue_lightoff,iot,2.04,48000,1,True,SVM_CLOSED_SET,SVM_EXPERIMENTAL,cc043b934fd683806c26b46f92d31c30104ab5c932eb070267d65b72d8973e1b,SVM_CLOSED_SET,TEST,svm_closed_set_test,False,False
8707,dev/dac25805db5ead84209e36911409592c.wav,validation,SVM,vi-VN,5c9d67af9e01ef000197cd15,exp_svm_spk_0003,Female,59,mở các sự kiện sắp tới của tôi,mở các sự kiện sắp tới của tôi,['mở' 'các' 'sự' 'kiện' 'sắp' 'tới' 'của' 'tôi'],['Other' 'Other' 'Other' 'Other' 'Other' 'Other' 'Other' 'Other'],32,calendar_query,calendar,2.82,48000,1,True,SVM_CLOSED_SET,SVM_EXPERIMENTAL,cd96c11434fa92a37ac917e386fd39ab765f71c4e324411f0c2d380ccc21750f,SVM_CLOSED_SET,TEST,svm_closed_set_test,False,False
2115,dev/86f66e9aea7ec13f96827846089f0070.wav,validation,SVM,vi-VN,5c9d67af9e01ef000197cd15,exp_svm_spk_0003,Female,59,phát nhạc pop,phát nhạc [music_genre : pop],['phát' 'nhạc' 'pop'],['Other' 'Other' 'music_genre'],45,play_music,play,1.62,48000,1,True,SVM_CLOSED_SET,SVM_EXPERIMENTAL,3817a64fa381066c3d5e06fcebe092fd904fa6e50110037a9dc84ef97d06aeee,SVM_CLOSED_SET,TEST,svm_closed_set_test,False,False
7738,dev/c29d4e9d2ed13ad0dd3782514b5a8d87.wav,validation,SVM,vi-VN,5c9d67af9e01ef000197cd15,exp_svm_spk_0003,Female,59,xóa việc đi mua sắm tạp hóa khỏi lịch trình thứ bảy của tôi,xóa việc đi mua sắm tạp hóa khỏi lịch trình [date : thứ bảy] của tôi,"['xóa' 'việc' 'đi' 'mua' 'sắm' 'tạp' 'hóa' 'khỏi' 'lịch' 'trình' 'thứ'
 'bảy' 'của' 'tôi']","['Other' 'Other' 'Other' 'Other' 'Other' 'Other' 'Other' 'Other' 'Other'
 'Other' 'date' 'date' 'Other' 'Other']",30,calendar_remove,calendar,4.38,48000,1,True,SVM_CLOSED_SET,SVM_EXPERIMENTAL,3fff85b75917a7ddd6141fd7b96d0fc901270db1fbbeff1302ac4066877b66fd,SVM_CLOSED_SET,TEST,svm_closed_set_test,False,False
12783,dev/cf24a82ec9e236728ab63a86415b6753.wav,validation,SVM,vi-VN,5e133bbe6a5bff9911b73cfc,exp_svm_spk_0004,Female,31,giao thông sáng nay thế nào,giao thông [timeofday : sáng] nay thế nào,['giao' 'thông' 'sáng' 'nay' 'thế' 'nào'],['Other' 'Other' 'timeofday' 'Other' 'Other' 'Other'],11,transport_traffic,transport,2.76,48000,1,True,SVM_CLOSED_SET,SVM_EXPERIMENTAL,15084ead0531bff9fcbbc66f308743da933d1aa5c9e76b0facb7722ea930a25a,SVM_CLOSED_SET,TEST,svm_closed_set_test,False,False
617,dev/87c12942c3f2b5289287c69be9212698.wav,validation,SVM,vi-VN,5e133bbe6a5bff9911b73cfc,exp_svm_spk_0004,Female,31,lễ tạ ơn vào ngày nào trong tuần,[event_name : lễ tạ ơn] vào ngày nào trong tuần,['lễ' 'tạ' 'ơn' 'vào' 'ngày' 'nào' 'trong' 'tuần'],"['event_name' 'event_name' 'event_name' 'Other' 'Other' 'Other' 'Other'
 'Other']",0,datetime_query,datetime,3.6,48000,1,True,SVM_CLOSED_SET,SVM_EXPERIMENTAL,5679a515f9ad45b16387878a04364a6d9b307c9d2252816ffe1aac369ba9de4d,SVM_CLOSED_SET,TEST,svm_closed_set_test,False,False
15858,dev/446a5d565302f3c79b6223116c930aa7.wav,validation,SVM,vi-VN,5e133bbe6a5bff9911b73cfc,exp_svm_spk_0004,Female,31,gửi nội dung này thông qua thư điện tử,gửi nội dung này thông qua thư điện tử,['gửi' 'nội' 'dung' 'này' 'thông' 'qua' 'thư' 'điện' 'tử'],['Other' 'Other' 'Other' 'Other' 'Other' 'Other' 'Other' 'Other' 'Other'],33,email_sendemail,email,3.6,48000,1,True,SVM_CLOSED_SET,SVM_EXPERIMENTAL,66396512986cecfa9c2896270df1bf38652ceba4b6d9250dd86d7b94b980c6c1,SVM_CLOSED_SET,TEST,svm_closed_set_test,False,False
13549,dev/a04e13d712444a0902704dd5a1e609c4.wav,validation,SVM,vi-VN,5e133bbe6a5bff9911b73cfc,exp_svm_spk_0004,Female,31,gợi ý cho tôi một vài chỗ để mua thịt bò xay giá rẻ,gợi ý cho tôi một vài chỗ để mua thịt bò xay giá rẻ,"['gợi' 'ý' 'cho' 'tôi' 'một' 'vài' 'chỗ' 'để' 'mua' 'thịt' 'bò' 'xay'
 'giá' 'rẻ']","['Other' 'Other' 'Other' 'Other' 'Other' 'Other' 'Other' 'Other' 'Other'
 'Other' 'Other' 'Other' 'Other' 'Other']",19,recommendation_locations,recommendation,4.74,48000,1,True,SVM_CLOSED_SET,SVM_EXPERIMENTAL,1233d9f423505e4c3ac86e69c8dce030fd269ef0b68ab52b6cf0da52127f98dd,SVM_CLOSED_SET,TEST,svm_closed_set_test,False,False
8418,dev/5043df9aaff2b342ce75c485c8f62ee2.wav,validation,SVM,vi-VN,5e133bbe6a5bff9911b73cfc,exp_svm_spk_0004,Female,31,tôi đã cài những lời nhắc nào,tôi đã cài những lời nhắc nào,['tôi' 'đã' 'cài' 'những' 'lời' 'nhắc' 'nào'],['Other' 'Other' 'Other' 'Other' 'Other' 'Other' 'Other'],32,calendar_query,calendar,3.36,48000,1,True,SVM_CLOSED_SET,SVM_EXPERIMENTAL,70ad55f27f5996219f6f514763f4d06f154dbe49483011e1441e78361034e44c,SVM_CLOSED_SET,TEST,svm_closed_set_test,False,False
6259,dev/c123ca71a35d5d46231de8d53d6909e4.wav,validation,SVM,vi-VN,6557ebf8541bd32382739c1a,exp_svm_spk_0005,Female,30,thời tiết hôm nay có nắng,thời tiết [date : hôm nay] có nắng,['thời' 'tiết' 'hôm' 'nay' 'có' 'nắng'],['Other' 'Other' 'date' 'date' 'Other' 'Other'],12,general_quirky,general,3.66,48000,1,True,SVM_CLOSED_SET,SVM_EXPERIMENTAL,2eb92389ff90a4ae9f2b9706b750a6bbc2ed5284dd828f6b2a0d5d0af702ad26,SVM_CLOSED_SET,TEST,svm_closed_set_test,False,False
14635,dev/9995cf376393f3b85f93397b4812c0df.wav,validation,SVM,vi-VN,6557ebf8541bd32382739c1a,exp_svm_spk_0005,Female,30,bạn có thể cho tôi biết hypertrophy là gì không,bạn có thể cho tôi biết [definition_word : hypertrophy] là gì không,['bạn' 'có' 'thể' 'cho' 'tôi' 'biết' 'hypertrophy' 'là' 'gì' 'không'],"['Other' 'Other' 'Other' 'Other' 'Other' 'Other' 'definition_word' 'Other'
 'Other' 'Other']",26,qa_definition,qa,5.94,48000,1,True,SVM_CLOSED_SET,SVM_EXPERIMENTAL,107eec81512807fb203215bf666e643960574f7fb085b91ba51a1f13899768ce,SVM_CLOSED_SET,TEST,svm_closed_set_test,False,False
835,dev/413d85fa63d54fad28e8b1591a9cba31.wav,validation,SVM,vi-VN,6557ebf8541bd32382739c1a,exp_svm_spk_0005,Female,30,những câu chuyện mới nhất của hollywood đang diễn ra là gì,những câu chuyện mới nhất của [news_topic : hollywood] đang diễn ra là gì,"['những' 'câu' 'chuyện' 'mới' 'nhất' 'của' 'hollywood' 'đang' 'diễn'
 'ra' 'là' 'gì']","['Other' 'Other' 'Other' 'Other' 'Other' 'Other' 'news_topic' 'Other'
 'Other' 'Other' 'Other' 'Other']",22,news_query,news,4.98,48000,1,True,SVM_CLOSED_SET,SVM_EXPERIMENTAL,89a4256adb9aa8898d9669a086774dde14de73d0766c170c9c46cfda6ab1ab9a,SVM_CLOSED_SET,TEST,svm_closed_set_test,False,False
3151,dev/05ba7846b4ecb253d55905569dd216dd.wav,validation,SVM,vi-VN,6557ebf8541bd32382739c1a,exp_svm_spk_0005,Female,30,xóa các báo thức sớm,xóa các báo thức sớm,['xóa' 'các' 'báo' 'thức' 'sớm'],['Other' 'Other' 'Other' 'Other' 'Other'],52,alarm_remove,alarm,3.78,48000,1,True,SVM_CLOSED_SET,SVM_EXPERIMENTAL,6bbb30253fcd4e3aa6655108571c9271a0b185b42094f0f0483f1d79d5cac321,SVM_CLOSED_SET,TEST,svm_closed_set_test,False,False
10751,dev/1b043f3db61e11a1a18e115c5027d26d.wav,validation,SVM,vi-VN,6557ebf8541bd32382739c1a,exp_svm_spk_0005,Female,30,google dịch,google dịch,['google' 'dịch'],['Other' 'Other'],59,lists_query,lists,3.12,48000,1,True,SVM_CLOSED_SET,SVM_EXPERIMENTAL,06d7cd85f5480518efacef46bb60752476eec602f035b6a1e68e9815d7c55b7a,SVM_CLOSED_SET,TEST,svm_closed_set_test,False,False
13724,dev/d0872f61e9ce4a63d88177fcab57430a.wav,validation,SVM,vi-VN,5ee49e71f8d19d00098aca3e,exp_svm_spk_0006,Male,27,cho tôi biết về tượng nữ thần tự do,cho tôi biết về [definition_word : tượng nữ thần tự do],['cho' 'tôi' 'biết' 'về' 'tượng' 'nữ' 'thần' 'tự' 'do'],"['Other' 'Other' 'Other' 'Other' 'definition_word' 'definition_word'
 'definition_word' 'definition_word' 'definition_word']",26,qa_definition,qa,4.2,48000,1,True,SVM_CLOSED_SET,SVM_EXPERIMENTAL,5f87009b18ecc6b85d875c38a1de8e233efc09ff2f008ad9b86d791bb62cee8e,SVM_CLOSED_SET,TEST,svm_closed_set_test,False,False
9534,dev/6e9fd58ce5d41d0db83130c4f3305bfa.wav,validation,SVM,vi-VN,5ee49e71f8d19d00098aca3e,exp_svm_spk_0006,Male,27,phát kênh radio có tần số chín mươi ba phẩy năm,phát kênh radio có [radio_name : tần số chín mươi ba phẩy năm],['phát' 'kênh' 'radio' 'có' 'tần' 'số' 'chín' 'mươi' 'ba' 'phẩy' 'năm'],"['Other' 'Other' 'Other' 'Other' 'radio_name' 'radio_name' 'radio_name'
 'radio_name' 'radio_name' 'radio_name' 'radio_name']",36,play_radio,play,4.26,48000,1,True,SVM_CLOSED_SET,SVM_EXPERIMENTAL,74a074d6e8379b69c4e4d6b9ac8815ed7b0a268e32e4a32ebcac18cee63237d4,SVM_CLOSED_SET,TEST,svm_closed_set_test,False,False
7305,dev/ef1ed72aef58aa911988663ba0ce6009.wav,validation,SVM,vi-VN,5ee49e71f8d19d00098aca3e,exp_svm_spk_0006,Male,27,thêm vào lịch sự kiện gặp mặt chiều nay,thêm vào lịch sự kiện [event_name : gặp mặt] [timeofday : chiều nay],['thêm' 'vào' 'lịch' 'sự' 'kiện' 'gặp' 'mặt' 'chiều' 'nay'],"['Other' 'Other' 'Other' 'Other' 'Other' 'event_name' 'event_name'
 'timeofday' 'timeofday']",50,calendar_set,calendar,3.66,48000,1,True,SVM_CLOSED_SET,SVM_EXPERIMENTAL,00f75e27b0089b7552f0fb860737b65d89fd114b105c62f211c68214c98859dc,SVM_CLOSED_SET,TEST,svm_closed_set_test,False,False
11,dev/7bb2713815e67b402d4f3314d7b9545f.wav,validation,SVM,vi-VN,5ee49e71f8d19d00098aca3e,exp_svm_spk_0006,Male,27,tắt các bóng đèn,tắt các bóng đèn,['tắt' 'các' 'bóng' 'đèn'],['Other' 'Other' 'Other' 'Other'],40,iot_hue_lightoff,iot,1.92,48000,1,True,SVM_CLOSED_SET,SVM_EXPERIMENTAL,d22f1ec1cf1425a42473a95bdf86221f6445a47774ad6d3860e09b3a0bbcdfc7,SVM_CLOSED_SET,TEST,svm_closed_set_test,False,False
16184,dev/9a1f5f5801d298ea511af5c67ea11497.wav,validation,SVM,vi-VN,5ee49e71f8d19d00098aca3e,exp_svm_spk_0006,Male,27,cho tôi biết thông tin liên lạc của anh tôi,cho tôi biết [personal_info : thông tin liên lạc] của [relation : anh] tôi,['cho' 'tôi' 'biết' 'thông' 'tin' 'liên' 'lạc' 'của' 'anh' 'tôi'],"['Other' 'Other' 'Other' 'personal_info' 'personal_info' 'personal_info'
 'personal_info' 'Other' 'relation' 'Other']",17,email_querycontact,email,4.14,48000,1,True,SVM_CLOSED_SET,SVM_EXPERIMENTAL,792b477048902075fcd775d7c714683cf92e1d808da2904ff5a22a0205a7ee6a,SVM_CLOSED_SET,TEST,svm_closed_set_test,False,False
9253,dev/97b758b700222cbcf17d6fe406772464.wav,validation,SVM,vi-VN,5e4247e718b8910d4a2b9a34,exp_svm_spk_0007,Female,32,v. o. v. giao thông,[radio_name : v. o. v. giao thông],['v.' 'o.' 'v.' 'giao' 'thông'],['radio_name' 'radio_name' 'radio_name' 'radio_name' 'radio_name'],36,play_radio,play,2.82,48000,1,True,SVM_CLOSED_SET,SVM_EXPERIMENTAL,aa9cdce3b8802cfa5d22faa8d1015d435f4715b11a901405924a45c19c3a0ae7,SVM_CLOSED_SET,TEST,svm_closed_set_test,False,False
7341,dev/f2788df3acd6d4e14eec428e2c351bf4.wav,validation,SVM,vi-VN,5e4247e718b8910d4a2b9a34,exp_svm_spk_0007,Female,32,xóa sự kiện tiếp theo ra khỏi lịch,xóa sự kiện tiếp theo ra khỏi lịch,['xóa' 'sự' 'kiện' 'tiếp' 'theo' 'ra' 'khỏi' 'lịch'],['Other' 'Other' 'Other' 'Other' 'Other' 'Other' 'Other' 'Other'],30,calendar_remove,calendar,3.72,48000,1,True,SVM_CLOSED_SET,SVM_EXPERIMENTAL,8486047193974af2981d68b0cfc38b6ed81ae925465f3ea4668df6490955f354,SVM_CLOSED_SET,TEST,svm_closed_set_test,False,False
3194,dev/1dfe14a9b7ee079a50288eb0c00bc5d1.wav,validation,SVM,vi-VN,5e4247e718b8910d4a2b9a34,exp_svm_spk_0007,Female,32,siri phát danh sách nhạc pop của tôi,siri phát danh sách nhạc [music_genre : pop] của tôi,['siri' 'phát' 'danh' 'sách' 'nhạc' 'pop' 'của' 'tôi'],['Other' 'Other' 'Other' 'Other' 'Other' 'music_genre' 'Other' 'Other'],45,play_music,play,4.38,48000,1,True,SVM_CLOSED_SET,SVM_EXPERIMENTAL,bc5a83de18b21c6a68fa15698659a7ab5c0808b1436213b3307d8273c292975d,SVM_CLOSED_SET,TEST,svm_closed_set_test,False,False
6115,dev/a54632dd9fe659f545afaadb79d7bb69.wav,validation,SVM,vi-VN,5e4247e718b8910d4a2b9a34,exp_svm_spk_0007,Female,32,hey olly đặt một cái pizza với nhiều phó mát,hey olly đặt một cái [food_type : pizza với nhiều phó mát],['hey' 'olly' 'đặt' 'một' 'cái' 'pizza' 'với' 'nhiều' 'phó' 'mát'],"['Other' 'Other' 'Other' 'Other' 'Other' 'food_type' 'food_type'
 'food_type' 'food_type' 'food_type']",16,takeaway_order,takeaway,3.9,48000,1,True,SVM_CLOSED_SET,SVM_EXPERIMENTAL,90524a22620f2a13d92b1b51edf93abb3924fce48c8a7a6b003e62da096156c7,SVM_CLOSED_SET,TEST,svm_closed_set_test,False,False
17076,dev/b48fdd540077702204aa243f692fe5c7.wav,validation,SVM,vi-VN,5e4247e718b8910d4a2b9a34,exp_svm_spk_0007,Female,32,tôi có nhận được email nào từ tuấn hôm nay không,tôi có nhận được email nào từ [person : tuấn] [date : hôm nay] không,['tôi' 'có' 'nhận' 'được' 'email' 'nào' 'từ' 'tuấn' 'hôm' 'nay' 'không'],"['Other' 'Other' 'Other' 'Other' 'Other' 'Other' 'Other' 'person' 'date'
 'date' 'Other']",44,email_query,email,5.1,48000,1,True,SVM_CLOSED_SET,SVM_EXPERIMENTAL,d9b4af25677dd598ed6e3069ff2f14120ff7b344a45a5eaf6ed2a9bae7c244e4,SVM_CLOSED_SET,TEST,svm_closed_set_test,False,False
3588,dev/d7e20f5968cfd26331718ee7d3b593a8.wav,validation,SVM,vi-VN,5fb84feecf0626000b30cbd3,exp_svm_spk_0008,Male,29,ngày nào trong tuần này sẽ có mưa,ngày nào trong [date : tuần này] sẽ [weather_descriptor : có mưa],['ngày' 'nào' 'trong' 'tuần' 'này' 'sẽ' 'có' 'mưa'],"['Other' 'Other' 'Other' 'date' 'date' 'Other' 'weather_descriptor'
 'weather_descriptor']",13,weather_query,weather,2.4,48000,1,True,SVM_CLOSED_SET,SVM_EXPERIMENTAL,d93e44da7ee3f7cb56da10be0e96a4f0dd0bb53bacbec50d5519f4b65ab11a53,SVM_CLOSED_SET,TEST,svm_closed_set_test,False,False
16445,dev/6cfc241c359dfe9a3a60006b7161b15e.wav,validation,SVM,vi-VN,5fb84feecf0626000b30cbd3,exp_svm_spk_0008,Male,29,vui lòng kiểm tra email nghiên cứu gần đây của người gửi này,vui lòng kiểm tra email nghiên cứu gần đây của người gửi này,"['vui' 'lòng' 'kiểm' 'tra' 'email' 'nghiên' 'cứu' 'gần' 'đây' 'của'
 'người' 'gửi' 'này']","['Other' 'Other' 'Other' 'Other' 'Other' 'Other' 'Other' 'Other' 'Other'
 'Other' 'Other' 'Other' 'Other']",44,email_query,email,4.2,48000,1,True,SVM_CLOSED_SET,SVM_EXPERIMENTAL,9baad38c299108bac3ee62e17d624dd27440a14ca4288f3cc9f11257cdd609dd,SVM_CLOSED_SET,TEST,svm_closed_set_test,False,False
11370,dev/df5c87e634f061ad26f1672402998831.wav,validation,SVM,vi-VN,5fb84feecf0626000b30cbd3,exp_svm_spk_0008,Male,29,tôi muốn nghe podcast vũ,tôi muốn nghe podcast [person : vũ],['tôi' 'muốn' 'nghe' 'podcast' 'vũ'],['Other' 'Other' 'Other' 'Other' 'person'],58,play_podcasts,play,3.36,48000,1,True,SVM_CLOSED_SET,SVM_EXPERIMENTAL,2a76f92a6768a448d83d4f9ea34a22a8cc87a8328bc0c2e3131de9ea2b42f0d7,SVM_CLOSED_SET,TEST,svm_closed_set_test,False,False
9500,dev/7c6d0870f307bfc0b6764dd4b085412c.wav,validation,SVM,vi-VN,5fb84feecf0626000b30cbd3,exp_svm_spk_0008,Male,29,tìm phát trực tuyến của giang ơi trên sirius,tìm phát trực tuyến của giang ơi trên [app_name : sirius],['tìm' 'phát' 'trực' 'tuyến' 'của' 'giang' 'ơi' 'trên' 'sirius'],"['Other' 'Other' 'Other' 'Other' 'Other' 'Other' 'Other' 'Other'
 'app_name']",36,play_radio,play,3.84,48000,1,True,SVM_CLOSED_SET,SVM_EXPERIMENTAL,1212e0e5823345f384e4fec356f02980e3baf22374ef4efc856f551e9d5016ea,SVM_CLOSED_SET,TEST,svm_closed_set_test,False,False
14212,dev/27fca3c27239e84f9c4290b61ee85c38.wav,validation,SVM,vi-VN,5fb84feecf0626000b30cbd3,exp_svm_spk_0008,Male,29,tìm chính xác vị trí của những chỗ này,tìm chính xác vị trí của những chỗ này,['tìm' 'chính' 'xác' 'vị' 'trí' 'của' 'những' 'chỗ' 'này'],['Other' 'Other' 'Other' 'Other' 'Other' 'Other' 'Other' 'Other' 'Other'],19,recommendation_locations,recommendation,2.7,48000,1,True,SVM_CLOSED_SET,SVM_EXPERIMENTAL,dc6eae90f60e013be711830988396e9e3e55a0779e4dcd5b10ead166f888f1d3,SVM_CLOSED_SET,TEST,svm_closed_set_test,False,False
13643,dev/6a41f026fec0c1ced2a168751fc3e727.wav,validation,SVM,vi-VN,604b93f6432ad99bcb4798e8,exp_svm_spk_0009,Male,31,bạn định nghĩa văn bản thế nào,bạn định nghĩa [definition_word : văn bản] thế nào,['bạn' 'định' 'nghĩa' 'văn' 'bản' 'thế' 'nào'],"['Other' 'Other' 'Other' 'definition_word' 'definition_word' 'Other'
 'Other']",26,qa_definition,qa,5.2865,48000,1,True,SVM_CLOSED_SET,SVM_EXPERIMENTAL,59d933afd08b5f1e8b19c816b425c15c5680e8623a5b36b10cd9d5869cdec59d,SVM_CLOSED_SET,TEST,svm_closed_set_test,False,False
2757,dev/30e776e43901b47e9b7d82d55523f7af.wav,validation,SVM,vi-VN,604b93f6432ad99bcb4798e8,exp_svm_spk_0009,Male,31,tin tức mới về chính trị,tin tức mới về [news_topic : chính trị],['tin' 'tức' 'mới' 'về' 'chính' 'trị'],['Other' 'Other' 'Other' 'Other' 'news_topic' 'news_topic'],22,news_query,news,3.8465,48000,1,True,SVM_CLOSED_SET,SVM_EXPERIMENTAL,1b7800aa2d6344ca45407a9fad76f90ea4dbd9a976e762fc0c908ede7675e273,SVM_CLOSED_SET,TEST,svm_closed_set_test,False,False
4175,dev/6aae921bad3b7d25901a1220eee11b1e.wav,validation,SVM,vi-VN,604b93f6432ad99bcb4798e8,exp_svm_spk_0009,Male,31,này siri thay đổi cài đặt ánh sáng hiện tại,này siri thay đổi cài đặt ánh sáng hiện tại,['này' 'siri' 'thay' 'đổi' 'cài' 'đặt' 'ánh' 'sáng' 'hiện' 'tại'],"['Other' 'Other' 'Other' 'Other' 'Other' 'Other' 'Other' 'Other' 'Other'
 'Other']",1,iot_hue_lightchange,iot,6.345166666666667,48000,1,True,SVM_CLOSED_SET,SVM_EXPERIMENTAL,00c5aeefa2b1dc6e9bba7252e846d91c08d8a5c05df210e0a7adfa9ae918fd92,SVM_CLOSED_SET,TEST,svm_closed_set_test,False,False
538,dev/2f0ce8bd0d89b1fcf51987467c1e9388.wav,validation,SVM,vi-VN,604b93f6432ad99bcb4798e8,exp_svm_spk_0009,Male,31,cài báo thức lúc một giờ chiều,cài báo thức lúc [time : một giờ chiều],['cài' 'báo' 'thức' 'lúc' 'một' 'giờ' 'chiều'],['Other' 'Other' 'Other' 'Other' 'time' 'time' 'time'],48,alarm_set,alarm,4.4865,48000,1,True,SVM_CLOSED_SET,SVM_EXPERIMENTAL,5f1cf0b896176a86c75f3926625dfb856ff03c56e453dee41d706784059980f6,SVM_CLOSED_SET,TEST,svm_closed_set_test,False,False
14175,dev/25a0ddaecd68bdc6014947a70caa8ee5.wav,validation,SVM,vi-VN,604b93f6432ad99bcb4798e8,exp_svm_spk_0009,Male,31,áo phông trông như thế nào,[definition_word : áo phông] trông như thế nào,['áo' 'phông' 'trông' 'như' 'thế' 'nào'],['definition_word' 'definition_word' 'Other' 'Other' 'Other' 'Other'],26,qa_definition,qa,4.617166666666667,48000,1,True,SVM_CLOSED_SET,SVM_EXPERIMENTAL,abe1f58dd99cfeee34da584021c2d593a9bbd5307024629b340287da457163cc,SVM_CLOSED_SET,TEST,svm_closed_set_test,False,False
14390,dev/8c0c147f9bbe43d6e9e90403d4abe2fb.wav,validation,SVM,vi-VN,63cfbea470ab1bba9db30082,exp_svm_spk_0010,Male,21,tỷ giá giữa việt nam đồng và nhân dân tệ,tỷ giá giữa [currency_name : việt nam đồng] và [currency_name : nhân dân tệ],['tỷ' 'giá' 'giữa' 'việt' 'nam' 'đồng' 'và' 'nhân' 'dân' 'tệ'],"['Other' 'Other' 'Other' 'currency_name' 'currency_name' 'currency_name'
 'Other' 'currency_name' 'currency_name' 'currency_name']",10,qa_currency,qa,2.58,48000,1,True,SVM_CLOSED_SET,SVM_EXPERIMENTAL,80291da22e16822e3d9692cde94abf7d02ebbc203f8b1870c6a7b4adc27dc026,SVM_CLOSED_SET,TEST,svm_closed_set_test,False,False
4287,dev/f75c91391a48b0fd98366304693931b0.wav,validation,SVM,vi-VN,63cfbea470ab1bba9db30082,exp_svm_spk_0010,Male,21,mở đèn lên,mở đèn lên,['mở' 'đèn' 'lên'],['Other' 'Other' 'Other'],18,iot_hue_lightup,iot,1.32,48000,1,True,SVM_CLOSED_SET,SVM_EXPERIMENTAL,3d5380d6fa631d581410b13bdb7c64fccf776ca0925ef68d64a3655694a5a6db,SVM_CLOSED_SET,TEST,svm_closed_set_test,False,False
14827,dev/8823bdbb5c49dac42c8518e71aee7f8f.wav,validation,SVM,vi-VN,63cfbea470ab1bba9db30082,exp_svm_spk_0010,Male,21,có bao nhiêu mega pixel được liệt kê trong mô tả của canon,có bao nhiêu mega pixel được liệt kê trong mô tả của canon,"['có' 'bao' 'nhiêu' 'mega' 'pixel' 'được' 'liệt' 'kê' 'trong' 'mô' 'tả'
 'của' 'canon']","['Other' 'Other' 'Other' 'Other' 'Other' 'Other' 'Other' 'Other' 'Other'
 'Other' 'Other' 'Other' 'Other']",49,qa_factoid,qa,3.78,48000,1,True,SVM_CLOSED_SET,SVM_EXPERIMENTAL,ad07c4c7cd2a815e4a8b6b73d8415e01dbe587d9f3134917475a8c40f54d659e,SVM_CLOSED_SET,TEST,svm_closed_set_test,False,False
4941,dev/d786fbd9a4343a52737f793318f64525.wav,validation,SVM,vi-VN,63cfbea470ab1bba9db30082,exp_svm_spk_0010,Male,21,cho tôi cập nhật về tin tức bão,cho tôi cập nhật về tin tức [news_topic : bão],['cho' 'tôi' 'cập' 'nhật' 'về' 'tin' 'tức' 'bão'],['Other' 'Other' 'Other' 'Other' 'Other' 'Other' 'Other' 'news_topic'],22,news_query,news,2.28,48000,1,True,SVM_CLOSED_SET,SVM_EXPERIMENTAL,86260e63189600b283d7dc7c188148c138695b5779518718c7e6762039a366dd,SVM_CLOSED_SET,TEST,svm_closed_set_test,False,False
9249,dev/07bebebc4d954e955ef06c127495ebfc.wav,validation,SVM,vi-VN,63cfbea470ab1bba9db30082,exp_svm_spk_0010,Male,21,mở radio,mở radio,['mở' 'radio'],['Other' 'Other'],36,play_radio,play,1.56,48000,1,True,SVM_CLOSED_SET,SVM_EXPERIMENTAL,d5bd560bdcff857fb3ab64a13977839da658193f72a0b69c1dc0080d44e903ba,SVM_CLOSED_SET,TEST,svm_closed_set_test,False,False
14920,dev/42e06bb79fb0a64d8d77519123d3f9f7.wav,validation,VALIDATION,vi-VN,6573b7471b56f7fc59a7df63,val_enrolled_spk_0001,Female,48,cổ phiếu của tesco là bao nhiêu,cổ phiếu của [business_name : tesco] là bao nhiêu,['cổ' 'phiếu' 'của' 'tesco' 'là' 'bao' 'nhiêu'],['Other' 'Other' 'Other' 'business_name' 'Other' 'Other' 'Other'],4,qa_stock,qa,3.72,48000,1,True,COSINE_VALIDATION,ENROLLED,99245a18c2eb0a16e761249a7bd553071c784059e34eb590857920aa044ce492,COSINE_VALIDATION,ENROLLMENT,cosine_validation_enrollment,False,False
8447,dev/37fcafcaf4f0292da0a27ea3443cb805.wav,validation,VALIDATION,vi-VN,6573b7471b56f7fc59a7df63,val_enrolled_spk_0001,Female,48,đặt lời nhắc cho thứ bảy tới hãy đến thư viện lúc năm giờ,đặt lời nhắc cho [date : thứ bảy] tới hãy đến [place_name : thư viện] lúc [time : năm] giờ,"['đặt' 'lời' 'nhắc' 'cho' 'thứ' 'bảy' 'tới' 'hãy' 'đến' 'thư' 'viện' 'lúc'
 'năm' 'giờ']","['Other' 'Other' 'Other' 'Other' 'date' 'date' 'Other' 'Other' 'Other'
 'place_name' 'place_name' 'Other' 'time' 'Other']",50,calendar_set,calendar,7.62,48000,1,True,COSINE_VALIDATION,ENROLLED,854ab806bd55488fd9d7a281da260f9475fb04939451c0eeee18f0ac157fb1ce,COSINE_VALIDATION,ENROLLMENT,cosine_validation_enrollment,False,False
11933,dev/b26757c80825887b6ec836fe6d4e5d57.wav,validation,VALIDATION,vi-VN,6573b7471b56f7fc59a7df63,val_enrolled_spk_0001,Female,48,loại cửa hàng gần địa phương tôi,loại [business_type : cửa hàng] gần địa phương tôi,['loại' 'cửa' 'hàng' 'gần' 'địa' 'phương' 'tôi'],['Other' 'business_type' 'business_type' 'Other' 'Other' 'Other' 'Other'],19,recommendation_locations,recommendation,3.06,48000,1,True,COSINE_VALIDATION,ENROLLED,2e1530020b338a3456a2a161b5bdb4f098fa53865e788a32253f640c9b58f837,COSINE_VALIDATION,ENROLLMENT,cosine_validation_enrollment,False,False
12692,dev/7e597d9361bf3f320c5d4e9a13c48933.wav,validation,VALIDATION,vi-VN,6573b7471b56f7fc59a7df63,val_enrolled_spk_0001,Female,48,tình hình giao thông ở cần thơ việt nam thường xuyên thế nào,tình hình giao thông ở [place_name : cần thơ việt nam] thường xuyên thế nào,"['tình' 'hình' 'giao' 'thông' 'ở' 'cần' 'thơ' 'việt' 'nam' 'thường'
 'xuyên' 'thế' 'nào']","['Other' 'Other' 'Other' 'Other' 'Other' 'place_name' 'place_name'
 'place_name' 'place_name' 'Other' 'Other' 'Other' 'Other']",11,transport_traffic,transport,4.26,48000,1,True,COSINE_VALIDATION,ENROLLED,3567e992ca7f45649b36ac25bb852faeab2bd0290051259fe843aafbc0cd7e96,COSINE_VALIDATION,ENROLLMENT,cosine_validation_enrollment,False,False
6236,dev/d6b3a485adca2dfc275faf09ca5dcaf2.wav,validation,VALIDATION,vi-VN,6573b7471b56f7fc59a7df63,val_enrolled_spk_0001,Female,48,olly nó thế nào rồi,olly nó thế nào rồi,['olly' 'nó' 'thế' 'nào' 'rồi'],['Other' 'Other' 'Other' 'Other' 'Other'],12,general_quirky,general,3.36,48000,1,True,COSINE_VALIDATION,ENROLLED,44f3d63bb147662c7ad9c42223adc4cc099c84846baef3fea94ec135091a961e,COSINE_VALIDATION,ENROLLMENT,cosine_validation_enrollment,False,False
5456,dev/6fdefe552309a63595342c970b6a9f35.wav,validation,VALIDATION,vi-VN,63e534e8ae837950bc60d88b,val_enrolled_spk_0002,Male,30,tôi muốn đọc tin tức yahoo,tôi muốn đọc [media_type : tin tức yahoo],['tôi' 'muốn' 'đọc' 'tin' 'tức' 'yahoo'],['Other' 'Other' 'Other' 'media_type' 'media_type' 'media_type'],22,news_query,news,2.64,48000,1,True,COSINE_VALIDATION,ENROLLED,a7d705aa29e1a9a05c4de3c2407d27bbdf0295299c5562f769a412c87712aee4,COSINE_VALIDATION,ENROLLMENT,cosine_validation_enrollment,False,False
4156,dev/2ad069f738aeb5a71bddc85dae747c06.wav,validation,VALIDATION,vi-VN,63e534e8ae837950bc60d88b,val_enrolled_spk_0002,Male,30,ê vũ chọc tôi cười đi,ê vũ chọc tôi cười đi,['ê' 'vũ' 'chọc' 'tôi' 'cười' 'đi'],['Other' 'Other' 'Other' 'Other' 'Other' 'Other'],25,general_joke,general,1.98,48000,1,True,COSINE_VALIDATION,ENROLLED,6e8e62b5eea1ebe6e5a6635b270e65f4621051a510f93620505af5c653a5e7fb,COSINE_VALIDATION,ENROLLMENT,cosine_validation_enrollment,False,False
10626,dev/dadf3c7cc64d7b97753ad5e7db44c162.wav,validation,VALIDATION,vi-VN,63e534e8ae837950bc60d88b,val_enrolled_spk_0002,Male,30,tạo một danh sách mới,tạo một danh sách mới,['tạo' 'một' 'danh' 'sách' 'mới'],['Other' 'Other' 'Other' 'Other' 'Other'],21,lists_createoradd,lists,1.86,48000,1,True,COSINE_VALIDATION,ENROLLED,12b81ef698a3aa709918d474c20a5afc0416bdf086c4dc270b341ba18edcc8ad,COSINE_VALIDATION,ENROLLMENT,cosine_validation_enrollment,False,False
1664,dev/02f79e04fb75787762c2121ec862693c.wav,validation,VALIDATION,vi-VN,63e534e8ae837950bc60d88b,val_enrolled_spk_0002,Male,30,tìm giúp tôi tin mới nhất từ báo thanh niên sáu giờ trước,tìm giúp tôi tin mới nhất từ [media_type : báo thanh niên] [time : sáu giờ trước],"['tìm' 'giúp' 'tôi' 'tin' 'mới' 'nhất' 'từ' 'báo' 'thanh' 'niên' 'sáu'
 'giờ' 'trước']","['Other' 'Other' 'Other' 'Other' 'Other' 'Other' 'Other' 'media_type'
 'media_type' 'media_type' 'time' 'time' 'time']",22,news_query,news,3.96,48000,1,True,COSINE_VALIDATION,ENROLLED,86376642e47b520682bf1479aa9d7770c08225d0decdf4068e03be08ea16caf1,COSINE_VALIDATION,ENROLLMENT,cosine_validation_enrollment,False,False
11419,dev/d2f9662f19a41f168ba59e5504fe2be0.wav,validation,VALIDATION,vi-VN,63e534e8ae837950bc60d88b,val_enrolled_spk_0002,Male,30,nghe podcast mới nhất của vũ,nghe podcast mới nhất của [person : vũ],['nghe' 'podcast' 'mới' 'nhất' 'của' 'vũ'],['Other' 'Other' 'Other' 'Other' 'Other' 'person'],58,play_podcasts,play,2.4,48000,1,True,COSINE_VALIDATION,ENROLLED,dc144cfbce0fd9945b8ccf24024d3641fcdbf7e61c4b1445669d6ba35fd279a5,COSINE_VALIDATION,ENROLLMENT,cosine_validation_enrollment,False,False
7571,dev/e10ffb0d0288aefb3a40a566ca62e39f.wav,validation,VALIDATION,vi-VN,6573b7471b56f7fc59a7df63,val_enrolled_spk_0001,Female,48,bao giờ đến chu kỳ trả hóa đơn,bao giờ đến [event_name : chu kỳ trả hóa đơn],['bao' 'giờ' 'đến' 'chu' 'kỳ' 'trả' 'hóa' 'đơn'],"['Other' 'Other' 'Other' 'event_name' 'event_name' 'event_name'
 'event_name' 'event_name']",32,calendar_query,calendar,5.46,48000,1,True,COSINE_VALIDATION,ENROLLED,5c75ef644b74973d367ef9caa481be15e21d61c6ce3bcdc9fa6fa2055e3b1061,COSINE_VALIDATION,QUERY,cosine_validation_query,False,False
12674,dev/061db8d10785608cacb2d05f014cb8c1.wav,validation,VALIDATION,vi-VN,6573b7471b56f7fc59a7df63,val_enrolled_spk_0001,Female,48,giao thông có đông đúc không,giao thông có đông đúc không,['giao' 'thông' 'có' 'đông' 'đúc' 'không'],['Other' 'Other' 'Other' 'Other' 'Other' 'Other'],11,transport_traffic,transport,4.8,48000,1,True,COSINE_VALIDATION,ENROLLED,224cfd7e5323e52b90495ff26f41523ae8e8d4788252435daace1a32d46166dc,COSINE_VALIDATION,QUERY,cosine_validation_query,False,False
12205,dev/a41868b2ba67bb4602e9821a84457e51.wav,validation,VALIDATION,vi-VN,6573b7471b56f7fc59a7df63,val_enrolled_spk_0001,Female,48,bạn có thể gọi một chiếc uber có mặt ở nhà tôi sau mười lăm phút được không,bạn có thể gọi một chiếc [transport_agency : uber] có mặt ở [place_name : nhà] tôi sau [time : mười lăm phút] được không,"['bạn' 'có' 'thể' 'gọi' 'một' 'chiếc' 'uber' 'có' 'mặt' 'ở' 'nhà' 'tôi'
 'sau' 'mười' 'lăm' 'phút' 'được' 'không']","['Other' 'Other' 'Other' 'Other' 'Other' 'Other' 'transport_agency'
 'Other' 'Other' 'Other' 'place_name' 'Other' 'Other' 'time' 'time' 'time'
 'Other' 'Other']",54,transport_taxi,transport,5.58,48000,1,True,COSINE_VALIDATION,ENROLLED,d3d5f882ffad77309197cfdfcfb9fc245d6df98facc86edcf8a1a595d0b84794,COSINE_VALIDATION,QUERY,cosine_validation_query,False,False
6927,dev/e7dbd8229e10e0bd781f5eee540c0733.wav,validation,VALIDATION,vi-VN,6573b7471b56f7fc59a7df63,val_enrolled_spk_0001,Female,48,xóa tất cả các sự kiện và thông tin,xóa tất cả các sự kiện và thông tin,['xóa' 'tất' 'cả' 'các' 'sự' 'kiện' 'và' 'thông' 'tin'],['Other' 'Other' 'Other' 'Other' 'Other' 'Other' 'Other' 'Other' 'Other'],30,calendar_remove,calendar,2.34,48000,1,True,COSINE_VALIDATION,ENROLLED,aa3917ae67e37085819527ee7bbd5ab126d1097554bf66af5841e32604131d0d,COSINE_VALIDATION,QUERY,cosine_validation_query,False,False
15375,dev/2ddd3a649163f1f6d273ad4d863232bc.wav,validation,VALIDATION,vi-VN,6573b7471b56f7fc59a7df63,val_enrolled_spk_0001,Female,48,vui lòng đăng dòng trạng thái trên twitter nói rằng,vui lòng đăng dòng trạng thái trên [media_type : twitter] nói rằng,['vui' 'lòng' 'đăng' 'dòng' 'trạng' 'thái' 'trên' 'twitter' 'nói' 'rằng'],"['Other' 'Other' 'Other' 'Other' 'Other' 'Other' 'Other' 'media_type'
 'Other' 'Other']",47,social_post,social,7.5,48000,1,True,COSINE_VALIDATION,ENROLLED,a3a76475fca4929ab5559931db9d40bbd1228f1d2ae1d9b23e767b792ac3b6f5,COSINE_VALIDATION,QUERY,cosine_validation_query,False,False
10039,dev/8859b68d413863e450c557d791b80803.wav,validation,VALIDATION,vi-VN,63e534e8ae837950bc60d88b,val_enrolled_spk_0002,Male,30,cho tôi biết công thức làm bánh quy,cho tôi biết công thức làm [food_type : bánh quy],['cho' 'tôi' 'biết' 'công' 'thức' 'làm' 'bánh' 'quy'],['Other' 'Other' 'Other' 'Other' 'Other' 'Other' 'food_type' 'food_type'],9,cooking_recipe,cooking,2.64,48000,1,True,COSINE_VALIDATION,ENROLLED,7bfb80b4d32a5a69d0b50e876254c9043cd5b2d498ee6d254bccdf16a7cf27d5,COSINE_VALIDATION,QUERY,cosine_validation_query,False,False
10730,dev/e7fdf5d1569b8551d11f9b14e98994d5.wav,validation,VALIDATION,vi-VN,63e534e8ae837950bc60d88b,val_enrolled_spk_0002,Male,30,vui lòng cho tôi biết có gì trong danh sách của tôi,vui lòng cho tôi biết có gì trong danh sách của tôi,"['vui' 'lòng' 'cho' 'tôi' 'biết' 'có' 'gì' 'trong' 'danh' 'sách' 'của'
 'tôi']","['Other' 'Other' 'Other' 'Other' 'Other' 'Other' 'Other' 'Other' 'Other'
 'Other' 'Other' 'Other']",59,lists_query,lists,3.12,48000,1,True,COSINE_VALIDATION,ENROLLED,610bc92308c6fba5899975e7ee6aa835ce2c39fc9b81d2352de54eb37f9cd8cf,COSINE_VALIDATION,QUERY,cosine_validation_query,False,False
12095,dev/eb1bb3c8450e80dc517e1003705fdd31.wav,validation,VALIDATION,vi-VN,63e534e8ae837950bc60d88b,val_enrolled_spk_0002,Male,30,bạn có thể giới thiệu bất cứ quán rượu nào trên đường đồng khởi không,bạn có thể giới thiệu bất cứ [business_type : quán rượu] nào trên [place_name : đường đồng khởi] không,"['bạn' 'có' 'thể' 'giới' 'thiệu' 'bất' 'cứ' 'quán' 'rượu' 'nào' 'trên'
 'đường' 'đồng' 'khởi' 'không']","['Other' 'Other' 'Other' 'Other' 'Other' 'Other' 'Other' 'business_type'
 'business_type' 'Other' 'Other' 'place_name' 'place_name' 'place_name'
 'Other']",19,recommendation_locations,recommendation,4.14,48000,1,True,COSINE_VALIDATION,ENROLLED,2d617381be46faa6fda99e8a4a105f171dc99ca618e3ddf16226a319f3a94ae8,COSINE_VALIDATION,QUERY,cosine_validation_query,False,False
3613,dev/35ac2f399f375adcfc046eaea8fd8d1f.wav,validation,VALIDATION,vi-VN,63e534e8ae837950bc60d88b,val_enrolled_spk_0002,Male,30,có phải hôm nay trời nắng không,có phải [date : hôm nay] trời [weather_descriptor : nắng] không,['có' 'phải' 'hôm' 'nay' 'trời' 'nắng' 'không'],['Other' 'Other' 'date' 'date' 'Other' 'weather_descriptor' 'Other'],13,weather_query,weather,2.04,48000,1,True,COSINE_VALIDATION,ENROLLED,088fc8fa5c353b23dd4bfee753f99f48c5cc7373662d4559af3a4ee73d84ec87,COSINE_VALIDATION,QUERY,cosine_validation_query,False,False
10988,dev/6d10659ee06aa6479c1485da84300895.wav,validation,VALIDATION,vi-VN,63e534e8ae837950bc60d88b,val_enrolled_spk_0002,Male,30,xóa việc gọi báo chí khỏi danh sách kỳ nghỉ của tôi,xóa việc gọi báo chí khỏi [list_name : danh sách kỳ nghỉ] của tôi,"['xóa' 'việc' 'gọi' 'báo' 'chí' 'khỏi' 'danh' 'sách' 'kỳ' 'nghỉ' 'của'
 'tôi']","['Other' 'Other' 'Other' 'Other' 'Other' 'Other' 'list_name' 'list_name'
 'list_name' 'list_name' 'Other' 'Other']",53,lists_remove,lists,3.24,48000,1,True,COSINE_VALIDATION,ENROLLED,7d57795ae32981954b7448cb7f01a0fba8b0b6ef77e041020d4789655494cef2,COSINE_VALIDATION,QUERY,cosine_validation_query,False,False
14320,dev/0ee6bc813e7b21a992a9c3ce45a52109.wav,validation,VALIDATION,vi-VN,616ca5967d36f0000bd47b78,val_unknown_spk_0001,Female,36,ai là vợ nguyễn phú trọng,ai là vợ [person : nguyễn phú trọng],['ai' 'là' 'vợ' 'nguyễn' 'phú' 'trọng'],['Other' 'Other' 'Other' 'person' 'person' 'person'],49,qa_factoid,qa,3.72,48000,1,True,COSINE_VALIDATION,UNKNOWN,4001deaa95defa27cb3a1c451266370b306e5459bf12cfd084974525a66e5272,COSINE_VALIDATION,UNKNOWN,cosine_validation_unknown,False,False
476,dev/d8b7723da5185d137615322db3b6f43f.wav,validation,VALIDATION,vi-VN,616ca5967d36f0000bd47b78,val_unknown_spk_0001,Female,36,việc gì bạn không thể làm,việc gì bạn không thể làm,['việc' 'gì' 'bạn' 'không' 'thể' 'làm'],['Other' 'Other' 'Other' 'Other' 'Other' 'Other'],12,general_quirky,general,2.4,48000,1,True,COSINE_VALIDATION,UNKNOWN,31ca255407e2b30369baca394a553c60412c41144ea0cfbcbc15159a8cb0e930,COSINE_VALIDATION,UNKNOWN,cosine_validation_unknown,False,False
11065,dev/efc34ade35378086f2d5fbce7ba56929.wav,validation,VALIDATION,vi-VN,616ca5967d36f0000bd47b78,val_unknown_spk_0001,Female,36,này olly danh sách của tôi là gì,này olly danh sách của tôi là gì,['này' 'olly' 'danh' 'sách' 'của' 'tôi' 'là' 'gì'],['Other' 'Other' 'Other' 'Other' 'Other' 'Other' 'Other' 'Other'],59,lists_query,lists,2.7,48000,1,True,COSINE_VALIDATION,UNKNOWN,5de6ba2808ed67a14ebe7d6ede06a762bb30c368293418b5766a9c23b6db4397,COSINE_VALIDATION,UNKNOWN,cosine_validation_unknown,False,False
2919,dev/2937c74cdcefde5d5d86416e6fb4a8e4.wav,validation,VALIDATION,vi-VN,616ca5967d36f0000bd47b78,val_unknown_spk_0001,Female,36,có video mới nào trên youtube cho new york times không,có video mới nào trên [media_type : youtube] cho [media_type : new york times] không,"['có' 'video' 'mới' 'nào' 'trên' 'youtube' 'cho' 'new' 'york' 'times'
 'không']","['Other' 'Other' 'Other' 'Other' 'Other' 'media_type' 'Other' 'media_type'
 'media_type' 'media_type' 'Other']",22,news_query,news,6.72,48000,1,True,COSINE_VALIDATION,UNKNOWN,88b677c77b1b2c3483c47020124755d6e352ff030f3b00eeb481e5c13d337380,COSINE_VALIDATION,UNKNOWN,cosine_validation_unknown,False,False
7223,dev/3a91a5fe431e30d3cae0bcd031191e23.wav,validation,VALIDATION,vi-VN,616ca5967d36f0000bd47b78,val_unknown_spk_0001,Female,36,cho tôi biết ngày lễ khánh thành doanh nghiệp của bạn sâm của tôi,cho tôi biết ngày [event_name : lễ khánh thành] doanh nghiệp của [relation : bạn] [person : sâm] của tôi,"['cho' 'tôi' 'biết' 'ngày' 'lễ' 'khánh' 'thành' 'doanh' 'nghiệp' 'của'
 'bạn' 'sâm' 'của' 'tôi']","['Other' 'Other' 'Other' 'Other' 'event_name' 'event_name' 'event_name'
 'Other' 'Other' 'Other' 'relation' 'person' 'Other' 'Other']",32,calendar_query,calendar,6.36,48000,1,True,COSINE_VALIDATION,UNKNOWN,9893ea798c9938439241a7106b5c6af69afdaf4950e3d65e7839a2d7a6599ba0,COSINE_VALIDATION,UNKNOWN,cosine_validation_unknown,False,False
8655,dev/9ed8df1a384d99c118e3bdba4f9260a9.wav,validation,VALIDATION,vi-VN,616ca5967d36f0000bd47b78,val_unknown_spk_0001,Female,36,thêm một sự kiện lúc ba giờ chiều ở hải châu đà nẵng ngày năm tháng năm lễ tốt nghiệp của danh,thêm một sự kiện lúc [time : ba giờ chiều] ở [place_name : hải châu đà nẵng] [date : ngày năm tháng năm] [event_name : lễ tốt nghiệp của danh],"['thêm' 'một' 'sự' 'kiện' 'lúc' 'ba' 'giờ' 'chiều' 'ở' 'hải' 'châu' 'đà'
 'nẵng' 'ngày' 'năm' 'tháng' 'năm' 'lễ' 'tốt' 'nghiệp' 'của' 'danh']","['Other' 'Other' 'Other' 'Other' 'Other' 'time' 'time' 'time' 'Other'
 'place_name' 'place_name' 'place_name' 'place_name' 'date' 'date' 'date'
 'date' 'event_name' 'event_name' 'event_name' 'event_name' 'event_name']",50,calendar_set,calendar,8.34,48000,1,True,COSINE_VALIDATION,UNKNOWN,8a75701ef8479e136b59cbfab3336f556350a9c17ab7fd5feaae3cff8a57336f,COSINE_VALIDATION,UNKNOWN,cosine_validation_unknown,False,False
13228,dev/64b4e9f8e7c0ed639696d261dfe9121d.wav,validation,VALIDATION,vi-VN,616ca5967d36f0000bd47b78,val_unknown_spk_0001,Female,36,nếu có mười bước đơn giản để khiến bản thân giàu có thì nó là những bước nào,nếu có mười bước đơn giản để khiến bản thân giàu có thì nó là những bước nào,"['nếu' 'có' 'mười' 'bước' 'đơn' 'giản' 'để' 'khiến' 'bản' 'thân' 'giàu'
 'có' 'thì' 'nó' 'là' 'những' 'bước' 'nào']","['Other' 'Other' 'Other' 'Other' 'Other' 'Other' 'Other' 'Other' 'Other'
 'Other' 'Other' 'Other' 'Other' 'Other' 'Other' 'Other' 'Other' 'Other']",12,general_quirky,general,5.04,48000,1,True,COSINE_VALIDATION,UNKNOWN,1e568d2e509dc07560e16359674dc1c92e5b6a6bd47287c35a8561d2b3a96669,COSINE_VALIDATION,UNKNOWN,cosine_validation_unknown,False,False
10854,dev/5c437ec638bfbccc0a9eaccfdcdd9692.wav,validation,VALIDATION,vi-VN,616ca5967d36f0000bd47b78,val_unknown_spk_0001,Female,36,xóa cái đó khỏi danh sách,xóa cái đó khỏi danh sách,['xóa' 'cái' 'đó' 'khỏi' 'danh' 'sách'],['Other' 'Other' 'Other' 'Other' 'Other' 'Other'],53,lists_remove,lists,3.72,48000,1,True,COSINE_VALIDATION,UNKNOWN,ee117ad4b8608f340492b76932f495d22d9dfdf94ac05b9af4aac6ce96414c4c,COSINE_VALIDATION,UNKNOWN,cosine_validation_unknown,False,False
3898,dev/bf174479dbe2c29ba16376468a71f7c0.wav,validation,VALIDATION,vi-VN,616ca5967d36f0000bd47b78,val_unknown_spk_0001,Female,36,sẽ có tuyết rơi vào tuần tới phải không,sẽ có [weather_descriptor : tuyết] rơi vào [date : tuần tới] phải không,['sẽ' 'có' 'tuyết' 'rơi' 'vào' 'tuần' 'tới' 'phải' 'không'],"['Other' 'Other' 'weather_descriptor' 'Other' 'Other' 'date' 'date'
 'Other' 'Other']",13,weather_query,weather,4.62,48000,1,True,COSINE_VALIDATION,UNKNOWN,d0122d2d2f577da905f334b6622332d84d77c8711bd568f821a1303204a9a8d9,COSINE_VALIDATION,UNKNOWN,cosine_validation_unknown,False,False
4302,dev/087747536cc6f49289ff6ac1a5eff34e.wav,validation,VALIDATION,vi-VN,616ca5967d36f0000bd47b78,val_unknown_spk_0001,Female,36,phát album mới nhất bởi mỹ tâm,phát album mới nhất bởi [artist_name : mỹ tâm],['phát' 'album' 'mới' 'nhất' 'bởi' 'mỹ' 'tâm'],['Other' 'Other' 'Other' 'Other' 'Other' 'artist_name' 'artist_name'],45,play_music,play,4.38,48000,1,True,COSINE_VALIDATION,UNKNOWN,69978f9c487d39ed49fbfad000dbcb55105d27bf1d3818d9fc2f7b5c7ca5fef8,COSINE_VALIDATION,UNKNOWN,cosine_validation_unknown,False,False
13804,dev/687658cb06d57d5b3de7f4f8a1fb0899.wav,validation,VALIDATION,vi-VN,616ca5967d36f0000bd47b78,val_unknown_spk_0001,Female,36,siri một đô la mỹ bằng bao nhiêu đồng yên nhật,siri một [currency_name : đô la mỹ] bằng bao nhiêu [currency_name : đồng yên nhật],['siri' 'một' 'đô' 'la' 'mỹ' 'bằng' 'bao' 'nhiêu' 'đồng' 'yên' 'nhật'],"['Other' 'Other' 'currency_name' 'currency_name' 'currency_name' 'Other'
 'Other' 'Other' 'currency_name' 'currency_name' 'currency_name']",10,qa_currency,qa,5.22,48000,1,True,COSINE_VALIDATION,UNKNOWN,e87c8366c6e664d0ee2ae74ab424b268d8e1ef5a601aeba698bc1013d644ae57,COSINE_VALIDATION,UNKNOWN,cosine_validation_unknown,False,False
13455,dev/56ac0ba1ab915e637febccce4d1f7684.wav,validation,VALIDATION,vi-VN,616ca5967d36f0000bd47b78,val_unknown_spk_0001,Female,36,bạn có thể cho tôi biết câu trả lời cho cái này là gì không,bạn có thể cho tôi biết câu trả lời cho cái này là gì không,"['bạn' 'có' 'thể' 'cho' 'tôi' 'biết' 'câu' 'trả' 'lời' 'cho' 'cái'
 'này' 'là' 'gì' 'không']","['Other' 'Other' 'Other' 'Other' 'Other' 'Other' 'Other' 'Other' 'Other'
 'Other' 'Other' 'Other' 'Other' 'Other' 'Other']",12,general_quirky,general,6.24,48000,1,True,COSINE_VALIDATION,UNKNOWN,a76e5203e2c1d83c4d710b12360359f3d1e3fb524910a6fa2f032c5e09450dbe,COSINE_VALIDATION,UNKNOWN,cosine_validation_unknown,False,False
10967,dev/ca131b40ad482ab48a67c6043eb9cf57.wav,validation,VALIDATION,vi-VN,616ca5967d36f0000bd47b78,val_unknown_spk_0001,Female,36,những danh sách nào hiện có ngay bây giờ,những danh sách nào hiện có ngay bây giờ,['những' 'danh' 'sách' 'nào' 'hiện' 'có' 'ngay' 'bây' 'giờ'],['Other' 'Other' 'Other' 'Other' 'Other' 'Other' 'Other' 'Other' 'Other'],59,lists_query,lists,4.92,48000,1,True,COSINE_VALIDATION,UNKNOWN,53ed70938c4f268039721dcb9ee58d9cb21bd8bbe15f8446f0411caf9f2739ca,COSINE_VALIDATION,UNKNOWN,cosine_validation_unknown,False,False
5770,dev/16581e716141b0eb9e8c8923f81d875a.wav,validation,VALIDATION,vi-VN,616ca5967d36f0000bd47b78,val_unknown_spk_0001,Female,36,nhà hàng royale có giao đồ mang đi không,[business_type : nhà hàng] [business_name : royale] có giao đồ [order_type : mang đi] không,['nhà' 'hàng' 'royale' 'có' 'giao' 'đồ' 'mang' 'đi' 'không'],"['business_type' 'business_type' 'business_name' 'Other' 'Other' 'Other'
 'order_type' 'order_type' 'Other']",3,takeaway_query,takeaway,3.84,48000,1,True,COSINE_VALIDATION,UNKNOWN,81a438098e6c905f837f78eb30821ea88eb8b325ce37274f2b56673769836868,COSINE_VALIDATION,UNKNOWN,cosine_validation_unknown,False,False
8984,dev/6a26adebf5cb007a71cc2d0ffdfad58c.wav,validation,VALIDATION,vi-VN,616ca5967d36f0000bd47b78,val_unknown_spk_0001,Female,36,xóa ngày sinh nhật của mai khỏi lịch,xóa [event_name : ngày sinh nhật của mai] khỏi lịch,['xóa' 'ngày' 'sinh' 'nhật' 'của' 'mai' 'khỏi' 'lịch'],"['Other' 'event_name' 'event_name' 'event_name' 'event_name' 'event_name'
 'Other' 'Other']",30,calendar_remove,calendar,4.44,48000,1,True,COSINE_VALIDATION,UNKNOWN,577d1dab71d5c95766bd4263380ab366ec5972c8ff0082ff72b4ee753e044be2,COSINE_VALIDATION,UNKNOWN,cosine_validation_unknown,False,False
13795,dev/1fbd032167d9586076899e144901d237.wav,validation,VALIDATION,vi-VN,616ca5967d36f0000bd47b78,val_unknown_spk_0001,Female,36,tỷ giá hối đoái giữa đô là mỹ và pháp là bao nhiêu,tỷ giá hối đoái giữa đô là [currency_name : mỹ] và [currency_name : pháp] là bao nhiêu,"['tỷ' 'giá' 'hối' 'đoái' 'giữa' 'đô' 'là' 'mỹ' 'và' 'pháp' 'là' 'bao'
 'nhiêu']","['Other' 'Other' 'Other' 'Other' 'Other' 'Other' 'Other' 'currency_name'
 'Other' 'currency_name' 'Other' 'Other' 'Other']",10,qa_currency,qa,4.86,48000,1,True,COSINE_VALIDATION,UNKNOWN,8d076fc0c62f4fc7539a640937bbd815ea3c10931409b4609c06c5ae06b1b883,COSINE_VALIDATION,UNKNOWN,cosine_validation_unknown,False,False
9709,dev/8dc7ae504903ed6d4f3d8428987c2f30.wav,validation,VALIDATION,vi-VN,616ca5967d36f0000bd47b78,val_unknown_spk_0001,Female,36,bạn có thể tạm dừng âm thanh không,bạn có thể [player_setting : tạm dừng] [media_type : âm thanh] không,['bạn' 'có' 'thể' 'tạm' 'dừng' 'âm' 'thanh' 'không'],"['Other' 'Other' 'Other' 'player_setting' 'player_setting' 'media_type'
 'media_type' 'Other']",20,play_audiobook,play,4.14,48000,1,True,COSINE_VALIDATION,UNKNOWN,97715d163b18d741cf9e2423da457e5d665b3b3e01c9f4c51965e42b8b7a1e06,COSINE_VALIDATION,UNKNOWN,cosine_validation_unknown,False,False
11711,dev/a4a1d782c1a5a7db6dc97a53412402bf.wav,validation,VALIDATION,vi-VN,616ca5967d36f0000bd47b78,val_unknown_spk_0001,Female,36,quầy bar ngon nhất ở địa phương,[business_type : quầy bar] ngon nhất ở địa phương,['quầy' 'bar' 'ngon' 'nhất' 'ở' 'địa' 'phương'],['business_type' 'business_type' 'Other' 'Other' 'Other' 'Other' 'Other'],19,recommendation_locations,recommendation,4.14,48000,1,True,COSINE_VALIDATION,UNKNOWN,e07afea554fc426065086588d8aadf50b6d7201ad9c729c582bef0da21b6019c,COSINE_VALIDATION,UNKNOWN,cosine_validation_unknown,False,False
4827,dev/176c18bdbd4e9cdb13c1cc3db91f953d.wav,validation,VALIDATION,vi-VN,616ca5967d36f0000bd47b78,val_unknown_spk_0001,Female,36,đổi các bóng đèn sang màu xanh lá,đổi các bóng đèn sang [color_type : màu xanh lá],['đổi' 'các' 'bóng' 'đèn' 'sang' 'màu' 'xanh' 'lá'],"['Other' 'Other' 'Other' 'Other' 'Other' 'color_type' 'color_type'
 'color_type']",1,iot_hue_lightchange,iot,4.86,48000,1,True,COSINE_VALIDATION,UNKNOWN,14fae60f45f07f63528d4aadf4c3368ffb673e032bff7d7614509b8b104258ea,COSINE_VALIDATION,UNKNOWN,cosine_validation_unknown,False,False
12654,dev/53550c66355cbbdaac63da2a28eab1cd.wav,validation,VALIDATION,vi-VN,616ca5967d36f0000bd47b78,val_unknown_spk_0001,Female,36,vui lòng đặt cho tôi một vé tàu tới sài gòn,vui lòng đặt cho tôi một vé [transport_type : tàu] tới [place_name : sài gòn],['vui' 'lòng' 'đặt' 'cho' 'tôi' 'một' 'vé' 'tàu' 'tới' 'sài' 'gòn'],"['Other' 'Other' 'Other' 'Other' 'Other' 'Other' 'Other' 'transport_type'
 'Other' 'place_name' 'place_name']",2,transport_ticket,transport,5.58,48000,1,True,COSINE_VALIDATION,UNKNOWN,fc84c1b34e1ded6d2c3314d7a93a5200403f1086fe04b9daae0a6afc4db3435b,COSINE_VALIDATION,UNKNOWN,cosine_validation_unknown,False,False
6170,dev/5c84514e36a945ae7a060694e2af1f4e.wav,validation,VALIDATION,vi-VN,616ca5967d36f0000bd47b78,val_unknown_spk_0001,Female,36,cho tôi xem dự báo của một tuần,cho tôi xem dự báo của [time : một tuần],['cho' 'tôi' 'xem' 'dự' 'báo' 'của' 'một' 'tuần'],['Other' 'Other' 'Other' 'Other' 'Other' 'Other' 'time' 'time'],13,weather_query,weather,2.64,48000,1,True,COSINE_VALIDATION,UNKNOWN,07807984e4a4dacd8e305ad33d9bc8d2de76d8b17316fcb99b4ef355379c8b7a,COSINE_VALIDATION,UNKNOWN,cosine_validation_unknown,False,False
2641,dev/44a0c5e9d9aad4c4db64b634ebd66e5e.wav,validation,VALIDATION,vi-VN,616ca5967d36f0000bd47b78,val_unknown_spk_0001,Female,36,có gì mới về chính sách mở cửa sau đại dịch,có gì mới về [news_topic : chính sách mở cửa sau đại dịch],['có' 'gì' 'mới' 'về' 'chính' 'sách' 'mở' 'cửa' 'sau' 'đại' 'dịch'],"['Other' 'Other' 'Other' 'Other' 'news_topic' 'news_topic' 'news_topic'
 'news_topic' 'news_topic' 'news_topic' 'news_topic']",22,news_query,news,4.68,48000,1,True,COSINE_VALIDATION,UNKNOWN,358fe0d6e271ce932c6cc9e261b130382bae9cc887fd41e1bf696bf8d1bc51f5,COSINE_VALIDATION,UNKNOWN,cosine_validation_unknown,False,False
4786,dev/6f8060130c5f89ff68371bf094c3cf32.wav,validation,VALIDATION,vi-VN,616ca5967d36f0000bd47b78,val_unknown_spk_0001,Female,36,tôi có cần sưởi ấm không,tôi có cần sưởi [weather_descriptor : ấm] không,['tôi' 'có' 'cần' 'sưởi' 'ấm' 'không'],['Other' 'Other' 'Other' 'Other' 'weather_descriptor' 'Other'],13,weather_query,weather,3.96,48000,1,True,COSINE_VALIDATION,UNKNOWN,aad8cf51f1ef6aa31fa57f06c683abcf36ac02c800de511465f9146c636fa01a,COSINE_VALIDATION,UNKNOWN,cosine_validation_unknown,False,False
14452,dev/f03a518699fddfd46adfbf008be996a5.wav,validation,VALIDATION,vi-VN,616ca5967d36f0000bd47b78,val_unknown_spk_0001,Female,36,định nghĩa cho tên đối tượng,định nghĩa cho [definition_word : tên đối tượng],['định' 'nghĩa' 'cho' 'tên' 'đối' 'tượng'],"['Other' 'Other' 'Other' 'definition_word' 'definition_word'
 'definition_word']",26,qa_definition,qa,3.84,48000,1,True,COSINE_VALIDATION,UNKNOWN,b33def8fe14624241de97855854ab9b16910d5c2a0f5e1936ced8ddecd41f08e,COSINE_VALIDATION,UNKNOWN,cosine_validation_unknown,False,False
10616,dev/947b5ff19bfbc09cd4aa90c1038ded67.wav,validation,VALIDATION,vi-VN,616ca5967d36f0000bd47b78,val_unknown_spk_0001,Female,36,đếnn ngày mai tạo một danh sách mới,đếnn [date : ngày mai] tạo một danh sách mới,['đếnn' 'ngày' 'mai' 'tạo' 'một' 'danh' 'sách' 'mới'],['Other' 'date' 'date' 'Other' 'Other' 'Other' 'Other' 'Other'],21,lists_createoradd,lists,4.74,48000,1,True,COSINE_VALIDATION,UNKNOWN,80ac8dce52506e23949c28b2397d3ebe2908b56f5ec8a826608d141795f4d89f,COSINE_VALIDATION,UNKNOWN,cosine_validation_unknown,False,False
2821,dev/41057312d582c7598e69f4ca398e257c.wav,validation,VALIDATION,vi-VN,616ca5967d36f0000bd47b78,val_unknown_spk_0001,Female,36,đổi màu đèn từ màu xanh biển sang màu trắng,đổi màu đèn từ [color_type : màu xanh biển] sang [color_type : màu trắng],['đổi' 'màu' 'đèn' 'từ' 'màu' 'xanh' 'biển' 'sang' 'màu' 'trắng'],"['Other' 'Other' 'Other' 'Other' 'color_type' 'color_type' 'color_type'
 'Other' 'color_type' 'color_type']",1,iot_hue_lightchange,iot,5.1,48000,1,True,COSINE_VALIDATION,UNKNOWN,2129a2e561e9e8b6d632ac1a418231e91de614716038a55167eae2f740c76585,COSINE_VALIDATION,UNKNOWN,cosine_validation_unknown,False,False
7310,dev/8d74d72b80f84c9b26566fbb745e89e6.wav,validation,VALIDATION,vi-VN,616ca5967d36f0000bd47b78,val_unknown_spk_0001,Female,36,có gì trên lịch trình hôm nay của tôi,có gì trên lịch trình [date : hôm nay] của tôi,['có' 'gì' 'trên' 'lịch' 'trình' 'hôm' 'nay' 'của' 'tôi'],['Other' 'Other' 'Other' 'Other' 'Other' 'date' 'date' 'Other' 'Other'],32,calendar_query,calendar,4.62,48000,1,True,COSINE_VALIDATION,UNKNOWN,1f88ac48cba49e90833473c5b8b1f918d26778d2d62eaf362e6fe99897e5952c,COSINE_VALIDATION,UNKNOWN,cosine_validation_unknown,False,False
16843,dev/156d2d41588efa0b6e0e5aa0a72efe1f.wav,validation,VALIDATION,vi-VN,616ca5967d36f0000bd47b78,val_unknown_spk_0001,Female,36,kiểm tra thư của tôi,kiểm tra thư của tôi,['kiểm' 'tra' 'thư' 'của' 'tôi'],['Other' 'Other' 'Other' 'Other' 'Other'],44,email_query,email,3.18,48000,1,True,COSINE_VALIDATION,UNKNOWN,a7c2d41e68a45fcc4943c33f5055f77b3173c2ab6f58cf989c74eb4240b58f42,COSINE_VALIDATION,UNKNOWN,cosine_validation_unknown,False,False
8385,dev/aa68fab920677bb5f1d6fc676359e778.wav,validation,VALIDATION,vi-VN,616ca5967d36f0000bd47b78,val_unknown_spk_0001,Female,36,tuần này có phải tuần nhận lương không,[date : tuần này] có phải tuần nhận lương không,['tuần' 'này' 'có' 'phải' 'tuần' 'nhận' 'lương' 'không'],['date' 'date' 'Other' 'Other' 'Other' 'Other' 'Other' 'Other'],32,calendar_query,calendar,4.32,48000,1,True,COSINE_VALIDATION,UNKNOWN,9f59c630eff7dab94fac004f969a6f970281e8af43237ee93561706dce5c91e0,COSINE_VALIDATION,UNKNOWN,cosine_validation_unknown,False,False
6873,dev/d61a3d666153e2179fec619604d1d20a.wav,validation,VALIDATION,vi-VN,616ca5967d36f0000bd47b78,val_unknown_spk_0001,Female,36,bạn có thể xóa sự kiện tôi đã tham gia trong quá khứ không,bạn có thể xóa sự kiện tôi đã tham gia trong quá khứ không,"['bạn' 'có' 'thể' 'xóa' 'sự' 'kiện' 'tôi' 'đã' 'tham' 'gia' 'trong' 'quá'
 'khứ' 'không']","['Other' 'Other' 'Other' 'Other' 'Other' 'Other' 'Other' 'Other' 'Other'
 'Other' 'Other' 'Other' 'Other' 'Other']",30,calendar_remove,calendar,4.86,48000,1,True,COSINE_VALIDATION,UNKNOWN,cc8b1ce1f3817fdffa90317bfdc48266df49cbdbf0290b29ecd663ea84f77b3d,COSINE_VALIDATION,UNKNOWN,cosine_validation_unknown,False,False
6009,dev/2dfc2bb87066c5b137920ca95db40222.wav,validation,VALIDATION,vi-VN,616ca5967d36f0000bd47b78,val_unknown_spk_0001,Female,36,khi nào tôi có thể đến lấy đồ ăn trung quốc của tôi,khi nào tôi có thể đến lấy đồ ăn [food_type : trung quốc] của tôi,"['khi' 'nào' 'tôi' 'có' 'thể' 'đến' 'lấy' 'đồ' 'ăn' 'trung' 'quốc'
 'của' 'tôi']","['Other' 'Other' 'Other' 'Other' 'Other' 'Other' 'Other' 'Other' 'Other'
 'food_type' 'food_type' 'Other' 'Other']",3,takeaway_query,takeaway,5.1,48000,1,True,COSINE_VALIDATION,UNKNOWN,36c5810f32e91186353e4bb11e1602d34b87cf3a4a80adfa06d8bb85544626f5,COSINE_VALIDATION,UNKNOWN,cosine_validation_unknown,False,False
13658,dev/1e2f7dbac4b3c8c7ab66a5389067442a.wav,validation,VALIDATION,vi-VN,616ca5967d36f0000bd47b78,val_unknown_spk_0001,Female,36,mỹ tâm bao nhiêu tuổi,[person : mỹ tâm] bao nhiêu tuổi,['mỹ' 'tâm' 'bao' 'nhiêu' 'tuổi'],['person' 'person' 'Other' 'Other' 'Other'],49,qa_factoid,qa,3.72,48000,1,True,COSINE_VALIDATION,UNKNOWN,ae8ab730dcf280a6fcd7edb2856cda49f6fb0b6b10ae85e882d1a9016dd898a1,COSINE_VALIDATION,UNKNOWN,cosine_validation_unknown,False,False
8057,dev/be44efd34860ad14afc8bcca2cfc6d9d.wav,validation,VALIDATION,vi-VN,616ca5967d36f0000bd47b78,val_unknown_spk_0001,Female,36,lịch vào cuối tuần này là gì,lịch vào [date : cuối tuần này] là gì,['lịch' 'vào' 'cuối' 'tuần' 'này' 'là' 'gì'],['Other' 'Other' 'date' 'date' 'date' 'Other' 'Other'],32,calendar_query,calendar,4.14,48000,1,True,COSINE_VALIDATION,UNKNOWN,a31066269ccc9685f171d28c5ea4c195077287644e7d52a48afe893ce83f13d1,COSINE_VALIDATION,UNKNOWN,cosine_validation_unknown,False,False
15861,dev/1ad3c28ba7717dec6f31b4f2f6d3934e.wav,validation,VALIDATION,vi-VN,616ca5967d36f0000bd47b78,val_unknown_spk_0001,Female,36,gửi email đến mẹ tiêu đề thời tiết nội dung thời tiết tuần này ở đó thế nào,gửi email đến [relation : mẹ] tiêu đề thời tiết nội dung thời tiết [date : tuần này] ở đó thế nào,"['gửi' 'email' 'đến' 'mẹ' 'tiêu' 'đề' 'thời' 'tiết' 'nội' 'dung' 'thời'
 'tiết' 'tuần' 'này' 'ở' 'đó' 'thế' 'nào']","['Other' 'Other' 'Other' 'relation' 'Other' 'Other' 'Other' 'Other'
 'Other' 'Other' 'Other' 'Other' 'date' 'date' 'Other' 'Other' 'Other'
 'Other']",33,email_sendemail,email,8.76,48000,1,True,COSINE_VALIDATION,UNKNOWN,b08fe877a34378c1ed24be213d9ae60d6ffe6858495e405d999dfd886dd2bf33,COSINE_VALIDATION,UNKNOWN,cosine_validation_unknown,False,False
14007,dev/9d48838d318de8e266d5262ccd44d032.wav,validation,VALIDATION,vi-VN,616ca5967d36f0000bd47b78,val_unknown_spk_0001,Female,36,fjord là gì,[place_name : fjord] là gì,['fjord' 'là' 'gì'],['place_name' 'Other' 'Other'],49,qa_factoid,qa,2.88,48000,1,True,COSINE_VALIDATION,UNKNOWN,a9c34bcd0c280b662ef34185d07ccbb4474d5521547c6fd5f5518152dc61ac29,COSINE_VALIDATION,UNKNOWN,cosine_validation_unknown,False,False
14924,dev/2732cd6c935b3083d95d726fd6f420ea.wav,validation,VALIDATION,vi-VN,616ca5967d36f0000bd47b78,val_unknown_spk_0001,Female,36,tôi muốn dễ dàng kiểm tra tình trạng kho và cho tôi biết khi nào tôi sắp hết thứ gì đó,tôi muốn dễ dàng kiểm tra tình trạng kho và cho tôi biết khi nào tôi sắp hết thứ gì đó,"['tôi' 'muốn' 'dễ' 'dàng' 'kiểm' 'tra' 'tình' 'trạng' 'kho' 'và'
 'cho' 'tôi' 'biết' 'khi' 'nào' 'tôi' 'sắp' 'hết' 'thứ' 'gì' 'đó']","['Other' 'Other' 'Other' 'Other' 'Other' 'Other' 'Other' 'Other' 'Other'
 'Other' 'Other' 'Other' 'Other' 'Other' 'Other' 'Other' 'Other' 'Other'
 'Other' 'Other' 'Other']",12,general_quirky,general,5.94,48000,1,True,COSINE_VALIDATION,UNKNOWN,78863b60faf761b371f3928acf190d0e6ba72e95422b9de248cb759db83a3374,COSINE_VALIDATION,UNKNOWN,cosine_validation_unknown,False,False
9743,dev/e2204f67c763405ac92d5e5726cd68cc.wav,validation,VALIDATION,vi-VN,616ca5967d36f0000bd47b78,val_unknown_spk_0001,Female,36,phát audio,phát [media_type : audio],['phát' 'audio'],['Other' 'media_type'],20,play_audiobook,play,3.3,48000,1,True,COSINE_VALIDATION,UNKNOWN,30698e3a874c2aac6de536265c078231222b74f2572b8ebb3cf7633c4773e62e,COSINE_VALIDATION,UNKNOWN,cosine_validation_unknown,False,False
13319,dev/a31e5fd6b90ee4b5dadd092678eb9474.wav,validation,VALIDATION,vi-VN,616ca5967d36f0000bd47b78,val_unknown_spk_0001,Female,36,nghệ sĩ hip hop vĩ đại nhất là ai,nghệ sĩ [music_genre : hip hop] vĩ đại nhất là ai,['nghệ' 'sĩ' 'hip' 'hop' 'vĩ' 'đại' 'nhất' 'là' 'ai'],"['Other' 'Other' 'music_genre' 'music_genre' 'Other' 'Other' 'Other'
 'Other' 'Other']",49,qa_factoid,qa,4.2,48000,1,True,COSINE_VALIDATION,UNKNOWN,640e95452de41c76cd594347716c1a40bd2f548347ccb6b64f2717349b017338,COSINE_VALIDATION,UNKNOWN,cosine_validation_unknown,False,False
15242,dev/76c03302eddfcf77fcea504ce878503c.wav,validation,VALIDATION,vi-VN,616ca5967d36f0000bd47b78,val_unknown_spk_0001,Female,36,trạng thái facebook bận rộn,trạng thái [media_type : facebook] bận rộn,['trạng' 'thái' 'facebook' 'bận' 'rộn'],['Other' 'Other' 'media_type' 'Other' 'Other'],47,social_post,social,3.72,48000,1,True,COSINE_VALIDATION,UNKNOWN,1c32da6fbd1217067fd81031883c7696dfc31336ebe06aceeaccc2323b5c7f40,COSINE_VALIDATION,UNKNOWN,cosine_validation_unknown,False,False
444,dev/0c8949a937e89b35b23369a88c4a40f1.wav,validation,VALIDATION,vi-VN,616ca5967d36f0000bd47b78,val_unknown_spk_0001,Female,36,ngưng xáo trộn,[player_setting : ngưng xáo trộn],['ngưng' 'xáo' 'trộn'],['player_setting' 'player_setting' 'player_setting'],28,music_settings,music,3.18,48000,1,True,COSINE_VALIDATION,UNKNOWN,c2778004fdb3748b24606484430e1961dd88920da1d1b5528e842ca08d5e7362,COSINE_VALIDATION,UNKNOWN,cosine_validation_unknown,False,False
9775,dev/d1d67acbb208fa7240c34dfac0a49d23.wav,validation,VALIDATION,vi-VN,616ca5967d36f0000bd47b78,val_unknown_spk_0001,Female,36,phát lại sách nói của tôi từ ban đầu của chương cuối cùng tôi bắt đầu,[player_setting : phát lại] [media_type : sách nói] của tôi từ ban đầu của chương cuối cùng tôi bắt đầu,"['phát' 'lại' 'sách' 'nói' 'của' 'tôi' 'từ' 'ban' 'đầu' 'của'
 'chương' 'cuối' 'cùng' 'tôi' 'bắt' 'đầu']","['player_setting' 'player_setting' 'media_type' 'media_type' 'Other'
 'Other' 'Other' 'Other' 'Other' 'Other' 'Other' 'Other' 'Other' 'Other'
 'Other' 'Other']",20,play_audiobook,play,6.42,48000,1,True,COSINE_VALIDATION,UNKNOWN,b16b9f1c6ea8b78f7086c221a2eb85105d9c434a57f23987846c0d3fde43da98,COSINE_VALIDATION,UNKNOWN,cosine_validation_unknown,False,False
2154,dev/f8e53c0e8edca158c6f4349b5fa2ecae.wav,validation,VALIDATION,vi-VN,616ca5967d36f0000bd47b78,val_unknown_spk_0001,Female,36,bạn có thể cho tôi biết bây giờ là mấy giờ rồi không,bạn có thể cho tôi biết bây giờ là mấy giờ rồi không,"['bạn' 'có' 'thể' 'cho' 'tôi' 'biết' 'bây' 'giờ' 'là' 'mấy' 'giờ' 'rồi'
 'không']","['Other' 'Other' 'Other' 'Other' 'Other' 'Other' 'Other' 'Other' 'Other'
 'Other' 'Other' 'Other' 'Other']",0,datetime_query,datetime,5.4,48000,1,True,COSINE_VALIDATION,UNKNOWN,9baec72e6c65c31da7af6425cc8aafa7c65b70568019f4a8cf0b43814d97dc28,COSINE_VALIDATION,UNKNOWN,cosine_validation_unknown,False,False
10242,dev/246348a7c24c6748802186ad9b92923d.wav,validation,VALIDATION,vi-VN,616ca5967d36f0000bd47b78,val_unknown_spk_0001,Female,36,tìm công thức nấu bữa ăn,tìm công thức nấu bữa ăn,['tìm' 'công' 'thức' 'nấu' 'bữa' 'ăn'],['Other' 'Other' 'Other' 'Other' 'Other' 'Other'],9,cooking_recipe,cooking,3.12,48000,1,True,COSINE_VALIDATION,UNKNOWN,848f770557b9805b177e9f102c8223c101f4945606bf85a3ef6c3c300ab247cd,COSINE_VALIDATION,UNKNOWN,cosine_validation_unknown,False,False
4836,dev/d32e0236234a98cd39e6f2bcf60dc874.wav,validation,VALIDATION,vi-VN,616ca5967d36f0000bd47b78,val_unknown_spk_0001,Female,36,có bất kỳ tin tức nào mới không,có bất kỳ tin tức nào mới không,['có' 'bất' 'kỳ' 'tin' 'tức' 'nào' 'mới' 'không'],['Other' 'Other' 'Other' 'Other' 'Other' 'Other' 'Other' 'Other'],22,news_query,news,4.26,48000,1,True,COSINE_VALIDATION,UNKNOWN,b61701dd83c1a4a61d3283a194b797d802f329afb73524603d329c4512b46889,COSINE_VALIDATION,UNKNOWN,cosine_validation_unknown,False,False
15478,dev/fe65adb19f34949e799bbf10fab611af.wav,validation,VALIDATION,vi-VN,616ca5967d36f0000bd47b78,val_unknown_spk_0001,Female,36,liên hệ với dịch vụ chăm sóc khách hàng của amazon qua twitter,liên hệ với [business_name : dịch vụ chăm sóc khách hàng của amazon] qua [media_type : twitter],"['liên' 'hệ' 'với' 'dịch' 'vụ' 'chăm' 'sóc' 'khách' 'hàng' 'của' 'amazon'
 'qua' 'twitter']","['Other' 'Other' 'Other' 'business_name' 'business_name' 'business_name'
 'business_name' 'business_name' 'business_name' 'business_name'
 'business_name' 'Other' 'media_type']",47,social_post,social,6.12,48000,1,True,COSINE_VALIDATION,UNKNOWN,4b139bcccb24491bd5cc404d212281e2624f6848c9c7a931dfedecc9ab53c80f,COSINE_VALIDATION,UNKNOWN,cosine_validation_unknown,False,False
12039,dev/3ab9d16136930f8997b5b01c93e0e24d.wav,validation,VALIDATION,vi-VN,616ca5967d36f0000bd47b78,val_unknown_spk_0001,Female,36,hỏi một nhà hàng ở trong vùng,hỏi một [business_type : nhà hàng] ở trong vùng,['hỏi' 'một' 'nhà' 'hàng' 'ở' 'trong' 'vùng'],['Other' 'Other' 'business_type' 'business_type' 'Other' 'Other' 'Other'],19,recommendation_locations,recommendation,3.78,48000,1,True,COSINE_VALIDATION,UNKNOWN,b7587b23d5b4d2deccf36372445e90fd6653b91ff507623fdcc29ec9116c9eef,COSINE_VALIDATION,UNKNOWN,cosine_validation_unknown,False,False
3004,dev/b61c1c702010a50aef5683fb8802ffe1.wav,validation,VALIDATION,vi-VN,616ca5967d36f0000bd47b78,val_unknown_spk_0001,Female,36,bài hát được tạo ra vào năm nào,bài hát được tạo ra vào năm nào,['bài' 'hát' 'được' 'tạo' 'ra' 'vào' 'năm' 'nào'],['Other' 'Other' 'Other' 'Other' 'Other' 'Other' 'Other' 'Other'],57,music_query,music,4.44,48000,1,True,COSINE_VALIDATION,UNKNOWN,825265b2f181bb6fc7bbaaf94b0d78f8c9c20c29b74eb8cb7436d01c3352ede1,COSINE_VALIDATION,UNKNOWN,cosine_validation_unknown,False,False
9765,dev/90313b71d56dcc103554554ff7ca6215.wav,validation,VALIDATION,vi-VN,616ca5967d36f0000bd47b78,val_unknown_spk_0001,Female,36,phát tiếp sách nói đã phát gần đây,[player_setting : phát tiếp] [media_type : sách nói] đã phát gần đây,['phát' 'tiếp' 'sách' 'nói' 'đã' 'phát' 'gần' 'đây'],"['player_setting' 'player_setting' 'media_type' 'media_type' 'Other'
 'Other' 'Other' 'Other']",20,play_audiobook,play,3.72,48000,1,True,COSINE_VALIDATION,UNKNOWN,56359fd387e8e693259dfe81b9b11bafe8a3dbe70f85908583c5b88b1c50313f,COSINE_VALIDATION,UNKNOWN,cosine_validation_unknown,False,False
14087,dev/0b25223e5bf92ecd533f57fff56b5a10.wav,validation,VALIDATION,vi-VN,616ca5967d36f0000bd47b78,val_unknown_spk_0001,Female,36,tỷ giá khi đổi sang nhân dân tệ,tỷ giá khi đổi sang [currency_name : nhân dân tệ],['tỷ' 'giá' 'khi' 'đổi' 'sang' 'nhân' 'dân' 'tệ'],"['Other' 'Other' 'Other' 'Other' 'Other' 'currency_name' 'currency_name'
 'currency_name']",10,qa_currency,qa,4.32,48000,1,True,COSINE_VALIDATION,UNKNOWN,686e2dd5b3ba7a5984bc76e632ac3ba6b0e42fba3e57fcae1bc96bad552c22c8,COSINE_VALIDATION,UNKNOWN,cosine_validation_unknown,False,False
7136,dev/2988956b2806dedf5e40e2311f19b8aa.wav,validation,VALIDATION,vi-VN,616ca5967d36f0000bd47b78,val_unknown_spk_0001,Female,36,nhắc tôi về buổi hẹn ngày mai,nhắc tôi về [event_name : buổi hẹn] [date : ngày mai],['nhắc' 'tôi' 'về' 'buổi' 'hẹn' 'ngày' 'mai'],['Other' 'Other' 'Other' 'event_name' 'event_name' 'date' 'date'],50,calendar_set,calendar,4.14,48000,1,True,COSINE_VALIDATION,UNKNOWN,e687b90a1de04650ec72b0909a337ede731f3713a1a8b0842573dd92ef320bb8,COSINE_VALIDATION,UNKNOWN,cosine_validation_unknown,False,False
13480,dev/15297cd56c4729c8046c8161c094fa5f.wav,validation,VALIDATION,vi-VN,616ca5967d36f0000bd47b78,val_unknown_spk_0001,Female,36,cho tôi biết màu sắc may mắn của hôm nay,cho tôi biết màu sắc may mắn của [date : hôm nay],['cho' 'tôi' 'biết' 'màu' 'sắc' 'may' 'mắn' 'của' 'hôm' 'nay'],"['Other' 'Other' 'Other' 'Other' 'Other' 'Other' 'Other' 'Other' 'date'
 'date']",12,general_quirky,general,4.62,48000,1,True,COSINE_VALIDATION,UNKNOWN,85f1a0fc0acfdfd9a5261299b3903b52b9110fa5640e7748fbdcb26c76819e28,COSINE_VALIDATION,UNKNOWN,cosine_validation_unknown,False,False
16586,dev/ee29f60fd057defdd79f9689d62d0bea.wav,validation,VALIDATION,vi-VN,616ca5967d36f0000bd47b78,val_unknown_spk_0001,Female,36,trả lời,trả lời,['trả' 'lời'],['Other' 'Other'],33,email_sendemail,email,2.52,48000,1,True,COSINE_VALIDATION,UNKNOWN,4174d8d1fc75a658db2ed26382fc1bbe4cf87264ba7ce7e4e63e91864bb4de97,COSINE_VALIDATION,UNKNOWN,cosine_validation_unknown,False,False
8263,dev/59ad202007f5b5d5734306b9f3c0a355.wav,validation,VALIDATION,vi-VN,616ca5967d36f0000bd47b78,val_unknown_spk_0001,Female,36,tối nay nhắc tôi cuộc hẹn ngày mai,[timeofday : tối nay] nhắc tôi [event_name : cuộc hẹn] [date : ngày mai],['tối' 'nay' 'nhắc' 'tôi' 'cuộc' 'hẹn' 'ngày' 'mai'],"['timeofday' 'timeofday' 'Other' 'Other' 'event_name' 'event_name' 'date'
 'date']",50,calendar_set,calendar,4.98,48000,1,True,COSINE_VALIDATION,UNKNOWN,fd0c99861b9c99ec59b139b96d5d5a3161410eed3f329efcf60c828c5e4aa199,COSINE_VALIDATION,UNKNOWN,cosine_validation_unknown,False,False
9082,dev/d16d3476b6c70918946a9fb10e3f9276.wav,validation,VALIDATION,vi-VN,616ca5967d36f0000bd47b78,val_unknown_spk_0001,Female,36,xoá ngày sau sự kiện,xoá ngày sau sự kiện,['xoá' 'ngày' 'sau' 'sự' 'kiện'],['Other' 'Other' 'Other' 'Other' 'Other'],30,calendar_remove,calendar,2.52,48000,1,True,COSINE_VALIDATION,UNKNOWN,20bfa1e87e4fa343c2f8ef749b78b752f0d19b94320ea8eb69e740cd05768230,COSINE_VALIDATION,UNKNOWN,cosine_validation_unknown,False,False
7112,dev/95a625be861590c83510afc146092265.wav,validation,VALIDATION,vi-VN,616ca5967d36f0000bd47b78,val_unknown_spk_0001,Female,36,cuộc họp với sếp của tôi tuần tới diễn ra khi nào,[event_name : cuộc họp] với [relation : sếp] của tôi [date : tuần tới] diễn ra khi nào,['cuộc' 'họp' 'với' 'sếp' 'của' 'tôi' 'tuần' 'tới' 'diễn' 'ra' 'khi' 'nào'],"['event_name' 'event_name' 'Other' 'relation' 'Other' 'Other' 'date'
 'date' 'Other' 'Other' 'Other' 'Other']",32,calendar_query,calendar,5.52,48000,1,True,COSINE_VALIDATION,UNKNOWN,09ef7cf03b82d13a7ceccb4f5ec731b2bae19deacebc7eed65a0c64caaa566d8,COSINE_VALIDATION,UNKNOWN,cosine_validation_unknown,False,False
7229,dev/2b8d47a618002b24ad1c81f63e3ca3f1.wav,validation,VALIDATION,vi-VN,616ca5967d36f0000bd47b78,val_unknown_spk_0001,Female,36,vui lòng đánh dấu trên lịch của tôi cho kì nghỉ ở đức vào ngày hai tháng tư,vui lòng đánh dấu trên lịch của tôi cho [event_name : kì nghỉ] ở [place_name : đức] vào [date : ngày hai tháng tư],"['vui' 'lòng' 'đánh' 'dấu' 'trên' 'lịch' 'của' 'tôi' 'cho' 'kì' 'nghỉ' 'ở'
 'đức' 'vào' 'ngày' 'hai' 'tháng' 'tư']","['Other' 'Other' 'Other' 'Other' 'Other' 'Other' 'Other' 'Other' 'Other'
 'event_name' 'event_name' 'Other' 'place_name' 'Other' 'date' 'date'
 'date' 'date']",50,calendar_set,calendar,5.7,48000,1,True,COSINE_VALIDATION,UNKNOWN,7fb6aa4c18ddb8f6f2fe7c6de8926279505270a79c3ec968677357840eb82712,COSINE_VALIDATION,UNKNOWN,cosine_validation_unknown,False,False
11109,dev/5b1931ff31da632b16fd6ba90a401fb7.wav,validation,VALIDATION,vi-VN,616ca5967d36f0000bd47b78,val_unknown_spk_0001,Female,36,danh sách cụ thể này có gì,danh sách cụ thể này có gì,['danh' 'sách' 'cụ' 'thể' 'này' 'có' 'gì'],['Other' 'Other' 'Other' 'Other' 'Other' 'Other' 'Other'],59,lists_query,lists,3.72,48000,1,True,COSINE_VALIDATION,UNKNOWN,140de8b9c7f9b105f1d3dd07872ff8013c2e5beb87c53330df73c893373ab1f2,COSINE_VALIDATION,UNKNOWN,cosine_validation_unknown,False,False
12527,dev/236600464274ded0d3124ea4fffbf2c4.wav,validation,VALIDATION,vi-VN,616ca5967d36f0000bd47b78,val_unknown_spk_0001,Female,36,cho tôi biết số của dịch vụ taxi địa phương,cho tôi biết số của [business_type : dịch vụ taxi] địa phương,['cho' 'tôi' 'biết' 'số' 'của' 'dịch' 'vụ' 'taxi' 'địa' 'phương'],"['Other' 'Other' 'Other' 'Other' 'Other' 'business_type' 'business_type'
 'business_type' 'Other' 'Other']",54,transport_taxi,transport,3.96,48000,1,True,COSINE_VALIDATION,UNKNOWN,64b112f90036bc6dc16337c084d2d8278e535b8b77d9784550c9a0a0b5272384,COSINE_VALIDATION,UNKNOWN,cosine_validation_unknown,False,False
115,dev/819eb35d06bd2625786fc033e781efd2.wav,validation,VALIDATION,vi-VN,616ca5967d36f0000bd47b78,val_unknown_spk_0001,Female,36,chỉnh âm lượng nhỏ đi,chỉnh âm lượng [change_amount : nhỏ đi],['chỉnh' 'âm' 'lượng' 'nhỏ' 'đi'],['Other' 'Other' 'Other' 'change_amount' 'change_amount'],35,audio_volume_down,audio,3.78,48000,1,True,COSINE_VALIDATION,UNKNOWN,4b4c72a7f1357531eb55527caba97875f74d86c3e2c193fbc51b60cfc948b1aa,COSINE_VALIDATION,UNKNOWN,cosine_validation_unknown,False,False
10870,dev/9b922c558951b3a4fad7a4ee7b857122.wav,validation,VALIDATION,vi-VN,616ca5967d36f0000bd47b78,val_unknown_spk_0001,Female,36,thêm mua tạp hóa vào danh sách việc cần làm của tôi hôm nay,thêm mua tạp hóa vào danh sách việc cần làm của tôi [date : hôm nay],"['thêm' 'mua' 'tạp' 'hóa' 'vào' 'danh' 'sách' 'việc' 'cần' 'làm' 'của'
 'tôi' 'hôm' 'nay']","['Other' 'Other' 'Other' 'Other' 'Other' 'Other' 'Other' 'Other' 'Other'
 'Other' 'Other' 'Other' 'date' 'date']",21,lists_createoradd,lists,5.52,48000,1,True,COSINE_VALIDATION,UNKNOWN,be8d8d1b82d76a3959b49f47a63348f3dcac8c328dd533513d744bb238b4a707,COSINE_VALIDATION,UNKNOWN,cosine_validation_unknown,False,False
9190,dev/eafe88da09a0d074c5780b3b5f85cc62.wav,validation,VALIDATION,vi-VN,616ca5967d36f0000bd47b78,val_unknown_spk_0001,Female,36,nhắc tôi một tiếng trước cuộc họp,nhắc tôi [time : một tiếng] trước [event_name : cuộc họp],['nhắc' 'tôi' 'một' 'tiếng' 'trước' 'cuộc' 'họp'],['Other' 'Other' 'time' 'time' 'Other' 'event_name' 'event_name'],50,calendar_set,calendar,3.96,48000,1,True,COSINE_VALIDATION,UNKNOWN,cb5d74dafc2039d1898f86c35e7ab10b91ef577bb9ed98bd12180dd68c85fbe6,COSINE_VALIDATION,UNKNOWN,cosine_validation_unknown,False,False
1357,dev/46c4536b09351a9180c0867fafe2ca44.wav,validation,VALIDATION,vi-VN,616ca5967d36f0000bd47b78,val_unknown_spk_0001,Female,36,chuyển sang tuỳ chọn đèn ban đêm,chuyển sang tuỳ chọn đèn ban đêm,['chuyển' 'sang' 'tuỳ' 'chọn' 'đèn' 'ban' 'đêm'],['Other' 'Other' 'Other' 'Other' 'Other' 'Other' 'Other'],1,iot_hue_lightchange,iot,3.6,48000,1,True,COSINE_VALIDATION,UNKNOWN,98f1c06c1ea0f82917fd5294360accd598311e36e8af55acaf2627fc42892dba,COSINE_VALIDATION,UNKNOWN,cosine_validation_unknown,False,False
4532,dev/066aa90421084d1156f33dd9a60570ee.wav,validation,VALIDATION,vi-VN,616ca5967d36f0000bd47b78,val_unknown_spk_0001,Female,36,trời sẽ mưa sớm như thế nào,trời sẽ [weather_descriptor : mưa] sớm như thế nào,['trời' 'sẽ' 'mưa' 'sớm' 'như' 'thế' 'nào'],['Other' 'Other' 'weather_descriptor' 'Other' 'Other' 'Other' 'Other'],13,weather_query,weather,2.22,48000,1,True,COSINE_VALIDATION,UNKNOWN,36b5416b5c246df4c66c38860e2cec3876840ae283b0101e81401c9c407184b5,COSINE_VALIDATION,UNKNOWN,cosine_validation_unknown,False,False
2092,dev/13adfdb14cd986469f08b9bf3e9bcd49.wav,validation,VALIDATION,vi-VN,616ca5967d36f0000bd47b78,val_unknown_spk_0001,Female,36,kiểm tra tiêu đề nhạc đang phát hiện tại,kiểm tra tiêu đề nhạc đang phát hiện tại,['kiểm' 'tra' 'tiêu' 'đề' 'nhạc' 'đang' 'phát' 'hiện' 'tại'],['Other' 'Other' 'Other' 'Other' 'Other' 'Other' 'Other' 'Other' 'Other'],57,music_query,music,4.8,48000,1,True,COSINE_VALIDATION,UNKNOWN,bb5dfa48d7ec96de87e3b163682c8ad2ab2d01e5ec269878038bad44ac4bb68c,COSINE_VALIDATION,UNKNOWN,cosine_validation_unknown,False,False
9447,dev/cb0312a623f9c95281addae3353949c1.wav,validation,VALIDATION,vi-VN,616ca5967d36f0000bd47b78,val_unknown_spk_0001,Female,36,làm ơn phát âm nhạc phổ biến trên pandora,làm ơn phát âm nhạc phổ biến trên [app_name : pandora],['làm' 'ơn' 'phát' 'âm' 'nhạc' 'phổ' 'biến' 'trên' 'pandora'],"['Other' 'Other' 'Other' 'Other' 'Other' 'Other' 'Other' 'Other'
 'app_name']",36,play_radio,play,5.4,48000,1,True,COSINE_VALIDATION,UNKNOWN,dbe47a29c48231638faf1a32da7c127f6f6ebd14865c944eb2dda02b58dfc90d,COSINE_VALIDATION,UNKNOWN,cosine_validation_unknown,False,False
5242,dev/92f835cc9321367fddf5cd89afa4a336.wav,validation,VALIDATION,vi-VN,616ca5967d36f0000bd47b78,val_unknown_spk_0001,Female,36,làm ơn cho các đèn trong phòng tắm tắt đi,làm ơn cho các đèn trong [house_place : phòng tắm] tắt đi,['làm' 'ơn' 'cho' 'các' 'đèn' 'trong' 'phòng' 'tắm' 'tắt' 'đi'],"['Other' 'Other' 'Other' 'Other' 'Other' 'Other' 'house_place'
 'house_place' 'Other' 'Other']",40,iot_hue_lightoff,iot,4.5,48000,1,True,COSINE_VALIDATION,UNKNOWN,271e1490b285915a9e5803ddc6d98ebe8e79afa164e58223df8e059e8dd23732,COSINE_VALIDATION,UNKNOWN,cosine_validation_unknown,False,False
12888,dev/3125b33aa23f9bca9151b1238375682d.wav,validation,VALIDATION,vi-VN,616ca5967d36f0000bd47b78,val_unknown_spk_0001,Female,36,gọi cho tôi một chiếc taxi chở tôi đến sân bay vào thứ sáu lúc năm giờ ba mươi sáng,gọi cho tôi một chiếc [transport_type : taxi] chở tôi đến [place_name : sân bay] vào [date : thứ sáu] lúc [time : năm giờ ba mươi sáng],"['gọi' 'cho' 'tôi' 'một' 'chiếc' 'taxi' 'chở' 'tôi' 'đến' 'sân' 'bay'
 'vào' 'thứ' 'sáu' 'lúc' 'năm' 'giờ' 'ba' 'mươi' 'sáng']","['Other' 'Other' 'Other' 'Other' 'Other' 'transport_type' 'Other' 'Other'
 'Other' 'place_name' 'place_name' 'Other' 'date' 'date' 'Other' 'time'
 'time' 'time' 'time' 'time']",54,transport_taxi,transport,10.2,48000,1,True,COSINE_VALIDATION,UNKNOWN,356783945c1d78907b3c085526f045e4cf5a6dcdf37cbac3393d4039f4dd811d,COSINE_VALIDATION,UNKNOWN,cosine_validation_unknown,False,False
1544,dev/e3574ede319ccada5bcab08b07ae6ae2.wav,validation,VALIDATION,vi-VN,616ca5967d36f0000bd47b78,val_unknown_spk_0001,Female,36,tôi muốn nghe nhạc sôi động,tôi muốn nghe nhạc [music_descriptor : sôi động],['tôi' 'muốn' 'nghe' 'nhạc' 'sôi' 'động'],['Other' 'Other' 'Other' 'Other' 'music_descriptor' 'music_descriptor'],45,play_music,play,3.72,48000,1,True,COSINE_VALIDATION,UNKNOWN,59621f8d221d0ccd1fa4e02a8b8eee47eaa4f01acad61fcb869481a9c6c1ffdb,COSINE_VALIDATION,UNKNOWN,cosine_validation_unknown,False,False
4908,dev/77d4f05aca6cc3bd5ea5df5f61398cda.wav,validation,VALIDATION,vi-VN,616ca5967d36f0000bd47b78,val_unknown_spk_0001,Female,36,mở một vài truyện cười hay,mở một vài truyện cười [joke_type : hay],['mở' 'một' 'vài' 'truyện' 'cười' 'hay'],['Other' 'Other' 'Other' 'Other' 'Other' 'joke_type'],25,general_joke,general,3.72,48000,1,True,COSINE_VALIDATION,UNKNOWN,7e8e4ce2f059679c80ab5747e210f1e7f092159230f7588350a7709727b6874c,COSINE_VALIDATION,UNKNOWN,cosine_validation_unknown,False,False
3609,dev/99e3ddd2e8cb8b44a83a59ef2c3db8cc.wav,validation,VALIDATION,vi-VN,616ca5967d36f0000bd47b78,val_unknown_spk_0001,Female,36,vui lòng pha cà phê giúp tôi,vui lòng pha cà phê giúp tôi,['vui' 'lòng' 'pha' 'cà' 'phê' 'giúp' 'tôi'],['Other' 'Other' 'Other' 'Other' 'Other' 'Other' 'Other'],56,iot_coffee,iot,4.08,48000,1,True,COSINE_VALIDATION,UNKNOWN,26f3f688081ac93c36277a1773794ffe6a80f64524f654607e6961b3ff2b7c8a,COSINE_VALIDATION,UNKNOWN,cosine_validation_unknown,False,False
2282,dev/e84113e2d66c2e9ab6525f2bc708374b.wav,validation,VALIDATION,vi-VN,616ca5967d36f0000bd47b78,val_unknown_spk_0001,Female,36,cài đặt màu xanh dương cho tất cả các đèn trong nhà của tôi,cài đặt màu [color_type : xanh dương] cho tất cả các đèn trong nhà của tôi,"['cài' 'đặt' 'màu' 'xanh' 'dương' 'cho' 'tất' 'cả' 'các' 'đèn' 'trong'
 'nhà' 'của' 'tôi']","['Other' 'Other' 'Other' 'color_type' 'color_type' 'Other' 'Other' 'Other'
 'Other' 'Other' 'Other' 'Other' 'Other' 'Other']",1,iot_hue_lightchange,iot,5.82,48000,1,True,COSINE_VALIDATION,UNKNOWN,6baea226af38b16b9dc8229308c7eec977365bd7da6072ef229e9627211fa1c7,COSINE_VALIDATION,UNKNOWN,cosine_validation_unknown,False,False
14492,dev/518d1e9e0ad252236612963507d39ad3.wav,validation,VALIDATION,vi-VN,616ca5967d36f0000bd47b78,val_unknown_spk_0001,Female,36,tìm nghĩa của từ thế giới trong từ điển,tìm nghĩa của từ [definition_word : thế giới] trong từ điển,['tìm' 'nghĩa' 'của' 'từ' 'thế' 'giới' 'trong' 'từ' 'điển'],"['Other' 'Other' 'Other' 'Other' 'definition_word' 'definition_word'
 'Other' 'Other' 'Other']",26,qa_definition,qa,4.62,48000,1,True,COSINE_VALIDATION,UNKNOWN,9035ef41d650e625fb157ff61a3af349cb8bfbe39592152080c1deb67f67c55b,COSINE_VALIDATION,UNKNOWN,cosine_validation_unknown,False,False
15460,dev/e1bb228c6291309786a5a6d679ff6a3c.wav,validation,VALIDATION,vi-VN,616ca5967d36f0000bd47b78,val_unknown_spk_0001,Female,36,gửi khiếu nại qua dịch vụ người tiêu dùng twitter,gửi khiếu nại qua [business_name : dịch vụ] người [business_name : tiêu dùng] twitter,['gửi' 'khiếu' 'nại' 'qua' 'dịch' 'vụ' 'người' 'tiêu' 'dùng' 'twitter'],"['Other' 'Other' 'Other' 'Other' 'business_name' 'business_name' 'Other'
 'business_name' 'business_name' 'Other']",47,social_post,social,5.1,48000,1,True,COSINE_VALIDATION,UNKNOWN,d87689230a4bf6539dfccc9f747c111e8c5ca1557b52f8c61e709c8d5e9e0bc4,COSINE_VALIDATION,UNKNOWN,cosine_validation_unknown,False,False
16768,dev/42cf0f831051370d99d585ed2bf06cd5.wav,validation,VALIDATION,vi-VN,616ca5967d36f0000bd47b78,val_unknown_spk_0001,Female,36,mở email của huy,mở email [person : của huy],['mở' 'email' 'của' 'huy'],['Other' 'Other' 'person' 'person'],33,email_sendemail,email,3.78,48000,1,True,COSINE_VALIDATION,UNKNOWN,1cae26b3295f8f01a1ee04336baba65f3442935019d37de80b312d2c1f19b46e,COSINE_VALIDATION,UNKNOWN,cosine_validation_unknown,False,False
4619,dev/e5b82a963a818b381e9bfe96668249f0.wav,validation,VALIDATION,vi-VN,616ca5967d36f0000bd47b78,val_unknown_spk_0001,Female,36,khởi động ổ cắm thông minh mới,khởi động [device_type : ổ cắm thông minh] mới,['khởi' 'động' 'ổ' 'cắm' 'thông' 'minh' 'mới'],"['Other' 'Other' 'device_type' 'device_type' 'device_type' 'device_type'
 'Other']",24,iot_wemo_on,iot,2.7,48000,1,True,COSINE_VALIDATION,UNKNOWN,380d184aaac1bea000807d6e47aeb2285a80e381d5775b9e5f6139b52cb89396,COSINE_VALIDATION,UNKNOWN,cosine_validation_unknown,False,False
2741,dev/89f04651d267cf0b0917e152b650dc7d.wav,validation,VALIDATION,vi-VN,616ca5967d36f0000bd47b78,val_unknown_spk_0001,Female,36,nhà hàng yêu thích của tôi có giao hàng hay không,[business_type : nhà hàng] yêu thích của tôi có [order_type : giao hàng] hay không,"['nhà' 'hàng' 'yêu' 'thích' 'của' 'tôi' 'có' 'giao' 'hàng' 'hay'
 'không']","['business_type' 'business_type' 'Other' 'Other' 'Other' 'Other' 'Other'
 'order_type' 'order_type' 'Other' 'Other']",3,takeaway_query,takeaway,4.44,48000,1,True,COSINE_VALIDATION,UNKNOWN,b10f3fc477fa3216bc51cf4b81299de8ece50bc07fd8d8218c123f8ce76ffbb0,COSINE_VALIDATION,UNKNOWN,cosine_validation_unknown,False,False
16081,dev/f841187fb78a1c9d93e99caf7fad8c7e.wav,validation,VALIDATION,vi-VN,616ca5967d36f0000bd47b78,val_unknown_spk_0001,Female,36,gửi email đến quản lý của tôi,gửi email đến [relation : quản lý] của tôi,['gửi' 'email' 'đến' 'quản' 'lý' 'của' 'tôi'],['Other' 'Other' 'Other' 'relation' 'relation' 'Other' 'Other'],33,email_sendemail,email,5.28,48000,1,True,COSINE_VALIDATION,UNKNOWN,b171118365108d38b98dcab342a43486adf9f2c2237bd95e2e0933e3ee5f994a,COSINE_VALIDATION,UNKNOWN,cosine_validation_unknown,False,False
8160,dev/a58045cb531b4781ec99b683d9b1abee.wav,validation,VALIDATION,vi-VN,616ca5967d36f0000bd47b78,val_unknown_spk_0001,Female,36,tôi cần phải được nhắc rằng có một cuộc họp cho việc nghỉ hưu của minh tạo lời nhắc vào thứ ba lúc ba giờ chiều,tôi cần phải được nhắc rằng có một cuộc họp cho việc [event_name : nghỉ hưu] [person : của minh] tạo lời nhắc vào [date : thứ ba] lúc [time : ba giờ chiều],"['tôi' 'cần' 'phải' 'được' 'nhắc' 'rằng' 'có' 'một' 'cuộc' 'họp' 'cho'
 'việc' 'nghỉ' 'hưu' 'của' 'minh' 'tạo' 'lời' 'nhắc' 'vào' 'thứ' 'ba'
 'lúc' 'ba' 'giờ' 'chiều']","['Other' 'Other' 'Other' 'Other' 'Other' 'Other' 'Other' 'Other' 'Other'
 'Other' 'Other' 'Other' 'event_name' 'event_name' 'person' 'person'
 'Other' 'Other' 'Other' 'Other' 'date' 'date' 'Other' 'time' 'time'
 'time']",50,calendar_set,calendar,9.3,48000,1,True,COSINE_VALIDATION,UNKNOWN,3847557b510015a6816dc84789e3616dbe5ce85800aa2863c0847aea2b0bf702,COSINE_VALIDATION,UNKNOWN,cosine_validation_unknown,False,False
12217,dev/a25ce07fe76dc6dd5f2be9cd858c33a3.wav,validation,VALIDATION,vi-VN,616ca5967d36f0000bd47b78,val_unknown_spk_0001,Female,36,đặt vé máy bay cho tôi,đặt vé máy bay cho tôi,['đặt' 'vé' 'máy' 'bay' 'cho' 'tôi'],['Other' 'Other' 'Other' 'Other' 'Other' 'Other'],2,transport_ticket,transport,3.54,48000,1,True,COSINE_VALIDATION,UNKNOWN,a237393706bc33e3e52d84d113c443f9b4de961f5f9f8015119f9c118b94e35a,COSINE_VALIDATION,UNKNOWN,cosine_validation_unknown,False,False
8677,dev/79cbef7c60e88738d26bdc55af6cf747.wav,validation,VALIDATION,vi-VN,616ca5967d36f0000bd47b78,val_unknown_spk_0001,Female,36,xoá cuộc họp,xoá [event_name : cuộc họp],['xoá' 'cuộc' 'họp'],['Other' 'event_name' 'event_name'],30,calendar_remove,calendar,1.62,48000,1,True,COSINE_VALIDATION,UNKNOWN,2a6b9fa4b677ea9755cd9ff66a988707d575bad7c97d9e86bc90e2c1d8310a8f,COSINE_VALIDATION,UNKNOWN,cosine_validation_unknown,False,False
16442,dev/6a9109e3098002a04a75bb08afefedc8.wav,validation,VALIDATION,vi-VN,616ca5967d36f0000bd47b78,val_unknown_spk_0001,Female,36,gửi email đến viettel về dịch vụ xấu của họ,gửi email đến [business_name : viettel] về dịch vụ xấu của họ,['gửi' 'email' 'đến' 'viettel' 'về' 'dịch' 'vụ' 'xấu' 'của' 'họ'],"['Other' 'Other' 'Other' 'business_name' 'Other' 'Other' 'Other' 'Other'
 'Other' 'Other']",33,email_sendemail,email,5.34,48000,1,True,COSINE_VALIDATION,UNKNOWN,b32597119f7beb21564634330e4c24713bdf983ed79902ef7176f262feae96d0,COSINE_VALIDATION,UNKNOWN,cosine_validation_unknown,False,False
8132,dev/c22c468d531a422d17c183069fff5737.wav,validation,VALIDATION,vi-VN,616ca5967d36f0000bd47b78,val_unknown_spk_0001,Female,36,ngày mai khi nào tàu chạy,[date : ngày mai] khi nào tàu chạy,['ngày' 'mai' 'khi' 'nào' 'tàu' 'chạy'],['date' 'date' 'Other' 'Other' 'Other' 'Other'],32,calendar_query,calendar,4.26,48000,1,True,COSINE_VALIDATION,UNKNOWN,906101c2fa1b2586d7a39150ff581cb1fe3c90f6242e60b65807d54dc5f621c4,COSINE_VALIDATION,UNKNOWN,cosine_validation_unknown,False,False
7517,dev/2911e404dd2a1a2739286360f941015f.wav,validation,VALIDATION,vi-VN,6549198eec431d4a6768a13e,val_unknown_spk_0002,Male,21,lên lịch một cuộc họp vào thứ ba,lên lịch một [event_name : cuộc họp] vào [date : thứ ba],['lên' 'lịch' 'một' 'cuộc' 'họp' 'vào' 'thứ' 'ba'],['Other' 'Other' 'Other' 'event_name' 'event_name' 'Other' 'date' 'date'],50,calendar_set,calendar,2.58,48000,1,True,COSINE_VALIDATION,UNKNOWN,fcb4335814d6d93ebbf5ec00edb27f3b818e2445fd68a8514f439cd5ca0a1290,COSINE_VALIDATION,UNKNOWN,cosine_validation_unknown,False,False
1277,dev/b8ac64b040c6bd46caf69db855b16f52.wav,validation,VALIDATION,vi-VN,6549198eec431d4a6768a13e,val_unknown_spk_0002,Male,21,ê,ê,['ê'],['Other'],5,general_greet,general,0.96,48000,1,True,COSINE_VALIDATION,UNKNOWN,279fc71ec7d475169a67ed4c4c3e83c1fb3558aedb692d025a62e02f7be9bcf0,COSINE_VALIDATION,UNKNOWN,cosine_validation_unknown,False,False
3875,dev/08d2e376d8c5edef3b09b6133951acab.wav,validation,VALIDATION,vi-VN,6549198eec431d4a6768a13e,val_unknown_spk_0002,Male,21,thời tiết các ngày còn lại trong tuần thế nào,thời tiết [date : các ngày còn lại trong tuần] thế nào,['thời' 'tiết' 'các' 'ngày' 'còn' 'lại' 'trong' 'tuần' 'thế' 'nào'],['Other' 'Other' 'date' 'date' 'date' 'date' 'date' 'date' 'Other' 'Other'],13,weather_query,weather,2.94,48000,1,True,COSINE_VALIDATION,UNKNOWN,886e3b64aa873d60bb4546df2de96775dbeb9639e1ff4aed0865069a10d2c5fc,COSINE_VALIDATION,UNKNOWN,cosine_validation_unknown,False,False
11061,dev/0c90719cdce2da96f64f73c067b65d6d.wav,validation,VALIDATION,vi-VN,6549198eec431d4a6768a13e,val_unknown_spk_0002,Male,21,vui lòng thêm dũng vào danh bạ,vui lòng thêm [person : dũng] vào danh bạ,['vui' 'lòng' 'thêm' 'dũng' 'vào' 'danh' 'bạ'],['Other' 'Other' 'Other' 'person' 'Other' 'Other' 'Other'],15,email_addcontact,email,1.74,48000,1,True,COSINE_VALIDATION,UNKNOWN,0d4c075fd4ed3f963f42a42fcb8ea3ae717e1c4a389b4e5269451f9dce939f29,COSINE_VALIDATION,UNKNOWN,cosine_validation_unknown,False,False
9907,dev/2478ef32da67acd332e645a1037da684.wav,validation,VALIDATION,vi-VN,6549198eec431d4a6768a13e,val_unknown_spk_0002,Male,21,phát từ điểm này của quyển sách nói này,phát từ điểm này của quyển [media_type : sách nói] này,['phát' 'từ' 'điểm' 'này' 'của' 'quyển' 'sách' 'nói' 'này'],"['Other' 'Other' 'Other' 'Other' 'Other' 'Other' 'media_type' 'media_type'
 'Other']",20,play_audiobook,play,2.64,48000,1,True,COSINE_VALIDATION,UNKNOWN,c245b8653f39988d1885f007a22421a66ba609a49c1bdbf0a96477a7de8b4199,COSINE_VALIDATION,UNKNOWN,cosine_validation_unknown,False,False
8895,dev/d8b71137b98296937678d8ea6ac514cf.wav,validation,VALIDATION,vi-VN,6549198eec431d4a6768a13e,val_unknown_spk_0002,Male,21,sự kiện lịch với những người này,sự kiện lịch với những người này,['sự' 'kiện' 'lịch' 'với' 'những' 'người' 'này'],['Other' 'Other' 'Other' 'Other' 'Other' 'Other' 'Other'],50,calendar_set,calendar,2.28,48000,1,True,COSINE_VALIDATION,UNKNOWN,cb0d9a421ad532399ee7ac0884de7165a789662b3ae220afb1350e745e72bb27,COSINE_VALIDATION,UNKNOWN,cosine_validation_unknown,False,False
8699,dev/aefdcd134c4655820c52c59111761279.wav,validation,VALIDATION,vi-VN,6549198eec431d4a6768a13e,val_unknown_spk_0002,Male,21,tôi cần chuẩn bị một cuộc họp,tôi cần chuẩn bị một [event_name : cuộc họp],['tôi' 'cần' 'chuẩn' 'bị' 'một' 'cuộc' 'họp'],['Other' 'Other' 'Other' 'Other' 'Other' 'event_name' 'event_name'],32,calendar_query,calendar,1.86,48000,1,True,COSINE_VALIDATION,UNKNOWN,77347a3adbae2270cd4394bceb7fecc45bd952db975b5efa7b853b67db4d9165,COSINE_VALIDATION,UNKNOWN,cosine_validation_unknown,False,False
13075,dev/c0512e66d8873800b6ff05e9eb5a99d4.wav,validation,VALIDATION,vi-VN,6549198eec431d4a6768a13e,val_unknown_spk_0002,Male,21,cho tôi biết tại sao trấn thành là một diễn viên hài giỏi hơn hoài linh,cho tôi biết tại sao [person : trấn thành] là một diễn viên hài giỏi hơn [person : hoài linh],"['cho' 'tôi' 'biết' 'tại' 'sao' 'trấn' 'thành' 'là' 'một' 'diễn' 'viên'
 'hài' 'giỏi' 'hơn' 'hoài' 'linh']","['Other' 'Other' 'Other' 'Other' 'Other' 'person' 'person' 'Other' 'Other'
 'Other' 'Other' 'Other' 'Other' 'Other' 'person' 'person']",49,qa_factoid,qa,3.48,48000,1,True,COSINE_VALIDATION,UNKNOWN,a88d72b0bd6255cd26fa8663d788ac9918b90681798d052605355a9c69cdcba8,COSINE_VALIDATION,UNKNOWN,cosine_validation_unknown,False,False
9889,dev/f321f1f42cb6da327eda0bb24251e7ce.wav,validation,VALIDATION,vi-VN,6549198eec431d4a6768a13e,val_unknown_spk_0002,Male,21,tiếp tục phát cuốn tấm cám của tôi,[player_setting : tiếp tục phát] cuốn [audiobook_name : tấm cám] của tôi,['tiếp' 'tục' 'phát' 'cuốn' 'tấm' 'cám' 'của' 'tôi'],"['player_setting' 'player_setting' 'player_setting' 'Other'
 'audiobook_name' 'audiobook_name' 'Other' 'Other']",20,play_audiobook,play,2.46,48000,1,True,COSINE_VALIDATION,UNKNOWN,20444f017ba386f2a3f5a9bfa2e414ed8cc9139f3dff1f520a780da373708bb9,COSINE_VALIDATION,UNKNOWN,cosine_validation_unknown,False,False
251,dev/bbe4f6f2e3a861d35cf17ecff685e9df.wav,validation,VALIDATION,vi-VN,6549198eec431d4a6768a13e,val_unknown_spk_0002,Male,21,olly death metal bây giờ,olly death [music_genre : metal] bây giờ,['olly' 'death' 'metal' 'bây' 'giờ'],['Other' 'Other' 'music_genre' 'Other' 'Other'],45,play_music,play,2.34,48000,1,True,COSINE_VALIDATION,UNKNOWN,1973a0e9b1a4a2f06a6655e863e063862f48906b397656752c05c175e35a1d33,COSINE_VALIDATION,UNKNOWN,cosine_validation_unknown,False,False
2006,dev/65c27ca786f8b4a1dba9166c3f7f014b.wav,validation,VALIDATION,vi-VN,6549198eec431d4a6768a13e,val_unknown_spk_0002,Male,21,vui lòng phát rap,vui lòng phát [music_genre : rap],['vui' 'lòng' 'phát' 'rap'],['Other' 'Other' 'Other' 'music_genre'],45,play_music,play,1.98,48000,1,True,COSINE_VALIDATION,UNKNOWN,ab12f2276e063a8e3a9e2764fd87115e96957b99c3f837982c76f76140f87127,COSINE_VALIDATION,UNKNOWN,cosine_validation_unknown,False,False
3868,dev/be3fbd537f2eebe4f3e2a5f18d720966.wav,validation,VALIDATION,vi-VN,6549198eec431d4a6768a13e,val_unknown_spk_0002,Male,21,tiêu đề từ chicago tribune là gì,tiêu đề từ [media_type : chicago tribune] là gì,['tiêu' 'đề' 'từ' 'chicago' 'tribune' 'là' 'gì'],['Other' 'Other' 'Other' 'media_type' 'media_type' 'Other' 'Other'],22,news_query,news,3.12,48000,1,True,COSINE_VALIDATION,UNKNOWN,63f7b09fc2e0c278c916b62cb8ce8a44944d3fa65d8d85c2cd9b507f88bc32dd,COSINE_VALIDATION,UNKNOWN,cosine_validation_unknown,False,False
9838,dev/e2a86c64fc1f8e55dd8c892bc7952af0.wav,validation,VALIDATION,vi-VN,6549198eec431d4a6768a13e,val_unknown_spk_0002,Male,21,phát sách nói bạch tuyết và bảy chú lùn,phát [media_type : sách nói] [audiobook_name : bạch tuyết và bảy chú lùn],['phát' 'sách' 'nói' 'bạch' 'tuyết' 'và' 'bảy' 'chú' 'lùn'],"['Other' 'media_type' 'media_type' 'audiobook_name' 'audiobook_name'
 'audiobook_name' 'audiobook_name' 'audiobook_name' 'audiobook_name']",20,play_audiobook,play,1.74,48000,1,True,COSINE_VALIDATION,UNKNOWN,e471d2ae1463fe8a116f6732ff3d96c7764be8a5345722ddde73f46d8f8ee1cc,COSINE_VALIDATION,UNKNOWN,cosine_validation_unknown,False,False
5746,dev/1a20e4f280f735ae1a661773ef268ecf.wav,validation,VALIDATION,vi-VN,6549198eec431d4a6768a13e,val_unknown_spk_0002,Male,21,ngày nào trong tuần là ngày mười hai,ngày nào trong tuần là [date : ngày mười hai],['ngày' 'nào' 'trong' 'tuần' 'là' 'ngày' 'mười' 'hai'],['Other' 'Other' 'Other' 'Other' 'Other' 'date' 'date' 'date'],0,datetime_query,datetime,2.16,48000,1,True,COSINE_VALIDATION,UNKNOWN,14bd479e54f1d6c68ce68d51a43110b6b7dce9361509a0140ff4cd41c4eba1d7,COSINE_VALIDATION,UNKNOWN,cosine_validation_unknown,False,False
5408,dev/b783fc28d2d40402721e076d771cd9c0.wav,validation,VALIDATION,vi-VN,6549198eec431d4a6768a13e,val_unknown_spk_0002,Male,21,làm ơn cho tôi biết chi tiết về bản nhạc của o zaalima,làm ơn cho tôi biết chi tiết về bản nhạc của [artist_name : o zaalima],"['làm' 'ơn' 'cho' 'tôi' 'biết' 'chi' 'tiết' 'về' 'bản' 'nhạc' 'của'
 'o' 'zaalima']","['Other' 'Other' 'Other' 'Other' 'Other' 'Other' 'Other' 'Other' 'Other'
 'Other' 'Other' 'artist_name' 'artist_name']",57,music_query,music,4.62,48000,1,True,COSINE_VALIDATION,UNKNOWN,fae14efe93011bd3ddc3ab38c859a8955b8a64ddbb2e1f89ad5e35a09b5bf574,COSINE_VALIDATION,UNKNOWN,cosine_validation_unknown,False,False
12125,dev/8c1eab70583720d074d4930aee30573e.wav,validation,VALIDATION,vi-VN,6549198eec431d4a6768a13e,val_unknown_spk_0002,Male,21,olly tôi muốn đến hà nội bằng tàu hỏa ngày thứ tư,olly tôi muốn đến [place_name : hà nội] bằng tàu hỏa ngày [date : thứ tư],['olly' 'tôi' 'muốn' 'đến' 'hà' 'nội' 'bằng' 'tàu' 'hỏa' 'ngày' 'thứ' 'tư'],"['Other' 'Other' 'Other' 'Other' 'place_name' 'place_name' 'Other' 'Other'
 'Other' 'Other' 'date' 'date']",2,transport_ticket,transport,3.42,48000,1,True,COSINE_VALIDATION,UNKNOWN,f255fd72fca8008b926d0ac35b36ec2866f994aa55e6aa94d0cac2939b7dbf05,COSINE_VALIDATION,UNKNOWN,cosine_validation_unknown,False,False
1215,dev/c08ddd1c0872b2bed2a6482576178ead.wav,validation,VALIDATION,vi-VN,6549198eec431d4a6768a13e,val_unknown_spk_0002,Male,21,olly làm cho phòng khách màu xanh dương,olly làm cho [house_place : phòng khách] [color_type : màu xanh dương],['olly' 'làm' 'cho' 'phòng' 'khách' 'màu' 'xanh' 'dương'],"['Other' 'Other' 'Other' 'house_place' 'house_place' 'color_type'
 'color_type' 'color_type']",1,iot_hue_lightchange,iot,1.92,48000,1,True,COSINE_VALIDATION,UNKNOWN,c35577b69bc78649e419687d12aa87da6a2dcbfd72ce5080f7d585bd990064a7,COSINE_VALIDATION,UNKNOWN,cosine_validation_unknown,False,False
10916,dev/44af0916e04aa8820f465a0cfd436fc7.wav,validation,VALIDATION,vi-VN,6549198eec431d4a6768a13e,val_unknown_spk_0002,Male,21,vui lòng xóa danh sách đầu tiên,vui lòng xóa danh sách đầu tiên,['vui' 'lòng' 'xóa' 'danh' 'sách' 'đầu' 'tiên'],['Other' 'Other' 'Other' 'Other' 'Other' 'Other' 'Other'],53,lists_remove,lists,1.98,48000,1,True,COSINE_VALIDATION,UNKNOWN,6138dcf730337f5ebc6813c39c8cbb4db01c31c39e86c03a4d583ea421bab61d,COSINE_VALIDATION,UNKNOWN,cosine_validation_unknown,False,False
6570,dev/10e852019d0c41a2ea614f864373c828.wav,validation,VALIDATION,vi-VN,6549198eec431d4a6768a13e,val_unknown_spk_0002,Male,21,nói cho tôi biết về mỹ tâm,nói cho tôi biết về [artist_name : mỹ tâm],['nói' 'cho' 'tôi' 'biết' 'về' 'mỹ' 'tâm'],['Other' 'Other' 'Other' 'Other' 'Other' 'artist_name' 'artist_name'],12,general_quirky,general,2.16,48000,1,True,COSINE_VALIDATION,UNKNOWN,6426a2f417356a192940397321003c754862457134e3ff595c9a676f141bba89,COSINE_VALIDATION,UNKNOWN,cosine_validation_unknown,False,False
4161,dev/4d4900076234807185292406720266cb.wav,validation,VALIDATION,vi-VN,6549198eec431d4a6768a13e,val_unknown_spk_0002,Male,21,tôi muốn đặt một vài món trung tối nay cửa hàng nào có giao hàng,tôi muốn đặt một vài món [food_type : trung] [timeofday : tối nay] cửa hàng nào có giao hàng,"['tôi' 'muốn' 'đặt' 'một' 'vài' 'món' 'trung' 'tối' 'nay' 'cửa'
 'hàng' 'nào' 'có' 'giao' 'hàng']","['Other' 'Other' 'Other' 'Other' 'Other' 'Other' 'food_type' 'timeofday'
 'timeofday' 'Other' 'Other' 'Other' 'Other' 'Other' 'Other']",16,takeaway_order,takeaway,4.62,48000,1,True,COSINE_VALIDATION,UNKNOWN,02c4ef88edac4f1f124b43fe25ed8d08780b237a35f168dce3c8fafe799cf9e5,COSINE_VALIDATION,UNKNOWN,cosine_validation_unknown,False,False
15609,dev/debe0dee2a1e536c6d4823e9c0a04c6c.wav,validation,VALIDATION,vi-VN,6549198eec431d4a6768a13e,val_unknown_spk_0002,Male,21,tweet dịch vụ khách hàng không tốt cho dịch vụ lít trên gram của tài khoản twitter của tôi,[media_type : tweet] dịch vụ khách hàng không tốt cho dịch vụ lít trên gram của tài khoản [media_type : twitter] của tôi,"['tweet' 'dịch' 'vụ' 'khách' 'hàng' 'không' 'tốt' 'cho' 'dịch' 'vụ' 'lít'
 'trên' 'gram' 'của' 'tài' 'khoản' 'twitter' 'của' 'tôi']","['media_type' 'Other' 'Other' 'Other' 'Other' 'Other' 'Other' 'Other'
 'Other' 'Other' 'Other' 'Other' 'Other' 'Other' 'Other' 'Other'
 'media_type' 'Other' 'Other']",47,social_post,social,5.82,48000,1,True,COSINE_VALIDATION,UNKNOWN,dcccc22913e67354b33d7bc25317484a17150df1c16abe558c66ed9189dfbbb7,COSINE_VALIDATION,UNKNOWN,cosine_validation_unknown,False,False
1732,dev/fcdf001d2662697eec622fa77a6a88ad.wav,validation,VALIDATION,vi-VN,6549198eec431d4a6768a13e,val_unknown_spk_0002,Male,21,thanh toán hôm nay đặt báo thức lúc mười giờ sáng,thanh toán [date : hôm nay] đặt báo thức lúc [time : mười giờ sáng],['thanh' 'toán' 'hôm' 'nay' 'đặt' 'báo' 'thức' 'lúc' 'mười' 'giờ' 'sáng'],"['Other' 'Other' 'date' 'date' 'Other' 'Other' 'Other' 'Other' 'time'
 'time' 'time']",23,alarm_query,alarm,2.88,48000,1,True,COSINE_VALIDATION,UNKNOWN,8c00bd68baf4b1c3dfa9f01a5227c780d78758845ade4affca3c06c637e86580,COSINE_VALIDATION,UNKNOWN,cosine_validation_unknown,False,False
1227,dev/f6c2fad1463af8179337b38bac7aa4c5.wav,validation,VALIDATION,vi-VN,6549198eec431d4a6768a13e,val_unknown_spk_0002,Male,21,tôi muốn ngày của thứ hai cuối cùng của tháng này,tôi muốn ngày của [date : thứ hai cuối cùng của tháng này],['tôi' 'muốn' 'ngày' 'của' 'thứ' 'hai' 'cuối' 'cùng' 'của' 'tháng' 'này'],"['Other' 'Other' 'Other' 'Other' 'date' 'date' 'date' 'date' 'date' 'date'
 'date']",0,datetime_query,datetime,3.36,48000,1,True,COSINE_VALIDATION,UNKNOWN,19699824f13a35535838571b709da0c4a03d3171375c96444a7235e263bd617e,COSINE_VALIDATION,UNKNOWN,cosine_validation_unknown,False,False
5186,dev/cf6877a4e60c39e51aa8d9f8be70e652.wav,validation,VALIDATION,vi-VN,6549198eec431d4a6768a13e,val_unknown_spk_0002,Male,21,olly có tin tức nào mới về cuộc bầu cử tổng thống không,olly có tin tức nào mới về cuộc [news_topic : bầu cử tổng thống] không,"['olly' 'có' 'tin' 'tức' 'nào' 'mới' 'về' 'cuộc' 'bầu' 'cử' 'tổng' 'thống'
 'không']","['Other' 'Other' 'Other' 'Other' 'Other' 'Other' 'Other' 'Other'
 'news_topic' 'news_topic' 'news_topic' 'news_topic' 'Other']",22,news_query,news,2.88,48000,1,True,COSINE_VALIDATION,UNKNOWN,6e2ddcdc700c2cb7aca29a81f3ea455d7609a6c9f154b78ae1f3cf3fe8dd169e,COSINE_VALIDATION,UNKNOWN,cosine_validation_unknown,False,False
12617,dev/e322355ce2c9ecdf62a60c6df660c5dc.wav,validation,VALIDATION,vi-VN,6549198eec431d4a6768a13e,val_unknown_spk_0002,Male,21,vui lòng gửi cho tôi thông tin về cách mua vé tàu đến new york,vui lòng gửi cho tôi thông tin về cách mua vé [transport_type : tàu] đến [place_name : new york],"['vui' 'lòng' 'gửi' 'cho' 'tôi' 'thông' 'tin' 'về' 'cách' 'mua' 'vé' 'tàu'
 'đến' 'new' 'york']","['Other' 'Other' 'Other' 'Other' 'Other' 'Other' 'Other' 'Other' 'Other'
 'Other' 'Other' 'transport_type' 'Other' 'place_name' 'place_name']",42,transport_query,transport,3.78,48000,1,True,COSINE_VALIDATION,UNKNOWN,191514f74f91df3a12cd7421224de21d0a09b75216786667e15880588bff16cf,COSINE_VALIDATION,UNKNOWN,cosine_validation_unknown,False,False
14088,dev/2d4b7c0046d986ef0540b35eba5b329a.wav,validation,VALIDATION,vi-VN,6549198eec431d4a6768a13e,val_unknown_spk_0002,Male,21,tỷ lệ chứng khoán hiện tại của facebook là bao nhiêu,tỷ lệ chứng khoán hiện tại của [business_name : facebook] là bao nhiêu,"['tỷ' 'lệ' 'chứng' 'khoán' 'hiện' 'tại' 'của' 'facebook' 'là' 'bao'
 'nhiêu']","['Other' 'Other' 'Other' 'Other' 'Other' 'Other' 'Other' 'business_name'
 'Other' 'Other' 'Other']",4,qa_stock,qa,2.04,48000,1,True,COSINE_VALIDATION,UNKNOWN,e1c24b35ddad2d237fb455f2a7da0407c2e2cab939a3cb74872881530be9cddc,COSINE_VALIDATION,UNKNOWN,cosine_validation_unknown,False,False
67,dev/b05203d010d3c6b7417b94c1f38e040f.wav,validation,VALIDATION,vi-VN,6549198eec431d4a6768a13e,val_unknown_spk_0002,Male,21,tôi muốn nghe người hãy quên em đi của mỹ tâm,tôi muốn nghe [song_name : người hãy quên em đi] của [artist_name : mỹ tâm],['tôi' 'muốn' 'nghe' 'người' 'hãy' 'quên' 'em' 'đi' 'của' 'mỹ' 'tâm'],"['Other' 'Other' 'Other' 'song_name' 'song_name' 'song_name' 'song_name'
 'song_name' 'Other' 'artist_name' 'artist_name']",45,play_music,play,2.94,48000,1,True,COSINE_VALIDATION,UNKNOWN,ed68e9051bfbb7bd827b0c0dafd6e9d7f47731d63ca977aa5b630aed66c4968b,COSINE_VALIDATION,UNKNOWN,cosine_validation_unknown,False,False
2649,dev/84d24c4f25c0cb1200e63cd327abe49f.wav,validation,VALIDATION,vi-VN,6549198eec431d4a6768a13e,val_unknown_spk_0002,Male,21,dự báo thời tiết ở hạ long như thế nào,dự báo thời tiết ở [place_name : hạ long] như thế nào,['dự' 'báo' 'thời' 'tiết' 'ở' 'hạ' 'long' 'như' 'thế' 'nào'],"['Other' 'Other' 'Other' 'Other' 'Other' 'place_name' 'place_name' 'Other'
 'Other' 'Other']",13,weather_query,weather,3.0,48000,1,True,COSINE_VALIDATION,UNKNOWN,a4d7cc7ec677426c9ee0a2bfed1607e49086496b8a94269129b6c12736023c95,COSINE_VALIDATION,UNKNOWN,cosine_validation_unknown,False,False
2122,dev/7b308eeb4af1541e6ed9d5940ff8f96a.wav,validation,VALIDATION,vi-VN,6549198eec431d4a6768a13e,val_unknown_spk_0002,Male,21,chuyển các đèn phòng khách thành màu đỏ,chuyển các đèn [house_place : phòng khách] thành [color_type : màu đỏ],['chuyển' 'các' 'đèn' 'phòng' 'khách' 'thành' 'màu' 'đỏ'],"['Other' 'Other' 'Other' 'house_place' 'house_place' 'Other' 'color_type'
 'color_type']",1,iot_hue_lightchange,iot,1.86,48000,1,True,COSINE_VALIDATION,UNKNOWN,10caec23f038e5dbd1851e662de1fd0ee002f5d18e3a131da6d3fd8516d8a94d,COSINE_VALIDATION,UNKNOWN,cosine_validation_unknown,False,False
5882,dev/8abbe60e8d4154e527e4b49fd2a1df70.wav,validation,VALIDATION,vi-VN,6549198eec431d4a6768a13e,val_unknown_spk_0002,Male,21,nghĩa của một từ cụ thể,nghĩa của một từ cụ thể,['nghĩa' 'của' 'một' 'từ' 'cụ' 'thể'],['Other' 'Other' 'Other' 'Other' 'Other' 'Other'],12,general_quirky,general,1.5,48000,1,True,COSINE_VALIDATION,UNKNOWN,92c34084ed0cab51da821fc940ee2b9617968e60e8248c897715c490c5dc0965,COSINE_VALIDATION,UNKNOWN,cosine_validation_unknown,False,False
11196,dev/d2444be3bdf4eeeef71dfc0207b2443e.wav,validation,VALIDATION,vi-VN,6549198eec431d4a6768a13e,val_unknown_spk_0002,Male,21,thêm bánh ngọt vào danh sách giáng sinh,thêm bánh ngọt vào danh sách [list_name : giáng sinh],['thêm' 'bánh' 'ngọt' 'vào' 'danh' 'sách' 'giáng' 'sinh'],['Other' 'Other' 'Other' 'Other' 'Other' 'Other' 'list_name' 'list_name'],21,lists_createoradd,lists,2.22,48000,1,True,COSINE_VALIDATION,UNKNOWN,15ca2b77de20c404baefeb2b830d7a6258c322e112f73eade452c108b75debd9,COSINE_VALIDATION,UNKNOWN,cosine_validation_unknown,False,False
2901,dev/074e1bff41621a92511e916c88deef0c.wav,validation,VALIDATION,vi-VN,6549198eec431d4a6768a13e,val_unknown_spk_0002,Male,21,đặt bánh quy tổng hợp mang đi,đặt [food_type : bánh quy] tổng hợp mang đi,['đặt' 'bánh' 'quy' 'tổng' 'hợp' 'mang' 'đi'],['Other' 'food_type' 'food_type' 'Other' 'Other' 'Other' 'Other'],16,takeaway_order,takeaway,1.68,48000,1,True,COSINE_VALIDATION,UNKNOWN,a2d61107240d5764bbf6502eb2d9eb6395ef6f109d69eb168465a052f0694c29,COSINE_VALIDATION,UNKNOWN,cosine_validation_unknown,False,False
9934,dev/683c7b9a15ca40ffc3742f0c7543e361.wav,validation,VALIDATION,vi-VN,6549198eec431d4a6768a13e,val_unknown_spk_0002,Male,21,tôi có thể nấu gì với bông cải xanh và gà,tôi có thể nấu gì với [ingredient : bông cải xanh] và [ingredient : gà],['tôi' 'có' 'thể' 'nấu' 'gì' 'với' 'bông' 'cải' 'xanh' 'và' 'gà'],"['Other' 'Other' 'Other' 'Other' 'Other' 'Other' 'ingredient' 'ingredient'
 'ingredient' 'Other' 'ingredient']",9,cooking_recipe,cooking,3.3,48000,1,True,COSINE_VALIDATION,UNKNOWN,abe0a1f98a1c48a1d9abad6cf3bbc8c254fbea731d5c6ada90f0b13915f375a4,COSINE_VALIDATION,UNKNOWN,cosine_validation_unknown,False,False
4681,dev/7fd397ad234565bbd1876aba2bc69c6c.wav,validation,VALIDATION,vi-VN,6549198eec431d4a6768a13e,val_unknown_spk_0002,Male,21,trận chơi gôn của tôi có bị mưa không,trận chơi gôn của tôi có bị [weather_descriptor : mưa] không,['trận' 'chơi' 'gôn' 'của' 'tôi' 'có' 'bị' 'mưa' 'không'],"['Other' 'Other' 'Other' 'Other' 'Other' 'Other' 'Other'
 'weather_descriptor' 'Other']",13,weather_query,weather,2.7,48000,1,True,COSINE_VALIDATION,UNKNOWN,28ea04f8020e887219db590fd90ee57cabf9d5d642f428d03c90dae5c9ed6321,COSINE_VALIDATION,UNKNOWN,cosine_validation_unknown,False,False
13353,dev/606e308ee766fe4c6056fd15bc6d982b.wav,validation,VALIDATION,vi-VN,6549198eec431d4a6768a13e,val_unknown_spk_0002,Male,21,dùng trong một câu,dùng trong một câu,['dùng' 'trong' 'một' 'câu'],['Other' 'Other' 'Other' 'Other'],26,qa_definition,qa,1.56,48000,1,True,COSINE_VALIDATION,UNKNOWN,4687004f3e9068e331cfea27551b03ee05952bd629268fc43ce5fe3005eea021,COSINE_VALIDATION,UNKNOWN,cosine_validation_unknown,False,False
11063,dev/6c12b654e330085710f07c49b31614ff.wav,validation,VALIDATION,vi-VN,6549198eec431d4a6768a13e,val_unknown_spk_0002,Male,21,đọc cho tôi các danh sách của tôi,đọc cho tôi các danh sách của tôi,['đọc' 'cho' 'tôi' 'các' 'danh' 'sách' 'của' 'tôi'],['Other' 'Other' 'Other' 'Other' 'Other' 'Other' 'Other' 'Other'],59,lists_query,lists,1.62,48000,1,True,COSINE_VALIDATION,UNKNOWN,2ccad952cd83304be5d524916ceb5190ef2a6300f03f22be680b0f7bd516106d,COSINE_VALIDATION,UNKNOWN,cosine_validation_unknown,False,False
4094,dev/eaf133f7b3dae2b7ff3abd9b205bb380.wav,validation,VALIDATION,vi-VN,6549198eec431d4a6768a13e,val_unknown_spk_0002,Male,21,hãy bật một báo thức lúc tám giờ sáng,hãy bật một báo thức lúc [time : tám giờ sáng],['hãy' 'bật' 'một' 'báo' 'thức' 'lúc' 'tám' 'giờ' 'sáng'],['Other' 'Other' 'Other' 'Other' 'Other' 'Other' 'time' 'time' 'time'],48,alarm_set,alarm,2.04,48000,1,True,COSINE_VALIDATION,UNKNOWN,1e4d16e99ab07a79928349f995699721733caafc3195f0b453cfedae626908bb,COSINE_VALIDATION,UNKNOWN,cosine_validation_unknown,False,False
5126,dev/1802a28653e83e78c27fc204e7b0edbd.wav,validation,VALIDATION,vi-VN,6549198eec431d4a6768a13e,val_unknown_spk_0002,Male,21,lạm dụng thuốc kháng sinh tại việt nam ngày càng tăng,[news_topic : lạm dụng thuốc kháng sinh tại việt nam ngày càng tăng],"['lạm' 'dụng' 'thuốc' 'kháng' 'sinh' 'tại' 'việt' 'nam' 'ngày' 'càng'
 'tăng']","['news_topic' 'news_topic' 'news_topic' 'news_topic' 'news_topic'
 'news_topic' 'news_topic' 'news_topic' 'news_topic' 'news_topic'
 'news_topic']",22,news_query,news,2.22,48000,1,True,COSINE_VALIDATION,UNKNOWN,2eb89534b8c7a3422b465c5baa866413efcf9c523dba418a48dd7346ca7a0d9f,COSINE_VALIDATION,UNKNOWN,cosine_validation_unknown,False,False
7731,dev/7f390002e3947aed8abdb5349479c7cf.wav,validation,VALIDATION,vi-VN,6549198eec431d4a6768a13e,val_unknown_spk_0002,Male,21,thiết lập một sự kiện cho buổi tối,thiết lập một sự kiện cho [timeofday : buổi tối],['thiết' 'lập' 'một' 'sự' 'kiện' 'cho' 'buổi' 'tối'],['Other' 'Other' 'Other' 'Other' 'Other' 'Other' 'timeofday' 'timeofday'],50,calendar_set,calendar,1.44,48000,1,True,COSINE_VALIDATION,UNKNOWN,05dbea3bbf542503e6555c59b045714bc5c6bb9127d0a4e26cb750d08da5f42d,COSINE_VALIDATION,UNKNOWN,cosine_validation_unknown,False,False
2769,dev/3af7222db462f9a5a2471d0d1b8546c8.wav,validation,VALIDATION,vi-VN,6549198eec431d4a6768a13e,val_unknown_spk_0002,Male,21,phát nhạc từ thể loại jazz,phát nhạc từ thể loại [music_genre : jazz],['phát' 'nhạc' 'từ' 'thể' 'loại' 'jazz'],['Other' 'Other' 'Other' 'Other' 'Other' 'music_genre'],45,play_music,play,1.74,48000,1,True,COSINE_VALIDATION,UNKNOWN,439071668b30702c3505ef67197dc37c2aaae227ee288e96f702c6523a4608d9,COSINE_VALIDATION,UNKNOWN,cosine_validation_unknown,False,False
6751,dev/b56cfe4eb999eb242b0673d9886175ab.wav,validation,VALIDATION,vi-VN,6549198eec431d4a6768a13e,val_unknown_spk_0002,Male,21,cuộc họp tiếp theo của tôi khi nào,[event_name : cuộc họp] tiếp theo của tôi khi nào,['cuộc' 'họp' 'tiếp' 'theo' 'của' 'tôi' 'khi' 'nào'],['event_name' 'event_name' 'Other' 'Other' 'Other' 'Other' 'Other' 'Other'],32,calendar_query,calendar,1.98,48000,1,True,COSINE_VALIDATION,UNKNOWN,6e5381d27efa36e38fac8ed52edfc17915ab4a84c06885ceab6cc9552a01be6f,COSINE_VALIDATION,UNKNOWN,cosine_validation_unknown,False,False
7631,dev/3ef7d9d5c2af685bed1cfaf157ad656c.wav,validation,VALIDATION,vi-VN,6549198eec431d4a6768a13e,val_unknown_spk_0002,Male,21,lên lịch buổi cầu nguyện mười hai giờ trưa vào mỗi thứ sáu,lên lịch [event_name : buổi cầu nguyện] [time : mười hai giờ trưa] vào [general_frequency : mỗi thứ sáu],"['lên' 'lịch' 'buổi' 'cầu' 'nguyện' 'mười' 'hai' 'giờ' 'trưa' 'vào' 'mỗi'
 'thứ' 'sáu']","['Other' 'Other' 'event_name' 'event_name' 'event_name' 'time' 'time'
 'time' 'time' 'Other' 'general_frequency' 'general_frequency'
 'general_frequency']",50,calendar_set,calendar,3.96,48000,1,True,COSINE_VALIDATION,UNKNOWN,9a3fd758059df697cd468e1487ba6ab12ae87ecd9e695ab91f3e8aedb48778fb,COSINE_VALIDATION,UNKNOWN,cosine_validation_unknown,False,False
16085,dev/925c61211c736f91be9b0bff1a2c1fcb.wav,validation,VALIDATION,vi-VN,6549198eec431d4a6768a13e,val_unknown_spk_0002,Male,21,email chung phạm,email [person : chung phạm],['email' 'chung' 'phạm'],['Other' 'person' 'person'],33,email_sendemail,email,1.68,48000,1,True,COSINE_VALIDATION,UNKNOWN,357e5c9eae18b2f5db14584bb81d61e7fc81bee969240be6b3afa89b7acd955a,COSINE_VALIDATION,UNKNOWN,cosine_validation_unknown,False,False
5181,dev/1889a68f0b52cdd40c0d78e36c423e17.wav,validation,VALIDATION,vi-VN,6549198eec431d4a6768a13e,val_unknown_spk_0002,Male,21,làm ơn phát bài hát này một lần nữa,làm ơn phát bài hát này một lần nữa,['làm' 'ơn' 'phát' 'bài' 'hát' 'này' 'một' 'lần' 'nữa'],['Other' 'Other' 'Other' 'Other' 'Other' 'Other' 'Other' 'Other' 'Other'],45,play_music,play,2.7,48000,1,True,COSINE_VALIDATION,UNKNOWN,c68ae619d4c179172669aae7a43139706055663ffaa0ebc5adc391f759f0b870,COSINE_VALIDATION,UNKNOWN,cosine_validation_unknown,False,False
9127,dev/82390e3d2edb45efaaa7303a876daa7c.wav,validation,VALIDATION,vi-VN,6549198eec431d4a6768a13e,val_unknown_spk_0002,Male,21,trung tâm hội nghị nằm ở đâu,[place_name : trung tâm hội nghị] nằm ở đâu,['trung' 'tâm' 'hội' 'nghị' 'nằm' 'ở' 'đâu'],"['place_name' 'place_name' 'place_name' 'place_name' 'Other' 'Other'
 'Other']",49,qa_factoid,qa,1.62,48000,1,True,COSINE_VALIDATION,UNKNOWN,dbc294e83c35d0116a1788fd4f4227638c9cf8d51c7b46ef9a01c98b25abe82c,COSINE_VALIDATION,UNKNOWN,cosine_validation_unknown,False,False
11200,dev/3ce4e271f5f209b3eb5dc763681005a4.wav,validation,VALIDATION,vi-VN,6549198eec431d4a6768a13e,val_unknown_spk_0002,Male,21,bỏ danh sách việc cần làm,bỏ danh sách [list_name : việc cần làm],['bỏ' 'danh' 'sách' 'việc' 'cần' 'làm'],['Other' 'Other' 'Other' 'list_name' 'list_name' 'list_name'],53,lists_remove,lists,1.56,48000,1,True,COSINE_VALIDATION,UNKNOWN,cb810018aa0fbe8e392fa05633b314dc66895eb5b8f0789cc41487738a0d0643,COSINE_VALIDATION,UNKNOWN,cosine_validation_unknown,False,False
15414,dev/8dfea82cb725815ad0df65bfc654c348.wav,validation,VALIDATION,vi-VN,6549198eec431d4a6768a13e,val_unknown_spk_0002,Male,21,tôi cần một máng cỏ,tôi cần một máng cỏ,['tôi' 'cần' 'một' 'máng' 'cỏ'],['Other' 'Other' 'Other' 'Other' 'Other'],12,general_quirky,general,1.8,48000,1,True,COSINE_VALIDATION,UNKNOWN,fbe7e7e3c2dadf72abe8315e8b7438aa92f45af8fcd676fc16a575f59516292f,COSINE_VALIDATION,UNKNOWN,cosine_validation_unknown,False,False
9996,dev/64989b03fb423b3968b14a143e3e61f0.wav,validation,VALIDATION,vi-VN,6549198eec431d4a6768a13e,val_unknown_spk_0002,Male,21,món ăn quyến rũ nhất để nấu vào một buổi hẹn hò là gì,món ăn [food_type : quyến rũ nhất] để nấu vào một buổi hẹn hò là gì,"['món' 'ăn' 'quyến' 'rũ' 'nhất' 'để' 'nấu' 'vào' 'một' 'buổi' 'hẹn' 'hò'
 'là' 'gì']","['Other' 'Other' 'food_type' 'food_type' 'food_type' 'Other' 'Other'
 'Other' 'Other' 'Other' 'Other' 'Other' 'Other' 'Other']",9,cooking_recipe,cooking,3.18,48000,1,True,COSINE_VALIDATION,UNKNOWN,bd5772ddb274b7e30f82775adcbb8ba11a04cb8ff85139882ae1cef6f8955f61,COSINE_VALIDATION,UNKNOWN,cosine_validation_unknown,False,False
5028,dev/1af410803f5b53c5bbb1e2ed66e20602.wav,validation,VALIDATION,vi-VN,6549198eec431d4a6768a13e,val_unknown_spk_0002,Male,21,ngày hai mươi ba tháng tư có phải là thứ bảy không,[date : ngày hai mươi ba tháng tư] có phải là thứ bảy không,"['ngày' 'hai' 'mươi' 'ba' 'tháng' 'tư' 'có' 'phải' 'là' 'thứ' 'bảy'
 'không']","['date' 'date' 'date' 'date' 'date' 'date' 'Other' 'Other' 'Other' 'Other'
 'Other' 'Other']",0,datetime_query,datetime,2.34,48000,1,True,COSINE_VALIDATION,UNKNOWN,442f1f088afb031f7d460690caf78e77a97e5ff82d0e4582e0c3441e6937a7ee,COSINE_VALIDATION,UNKNOWN,cosine_validation_unknown,False,False
5638,dev/20e3daac29bbb2a8c488b0c2853929cf.wav,validation,VALIDATION,vi-VN,6549198eec431d4a6768a13e,val_unknown_spk_0002,Male,21,tôi có thể lấy mang về lẩu bò ở cửa hàng không,tôi có thể lấy mang về [food_type : lẩu bò] ở [business_type : cửa hàng] không,['tôi' 'có' 'thể' 'lấy' 'mang' 'về' 'lẩu' 'bò' 'ở' 'cửa' 'hàng' 'không'],"['Other' 'Other' 'Other' 'Other' 'Other' 'Other' 'food_type' 'food_type'
 'Other' 'business_type' 'business_type' 'Other']",13,weather_query,weather,3.0,48000,1,True,COSINE_VALIDATION,UNKNOWN,59d6387d1357c300a5ebb24447015e8d744a69b180ee16a113f2d7d21847f472,COSINE_VALIDATION,UNKNOWN,cosine_validation_unknown,False,False
4519,dev/696eb5bdd54e9ca44a8a4875aab3bff4.wav,validation,VALIDATION,vi-VN,6549198eec431d4a6768a13e,val_unknown_spk_0002,Male,21,thứ mấy ngày hai mươi hai tháng tư,thứ mấy [date : ngày hai mươi hai tháng tư],['thứ' 'mấy' 'ngày' 'hai' 'mươi' 'hai' 'tháng' 'tư'],['Other' 'Other' 'date' 'date' 'date' 'date' 'date' 'date'],0,datetime_query,datetime,2.46,48000,1,True,COSINE_VALIDATION,UNKNOWN,0aaa90d011045ee6705e15d2d4131161ecf21939fa65b82ac1768a45def68d18,COSINE_VALIDATION,UNKNOWN,cosine_validation_unknown,False,False
2321,dev/aafb67a51610c327765f95e1d5579856.wav,validation,VALIDATION,vi-VN,6549198eec431d4a6768a13e,val_unknown_spk_0002,Male,21,thời tiết ngày mùng bảy thế nào,thời tiết [date : ngày mùng bảy] thế nào,['thời' 'tiết' 'ngày' 'mùng' 'bảy' 'thế' 'nào'],['Other' 'Other' 'date' 'date' 'date' 'Other' 'Other'],13,weather_query,weather,2.1,48000,1,True,COSINE_VALIDATION,UNKNOWN,4bd908749b18cba1b7f71ba22ba89c12a14027176853997fbae678ff86653f4b,COSINE_VALIDATION,UNKNOWN,cosine_validation_unknown,False,False
7871,dev/2f0519dc07ab2c0c849adee92b9437b5.wav,validation,VALIDATION,vi-VN,6549198eec431d4a6768a13e,val_unknown_spk_0002,Male,21,ai sẽ tham dự cuộc họp thứ sáu này,ai sẽ tham dự [event_name : cuộc họp] [date : thứ sáu này],['ai' 'sẽ' 'tham' 'dự' 'cuộc' 'họp' 'thứ' 'sáu' 'này'],"['Other' 'Other' 'Other' 'Other' 'event_name' 'event_name' 'date' 'date'
 'date']",32,calendar_query,calendar,1.68,48000,1,True,COSINE_VALIDATION,UNKNOWN,fde34d8e8efc78a11ad1e68473aab7284e49555a5d2b82ac2c5160845424fdb6,COSINE_VALIDATION,UNKNOWN,cosine_validation_unknown,False,False
1680,dev/daf803abc4a65fce70e535fe0f280e63.wav,validation,VALIDATION,vi-VN,6549198eec431d4a6768a13e,val_unknown_spk_0002,Male,21,tăng âm lượng của âm nhạc tới mức chín mươi,tăng âm lượng của âm nhạc [change_amount : tới mức chín mươi],['tăng' 'âm' 'lượng' 'của' 'âm' 'nhạc' 'tới' 'mức' 'chín' 'mươi'],"['Other' 'Other' 'Other' 'Other' 'Other' 'Other' 'change_amount'
 'change_amount' 'change_amount' 'change_amount']",14,audio_volume_up,audio,3.12,48000,1,True,COSINE_VALIDATION,UNKNOWN,d8152bc8b5b2acd796aaa8a6bba5ce92cdff7b60a768ec86ba969c4a5e8137d1,COSINE_VALIDATION,UNKNOWN,cosine_validation_unknown,False,False
7244,dev/fc7faef1711509b9bf7b202ba05fd587.wav,validation,VALIDATION,vi-VN,6549198eec431d4a6768a13e,val_unknown_spk_0002,Male,21,khi nào trận đấu bắt đầu,khi nào [event_name : trận đấu] bắt đầu,['khi' 'nào' 'trận' 'đấu' 'bắt' 'đầu'],['Other' 'Other' 'event_name' 'event_name' 'Other' 'Other'],32,calendar_query,calendar,1.56,48000,1,True,COSINE_VALIDATION,UNKNOWN,225ae43758e107afcb0ab2de4d15ef5d0fef63a7e2e80059b366a63ee3651513,COSINE_VALIDATION,UNKNOWN,cosine_validation_unknown,False,False
3466,dev/f599ca1a1c11080b31f83fad1c0ab70e.wav,validation,VALIDATION,vi-VN,6549198eec431d4a6768a13e,val_unknown_spk_0002,Male,21,vui lòng tăng âm lượng,vui lòng tăng âm lượng,['vui' 'lòng' 'tăng' 'âm' 'lượng'],['Other' 'Other' 'Other' 'Other' 'Other'],14,audio_volume_up,audio,1.08,48000,1,True,COSINE_VALIDATION,UNKNOWN,a819e6e86bc004e162f84f810ea20efeb00ade09281123be998760b2f3da6123,COSINE_VALIDATION,UNKNOWN,cosine_validation_unknown,False,False
12554,dev/55d653fd8a9b003277ffaa475c3fd4d3.wav,validation,VALIDATION,vi-VN,6549198eec431d4a6768a13e,val_unknown_spk_0002,Male,21,tôi cần tới một nơi hãy gọi taxi,tôi cần tới một nơi hãy gọi [transport_type : taxi],['tôi' 'cần' 'tới' 'một' 'nơi' 'hãy' 'gọi' 'taxi'],['Other' 'Other' 'Other' 'Other' 'Other' 'Other' 'Other' 'transport_type'],54,transport_taxi,transport,2.16,48000,1,True,COSINE_VALIDATION,UNKNOWN,5c88332badc94a6b51448b6683d0abcfdbc6b80aea6713f33a2180d6a1865fd5,COSINE_VALIDATION,UNKNOWN,cosine_validation_unknown,False,False
17074,dev/f68aa87027a0074c67c6f6fca35ec3f2.wav,validation,VALIDATION,vi-VN,6549198eec431d4a6768a13e,val_unknown_spk_0002,Male,21,tôi đã nhận được email nào từ năm giờ chiều,tôi đã nhận được email nào từ [time : năm giờ chiều],['tôi' 'đã' 'nhận' 'được' 'email' 'nào' 'từ' 'năm' 'giờ' 'chiều'],"['Other' 'Other' 'Other' 'Other' 'Other' 'Other' 'Other' 'time' 'time'
 'time']",44,email_query,email,2.76,48000,1,True,COSINE_VALIDATION,UNKNOWN,1898c921ee666b6ceaefd55e784d8f9d339d9a2bca8caf9fb05964a950f1a379,COSINE_VALIDATION,UNKNOWN,cosine_validation_unknown,False,False
3724,dev/494cbc612fa543b975fb47ab949d0abc.wav,validation,VALIDATION,vi-VN,6549198eec431d4a6768a13e,val_unknown_spk_0002,Male,21,làm ơn mở người hãy quên em đi của mỹ tâm,làm ơn mở người hãy quên em đi của [artist_name : mỹ tâm],['làm' 'ơn' 'mở' 'người' 'hãy' 'quên' 'em' 'đi' 'của' 'mỹ' 'tâm'],"['Other' 'Other' 'Other' 'Other' 'Other' 'Other' 'Other' 'Other' 'Other'
 'artist_name' 'artist_name']",45,play_music,play,2.28,48000,1,True,COSINE_VALIDATION,UNKNOWN,d5076bcb7f7c70ffd0e792dbc81897af39b5c58e8f780cad5b5e85dc53bad049,COSINE_VALIDATION,UNKNOWN,cosine_validation_unknown,False,False
7555,dev/55d90a0c83b7fb864de3b4ae14c50c16.wav,validation,VALIDATION,vi-VN,6549198eec431d4a6768a13e,val_unknown_spk_0002,Male,21,gọi một người để họp,gọi một người để [event_name : họp],['gọi' 'một' 'người' 'để' 'họp'],['Other' 'Other' 'Other' 'Other' 'event_name'],50,calendar_set,calendar,1.68,48000,1,True,COSINE_VALIDATION,UNKNOWN,23a7b6ad59738750dd25c28ebd8c99fbb78146124cebeba8e7d43233888caa5c,COSINE_VALIDATION,UNKNOWN,cosine_validation_unknown,False,False
11945,dev/0ea64487788912424ef348ff41123586.wav,validation,VALIDATION,vi-VN,6549198eec431d4a6768a13e,val_unknown_spk_0002,Male,21,bạn có thể giới thiệu một nhà hàng trong vùng không,bạn có thể giới thiệu một [business_type : nhà hàng] trong vùng không,['bạn' 'có' 'thể' 'giới' 'thiệu' 'một' 'nhà' 'hàng' 'trong' 'vùng' 'không'],"['Other' 'Other' 'Other' 'Other' 'Other' 'Other' 'business_type'
 'business_type' 'Other' 'Other' 'Other']",19,recommendation_locations,recommendation,2.58,48000,1,True,COSINE_VALIDATION,UNKNOWN,1318004c953cdc0502edcea81721dc9ba94858f446ecbbabe792ec8e20321b3b,COSINE_VALIDATION,UNKNOWN,cosine_validation_unknown,False,False
5376,dev/8bacd7f73e4d3d13168f766812b71a7e.wav,validation,VALIDATION,vi-VN,6549198eec431d4a6768a13e,val_unknown_spk_0002,Male,21,làm ơn cho tôi xem thời tiết vào ngày hai mươi bảy tháng ba hai ngàn không trăm mười bảy,làm ơn cho tôi xem thời tiết vào ngày [date : hai mươi bảy tháng ba hai ngàn không trăm mười bảy],"['làm' 'ơn' 'cho' 'tôi' 'xem' 'thời' 'tiết' 'vào' 'ngày' 'hai' 'mươi'
 'bảy' 'tháng' 'ba' 'hai' 'ngàn' 'không' 'trăm' 'mười' 'bảy']","['Other' 'Other' 'Other' 'Other' 'Other' 'Other' 'Other' 'Other' 'Other'
 'date' 'date' 'date' 'date' 'date' 'date' 'date' 'date' 'date' 'date'
 'date']",13,weather_query,weather,5.34,48000,1,True,COSINE_VALIDATION,UNKNOWN,6ca3997bc97e405f707b2694661a63dbb29e92b51508faeda8426587667f9d2d,COSINE_VALIDATION,UNKNOWN,cosine_validation_unknown,False,False
8903,dev/a0a36866fab6887ef123309ddd221ead.wav,validation,TEST,vi-VN,652d516527ad747c966f5af4,test_enrolled_spk_0001,Female,32,kể về những sự kiện gần đây nhất,kể về những sự kiện gần đây nhất,['kể' 'về' 'những' 'sự' 'kiện' 'gần' 'đây' 'nhất'],['Other' 'Other' 'Other' 'Other' 'Other' 'Other' 'Other' 'Other'],32,calendar_query,calendar,3.48,48000,1,True,COSINE_TEST,ENROLLED,9957949d9a724cec7914f84731591c6085f8a2ab9ac95f362f2f970f92a617e8,COSINE_TEST,ENROLLMENT,cosine_test_enrollment,False,False
13198,dev/8a6c44358895265042f036dadb06f64a.wav,validation,TEST,vi-VN,652d516527ad747c966f5af4,test_enrolled_spk_0001,Female,32,tính phường trình này,tính phường trình này,['tính' 'phường' 'trình' 'này'],['Other' 'Other' 'Other' 'Other'],39,qa_maths,qa,2.76,48000,1,True,COSINE_TEST,ENROLLED,b6d8ba023814fba2da7ed61019bce5139e89cb94b0e227b1c04edbfa804fbd61,COSINE_TEST,ENROLLMENT,cosine_test_enrollment,False,False
4495,dev/720ddbfae5d244d5f860ca4932dfd701.wav,validation,TEST,vi-VN,652d516527ad747c966f5af4,test_enrolled_spk_0001,Female,32,cho tôi những tin tức mới nhất từ tờ tuổi trẻ,cho tôi những tin tức mới nhất từ [media_type : tờ tuổi trẻ],['cho' 'tôi' 'những' 'tin' 'tức' 'mới' 'nhất' 'từ' 'tờ' 'tuổi' 'trẻ'],"['Other' 'Other' 'Other' 'Other' 'Other' 'Other' 'Other' 'Other'
 'media_type' 'media_type' 'media_type']",22,news_query,news,4.02,48000,1,True,COSINE_TEST,ENROLLED,575ce417ed731024fd6ac6eae73237e13c7b75e02a7f29cf5be4d97d2bf78a3b,COSINE_TEST,ENROLLMENT,cosine_test_enrollment,False,False
5546,dev/b9419ea246f0e2fbcd682200c6cf16f5.wav,validation,TEST,vi-VN,652d516527ad747c966f5af4,test_enrolled_spk_0001,Female,32,cảm ơn đồng minh vì những bức ảnh,cảm ơn đồng minh vì những bức ảnh,['cảm' 'ơn' 'đồng' 'minh' 'vì' 'những' 'bức' 'ảnh'],['Other' 'Other' 'Other' 'Other' 'Other' 'Other' 'Other' 'Other'],12,general_quirky,general,3.84,48000,1,True,COSINE_TEST,ENROLLED,84bbe27db66b75c385cc18edcfb646b1a359b36ec9e857291a4bf24de157b4b3,COSINE_TEST,ENROLLMENT,cosine_test_enrollment,False,False
11364,dev/2a373490cde1addd1585707704f62655.wav,validation,TEST,vi-VN,652d516527ad747c966f5af4,test_enrolled_spk_0001,Female,32,bỏ qua cho tới podcast tiếp theo,bỏ qua cho tới [podcast_descriptor : podcast tiếp theo],['bỏ' 'qua' 'cho' 'tới' 'podcast' 'tiếp' 'theo'],"['Other' 'Other' 'Other' 'Other' 'podcast_descriptor' 'podcast_descriptor'
 'podcast_descriptor']",58,play_podcasts,play,4.14,48000,1,True,COSINE_TEST,ENROLLED,762430bda9140fadab6594d86d7cfe048694a06869593a244a6ea1625b755b6e,COSINE_TEST,ENROLLMENT,cosine_test_enrollment,False,False
5569,dev/be9bf20fbd0171cc30e345cc51b42f0e.wav,validation,TEST,vi-VN,6346ccfb37ed7169c9b634fc,test_enrolled_spk_0002,Female,40,mở nhạc của tôi,mở nhạc của tôi,['mở' 'nhạc' 'của' 'tôi'],['Other' 'Other' 'Other' 'Other'],45,play_music,play,1.8171666666666664,48000,1,True,COSINE_TEST,ENROLLED,dc9089130fb8ab87670f4bfc85e3cdfa7f6a6a7b0beecbbad7d2c2a145af74d3,COSINE_TEST,ENROLLMENT,cosine_test_enrollment,False,False
13227,dev/aae627bbecf66e91b36d546b24c7ac96.wav,validation,TEST,vi-VN,6346ccfb37ed7169c9b634fc,test_enrolled_spk_0002,Female,40,người hãy quên em đi người hãy quên em đi,người hãy quên em đi người hãy quên em đi,['người' 'hãy' 'quên' 'em' 'đi' 'người' 'hãy' 'quên' 'em' 'đi'],"['Other' 'Other' 'Other' 'Other' 'Other' 'Other' 'Other' 'Other' 'Other'
 'Other']",12,general_quirky,general,3.2945,48000,1,True,COSINE_TEST,ENROLLED,2288bbe75bc6dbf1c7bf83f914cca9a301233fe93d3f6c432537cee2066175c6,COSINE_TEST,ENROLLMENT,cosine_test_enrollment,False,False
16478,dev/ce249848610a47a24e9b4aa11ba23562.wav,validation,TEST,vi-VN,6346ccfb37ed7169c9b634fc,test_enrolled_spk_0002,Female,40,kiểm tra email của tiên,kiểm tra email của [person : tiên],['kiểm' 'tra' 'email' 'của' 'tiên'],['Other' 'Other' 'Other' 'Other' 'person'],44,email_query,email,2.3371666666666666,48000,1,True,COSINE_TEST,ENROLLED,0bb5ef57eeea71a223892339a944452d0623b6160d5be4bd07f0f9fe6010a496,COSINE_TEST,ENROLLMENT,cosine_test_enrollment,False,False
6361,dev/10e01becf591223af5d6f8a1a11e4e7a.wav,validation,TEST,vi-VN,6346ccfb37ed7169c9b634fc,test_enrolled_spk_0002,Female,40,chỉ tôi biết một loại đồ uống có cồn ngon,chỉ tôi biết một loại [drink_type : đồ uống có cồn] ngon,['chỉ' 'tôi' 'biết' 'một' 'loại' 'đồ' 'uống' 'có' 'cồn' 'ngon'],"['Other' 'Other' 'Other' 'Other' 'Other' 'drink_type' 'drink_type'
 'drink_type' 'drink_type' 'Other']",12,general_quirky,general,3.057166666666667,48000,1,True,COSINE_TEST,ENROLLED,2c3f79842e76d3759b2422d22cb0b00a1d411f3716c91e9b544d43b4839b6eee,COSINE_TEST,ENROLLMENT,cosine_test_enrollment,False,False
6991,dev/29a85caca9e37444d1ad5bb76e182eae.wav,validation,TEST,vi-VN,6346ccfb37ed7169c9b634fc,test_enrolled_spk_0002,Female,40,sự kiện mới nhất,sự kiện mới nhất,['sự' 'kiện' 'mới' 'nhất'],['Other' 'Other' 'Other' 'Other'],32,calendar_query,calendar,1.715833333333333,48000,1,True,COSINE_TEST,ENROLLED,af4793612d4aa9e2cc2f8960559872d4c6b13d858223c272e4ec9fd1257474a1,COSINE_TEST,ENROLLMENT,cosine_test_enrollment,False,False
8282,dev/cf0e2055dabd6c28ca9215f9a9456d20.wav,validation,TEST,vi-VN,652d516527ad747c966f5af4,test_enrolled_spk_0001,Female,32,làm ơn xóa hoàn toàn lịch của tôi,làm ơn xóa hoàn toàn lịch của tôi,['làm' 'ơn' 'xóa' 'hoàn' 'toàn' 'lịch' 'của' 'tôi'],['Other' 'Other' 'Other' 'Other' 'Other' 'Other' 'Other' 'Other'],30,calendar_remove,calendar,3.66,48000,1,True,COSINE_TEST,ENROLLED,49a1bcfc863f344710daab61af55a3dd883856f1323e54a1a8f246158621c273,COSINE_TEST,QUERY,cosine_test_query,False,False
11014,dev/92627beafc15f39794408fcb6f89e87b.wav,validation,TEST,vi-VN,652d516527ad747c966f5af4,test_enrolled_spk_0001,Female,32,cho thêm cái phần này vào một danh sách,cho thêm cái phần này vào một danh sách,['cho' 'thêm' 'cái' 'phần' 'này' 'vào' 'một' 'danh' 'sách'],['Other' 'Other' 'Other' 'Other' 'Other' 'Other' 'Other' 'Other' 'Other'],21,lists_createoradd,lists,4.32,48000,1,True,COSINE_TEST,ENROLLED,b0c40e4ec5056783b89da04aa727608762a8548c871d6ec319924e606a3adc8a,COSINE_TEST,QUERY,cosine_test_query,False,False
13617,dev/eaa1a929ab7a8e7782bf4d176dd72635.wav,validation,TEST,vi-VN,652d516527ad747c966f5af4,test_enrolled_spk_0001,Female,32,kể cho tôi nghe điều kỳ lạ nhất đang xảy ra trên thế giới hôm nay,kể cho tôi nghe điều kỳ lạ nhất đang xảy ra trên thế giới [date : hôm nay],"['kể' 'cho' 'tôi' 'nghe' 'điều' 'kỳ' 'lạ' 'nhất' 'đang' 'xảy' 'ra' 'trên'
 'thế' 'giới' 'hôm' 'nay']","['Other' 'Other' 'Other' 'Other' 'Other' 'Other' 'Other' 'Other' 'Other'
 'Other' 'Other' 'Other' 'Other' 'Other' 'date' 'date']",12,general_quirky,general,5.34,48000,1,True,COSINE_TEST,ENROLLED,394fc58ca3387da84aa1c402c61d94381f3d05c66942fb89ee1f330ea65f0a5a,COSINE_TEST,QUERY,cosine_test_query,False,False
13281,dev/19c4412d3ec0010890bac0623408b190.wav,validation,TEST,vi-VN,652d516527ad747c966f5af4,test_enrolled_spk_0001,Female,32,tôi muốn tôi viết những tin nhắn lãng mạn ban đầu cho vợ của tôi,tôi muốn tôi viết những tin nhắn lãng mạn ban đầu cho [relation : vợ] của tôi,"['tôi' 'muốn' 'tôi' 'viết' 'những' 'tin' 'nhắn' 'lãng' 'mạn' 'ban' 'đầu'
 'cho' 'vợ' 'của' 'tôi']","['Other' 'Other' 'Other' 'Other' 'Other' 'Other' 'Other' 'Other' 'Other'
 'Other' 'Other' 'Other' 'relation' 'Other' 'Other']",12,general_quirky,general,5.52,48000,1,True,COSINE_TEST,ENROLLED,d5b69c9958fb36ea983996caf86a9e532bd1a09b0b0970155cb44b09e2cad947,COSINE_TEST,QUERY,cosine_test_query,False,False
11899,dev/c1303583ecf2aef527006d9e55d201d7.wav,validation,TEST,vi-VN,652d516527ad747c966f5af4,test_enrolled_spk_0001,Female,32,có phim gì hay đáng để xem không,có phim gì hay đáng để xem không,['có' 'phim' 'gì' 'hay' 'đáng' 'để' 'xem' 'không'],['Other' 'Other' 'Other' 'Other' 'Other' 'Other' 'Other' 'Other'],55,recommendation_movies,recommendation,4.02,48000,1,True,COSINE_TEST,ENROLLED,4f8882b64d883e4b5d65086b31ff6b33bae71bb0e3d4bf071e2431c14d69a24c,COSINE_TEST,QUERY,cosine_test_query,False,False
15427,dev/9ab2ba8322fd97188f7f91b2559b3fc2.wav,validation,TEST,vi-VN,6346ccfb37ed7169c9b634fc,test_enrolled_spk_0002,Female,40,đăng ảnh trên điện thoại của tôi trên facebook alexa,đăng ảnh trên [device_type : điện thoại] của tôi trên [media_type : facebook] alexa,['đăng' 'ảnh' 'trên' 'điện' 'thoại' 'của' 'tôi' 'trên' 'facebook' 'alexa'],"['Other' 'Other' 'Other' 'device_type' 'device_type' 'Other' 'Other'
 'Other' 'media_type' 'Other']",47,social_post,social,4.905166666666666,48000,1,True,COSINE_TEST,ENROLLED,5ae6dd6b6b1b4d57fff6dc9dabb0ad4d86476fd956cf43fe6ca08599b080f4b5,COSINE_TEST,QUERY,cosine_test_query,False,False
10901,dev/94789da232b9a304a2f47122d7262968.wav,validation,TEST,vi-VN,6346ccfb37ed7169c9b634fc,test_enrolled_spk_0002,Female,40,tạo một danh sách mới về,tạo một danh sách mới về,['tạo' 'một' 'danh' 'sách' 'mới' 'về'],['Other' 'Other' 'Other' 'Other' 'Other' 'Other'],21,lists_createoradd,lists,2.7558333333333334,48000,1,True,COSINE_TEST,ENROLLED,a7eb35a88b55b0008308ffe4ff0fb8e995a4868deec3529f02569bd06635751c,COSINE_TEST,QUERY,cosine_test_query,False,False
5034,dev/b3fc09c30a477bfa1b5458c675dfe7d7.wav,validation,TEST,vi-VN,6346ccfb37ed7169c9b634fc,test_enrolled_spk_0002,Female,40,hôm nay là tuần mấy,[date : hôm nay] là tuần mấy,['hôm' 'nay' 'là' 'tuần' 'mấy'],['date' 'date' 'Other' 'Other' 'Other'],0,datetime_query,datetime,1.8865,48000,1,True,COSINE_TEST,ENROLLED,59353fdbd4c75b829fb8ad22fbc3ef0848c00f33a5026225886ff36016687cb1,COSINE_TEST,QUERY,cosine_test_query,False,False
7164,dev/bbf0dd0cb4029e5e72b5ff1e3dcbc38f.wav,validation,TEST,vi-VN,6346ccfb37ed7169c9b634fc,test_enrolled_spk_0002,Female,40,bốn giờ chiều,[time : bốn giờ chiều],['bốn' 'giờ' 'chiều'],['time' 'time' 'time'],50,calendar_set,calendar,1.5958333333333334,48000,1,True,COSINE_TEST,ENROLLED,a1c391cd041c5cdfd827f87b1fc3ac0b316e463c5098756ebfbfd5f3a3b53e2d,COSINE_TEST,QUERY,cosine_test_query,False,False
2643,dev/d3efce1529b836f01c1d795f8643c180.wav,validation,TEST,vi-VN,6346ccfb37ed7169c9b634fc,test_enrolled_spk_0002,Female,40,phát mỹ tâm,phát [artist_name : mỹ tâm],['phát' 'mỹ' 'tâm'],['Other' 'artist_name' 'artist_name'],45,play_music,play,2.7558333333333334,48000,1,True,COSINE_TEST,ENROLLED,8ed201f2cc8ae5dce22989950cb2956598f0d5b539b59298b9481af482f4d40f,COSINE_TEST,QUERY,cosine_test_query,False,False
14849,dev/fd7016e2d8c1c0f3da4c0f07150aff6c.wav,validation,TEST,vi-VN,5c76a2d39dd0fe0001d9dfe0,test_unknown_spk_0001,Female,36,câu trả lời cho hai lần ba là gì,câu trả lời cho hai lần ba là gì,['câu' 'trả' 'lời' 'cho' 'hai' 'lần' 'ba' 'là' 'gì'],['Other' 'Other' 'Other' 'Other' 'Other' 'Other' 'Other' 'Other' 'Other'],39,qa_maths,qa,4.62,48000,1,True,COSINE_TEST,UNKNOWN,f7f206c7116c17c9a8e0c2a2696d780a61fdcf33551478a6bc9c8da3de3cf800,COSINE_TEST,UNKNOWN,cosine_test_unknown,False,False
8487,dev/cff61d63a9628d50fb0bfcdbebe7ec47.wav,validation,TEST,vi-VN,5c76a2d39dd0fe0001d9dfe0,test_unknown_spk_0001,Female,36,vui lòng thêm một cuộc hẹn vào lúc chín giờ sáng thứ tư tại văn phòng bác sĩ trang,vui lòng thêm một cuộc hẹn vào lúc [time : chín giờ sáng] [date : thứ tư] tại [place_name : văn phòng] [relation : bác sĩ trang],"['vui' 'lòng' 'thêm' 'một' 'cuộc' 'hẹn' 'vào' 'lúc' 'chín' 'giờ' 'sáng'
 'thứ' 'tư' 'tại' 'văn' 'phòng' 'bác' 'sĩ' 'trang']","['Other' 'Other' 'Other' 'Other' 'Other' 'Other' 'Other' 'Other' 'time'
 'time' 'time' 'date' 'date' 'Other' 'place_name' 'place_name' 'relation'
 'relation' 'relation']",50,calendar_set,calendar,10.4465,48000,1,True,COSINE_TEST,UNKNOWN,951d0745a38dcdd764b466a5bbd47ff51a8e531c28780f98537cae6d1d3e5507,COSINE_TEST,UNKNOWN,cosine_test_unknown,False,False
16821,dev/34373509792603e113613866ae3dfec7.wav,validation,TEST,vi-VN,5c76a2d39dd0fe0001d9dfe0,test_unknown_spk_0001,Female,36,mở thông tin liên lạc của oanh,mở thông tin liên lạc của [person : oanh],['mở' 'thông' 'tin' 'liên' 'lạc' 'của' 'oanh'],['Other' 'Other' 'Other' 'Other' 'Other' 'Other' 'person'],17,email_querycontact,email,3.1985,48000,1,True,COSINE_TEST,UNKNOWN,47e66f7d5841f7a168e775123c494f31ce5198651bad2898700bd9bb94e2e809,COSINE_TEST,UNKNOWN,cosine_test_unknown,False,False
11064,dev/dac3dc6f09002b75d1c0a87ddf52975d.wav,validation,TEST,vi-VN,5c76a2d39dd0fe0001d9dfe0,test_unknown_spk_0001,Female,36,này danh sách của tôi là những gì,này danh sách của tôi là những gì,['này' 'danh' 'sách' 'của' 'tôi' 'là' 'những' 'gì'],['Other' 'Other' 'Other' 'Other' 'Other' 'Other' 'Other' 'Other'],59,lists_query,lists,4.5,48000,1,True,COSINE_TEST,UNKNOWN,9f7b7de9053ba9ffb108def2867b97c92b9f2c9c557be60e1ee938671c338cd4,COSINE_TEST,UNKNOWN,cosine_test_unknown,False,False
2825,dev/6316cc3cc18e43cb417bcf62a12a57a9.wav,validation,TEST,vi-VN,5c76a2d39dd0fe0001d9dfe0,test_unknown_spk_0001,Female,36,ngày mười sáu tháng tư rơi vào ngày nào,[date : ngày mười sáu tháng tư] rơi vào ngày nào,['ngày' 'mười' 'sáu' 'tháng' 'tư' 'rơi' 'vào' 'ngày' 'nào'],['date' 'date' 'date' 'date' 'date' 'Other' 'Other' 'Other' 'Other'],0,datetime_query,datetime,4.577166666666667,48000,1,True,COSINE_TEST,UNKNOWN,7f687069b6f50ec52d9283b57441ad3066d01c960183772ba573996c48f2360c,COSINE_TEST,UNKNOWN,cosine_test_unknown,False,False
9065,dev/5e2c2956033e8849da985adfb6fccb12.wav,validation,TEST,vi-VN,5c76a2d39dd0fe0001d9dfe0,test_unknown_spk_0001,Female,36,tạo một sự kiện lặp lại vào lịch,tạo một [event_name : sự kiện lặp lại] vào lịch,['tạo' 'một' 'sự' 'kiện' 'lặp' 'lại' 'vào' 'lịch'],"['Other' 'Other' 'event_name' 'event_name' 'event_name' 'event_name'
 'Other' 'Other']",50,calendar_set,calendar,5.665166666666667,48000,1,True,COSINE_TEST,UNKNOWN,4d5403da0e50c444d1d5cbb86b0c40e82e5a8887943b8391a476a2327e801a21,COSINE_TEST,UNKNOWN,cosine_test_unknown,False,False
8311,dev/7d5d933bd53d3778fffc62e57564f086.wav,validation,TEST,vi-VN,5c76a2d39dd0fe0001d9dfe0,test_unknown_spk_0001,Female,36,đặt nhắc nhở cho các thứ tư lúc hai giờ chiều,đặt nhắc nhở cho [date : các thứ tư] lúc [time : hai giờ chiều],['đặt' 'nhắc' 'nhở' 'cho' 'các' 'thứ' 'tư' 'lúc' 'hai' 'giờ' 'chiều'],"['Other' 'Other' 'Other' 'Other' 'date' 'date' 'date' 'Other' 'time'
 'time' 'time']",50,calendar_set,calendar,5.58,48000,1,True,COSINE_TEST,UNKNOWN,9f4f028952b8b1d2c8dff38826f0418ccd94d8444f23118f03f90fe6a7d65b43,COSINE_TEST,UNKNOWN,cosine_test_unknown,False,False
5957,dev/bbb73caff6c2f18300b3b28c3760b81e.wav,validation,TEST,vi-VN,5c76a2d39dd0fe0001d9dfe0,test_unknown_spk_0001,Female,36,bạn làm ơn giữ im lặng một lúc,bạn làm ơn giữ im lặng một lúc,['bạn' 'làm' 'ơn' 'giữ' 'im' 'lặng' 'một' 'lúc'],['Other' 'Other' 'Other' 'Other' 'Other' 'Other' 'Other' 'Other'],46,audio_volume_mute,audio,5.04,48000,1,True,COSINE_TEST,UNKNOWN,294a8028b96d794cd00af9444f8772165ae69512997b38c0fa0bd22cf3fb52c1,COSINE_TEST,UNKNOWN,cosine_test_unknown,False,False
13071,dev/7937a36d5cc5be37bb9a1af67a61403b.wav,validation,TEST,vi-VN,5c76a2d39dd0fe0001d9dfe0,test_unknown_spk_0001,Female,36,căn bậc hai của bốn mươi hai là bao nhiêu,căn bậc hai của bốn mươi hai là bao nhiêu,['căn' 'bậc' 'hai' 'của' 'bốn' 'mươi' 'hai' 'là' 'bao' 'nhiêu'],"['Other' 'Other' 'Other' 'Other' 'Other' 'Other' 'Other' 'Other' 'Other'
 'Other']",39,qa_maths,qa,5.28,48000,1,True,COSINE_TEST,UNKNOWN,794bc68a891f474ccbecad1ff6ff1fed60fede14ecf9406419a10faeca62aeb3,COSINE_TEST,UNKNOWN,cosine_test_unknown,False,False
3160,dev/8a95815d5e3be9bbde7fc758b6d2de96.wav,validation,TEST,vi-VN,5c76a2d39dd0fe0001d9dfe0,test_unknown_spk_0001,Female,36,mở nhạc thính phòng danh sách phát nhạc,mở [music_genre : nhạc thính phòng] danh sách phát nhạc,['mở' 'nhạc' 'thính' 'phòng' 'danh' 'sách' 'phát' 'nhạc'],"['Other' 'music_genre' 'music_genre' 'music_genre' 'Other' 'Other' 'Other'
 'Other']",45,play_music,play,4.835833333333333,48000,1,True,COSINE_TEST,UNKNOWN,7472f6ba6094533180352e8e0581bcdb725f375c9fbfbb0f256c23ba8c5f3bfd,COSINE_TEST,UNKNOWN,cosine_test_unknown,False,False
5021,dev/eebcc15d921930f413b164d41bf41739.wav,validation,TEST,vi-VN,5c76a2d39dd0fe0001d9dfe0,test_unknown_spk_0001,Female,36,tôi thích r. n. b.,tôi thích [music_genre : r. n. b.],['tôi' 'thích' 'r.' 'n.' 'b.'],['Other' 'Other' 'music_genre' 'music_genre' 'music_genre'],43,music_likeness,music,2.88,48000,1,True,COSINE_TEST,UNKNOWN,f8b5ccbd306bf379fc76d38823bb5f243764c30e0f8ca9cb1b99236d688a2152,COSINE_TEST,UNKNOWN,cosine_test_unknown,False,False
2495,dev/5453aaa88bbe8c9bf032b72b95f9dff7.wav,validation,TEST,vi-VN,5c76a2d39dd0fe0001d9dfe0,test_unknown_spk_0001,Female,36,cho tôi biết về tin tức,cho tôi biết về tin tức,['cho' 'tôi' 'biết' 'về' 'tin' 'tức'],['Other' 'Other' 'Other' 'Other' 'Other' 'Other'],22,news_query,news,4.707833333333333,48000,1,True,COSINE_TEST,UNKNOWN,85e56ab450605ec7a8727913f73c09673511bdc71cb915914a9e0d03dee02a97,COSINE_TEST,UNKNOWN,cosine_test_unknown,False,False
11658,dev/8d83c0750c3a98a3aa7ccc7a894ae3bc.wav,validation,TEST,vi-VN,5c76a2d39dd0fe0001d9dfe0,test_unknown_spk_0001,Female,36,lễ hội ẩm thực tối nay ở đâu,[event_name : lễ hội ẩm thực] [timeofday : tối nay] ở đâu,['lễ' 'hội' 'ẩm' 'thực' 'tối' 'nay' 'ở' 'đâu'],"['event_name' 'event_name' 'event_name' 'event_name' 'timeofday'
 'timeofday' 'Other' 'Other']",6,recommendation_events,recommendation,4.98,48000,1,True,COSINE_TEST,UNKNOWN,d43d4cb863241b7b3fd82ef0c076c9279baddd568d5d89b9cc9ce399061db4d0,COSINE_TEST,UNKNOWN,cosine_test_unknown,False,False
691,dev/a97fd1220dc86eb5358c9b420bae7475.wav,validation,TEST,vi-VN,5c76a2d39dd0fe0001d9dfe0,test_unknown_spk_0001,Female,36,tôi không nghe thấy gì tăng âm lượng,tôi không nghe thấy gì tăng âm lượng,['tôi' 'không' 'nghe' 'thấy' 'gì' 'tăng' 'âm' 'lượng'],['Other' 'Other' 'Other' 'Other' 'Other' 'Other' 'Other' 'Other'],14,audio_volume_up,audio,3.96,48000,1,True,COSINE_TEST,UNKNOWN,1ff437c24de4f528ccfcd9b15253701a493529c2c49690e9605dc707b265e6d2,COSINE_TEST,UNKNOWN,cosine_test_unknown,False,False
15900,dev/7b018575e3fb8ee9d4409909ba081c04.wav,validation,TEST,vi-VN,5c76a2d39dd0fe0001d9dfe0,test_unknown_spk_0001,Female,36,họ của hùng là gì,[personal_info : họ] [person : của hùng] là gì,['họ' 'của' 'hùng' 'là' 'gì'],['personal_info' 'person' 'person' 'Other' 'Other'],17,email_querycontact,email,4.555833333333333,48000,1,True,COSINE_TEST,UNKNOWN,06566c565a848847db0f2dbbc3e023c98e42ebc7644e484a29b832c43ae40a5e,COSINE_TEST,UNKNOWN,cosine_test_unknown,False,False
17034,dev/15d8611dbfad21e4146babfc09b429ea.wav,validation,TEST,vi-VN,5c76a2d39dd0fe0001d9dfe0,test_unknown_spk_0001,Female,36,đưa cho tôi tất cả các thư điện tử của tôi gần đây,đưa cho tôi tất cả các thư điện tử của tôi gần đây,"['đưa' 'cho' 'tôi' 'tất' 'cả' 'các' 'thư' 'điện' 'tử' 'của' 'tôi' 'gần'
 'đây']","['Other' 'Other' 'Other' 'Other' 'Other' 'Other' 'Other' 'Other' 'Other'
 'Other' 'Other' 'Other' 'Other']",44,email_query,email,6.36,48000,1,True,COSINE_TEST,UNKNOWN,84345aef74cc933780cbeb8bf93ac07d87895f755d274d4fe1a5bcac580b04bd,COSINE_TEST,UNKNOWN,cosine_test_unknown,False,False
5060,dev/822c23a0038f203a6f056c891b229677.wav,validation,TEST,vi-VN,5c76a2d39dd0fe0001d9dfe0,test_unknown_spk_0001,Female,36,thông báo cho tôi khi có tin tức mới từ tin tức địa phương của tôi,thông báo cho tôi khi có tin tức mới từ tin tức địa phương của tôi,"['thông' 'báo' 'cho' 'tôi' 'khi' 'có' 'tin' 'tức' 'mới' 'từ' 'tin' 'tức'
 'địa' 'phương' 'của' 'tôi']","['Other' 'Other' 'Other' 'Other' 'Other' 'Other' 'Other' 'Other' 'Other'
 'Other' 'Other' 'Other' 'Other' 'Other' 'Other' 'Other']",22,news_query,news,8.16,48000,1,True,COSINE_TEST,UNKNOWN,22db73a9c073a9223d0c8e6bb39f938d3e49623b8e7d192e8468d4f1bbcdc7b5,COSINE_TEST,UNKNOWN,cosine_test_unknown,False,False
12174,dev/306d11d7028de757508c518a55464761.wav,validation,TEST,vi-VN,5c76a2d39dd0fe0001d9dfe0,test_unknown_spk_0001,Female,36,gọi cho tôi một chiếc uber ngay bây giờ,gọi cho tôi một chiếc [transport_agency : uber] ngay bây giờ,['gọi' 'cho' 'tôi' 'một' 'chiếc' 'uber' 'ngay' 'bây' 'giờ'],"['Other' 'Other' 'Other' 'Other' 'Other' 'transport_agency' 'Other'
 'Other' 'Other']",54,transport_taxi,transport,7.1585,48000,1,True,COSINE_TEST,UNKNOWN,1cd426efcc23554fbece1995d79ba32c8334efe402f23b38837d2b3f1af97288,COSINE_TEST,UNKNOWN,cosine_test_unknown,False,False
3402,dev/16e1d78c524495bf7db68c6c0c2b67b9.wav,validation,TEST,vi-VN,5c76a2d39dd0fe0001d9dfe0,test_unknown_spk_0001,Female,36,thời tiết tuần tới thế nào,thời tiết [date : tuần tới] thế nào,['thời' 'tiết' 'tuần' 'tới' 'thế' 'nào'],['Other' 'Other' 'date' 'date' 'Other' 'Other'],13,weather_query,weather,4.489166666666667,48000,1,True,COSINE_TEST,UNKNOWN,c9bf86f68658e1edcc71dd843028ae223e8ed4efbf318de9257ced4e5572e33c,COSINE_TEST,UNKNOWN,cosine_test_unknown,False,False
1948,dev/12f49cc87aa198142eb41f6787489759.wav,validation,TEST,vi-VN,5c76a2d39dd0fe0001d9dfe0,test_unknown_spk_0001,Female,36,truyện cười vui nhộn,truyện cười [joke_type : vui nhộn],['truyện' 'cười' 'vui' 'nhộn'],['Other' 'Other' 'joke_type' 'joke_type'],25,general_joke,general,2.7985,48000,1,True,COSINE_TEST,UNKNOWN,6a2bab476f0c1d08201b14305ca6576e801249bbad2ea7972847e27076199191,COSINE_TEST,UNKNOWN,cosine_test_unknown,False,False
2582,dev/7ff3bd01ebe863b107560a1e2916244c.wav,validation,TEST,vi-VN,5c76a2d39dd0fe0001d9dfe0,test_unknown_spk_0001,Female,36,nói tôi tên nghệ sĩ,nói tôi tên nghệ sĩ,['nói' 'tôi' 'tên' 'nghệ' 'sĩ'],['Other' 'Other' 'Other' 'Other' 'Other'],57,music_query,music,3.2758333333333334,48000,1,True,COSINE_TEST,UNKNOWN,32079c734dd1854cff623c15d1c2736dd8efde55efcf987d34221a269ddd0f51,COSINE_TEST,UNKNOWN,cosine_test_unknown,False,False
8543,dev/7e487baab5a3d3570486776d9b05eb52.wav,validation,TEST,vi-VN,5c76a2d39dd0fe0001d9dfe0,test_unknown_spk_0001,Female,36,tôi có các sự kiện nào tiếp theo,tôi có các sự kiện nào tiếp theo,['tôi' 'có' 'các' 'sự' 'kiện' 'nào' 'tiếp' 'theo'],['Other' 'Other' 'Other' 'Other' 'Other' 'Other' 'Other' 'Other'],32,calendar_query,calendar,3.9745,48000,1,True,COSINE_TEST,UNKNOWN,40c94ffbb030ce1683ec86704d1c7151feff431492f4dfb48ac9e5c45cd401c0,COSINE_TEST,UNKNOWN,cosine_test_unknown,False,False
13576,dev/708f423aeaf2717cc37d1ed970de4a36.wav,validation,TEST,vi-VN,5c76a2d39dd0fe0001d9dfe0,test_unknown_spk_0001,Female,36,chuyến lưu diễn tiếp theo là khi nào,chuyến lưu diễn tiếp theo là khi nào,['chuyến' 'lưu' 'diễn' 'tiếp' 'theo' 'là' 'khi' 'nào'],['Other' 'Other' 'Other' 'Other' 'Other' 'Other' 'Other' 'Other'],12,general_quirky,general,5.0865,48000,1,True,COSINE_TEST,UNKNOWN,aace1608c299889a0314dd7446527edd8a39d7baf2d855f18e2cd93ede1e02a5,COSINE_TEST,UNKNOWN,cosine_test_unknown,False,False
4065,dev/3eebb49a4c6b235c3a047e063e4871cc.wav,validation,TEST,vi-VN,5c76a2d39dd0fe0001d9dfe0,test_unknown_spk_0001,Female,36,thời gian ở new york là mấy giờ,thời gian ở [place_name : new york] là mấy giờ,['thời' 'gian' 'ở' 'new' 'york' 'là' 'mấy' 'giờ'],['Other' 'Other' 'Other' 'place_name' 'place_name' 'Other' 'Other' 'Other'],0,datetime_query,datetime,4.92,48000,1,True,COSINE_TEST,UNKNOWN,c42fa50b77e583e398e933e7f1600878709c6b35a910e50f049f4d0032f9fa6d,COSINE_TEST,UNKNOWN,cosine_test_unknown,False,False
15475,dev/93e6443ba86c9dbd7c47374181133dcd.wav,validation,TEST,vi-VN,5c76a2d39dd0fe0001d9dfe0,test_unknown_spk_0001,Female,36,cho điện lực hà nội biết rằng điện lại bị mất,cho [business_name : điện lực hà nội] biết rằng điện lại bị mất,['cho' 'điện' 'lực' 'hà' 'nội' 'biết' 'rằng' 'điện' 'lại' 'bị' 'mất'],"['Other' 'business_name' 'business_name' 'business_name' 'business_name'
 'Other' 'Other' 'Other' 'Other' 'Other' 'Other']",47,social_post,social,6.18,48000,1,True,COSINE_TEST,UNKNOWN,56dfdd6cbd0aa5eea624723f0750ab8e6392b3f5a42fbbe66e42d88276c08c9f,COSINE_TEST,UNKNOWN,cosine_test_unknown,False,False
6071,dev/0b9d6977aca029096e10359a4bd68090.wav,validation,TEST,vi-VN,5c76a2d39dd0fe0001d9dfe0,test_unknown_spk_0001,Female,36,có phải đơn hàng của tôi sẵn sàng để lấy bây giờ,có phải đơn hàng của tôi sẵn sàng để lấy bây giờ,"['có' 'phải' 'đơn' 'hàng' 'của' 'tôi' 'sẵn' 'sàng' 'để' 'lấy'
 'bây' 'giờ']","['Other' 'Other' 'Other' 'Other' 'Other' 'Other' 'Other' 'Other' 'Other'
 'Other' 'Other' 'Other']",3,takeaway_query,takeaway,6.6,48000,1,True,COSINE_TEST,UNKNOWN,31bba2ddc70580b24e1e4774cf4085cad31ceeaf316ac03a52a56d5de3ac4df3,COSINE_TEST,UNKNOWN,cosine_test_unknown,False,False
15645,dev/9a4f5b62531d45669b51d91aa45be42f.wav,validation,TEST,vi-VN,5c76a2d39dd0fe0001d9dfe0,test_unknown_spk_0001,Female,36,thông tin xã hội,thông tin xã hội,['thông' 'tin' 'xã' 'hội'],['Other' 'Other' 'Other' 'Other'],27,social_query,social,2.6971666666666665,48000,1,True,COSINE_TEST,UNKNOWN,f1a41c2716e405fe17f2624bd0991dbf96c04c427c0d3016c17e65827293cd6f,COSINE_TEST,UNKNOWN,cosine_test_unknown,False,False
6963,dev/53f19ea11e86791db4673bbdcc6dd7f7.wav,validation,TEST,vi-VN,5c76a2d39dd0fe0001d9dfe0,test_unknown_spk_0001,Female,36,vui lòng nhắc tôi một giờ trước cuộc họp mà tôi có vào sáng ngày mai,vui lòng nhắc tôi [time : một giờ] trước [event_name : cuộc họp] mà tôi có vào [timeofday : sáng] [date : ngày mai],"['vui' 'lòng' 'nhắc' 'tôi' 'một' 'giờ' 'trước' 'cuộc' 'họp' 'mà' 'tôi'
 'có' 'vào' 'sáng' 'ngày' 'mai']","['Other' 'Other' 'Other' 'Other' 'time' 'time' 'Other' 'event_name'
 'event_name' 'Other' 'Other' 'Other' 'Other' 'timeofday' 'date' 'date']",50,calendar_set,calendar,9.7265,48000,1,True,COSINE_TEST,UNKNOWN,a7e005371df33a91be1a6b3b3135ec3dc91943d4e2eda94e3b00a3e901b7a7ad,COSINE_TEST,UNKNOWN,cosine_test_unknown,False,False
7688,dev/6398ab1d24a76a7cf004f3c18628ccbf.wav,validation,TEST,vi-VN,5c76a2d39dd0fe0001d9dfe0,test_unknown_spk_0001,Female,36,tôi có bất kỳ lời nhắc nào còn dang dở không,tôi có bất kỳ lời nhắc nào còn dang dở không,['tôi' 'có' 'bất' 'kỳ' 'lời' 'nhắc' 'nào' 'còn' 'dang' 'dở' 'không'],"['Other' 'Other' 'Other' 'Other' 'Other' 'Other' 'Other' 'Other' 'Other'
 'Other' 'Other']",32,calendar_query,calendar,6.54,48000,1,True,COSINE_TEST,UNKNOWN,c18258ccef911d51b11e0c3d9c3b49df74fb1f97059159e4cb7a428d3e875dba,COSINE_TEST,UNKNOWN,cosine_test_unknown,False,False
13935,dev/07bf0d98accbf73ec6b04d0d18a4bd63.wav,validation,TEST,vi-VN,5c76a2d39dd0fe0001d9dfe0,test_unknown_spk_0001,Female,36,mô tả về tai nghe thực tế ảo là gì,mô tả về [definition_word : tai nghe thực tế ảo] là gì,['mô' 'tả' 'về' 'tai' 'nghe' 'thực' 'tế' 'ảo' 'là' 'gì'],"['Other' 'Other' 'Other' 'definition_word' 'definition_word'
 'definition_word' 'definition_word' 'definition_word' 'Other' 'Other']",26,qa_definition,qa,5.58,48000,1,True,COSINE_TEST,UNKNOWN,b27209c4b208486252b43d0d670aa8cc638cee46ae82845f39f611e85645e536,COSINE_TEST,UNKNOWN,cosine_test_unknown,False,False
13533,dev/f46a4df2049082e260fa2702d1f948ab.wav,validation,TEST,vi-VN,5c76a2d39dd0fe0001d9dfe0,test_unknown_spk_0001,Female,36,bạn gái của tôi hiện giờ ở đâu,bạn gái của tôi hiện giờ ở đâu,['bạn' 'gái' 'của' 'tôi' 'hiện' 'giờ' 'ở' 'đâu'],['Other' 'Other' 'Other' 'Other' 'Other' 'Other' 'Other' 'Other'],12,general_quirky,general,5.8865,48000,1,True,COSINE_TEST,UNKNOWN,0f65677883ebe5bed9428fae91bb553f9959cc0ba8209f0a0a893a15749a6e90,COSINE_TEST,UNKNOWN,cosine_test_unknown,False,False
5175,dev/c21e103dcf62964a49fe601500e34fa6.wav,validation,TEST,vi-VN,5c76a2d39dd0fe0001d9dfe0,test_unknown_spk_0001,Female,36,thời tiết sẽ như thế nào trong tuần này,thời tiết sẽ như thế nào trong [date : tuần này],['thời' 'tiết' 'sẽ' 'như' 'thế' 'nào' 'trong' 'tuần' 'này'],['Other' 'Other' 'Other' 'Other' 'Other' 'Other' 'Other' 'date' 'date'],13,weather_query,weather,5.22,48000,1,True,COSINE_TEST,UNKNOWN,1065247ea1b7657715588047bad3aec47dcb43ce631b67e10866ff5a792dff88,COSINE_TEST,UNKNOWN,cosine_test_unknown,False,False
1934,dev/a75ad82864f7354e38b1004dfdc11bf1.wav,validation,TEST,vi-VN,5c76a2d39dd0fe0001d9dfe0,test_unknown_spk_0001,Female,36,nhóm ngày giờ hiện tại là gì,nhóm ngày giờ hiện tại là gì,['nhóm' 'ngày' 'giờ' 'hiện' 'tại' 'là' 'gì'],['Other' 'Other' 'Other' 'Other' 'Other' 'Other' 'Other'],0,datetime_query,datetime,5.04,48000,1,True,COSINE_TEST,UNKNOWN,94b56a5f1ba0054cb475ef1d4159d9727e73076a2dc9131fb101c475495ceb05,COSINE_TEST,UNKNOWN,cosine_test_unknown,False,False
11562,dev/a58ffdb04ef281afadb642076a191bf6.wav,validation,TEST,vi-VN,5c76a2d39dd0fe0001d9dfe0,test_unknown_spk_0001,Female,36,tôi muốn nghe podcast này,tôi muốn nghe podcast này,['tôi' 'muốn' 'nghe' 'podcast' 'này'],['Other' 'Other' 'Other' 'Other' 'Other'],58,play_podcasts,play,4.74,48000,1,True,COSINE_TEST,UNKNOWN,ac934cccfe74ad3a5196aeb559832ccf5c526c503260a8c1db8cff4632eef41e,COSINE_TEST,UNKNOWN,cosine_test_unknown,False,False
8146,dev/fb4627e59a2e707b18ea52bfef93e5b3.wav,validation,TEST,vi-VN,5c76a2d39dd0fe0001d9dfe0,test_unknown_spk_0001,Female,36,xóa cuộc họp của tôi ngày mười bốn,xóa [event_name : cuộc họp] của tôi [date : ngày mười bốn],['xóa' 'cuộc' 'họp' 'của' 'tôi' 'ngày' 'mười' 'bốn'],['Other' 'event_name' 'event_name' 'Other' 'Other' 'date' 'date' 'date'],30,calendar_remove,calendar,4.02,48000,1,True,COSINE_TEST,UNKNOWN,239d5acce1b9033d263341678e4a8873b04fbae7f2173dd58725959764e4e4ba,COSINE_TEST,UNKNOWN,cosine_test_unknown,False,False
11496,dev/dbb2710a60e8e53f5dd4d2f3c37b1f0b.wav,validation,TEST,vi-VN,5c76a2d39dd0fe0001d9dfe0,test_unknown_spk_0001,Female,36,phát podcast thời sự,phát podcast [podcast_name : thời sự],['phát' 'podcast' 'thời' 'sự'],['Other' 'Other' 'podcast_name' 'podcast_name'],58,play_podcasts,play,4.2465,48000,1,True,COSINE_TEST,UNKNOWN,b158b51b4439135e701a2ec1be6fd42451d8bbf32542710336d031ed3b54e4fa,COSINE_TEST,UNKNOWN,cosine_test_unknown,False,False
1125,dev/f9f99550fad9d9f1cfb63bd1c4916b76.wav,validation,TEST,vi-VN,5c76a2d39dd0fe0001d9dfe0,test_unknown_spk_0001,Female,36,hôm nay là ngày bao nhiêu,[date : hôm nay] là ngày bao nhiêu,['hôm' 'nay' 'là' 'ngày' 'bao' 'nhiêu'],['date' 'date' 'Other' 'Other' 'Other' 'Other'],0,datetime_query,datetime,3.24,48000,1,True,COSINE_TEST,UNKNOWN,891c34c2f1916b2cc621f197f1e22d2aebd7d3e3dcdf0fa45a897d1978f59f0d,COSINE_TEST,UNKNOWN,cosine_test_unknown,False,False
12565,dev/12703e2f74199c28047ad8afe4146388.wav,validation,TEST,vi-VN,5c76a2d39dd0fe0001d9dfe0,test_unknown_spk_0001,Female,36,tôi muốn một danh sách về giá vé của tất cả chuyến tàu tới địa điểm này,tôi muốn một danh sách về giá vé của tất cả [transport_type : chuyến tàu] tới địa điểm này,"['tôi' 'muốn' 'một' 'danh' 'sách' 'về' 'giá' 'vé' 'của' 'tất' 'cả'
 'chuyến' 'tàu' 'tới' 'địa' 'điểm' 'này']","['Other' 'Other' 'Other' 'Other' 'Other' 'Other' 'Other' 'Other' 'Other'
 'Other' 'Other' 'transport_type' 'transport_type' 'Other' 'Other' 'Other'
 'Other']",42,transport_query,transport,8.46,48000,1,True,COSINE_TEST,UNKNOWN,6314d082f800ec2b171e1c4c6c26d3502d5f3923bdd079b2f6bf58a5fc72d843,COSINE_TEST,UNKNOWN,cosine_test_unknown,False,False
10135,dev/28eb18a12d750e6de51dc0b3bf2018a6.wav,validation,TEST,vi-VN,5c76a2d39dd0fe0001d9dfe0,test_unknown_spk_0001,Female,36,tìm thực đơn không chứa gluten,tìm thực đơn [food_type : không chứa gluten],['tìm' 'thực' 'đơn' 'không' 'chứa' 'gluten'],['Other' 'Other' 'Other' 'food_type' 'food_type' 'food_type'],9,cooking_recipe,cooking,4.74,48000,1,True,COSINE_TEST,UNKNOWN,474a9b71d40a426fdb29d9d6e45b431c8d9c9f4653052c7fdea4ea87ec616168,COSINE_TEST,UNKNOWN,cosine_test_unknown,False,False
4664,dev/f19b5d832712c5a34d2536c603933b1e.wav,validation,TEST,vi-VN,5c76a2d39dd0fe0001d9dfe0,test_unknown_spk_0001,Female,36,tên nhóm nhạc này là gì,tên nhóm nhạc này là gì,['tên' 'nhóm' 'nhạc' 'này' 'là' 'gì'],['Other' 'Other' 'Other' 'Other' 'Other' 'Other'],57,music_query,music,2.6651666666666665,48000,1,True,COSINE_TEST,UNKNOWN,49aef63b86e19d7de956aa3f075f9e09aa4790ce5a76003cdeb30a27ae496dec,COSINE_TEST,UNKNOWN,cosine_test_unknown,False,False
8834,dev/28c5a8f7fbf26e9f0693aae214e900a5.wav,validation,TEST,vi-VN,5c76a2d39dd0fe0001d9dfe0,test_unknown_spk_0001,Female,36,hủy tất cả các cuộc họp của tôi cho đến hết tuần,hủy tất cả [event_name : các cuộc họp] của tôi cho [time : đến hết tuần],"['hủy' 'tất' 'cả' 'các' 'cuộc' 'họp' 'của' 'tôi' 'cho' 'đến' 'hết'
 'tuần']","['Other' 'Other' 'Other' 'event_name' 'event_name' 'event_name' 'Other'
 'Other' 'Other' 'time' 'time' 'time']",30,calendar_remove,calendar,7.14,48000,1,True,COSINE_TEST,UNKNOWN,03f60dd3a956ac4cf7c89e3026900dfd4f1b3436208dba5b08f4aa4007fd610c,COSINE_TEST,UNKNOWN,cosine_test_unknown,False,False
15145,dev/3f452dc63e575d959eb2ddc00dc7354a.wav,validation,TEST,vi-VN,5c76a2d39dd0fe0001d9dfe0,test_unknown_spk_0001,Female,36,điều gì đang là xu hướng trên twitter,điều gì đang là xu hướng trên [media_type : twitter],['điều' 'gì' 'đang' 'là' 'xu' 'hướng' 'trên' 'twitter'],['Other' 'Other' 'Other' 'Other' 'Other' 'Other' 'Other' 'media_type'],27,social_query,social,4.86,48000,1,True,COSINE_TEST,UNKNOWN,0c8b116728d7ba1c59289b31dc3a00f5ffdc7f636c859cf0ec77bdcee1b3840d,COSINE_TEST,UNKNOWN,cosine_test_unknown,False,False
3139,dev/af569977636444caa40504c3b247b81c.wav,validation,TEST,vi-VN,5c76a2d39dd0fe0001d9dfe0,test_unknown_spk_0001,Female,36,vui lòng giảm âm lượng,vui lòng giảm âm lượng,['vui' 'lòng' 'giảm' 'âm' 'lượng'],['Other' 'Other' 'Other' 'Other' 'Other'],35,audio_volume_down,audio,4.1691666666666665,48000,1,True,COSINE_TEST,UNKNOWN,2ed96e18c9d0e4fe07e5b88cf979a4af0dbd6c4727bf5a9626bd1748eb53fe41,COSINE_TEST,UNKNOWN,cosine_test_unknown,False,False
2620,dev/84a6bf78a08c3db6a678f4b93d8aa45a.wav,validation,TEST,vi-VN,5c76a2d39dd0fe0001d9dfe0,test_unknown_spk_0001,Female,36,hãy khởi động máy hút bụi,hãy khởi động [device_type : máy hút bụi],['hãy' 'khởi' 'động' 'máy' 'hút' 'bụi'],['Other' 'Other' 'Other' 'device_type' 'device_type' 'device_type'],34,iot_cleaning,iot,5.097166666666666,48000,1,True,COSINE_TEST,UNKNOWN,b4d5478e4d6113766fde6cf9e58984ef82ca19996c36716092f9e2060ceb695b,COSINE_TEST,UNKNOWN,cosine_test_unknown,False,False
6262,dev/4b73f0caff128e0f5dcb294e0c02febf.wav,validation,TEST,vi-VN,5c76a2d39dd0fe0001d9dfe0,test_unknown_spk_0001,Female,36,hey google tôi trúng xổ số độc đắc,hey google tôi trúng xổ số độc đắc,['hey' 'google' 'tôi' 'trúng' 'xổ' 'số' 'độc' 'đắc'],['Other' 'Other' 'Other' 'Other' 'Other' 'Other' 'Other' 'Other'],12,general_quirky,general,6.337166666666667,48000,1,True,COSINE_TEST,UNKNOWN,9cb51accfc99978cb80eac403271b9b682de1a0b17b31b737c6d0368e7edd7eb,COSINE_TEST,UNKNOWN,cosine_test_unknown,False,False
5150,dev/693b1e24d2156386fa284e7ccf4388ef.wav,validation,TEST,vi-VN,5c76a2d39dd0fe0001d9dfe0,test_unknown_spk_0001,Female,36,bạn có thể cài đặt máy pha cà phê chạy không,bạn có thể cài đặt [device_type : máy pha cà phê] chạy không,"['bạn' 'có' 'thể' 'cài' 'đặt' 'máy' 'pha' 'cà' 'phê' 'chạy'
 'không']","['Other' 'Other' 'Other' 'Other' 'Other' 'device_type' 'device_type'
 'device_type' 'device_type' 'Other' 'Other']",56,iot_coffee,iot,7.02,48000,1,True,COSINE_TEST,UNKNOWN,7e70f7f5fc8e2ecf98aec69a17c1efe067e4894890d96602d2a9344855abc40c,COSINE_TEST,UNKNOWN,cosine_test_unknown,False,False
1545,dev/6da39151fcc4ac9c71fd678d1c717120.wav,validation,TEST,vi-VN,5c76a2d39dd0fe0001d9dfe0,test_unknown_spk_0001,Female,36,phát billboard top ten,phát billboard top ten,['phát' 'billboard' 'top' 'ten'],['Other' 'Other' 'Other' 'Other'],45,play_music,play,3.675833333333333,48000,1,True,COSINE_TEST,UNKNOWN,a4f5fe8d2c1a9b5da3a5662c2f9327f720a5d84e98e38ec264e7033bf8caabdd,COSINE_TEST,UNKNOWN,cosine_test_unknown,False,False
5084,dev/3bc8cd9e7f4a2489cb6657a9e1d0ea10.wav,validation,TEST,vi-VN,5c76a2d39dd0fe0001d9dfe0,test_unknown_spk_0001,Female,36,đặt báo thức lúc sáu giờ sáng,đặt báo thức lúc [time : sáu giờ sáng],['đặt' 'báo' 'thức' 'lúc' 'sáu' 'giờ' 'sáng'],['Other' 'Other' 'Other' 'Other' 'time' 'time' 'time'],48,alarm_set,alarm,4.02,48000,1,True,COSINE_TEST,UNKNOWN,f1d95cf4e03ac66599cbf3d7fb73ee1edc57955501aea29feb651bb72387a131,COSINE_TEST,UNKNOWN,cosine_test_unknown,False,False
12325,dev/a986b57dc70ac06febd00ed33788f044.wav,validation,TEST,vi-VN,5c76a2d39dd0fe0001d9dfe0,test_unknown_spk_0001,Female,36,xe khách và giá vé,xe khách và giá vé,['xe' 'khách' 'và' 'giá' 'vé'],['Other' 'Other' 'Other' 'Other' 'Other'],2,transport_ticket,transport,3.6065,48000,1,True,COSINE_TEST,UNKNOWN,37e282ed3d983f9008c8da71481950ea9b6d239e1cb4c8d34dffda2e63a1d314,COSINE_TEST,UNKNOWN,cosine_test_unknown,False,False
16462,dev/a4ee4516217b08664d1dd6572b24339a.wav,validation,TEST,vi-VN,5c76a2d39dd0fe0001d9dfe0,test_unknown_spk_0001,Female,36,những tin nhắn mới mà tôi có là gì,những tin nhắn mới mà tôi có là gì,['những' 'tin' 'nhắn' 'mới' 'mà' 'tôi' 'có' 'là' 'gì'],['Other' 'Other' 'Other' 'Other' 'Other' 'Other' 'Other' 'Other' 'Other'],44,email_query,email,4.86,48000,1,True,COSINE_TEST,UNKNOWN,d728491e73d7bc0b7718169e13c9e7f607b22324d6499ab336afcee60c442606,COSINE_TEST,UNKNOWN,cosine_test_unknown,False,False
14866,dev/6d093ea4c9580cbd6ec29c093a5bec12.wav,validation,TEST,vi-VN,5c76a2d39dd0fe0001d9dfe0,test_unknown_spk_0001,Female,36,có bao nhiêu con sông trên thế giới,có bao nhiêu con sông trên [place_name : thế giới],['có' 'bao' 'nhiêu' 'con' 'sông' 'trên' 'thế' 'giới'],['Other' 'Other' 'Other' 'Other' 'Other' 'Other' 'place_name' 'place_name'],49,qa_factoid,qa,5.737166666666667,48000,1,True,COSINE_TEST,UNKNOWN,3d43be164ea8c90d8d862e811bd0ee0b45816a64d13d6a1c4abb66ce878752d6,COSINE_TEST,UNKNOWN,cosine_test_unknown,False,False
298,dev/f6fe5579948108d66e846d13e9443c64.wav,validation,TEST,vi-VN,5c76a2d39dd0fe0001d9dfe0,test_unknown_spk_0001,Female,36,phát nhạc của chopin,phát nhạc của [artist_name : chopin],['phát' 'nhạc' 'của' 'chopin'],['Other' 'Other' 'Other' 'artist_name'],45,play_music,play,3.84,48000,1,True,COSINE_TEST,UNKNOWN,f9d10f0b997f38ee10988c75ece0c2355d11ea87273468f90cbcb065c4eb9f32,COSINE_TEST,UNKNOWN,cosine_test_unknown,False,False
16421,dev/fd787531338381f942e2958ac0d487e0.wav,validation,TEST,vi-VN,5c76a2d39dd0fe0001d9dfe0,test_unknown_spk_0001,Female,36,tôi có bao nhiêu email chưa đọc,tôi có bao nhiêu email chưa đọc,['tôi' 'có' 'bao' 'nhiêu' 'email' 'chưa' 'đọc'],['Other' 'Other' 'Other' 'Other' 'Other' 'Other' 'Other'],44,email_query,email,5.16,48000,1,True,COSINE_TEST,UNKNOWN,a861619ca69a9a3f48a5fd7a7132ed96cb3964480af15f5777830272ba9862da,COSINE_TEST,UNKNOWN,cosine_test_unknown,False,False
6571,dev/9e04dae80046852e3e637c6b3cf0a766.wav,validation,TEST,vi-VN,5c76a2d39dd0fe0001d9dfe0,test_unknown_spk_0001,Female,36,các sự kiện đang diễn ra ở h. c. m.,các sự kiện đang diễn ra ở [place_name : h. c. m.],['các' 'sự' 'kiện' 'đang' 'diễn' 'ra' 'ở' 'h.' 'c.' 'm.'],"['Other' 'Other' 'Other' 'Other' 'Other' 'Other' 'Other' 'place_name'
 'place_name' 'place_name']",6,recommendation_events,recommendation,7.795833333333333,48000,1,True,COSINE_TEST,UNKNOWN,7b5d3909caa9f6e445148dceb5a88e40bd39b3584f7687aa1d6edbda6e4109ec,COSINE_TEST,UNKNOWN,cosine_test_unknown,False,False
4008,dev/7e4eb5f231b8c4ab09e2a9b64bb33a25.wav,validation,TEST,vi-VN,5c76a2d39dd0fe0001d9dfe0,test_unknown_spk_0001,Female,36,phát lại bài này,[player_setting : phát lại] bài này,['phát' 'lại' 'bài' 'này'],['player_setting' 'player_setting' 'Other' 'Other'],28,music_settings,music,1.9158333333333333,48000,1,True,COSINE_TEST,UNKNOWN,03b387b5731c7262ae2b05cb2041108e4b26e6d137584017a8d04d6a079c9c00,COSINE_TEST,UNKNOWN,cosine_test_unknown,False,False
14393,dev/3ac185b13d11f0841deedcfc147f205e.wav,validation,TEST,vi-VN,5c76a2d39dd0fe0001d9dfe0,test_unknown_spk_0001,Female,36,mô tả tình trạng chính trị hiện tại,mô tả tình trạng chính trị hiện tại,['mô' 'tả' 'tình' 'trạng' 'chính' 'trị' 'hiện' 'tại'],['Other' 'Other' 'Other' 'Other' 'Other' 'Other' 'Other' 'Other'],49,qa_factoid,qa,4.7665,48000,1,True,COSINE_TEST,UNKNOWN,081b3c7acfdb167af8a75b2c7e335d3f62a2960cf10c78118384179d65d4ad47,COSINE_TEST,UNKNOWN,cosine_test_unknown,False,False
13615,dev/f01c575b27dea6d1e6eeeffb5ec055a7.wav,validation,TEST,vi-VN,5c76a2d39dd0fe0001d9dfe0,test_unknown_spk_0001,Female,36,adel đã biến kim cương bao nhiêu lần,adel đã biến kim cương bao nhiêu lần,['adel' 'đã' 'biến' 'kim' 'cương' 'bao' 'nhiêu' 'lần'],['Other' 'Other' 'Other' 'Other' 'Other' 'Other' 'Other' 'Other'],49,qa_factoid,qa,4.0465,48000,1,True,COSINE_TEST,UNKNOWN,95abc0c6c6e40a4a5b9be5bf26f712fc84f1113a24079b09e48fb62eea9137d0,COSINE_TEST,UNKNOWN,cosine_test_unknown,False,False
6111,dev/5515af08413aea58f6ae41c046dec00e.wav,validation,TEST,vi-VN,6393bb7fbbd2bb29f99e6c9b,test_unknown_spk_0002,Male,28,hey olly đặt hai phần cánh gà và khoai tây chiên ở cửa hàng đồ ăn trung,hey olly đặt hai phần [food_type : cánh] gà [food_type : và khoai tây chiên] ở [business_name : cửa hàng đồ ăn trung],"['hey' 'olly' 'đặt' 'hai' 'phần' 'cánh' 'gà' 'và' 'khoai' 'tây'
 'chiên' 'ở' 'cửa' 'hàng' 'đồ' 'ăn' 'trung']","['Other' 'Other' 'Other' 'Other' 'Other' 'food_type' 'Other' 'food_type'
 'food_type' 'food_type' 'food_type' 'Other' 'business_name'
 'business_name' 'business_name' 'business_name' 'business_name']",16,takeaway_order,takeaway,5.52,48000,1,True,COSINE_TEST,UNKNOWN,c238f4ef701d2fa812c911051bd9cce4a9f3e004e44c56616d9499636ee0f3d1,COSINE_TEST,UNKNOWN,cosine_test_unknown,False,False
2623,dev/7c7cebc78fe8d2f98f86ee1bc0187ffc.wav,validation,TEST,vi-VN,6393bb7fbbd2bb29f99e6c9b,test_unknown_spk_0002,Male,28,làm ơn đừng nói gì cả,làm ơn đừng nói gì cả,['làm' 'ơn' 'đừng' 'nói' 'gì' 'cả'],['Other' 'Other' 'Other' 'Other' 'Other' 'Other'],46,audio_volume_mute,audio,1.8,48000,1,True,COSINE_TEST,UNKNOWN,e2349cd81ee000d57301b550a7afc183410b9a4536ec559a726bfc24119616e3,COSINE_TEST,UNKNOWN,cosine_test_unknown,False,False
26,dev/c5810df13e751bb7f2eea8d9aa4dccad.wav,validation,TEST,vi-VN,6393bb7fbbd2bb29f99e6c9b,test_unknown_spk_0002,Male,28,lau dọn căn hộ,lau dọn [house_place : căn hộ],['lau' 'dọn' 'căn' 'hộ'],['Other' 'Other' 'house_place' 'house_place'],34,iot_cleaning,iot,1.74,48000,1,True,COSINE_TEST,UNKNOWN,450a81f6138fcdd79c101d1d10d74cde815df6802b94292fad3cd213dd8302e7,COSINE_TEST,UNKNOWN,cosine_test_unknown,False,False
8941,dev/516ccd1ba79828dd7d739fedd3685d62.wav,validation,TEST,vi-VN,6393bb7fbbd2bb29f99e6c9b,test_unknown_spk_0002,Male,28,khi nào đến kỳ nghỉ của tháng này,khi nào đến [event_name : kỳ nghỉ] của [time : tháng này],['khi' 'nào' 'đến' 'kỳ' 'nghỉ' 'của' 'tháng' 'này'],['Other' 'Other' 'Other' 'event_name' 'event_name' 'Other' 'time' 'time'],32,calendar_query,calendar,2.22,48000,1,True,COSINE_TEST,UNKNOWN,e3eaf4f625ca0cb464c969083a2f4520be21a22fd722bb6816b6024c9c022167,COSINE_TEST,UNKNOWN,cosine_test_unknown,False,False
6642,dev/5592e797ed420aa9e8a9a994d1cfb64b.wav,validation,TEST,vi-VN,6393bb7fbbd2bb29f99e6c9b,test_unknown_spk_0002,Male,28,lời khuyên kinh tế gần đây,lời khuyên kinh tế gần đây,['lời' 'khuyên' 'kinh' 'tế' 'gần' 'đây'],['Other' 'Other' 'Other' 'Other' 'Other' 'Other'],12,general_quirky,general,1.56,48000,1,True,COSINE_TEST,UNKNOWN,f3044ed30fbd5b0ab6bb825b0d01281c0f7e21b2013d100f0a66cc90239e3006,COSINE_TEST,UNKNOWN,cosine_test_unknown,False,False
3758,dev/7d1dc139fc609add8db6cb58be5f1654.wav,validation,TEST,vi-VN,6393bb7fbbd2bb29f99e6c9b,test_unknown_spk_0002,Male,28,sau bài này phát cho tôi người hãy quên em đi,sau bài này phát cho tôi [song_name : người hãy quên em đi],['sau' 'bài' 'này' 'phát' 'cho' 'tôi' 'người' 'hãy' 'quên' 'em' 'đi'],"['Other' 'Other' 'Other' 'Other' 'Other' 'Other' 'song_name' 'song_name'
 'song_name' 'song_name' 'song_name']",45,play_music,play,3.78,48000,1,True,COSINE_TEST,UNKNOWN,3c17aa1c639662f6c6aca75844f5bc83075065a4fd537aa1a802d9aff1ace791,COSINE_TEST,UNKNOWN,cosine_test_unknown,False,False
13024,dev/c784627eed63ffea4819fa28622649be.wav,validation,TEST,vi-VN,6393bb7fbbd2bb29f99e6c9b,test_unknown_spk_0002,Male,28,gửi thư điện tử cho bạn bè,gửi thư điện tử cho bạn bè,['gửi' 'thư' 'điện' 'tử' 'cho' 'bạn' 'bè'],['Other' 'Other' 'Other' 'Other' 'Other' 'Other' 'Other'],33,email_sendemail,email,1.56,48000,1,True,COSINE_TEST,UNKNOWN,00b7edfd554ff0a0a769adc5c23b761b267a102f7ed4c8fbbb3963fa4189c143,COSINE_TEST,UNKNOWN,cosine_test_unknown,False,False
9660,dev/9d7f1326fffd2c579c8aa82e23ee9409.wav,validation,TEST,vi-VN,6393bb7fbbd2bb29f99e6c9b,test_unknown_spk_0002,Male,28,phát chương trình này,phát chương trình này,['phát' 'chương' 'trình' 'này'],['Other' 'Other' 'Other' 'Other'],36,play_radio,play,1.14,48000,1,True,COSINE_TEST,UNKNOWN,8bf9b34b7bc1da80507a170ce4a908022969f39c3c529b621dc3ac1bca6ba570,COSINE_TEST,UNKNOWN,cosine_test_unknown,False,False
5063,dev/8f8e550c4a6c2c98dcd693fbf51d3432.wav,validation,TEST,vi-VN,6393bb7fbbd2bb29f99e6c9b,test_unknown_spk_0002,Male,28,thay đổi độ mờ của màu,thay đổi độ mờ của màu,['thay' 'đổi' 'độ' 'mờ' 'của' 'màu'],['Other' 'Other' 'Other' 'Other' 'Other' 'Other'],1,iot_hue_lightchange,iot,1.92,48000,1,True,COSINE_TEST,UNKNOWN,705d235c39b5e2cba18ae2366e9d4b9647de77cc1baa6e85304503706761c88f,COSINE_TEST,UNKNOWN,cosine_test_unknown,False,False
8122,dev/bf0cf07430540310ba6a8a1ce7b6baeb.wav,validation,TEST,vi-VN,6393bb7fbbd2bb29f99e6c9b,test_unknown_spk_0002,Male,28,sự kiện ăn trưa nhắc lại vào mỗi thứ sáu,sự kiện [meal_type : ăn trưa] nhắc lại vào [date : mỗi thứ sáu],['sự' 'kiện' 'ăn' 'trưa' 'nhắc' 'lại' 'vào' 'mỗi' 'thứ' 'sáu'],"['Other' 'Other' 'meal_type' 'meal_type' 'Other' 'Other' 'Other' 'date'
 'date' 'date']",50,calendar_set,calendar,2.82,48000,1,True,COSINE_TEST,UNKNOWN,52accd6caaf48a2f77caeec36fc388bb322e146acf9cedaade67d3609938a32c,COSINE_TEST,UNKNOWN,cosine_test_unknown,False,False
16319,dev/f0fe88672149f64b562d8c1b01da83e9.wav,validation,TEST,vi-VN,6393bb7fbbd2bb29f99e6c9b,test_unknown_spk_0002,Male,28,trả lời tất cả,trả lời tất cả,['trả' 'lời' 'tất' 'cả'],['Other' 'Other' 'Other' 'Other'],33,email_sendemail,email,1.38,48000,1,True,COSINE_TEST,UNKNOWN,3e5dfca9ee6662a0e33fe35af0cbec937fd65b8c9820396b111e437e95445c45,COSINE_TEST,UNKNOWN,cosine_test_unknown,False,False
1839,dev/03e4ab971fa7bfc7ff4cf78b7d1a5c0c.wav,validation,TEST,vi-VN,6393bb7fbbd2bb29f99e6c9b,test_unknown_spk_0002,Male,28,đi đên youtube và phát cho tôi bộ sưu tập các bài hát cưới hay nhất,đi đên [media_type : youtube] và phát cho tôi bộ sưu tập [playlist_name : các bài hát cưới hay nhất],"['đi' 'đên' 'youtube' 'và' 'phát' 'cho' 'tôi' 'bộ' 'sưu' 'tập' 'các'
 'bài' 'hát' 'cưới' 'hay' 'nhất']","['Other' 'Other' 'media_type' 'Other' 'Other' 'Other' 'Other' 'Other'
 'Other' 'Other' 'playlist_name' 'playlist_name' 'playlist_name'
 'playlist_name' 'playlist_name' 'playlist_name']",45,play_music,play,4.56,48000,1,True,COSINE_TEST,UNKNOWN,9af77cc0b80ae53dc85f425dbccdf081d64c4b93ce72395627cc93c4f1c0c401,COSINE_TEST,UNKNOWN,cosine_test_unknown,False,False
5352,dev/0f01143e2172da12cccf18ffd9a90be3.wav,validation,TEST,vi-VN,6393bb7fbbd2bb29f99e6c9b,test_unknown_spk_0002,Male,28,phát từ danh sách phát của tôi,phát từ danh sách phát của tôi,['phát' 'từ' 'danh' 'sách' 'phát' 'của' 'tôi'],['Other' 'Other' 'Other' 'Other' 'Other' 'Other' 'Other'],45,play_music,play,2.58,48000,1,True,COSINE_TEST,UNKNOWN,a3eade0e02cd29c19253c8a586fee665ed9d76bb4716c3c1db6bbc8a85ad1c1d,COSINE_TEST,UNKNOWN,cosine_test_unknown,False,False
16140,dev/8b2d202f3de6ce13543d2428655d2eaa.wav,validation,TEST,vi-VN,6393bb7fbbd2bb29f99e6c9b,test_unknown_spk_0002,Male,28,cho tôi xem toàn bộ email đã nhận gần đây kèm mốc thời gian,cho tôi xem toàn bộ email đã nhận gần đây kèm mốc thời gian,"['cho' 'tôi' 'xem' 'toàn' 'bộ' 'email' 'đã' 'nhận' 'gần' 'đây' 'kèm' 'mốc'
 'thời' 'gian']","['Other' 'Other' 'Other' 'Other' 'Other' 'Other' 'Other' 'Other' 'Other'
 'Other' 'Other' 'Other' 'Other' 'Other']",44,email_query,email,3.96,48000,1,True,COSINE_TEST,UNKNOWN,bd7ee8737d85c14cd552a24dc9a178d23e83f97897e894478793fb866e3a3a75,COSINE_TEST,UNKNOWN,cosine_test_unknown,False,False
3720,dev/500a94fa35b9502a521eb081bc59a691.wav,validation,TEST,vi-VN,6393bb7fbbd2bb29f99e6c9b,test_unknown_spk_0002,Male,28,thời gian ngay bây giờ ở úc là mấy giờ,thời gian ngay bây giờ ở [place_name : úc] là mấy giờ,['thời' 'gian' 'ngay' 'bây' 'giờ' 'ở' 'úc' 'là' 'mấy' 'giờ'],"['Other' 'Other' 'Other' 'Other' 'Other' 'Other' 'place_name' 'Other'
 'Other' 'Other']",0,datetime_query,datetime,2.76,48000,1,True,COSINE_TEST,UNKNOWN,dbd297866430fcb00063df8ef55f310f96ab4eaa39fef0051e91a72f1fdfed0a,COSINE_TEST,UNKNOWN,cosine_test_unknown,False,False
13033,dev/2579b1a2be52908063afc90338387ce4.wav,validation,TEST,vi-VN,6393bb7fbbd2bb29f99e6c9b,test_unknown_spk_0002,Male,28,ba nhân bảy bằng bao nhiêu,ba nhân bảy bằng bao nhiêu,['ba' 'nhân' 'bảy' 'bằng' 'bao' 'nhiêu'],['Other' 'Other' 'Other' 'Other' 'Other' 'Other'],39,qa_maths,qa,1.62,48000,1,True,COSINE_TEST,UNKNOWN,fc7c85a0d2bf9b55127630848f6581c392258ae3c0c1f79a02c35ca2b1fcb16c,COSINE_TEST,UNKNOWN,cosine_test_unknown,False,False
17009,dev/1171f8669b74c14c393e06173fd31937.wav,validation,TEST,vi-VN,6393bb7fbbd2bb29f99e6c9b,test_unknown_spk_0002,Male,28,kiểm tra hộp thư cho tôi,kiểm tra [email_folder : hộp thư] cho tôi,['kiểm' 'tra' 'hộp' 'thư' 'cho' 'tôi'],['Other' 'Other' 'email_folder' 'email_folder' 'Other' 'Other'],44,email_query,email,1.44,48000,1,True,COSINE_TEST,UNKNOWN,cedbf9c8001983db3827982bb1343144157a5f133eb91fbbf3bcd4d3567efbd9,COSINE_TEST,UNKNOWN,cosine_test_unknown,False,False
2687,dev/eee6801aa17d066cd4f44e8bcaef1c37.wav,validation,TEST,vi-VN,6393bb7fbbd2bb29f99e6c9b,test_unknown_spk_0002,Male,28,xác nhận đặt hàng,xác nhận đặt hàng,['xác' 'nhận' 'đặt' 'hàng'],['Other' 'Other' 'Other' 'Other'],16,takeaway_order,takeaway,1.32,48000,1,True,COSINE_TEST,UNKNOWN,07870a76485a50fd61163ae365db4037edb8182ebdedec6dbedc3e0d43710082,COSINE_TEST,UNKNOWN,cosine_test_unknown,False,False
2120,dev/15e5fe52ce60d8d0da8b73162934fa44.wav,validation,TEST,vi-VN,6393bb7fbbd2bb29f99e6c9b,test_unknown_spk_0002,Male,28,chuyển các đèn thành màu xanh dương,chuyển các đèn thành [color_type : màu xanh dương],['chuyển' 'các' 'đèn' 'thành' 'màu' 'xanh' 'dương'],['Other' 'Other' 'Other' 'Other' 'color_type' 'color_type' 'color_type'],1,iot_hue_lightchange,iot,1.98,48000,1,True,COSINE_TEST,UNKNOWN,767a140eb615946ba7c2ae0f1a2f5ac1da53d50799a589725743e2d9b447aae1,COSINE_TEST,UNKNOWN,cosine_test_unknown,False,False
4622,dev/4c7317e2f6e872e7a0fa715836a924f0.wav,validation,TEST,vi-VN,6393bb7fbbd2bb29f99e6c9b,test_unknown_spk_0002,Male,28,làm mờ các đèn thành mức độ hai,làm mờ các đèn thành mức độ hai,['làm' 'mờ' 'các' 'đèn' 'thành' 'mức' 'độ' 'hai'],['Other' 'Other' 'Other' 'Other' 'Other' 'Other' 'Other' 'Other'],31,iot_hue_lightdim,iot,2.16,48000,1,True,COSINE_TEST,UNKNOWN,377ec0e64ed2064a2a79f72ea09d87e5f648dc62212d45b3212b66850f1f9b1f,COSINE_TEST,UNKNOWN,cosine_test_unknown,False,False
3202,dev/318ebff76f11b62a74b33ce97b395d47.wav,validation,TEST,vi-VN,6393bb7fbbd2bb29f99e6c9b,test_unknown_spk_0002,Male,28,bạn nên biết là tôi thích nhạc jazz,bạn nên biết là tôi thích nhạc [music_genre : jazz],['bạn' 'nên' 'biết' 'là' 'tôi' 'thích' 'nhạc' 'jazz'],['Other' 'Other' 'Other' 'Other' 'Other' 'Other' 'Other' 'music_genre'],43,music_likeness,music,2.34,48000,1,True,COSINE_TEST,UNKNOWN,04ab1a1f1dbcebf9cf725b1e6863e9eb62f4e5ece86c1e58b843ac7b081e0b2d,COSINE_TEST,UNKNOWN,cosine_test_unknown,False,False
490,dev/cf54fcb08b5b6e3784b13ebc6d7f4544.wav,validation,TEST,vi-VN,6393bb7fbbd2bb29f99e6c9b,test_unknown_spk_0002,Male,28,ngoài trời nóng phải không,ngoài trời [weather_descriptor : nóng] phải không,['ngoài' 'trời' 'nóng' 'phải' 'không'],['Other' 'Other' 'weather_descriptor' 'Other' 'Other'],13,weather_query,weather,2.1,48000,1,True,COSINE_TEST,UNKNOWN,30a277a3ecf344bc48a35f8701c41b9bc2ab43bcd1174c98b8e3a039fb03334a,COSINE_TEST,UNKNOWN,cosine_test_unknown,False,False
756,dev/2b97746d01fa44d7fb26c9cbfa3fb970.wav,validation,TEST,vi-VN,6393bb7fbbd2bb29f99e6c9b,test_unknown_spk_0002,Male,28,bạn có thể tắt ổ chuyển đổi thông minh không,bạn có thể tắt [device_type : ổ chuyển đổi thông minh] không,['bạn' 'có' 'thể' 'tắt' 'ổ' 'chuyển' 'đổi' 'thông' 'minh' 'không'],"['Other' 'Other' 'Other' 'Other' 'device_type' 'device_type' 'device_type'
 'device_type' 'device_type' 'Other']",8,iot_wemo_off,iot,2.52,48000,1,True,COSINE_TEST,UNKNOWN,c5ebfa747c7e91c1d90f05680f1841a3003a34e195a75438c0ac2a05b1928d10,COSINE_TEST,UNKNOWN,cosine_test_unknown,False,False
4604,dev/dbe203875f6e888123c5d2d936c4ad2c.wav,validation,TEST,vi-VN,6393bb7fbbd2bb29f99e6c9b,test_unknown_spk_0002,Male,28,kiểm tra xem đơn đặt hàng của tôi tại pizza hut có giao chưa,kiểm tra xem đơn đặt hàng của tôi tại [business_name : pizza hut] có giao chưa,"['kiểm' 'tra' 'xem' 'đơn' 'đặt' 'hàng' 'của' 'tôi' 'tại' 'pizza'
 'hut' 'có' 'giao' 'chưa']","['Other' 'Other' 'Other' 'Other' 'Other' 'Other' 'Other' 'Other' 'Other'
 'business_name' 'business_name' 'Other' 'Other' 'Other']",3,takeaway_query,takeaway,4.26,48000,1,True,COSINE_TEST,UNKNOWN,5432fa277cf33e98ea0500881347c87cdcee34b49ecc24ea4c711817a14c6df6,COSINE_TEST,UNKNOWN,cosine_test_unknown,False,False
7846,dev/8b61bdea61350fbcb3aae44fd23cbc0c.wav,validation,TEST,vi-VN,6393bb7fbbd2bb29f99e6c9b,test_unknown_spk_0002,Male,28,có những lời nhắc nào sắp tới trong tuần này,có những lời nhắc nào sắp tới trong [date : tuần này],['có' 'những' 'lời' 'nhắc' 'nào' 'sắp' 'tới' 'trong' 'tuần' 'này'],"['Other' 'Other' 'Other' 'Other' 'Other' 'Other' 'Other' 'Other' 'date'
 'date']",32,calendar_query,calendar,3.12,48000,1,True,COSINE_TEST,UNKNOWN,f90c29cc7604d56ce0e422160070d761f13361c83c92321866fc5f25abc0d872,COSINE_TEST,UNKNOWN,cosine_test_unknown,False,False
6209,dev/9b93aee59f060fea0b760eef86690b0f.wav,validation,TEST,vi-VN,6393bb7fbbd2bb29f99e6c9b,test_unknown_spk_0002,Male,28,thật tuyệt nếu ăn tối tại nhà hàng mới mở ở trung tâm thành phố,thật tuyệt nếu ăn tối [business_type : tại nhà hàng] mới mở ở [place_name : trung tâm thành phố],"['thật' 'tuyệt' 'nếu' 'ăn' 'tối' 'tại' 'nhà' 'hàng' 'mới' 'mở' 'ở' 'trung'
 'tâm' 'thành' 'phố']","['Other' 'Other' 'Other' 'Other' 'Other' 'business_type' 'business_type'
 'business_type' 'Other' 'Other' 'Other' 'place_name' 'place_name'
 'place_name' 'place_name']",12,general_quirky,general,4.32,48000,1,True,COSINE_TEST,UNKNOWN,9a1e61b2641a90624dc9bea709309b43c4f3356dbec5298e94c62bb9c67d40db,COSINE_TEST,UNKNOWN,cosine_test_unknown,False,False
16580,dev/9b438379aa5b48a2fadf31dd2f4f58b7.wav,validation,TEST,vi-VN,6393bb7fbbd2bb29f99e6c9b,test_unknown_spk_0002,Male,28,google tìm địa chỉ email mới của dũng tôi đã thêm vào hôm thứ sáu,google tìm địa chỉ email mới của [person : dũng] tôi đã thêm vào hôm [date : thứ sáu],"['google' 'tìm' 'địa' 'chỉ' 'email' 'mới' 'của' 'dũng' 'tôi' 'đã' 'thêm'
 'vào' 'hôm' 'thứ' 'sáu']","['Other' 'Other' 'Other' 'Other' 'Other' 'Other' 'Other' 'person' 'Other'
 'Other' 'Other' 'Other' 'Other' 'date' 'date']",44,email_query,email,5.4,48000,1,True,COSINE_TEST,UNKNOWN,f222e7992e4fbc80f307477da301c4c7963debb096730742e8743cba399c3174,COSINE_TEST,UNKNOWN,cosine_test_unknown,False,False
10146,dev/be5ab535d6d0aa2939d150d3e1dc12dd.wav,validation,TEST,vi-VN,6393bb7fbbd2bb29f99e6c9b,test_unknown_spk_0002,Male,28,làm thế nào để bạn nấu một món trứng tráng phô mai,làm thế nào để bạn nấu một món [food_type : trứng tráng phô mai],"['làm' 'thế' 'nào' 'để' 'bạn' 'nấu' 'một' 'món' 'trứng' 'tráng' 'phô'
 'mai']","['Other' 'Other' 'Other' 'Other' 'Other' 'Other' 'Other' 'Other'
 'food_type' 'food_type' 'food_type' 'food_type']",9,cooking_recipe,cooking,4.08,48000,1,True,COSINE_TEST,UNKNOWN,df45234877adaf346afa703b26f77a997f2c8b7e6080e6860146d6d687aa745b,COSINE_TEST,UNKNOWN,cosine_test_unknown,False,False
2318,dev/c68c5217e66d4ed84763e736fe828113.wav,validation,TEST,vi-VN,6393bb7fbbd2bb29f99e6c9b,test_unknown_spk_0002,Male,28,giảm tối đa nguồn đèn,giảm tối đa nguồn đèn,['giảm' 'tối' 'đa' 'nguồn' 'đèn'],['Other' 'Other' 'Other' 'Other' 'Other'],31,iot_hue_lightdim,iot,1.68,48000,1,True,COSINE_TEST,UNKNOWN,29f221c0aa12297fa21bcf11ca5e12341f89daa43c053415c24de2249d1d1398,COSINE_TEST,UNKNOWN,cosine_test_unknown,False,False
2846,dev/baca8c09c71f0d5a044f9c3211a4d59e.wav,validation,TEST,vi-VN,6393bb7fbbd2bb29f99e6c9b,test_unknown_spk_0002,Male,28,hãy nghe bản nhạc này,hãy nghe bản nhạc này,['hãy' 'nghe' 'bản' 'nhạc' 'này'],['Other' 'Other' 'Other' 'Other' 'Other'],57,music_query,music,1.26,48000,1,True,COSINE_TEST,UNKNOWN,078ae38ea7fa6780796ab5314f8eb4d7af207cf021ecaea56feb9ad807131758,COSINE_TEST,UNKNOWN,cosine_test_unknown,False,False
2425,dev/22148119b6415e7139939063857765f7.wav,validation,TEST,vi-VN,6393bb7fbbd2bb29f99e6c9b,test_unknown_spk_0002,Male,28,nói cho tôi biết bây giờ mấy giờ,nói cho tôi biết bây giờ mấy giờ,['nói' 'cho' 'tôi' 'biết' 'bây' 'giờ' 'mấy' 'giờ'],['Other' 'Other' 'Other' 'Other' 'Other' 'Other' 'Other' 'Other'],0,datetime_query,datetime,2.88,48000,1,True,COSINE_TEST,UNKNOWN,c6697cf45fd06f4b4308ee48c9155e37c9953563d48394c4431d4a04c2d1bc47,COSINE_TEST,UNKNOWN,cosine_test_unknown,False,False
14156,dev/c01de1acb4a6088004e89e8e60543e16.wav,validation,TEST,vi-VN,6393bb7fbbd2bb29f99e6c9b,test_unknown_spk_0002,Male,28,tìm trên wikipedia,tìm trên wikipedia,['tìm' 'trên' 'wikipedia'],['Other' 'Other' 'Other'],26,qa_definition,qa,1.68,48000,1,True,COSINE_TEST,UNKNOWN,2434ffdb6f879884cf75c2c3c82019ce35afc3a065129e975e97971cd083df33,COSINE_TEST,UNKNOWN,cosine_test_unknown,False,False
7374,dev/014aceda870882c37d4898a26d0e2361.wav,validation,TEST,vi-VN,6393bb7fbbd2bb29f99e6c9b,test_unknown_spk_0002,Male,28,có những cuộc họp nào vào tháng ba,có [event_name : những cuộc họp] nào vào [date : tháng ba],['có' 'những' 'cuộc' 'họp' 'nào' 'vào' 'tháng' 'ba'],"['Other' 'event_name' 'event_name' 'event_name' 'Other' 'Other' 'date'
 'date']",32,calendar_query,calendar,1.92,48000,1,True,COSINE_TEST,UNKNOWN,4a7a8725455129738652fd68c9096b20cd6b0540a0ee8ead6c2c89170ca24c34,COSINE_TEST,UNKNOWN,cosine_test_unknown,False,False
11631,dev/f2389b73b062a0e6db85520c501615d2.wav,validation,TEST,vi-VN,6393bb7fbbd2bb29f99e6c9b,test_unknown_spk_0002,Male,28,tôi cần ít sushi gần nhất,tôi cần ít [food_type : sushi] gần nhất,['tôi' 'cần' 'ít' 'sushi' 'gần' 'nhất'],['Other' 'Other' 'Other' 'food_type' 'Other' 'Other'],19,recommendation_locations,recommendation,1.98,48000,1,True,COSINE_TEST,UNKNOWN,2d678f05b8014f9a14089142aa9b5ffbd9fd5465fe64ab2aebd8588e048a8f5a,COSINE_TEST,UNKNOWN,cosine_test_unknown,False,False
6265,dev/d9738b80182a04c963498902c75d5af2.wav,validation,TEST,vi-VN,6393bb7fbbd2bb29f99e6c9b,test_unknown_spk_0002,Male,28,cho tôi biết những tin tức quan trọng hôm nay,cho tôi biết những tin tức quan trọng [date : hôm nay],['cho' 'tôi' 'biết' 'những' 'tin' 'tức' 'quan' 'trọng' 'hôm' 'nay'],"['Other' 'Other' 'Other' 'Other' 'Other' 'Other' 'Other' 'Other' 'date'
 'date']",22,news_query,news,2.4,48000,1,True,COSINE_TEST,UNKNOWN,b8a29cb24486ff8279b86bcc73ae2b21d7820ec00a2646c90e5b2dbaa2a30ae8,COSINE_TEST,UNKNOWN,cosine_test_unknown,False,False
1177,dev/1eba2546a0e8bb7479c113aa77105f58.wav,validation,TEST,vi-VN,6393bb7fbbd2bb29f99e6c9b,test_unknown_spk_0002,Male,28,lời bài hát người hãy quên em đi của mỹ tâm,lời bài hát [song_name : người hãy quên em đi] của [artist_name : mỹ tâm],['lời' 'bài' 'hát' 'người' 'hãy' 'quên' 'em' 'đi' 'của' 'mỹ' 'tâm'],"['Other' 'Other' 'Other' 'song_name' 'song_name' 'song_name' 'song_name'
 'song_name' 'Other' 'artist_name' 'artist_name']",57,music_query,music,3.0,48000,1,True,COSINE_TEST,UNKNOWN,95a579c3c0084e1950463500bf670cd2de090135932cd9fd8056bc39a7b81458,COSINE_TEST,UNKNOWN,cosine_test_unknown,False,False
5100,dev/c5a853109dd8fe7cd0523063239c6780.wav,validation,TEST,vi-VN,6393bb7fbbd2bb29f99e6c9b,test_unknown_spk_0002,Male,28,siri hủy báo thức tập yoga,siri hủy báo thức tập yoga,['siri' 'hủy' 'báo' 'thức' 'tập' 'yoga'],['Other' 'Other' 'Other' 'Other' 'Other' 'Other'],52,alarm_remove,alarm,2.22,48000,1,True,COSINE_TEST,UNKNOWN,897f4b51caa99666c0730477020fd4a731c2dffa4fceb2ec67b59d34dc0eca4c,COSINE_TEST,UNKNOWN,cosine_test_unknown,False,False
9008,dev/fbdb93c647f9042802c62c5774f5aeac.wav,validation,TEST,vi-VN,6393bb7fbbd2bb29f99e6c9b,test_unknown_spk_0002,Male,28,xóa sự kiện sinh nhật khỏi lịch của tôi,xóa sự kiện [event_name : sinh nhật] khỏi lịch của tôi,['xóa' 'sự' 'kiện' 'sinh' 'nhật' 'khỏi' 'lịch' 'của' 'tôi'],"['Other' 'Other' 'Other' 'event_name' 'event_name' 'Other' 'Other' 'Other'
 'Other']",30,calendar_remove,calendar,2.76,48000,1,True,COSINE_TEST,UNKNOWN,772d2b6c28b6ae19ad2c9723aa5545a49fa6bd963d2f6068b489c4fc3305ebac,COSINE_TEST,UNKNOWN,cosine_test_unknown,False,False
9382,dev/a42b0fb9a99c8a6c30059faeeb28f67d.wav,validation,TEST,vi-VN,6393bb7fbbd2bb29f99e6c9b,test_unknown_spk_0002,Male,28,phát b. b. c. radio số bốn,phát [radio_name : b. b. c. radio số bốn],['phát' 'b.' 'b.' 'c.' 'radio' 'số' 'bốn'],"['Other' 'radio_name' 'radio_name' 'radio_name' 'radio_name' 'radio_name'
 'radio_name']",36,play_radio,play,2.22,48000,1,True,COSINE_TEST,UNKNOWN,b1afc78eef8790129cf1a2cf2148c1d53fd74ae6c6a983a3ec9ad2beff2abf3b,COSINE_TEST,UNKNOWN,cosine_test_unknown,False,False
2886,dev/75d2e87964dbd95ea3e16b45455dd496.wav,validation,TEST,vi-VN,6393bb7fbbd2bb29f99e6c9b,test_unknown_spk_0002,Male,28,vui lòng cho xem các bài viết về chú chó ngồi ở tin tức buổi sáng,vui lòng cho xem các bài viết về [news_topic : chú chó] ngồi ở [media_type : tin tức buổi sáng],"['vui' 'lòng' 'cho' 'xem' 'các' 'bài' 'viết' 'về' 'chú' 'chó' 'ngồi' 'ở'
 'tin' 'tức' 'buổi' 'sáng']","['Other' 'Other' 'Other' 'Other' 'Other' 'Other' 'Other' 'Other'
 'news_topic' 'news_topic' 'Other' 'Other' 'media_type' 'media_type'
 'media_type' 'media_type']",22,news_query,news,4.8,48000,1,True,COSINE_TEST,UNKNOWN,5b4502febc2e7613daeb60a5bc375524aeb9e81502cb745d9a254f514fa09df5,COSINE_TEST,UNKNOWN,cosine_test_unknown,False,False
7523,dev/6b70e7727685bb2e7bd1d76e1cdee6cd.wav,validation,TEST,vi-VN,6393bb7fbbd2bb29f99e6c9b,test_unknown_spk_0002,Male,28,chúng ta nhận được gì trong cuộc họp được tổ chức ngày hôm qua,chúng ta nhận được gì trong [event_name : cuộc họp] được tổ chức ngày [date : hôm qua],"['chúng' 'ta' 'nhận' 'được' 'gì' 'trong' 'cuộc' 'họp' 'được' 'tổ' 'chức'
 'ngày' 'hôm' 'qua']","['Other' 'Other' 'Other' 'Other' 'Other' 'Other' 'event_name' 'event_name'
 'Other' 'Other' 'Other' 'Other' 'date' 'date']",32,calendar_query,calendar,3.48,48000,1,True,COSINE_TEST,UNKNOWN,f24eded8226f08a64caa3e1e6c86340548f39f1ccce6e3cce4a453ab2c87374a,COSINE_TEST,UNKNOWN,cosine_test_unknown,False,False
11212,dev/274b58864e722a77181d596393045cd5.wav,validation,TEST,vi-VN,6393bb7fbbd2bb29f99e6c9b,test_unknown_spk_0002,Male,28,xóa danh sách phát cũ và tạo cái mới,xóa [list_name : danh sách phát cũ] và tạo cái mới,['xóa' 'danh' 'sách' 'phát' 'cũ' 'và' 'tạo' 'cái' 'mới'],"['Other' 'list_name' 'list_name' 'list_name' 'list_name' 'Other' 'Other'
 'Other' 'Other']",21,lists_createoradd,lists,2.64,48000,1,True,COSINE_TEST,UNKNOWN,037710584398ad28a205545c4cfe5be460b8e62161e8fa31716f680046e5410e,COSINE_TEST,UNKNOWN,cosine_test_unknown,False,False
8451,dev/424c0d0fa8b977cef5ecebbe69b897d8.wav,validation,TEST,vi-VN,6393bb7fbbd2bb29f99e6c9b,test_unknown_spk_0002,Male,28,nhắc tôi về kì nghỉ lễ quốc gia sắp tới,nhắc tôi về [event_name : kì nghỉ lễ quốc gia sắp tới],['nhắc' 'tôi' 'về' 'kì' 'nghỉ' 'lễ' 'quốc' 'gia' 'sắp' 'tới'],"['Other' 'Other' 'Other' 'event_name' 'event_name' 'event_name'
 'event_name' 'event_name' 'event_name' 'event_name']",50,calendar_set,calendar,3.24,48000,1,True,COSINE_TEST,UNKNOWN,97d21ded7784fe122c51dc94728dfc1d2475edde440276dbad06a71072e80792,COSINE_TEST,UNKNOWN,cosine_test_unknown,False,False
11041,dev/bbca61021d0975ec86bdc1c42bad9e48.wav,validation,TEST,vi-VN,6393bb7fbbd2bb29f99e6c9b,test_unknown_spk_0002,Male,28,nhắc tôi đặt thêm xà bông,nhắc tôi đặt thêm xà bông,['nhắc' 'tôi' 'đặt' 'thêm' 'xà' 'bông'],['Other' 'Other' 'Other' 'Other' 'Other' 'Other'],21,lists_createoradd,lists,3.0,48000,1,True,COSINE_TEST,UNKNOWN,667b800362e9c99ba157ec4f5577f2b51824f6c3c182a954d5a90082f272b8d2,COSINE_TEST,UNKNOWN,cosine_test_unknown,False,False
9023,dev/401f5ee24eab106f2de39d3c37cc22b1.wav,validation,TEST,vi-VN,6393bb7fbbd2bb29f99e6c9b,test_unknown_spk_0002,Male,28,tạo lời nhắc cho việc nộp đơn xin thị thực vào ngày thứ năm này,tạo lời nhắc cho [event_name : việc nộp đơn xin thị thực] vào ngày [date : thứ năm] này,"['tạo' 'lời' 'nhắc' 'cho' 'việc' 'nộp' 'đơn' 'xin' 'thị' 'thực' 'vào'
 'ngày' 'thứ' 'năm' 'này']","['Other' 'Other' 'Other' 'Other' 'event_name' 'event_name' 'event_name'
 'event_name' 'event_name' 'event_name' 'Other' 'Other' 'date' 'date'
 'Other']",50,calendar_set,calendar,3.6,48000,1,True,COSINE_TEST,UNKNOWN,342a78906129eb25d213e51b7331b03411cfc151ab906deeeb8bec0e0621c171,COSINE_TEST,UNKNOWN,cosine_test_unknown,False,False
2943,dev/216094825107b1265c6839ad1d86df9f.wav,validation,TEST,vi-VN,6393bb7fbbd2bb29f99e6c9b,test_unknown_spk_0002,Male,28,hôm nay là ngày bao nhiêu,[date : hôm nay] là ngày bao nhiêu,['hôm' 'nay' 'là' 'ngày' 'bao' 'nhiêu'],['date' 'date' 'Other' 'Other' 'Other' 'Other'],0,datetime_query,datetime,1.68,48000,1,True,COSINE_TEST,UNKNOWN,d5360d750daa784da8ceac3e788db9bd98897dabc331417deeb057c96f057d65,COSINE_TEST,UNKNOWN,cosine_test_unknown,False,False
12165,dev/bd59ca3112716984b10b5cd321ef88d6.wav,validation,TEST,vi-VN,6393bb7fbbd2bb29f99e6c9b,test_unknown_spk_0002,Male,28,đặt vé tàu hỏa ghế hạng a. c. từ hà nội đến nghệ an,đặt vé [transport_type : tàu hỏa] ghế hạng a. c. từ [place_name : hà nội] đến [place_name : nghệ an],"['đặt' 'vé' 'tàu' 'hỏa' 'ghế' 'hạng' 'a.' 'c.' 'từ' 'hà' 'nội' 'đến'
 'nghệ' 'an']","['Other' 'Other' 'transport_type' 'transport_type' 'Other' 'Other' 'Other'
 'Other' 'Other' 'place_name' 'place_name' 'Other' 'place_name'
 'place_name']",2,transport_ticket,transport,4.32,48000,1,True,COSINE_TEST,UNKNOWN,c27d1989b8f87bcbbab59e2ca36f16bd820ba87f2794786fe348e5367d6e16fe,COSINE_TEST,UNKNOWN,cosine_test_unknown,False,False
15805,dev/85bf94f7b9d6f8d56c6fd3b6feedf7a5.wav,validation,TEST,vi-VN,6393bb7fbbd2bb29f99e6c9b,test_unknown_spk_0002,Male,28,email cho nam về cuộc họp ngày mai nam chúng ta có cuộc họp buổi chiều,email cho [person : nam] về [event_name : cuộc họp] [date : ngày mai] [person : nam] chúng ta có cuộc họp buổi [timeofday : chiều],"['email' 'cho' 'nam' 'về' 'cuộc' 'họp' 'ngày' 'mai' 'nam' 'chúng' 'ta'
 'có' 'cuộc' 'họp' 'buổi' 'chiều']","['Other' 'Other' 'person' 'Other' 'event_name' 'event_name' 'date' 'date'
 'person' 'Other' 'Other' 'Other' 'Other' 'Other' 'Other' 'timeofday']",33,email_sendemail,email,4.32,48000,1,True,COSINE_TEST,UNKNOWN,52b9079aec590e1fa62e469649572fabf786581b3df2478b58d8b88d35fb9623,COSINE_TEST,UNKNOWN,cosine_test_unknown,False,False
16286,dev/443dd257609206f6e43b22db80673865.wav,validation,TEST,vi-VN,6393bb7fbbd2bb29f99e6c9b,test_unknown_spk_0002,Male,28,gửi email cho anh bán thuyền nói là tôi có tiền,gửi email cho anh bán thuyền nói là tôi có tiền,['gửi' 'email' 'cho' 'anh' 'bán' 'thuyền' 'nói' 'là' 'tôi' 'có' 'tiền'],"['Other' 'Other' 'Other' 'Other' 'Other' 'Other' 'Other' 'Other' 'Other'
 'Other' 'Other']",33,email_sendemail,email,3.48,48000,1,True,COSINE_TEST,UNKNOWN,ad382e87eece17d37e2a039f8c60a23382c017da6c9aa30db90f7bbe239f2b46,COSINE_TEST,UNKNOWN,cosine_test_unknown,False,False
5741,dev/f79ac16b2b417b5e8eee4be245c32dfe.wav,validation,TEST,vi-VN,6393bb7fbbd2bb29f99e6c9b,test_unknown_spk_0002,Male,28,máy ghi âm orevena cho tôi biết trang hệ thống nơi lưu bài hát,máy ghi âm orevena cho tôi biết trang hệ thống nơi lưu bài hát,"['máy' 'ghi' 'âm' 'orevena' 'cho' 'tôi' 'biết' 'trang' 'hệ' 'thống' 'nơi'
 'lưu' 'bài' 'hát']","['Other' 'Other' 'Other' 'Other' 'Other' 'Other' 'Other' 'Other' 'Other'
 'Other' 'Other' 'Other' 'Other' 'Other']",45,play_music,play,4.92,48000,1,True,COSINE_TEST,UNKNOWN,6448de79faaa633769b5d12c9958d9eab1aad94102ebf23ed2b7795ffef08e56,COSINE_TEST,UNKNOWN,cosine_test_unknown,False,False
365,dev/223ca668645b0f7dd07605bcea91d381.wav,validation,TEST,vi-VN,6393bb7fbbd2bb29f99e6c9b,test_unknown_spk_0002,Male,28,hôm nay phải thứ hai không,hôm nay phải thứ hai không,['hôm' 'nay' 'phải' 'thứ' 'hai' 'không'],['Other' 'Other' 'Other' 'Other' 'Other' 'Other'],0,datetime_query,datetime,1.74,48000,1,True,COSINE_TEST,UNKNOWN,30fc06e2de8a8c78d22f2877d7802e346956dba586ae03a91bbc81501230bb16,COSINE_TEST,UNKNOWN,cosine_test_unknown,False,False
3437,dev/838ae0f22a3cade95663278e50664bdf.wav,validation,TEST,vi-VN,6393bb7fbbd2bb29f99e6c9b,test_unknown_spk_0002,Male,28,vui lòng tăng ánh sáng lên,vui lòng tăng ánh sáng lên,['vui' 'lòng' 'tăng' 'ánh' 'sáng' 'lên'],['Other' 'Other' 'Other' 'Other' 'Other' 'Other'],18,iot_hue_lightup,iot,2.04,48000,1,True,COSINE_TEST,UNKNOWN,7ee487d41d34007e70151ff143600a721390bd78c4759af5bce32cc0bb27f54e,COSINE_TEST,UNKNOWN,cosine_test_unknown,False,False
9492,dev/82608555461b4873ee80300e8eec53d4.wav,validation,TEST,vi-VN,6393bb7fbbd2bb29f99e6c9b,test_unknown_spk_0002,Male,28,mở danh sách phát hiện tại,mở danh sách phát hiện tại,['mở' 'danh' 'sách' 'phát' 'hiện' 'tại'],['Other' 'Other' 'Other' 'Other' 'Other' 'Other'],45,play_music,play,1.86,48000,1,True,COSINE_TEST,UNKNOWN,41879c165907222df38fec1f74d7816643356a1db3b85acf1314721cb61c2701,COSINE_TEST,UNKNOWN,cosine_test_unknown,False,False
11300,dev/6904f17e7f5f59766d7efb0c34d15681.wav,validation,TEST,vi-VN,6393bb7fbbd2bb29f99e6c9b,test_unknown_spk_0002,Male,28,tiến đến tập kế tiếp,tiến đến [podcast_descriptor : tập kế tiếp],['tiến' 'đến' 'tập' 'kế' 'tiếp'],"['Other' 'Other' 'podcast_descriptor' 'podcast_descriptor'
 'podcast_descriptor']",58,play_podcasts,play,1.8,48000,1,True,COSINE_TEST,UNKNOWN,da21f9ef494f0c286f688cd9ae777aee0b7f58585c4b803a53288808ab39abfc,COSINE_TEST,UNKNOWN,cosine_test_unknown,False,False
10506,dev/92d7963f2780f78565db32e9242018aa.wav,validation,TEST,vi-VN,6393bb7fbbd2bb29f99e6c9b,test_unknown_spk_0002,Male,28,các danh sách của tôi là gì,các danh sách của tôi là gì,['các' 'danh' 'sách' 'của' 'tôi' 'là' 'gì'],['Other' 'Other' 'Other' 'Other' 'Other' 'Other' 'Other'],59,lists_query,lists,2.04,48000,1,True,COSINE_TEST,UNKNOWN,4787af7011ae44f310573230d2c272db74a664392d80e686dbc0d3dc04939106,COSINE_TEST,UNKNOWN,cosine_test_unknown,False,False
5372,dev/0a10f7222fa91281ff666e37717c4fb1.wav,validation,TEST,vi-VN,6393bb7fbbd2bb29f99e6c9b,test_unknown_spk_0002,Male,28,có gì mới trên zing m. p. ba,có gì mới trên zing m. p. ba,['có' 'gì' 'mới' 'trên' 'zing' 'm.' 'p.' 'ba'],['Other' 'Other' 'Other' 'Other' 'Other' 'Other' 'Other' 'Other'],57,music_query,music,2.64,48000,1,True,COSINE_TEST,UNKNOWN,87d182b0af29c250b0838f797e49acafcffd806884431b0c9df0df25e6a16a6e,COSINE_TEST,UNKNOWN,cosine_test_unknown,False,False
16971,dev/32ab6aaf922a615df5cea5967561731f.wav,validation,TEST,vi-VN,6393bb7fbbd2bb29f99e6c9b,test_unknown_spk_0002,Male,28,tôi muốn trả lời email của hùng,tôi muốn trả lời email [person : của hùng],['tôi' 'muốn' 'trả' 'lời' 'email' 'của' 'hùng'],['Other' 'Other' 'Other' 'Other' 'Other' 'person' 'person'],33,email_sendemail,email,3.06,48000,1,True,COSINE_TEST,UNKNOWN,3ebe0f34e1501ede588ba333edfe7df8327d5442ce582d7e34108e8a17c6adfe,COSINE_TEST,UNKNOWN,cosine_test_unknown,False,False
12298,dev/7062a8cfdccd9a6e8a6d999b9047d342.wav,validation,TEST,vi-VN,6393bb7fbbd2bb29f99e6c9b,test_unknown_spk_0002,Male,28,hãy gọi một chiếc taxi,hãy gọi một chiếc [transport_type : taxi],['hãy' 'gọi' 'một' 'chiếc' 'taxi'],['Other' 'Other' 'Other' 'Other' 'transport_type'],54,transport_taxi,transport,1.5,48000,1,True,COSINE_TEST,UNKNOWN,be2d846798016aa53933817eec9ada7a29bf3696de731d3d82cbe489c773cda2,COSINE_TEST,UNKNOWN,cosine_test_unknown,False,False
7968,dev/cb410fef3c28e032b49e0c7f69b1645a.wav,validation,TEST,vi-VN,6393bb7fbbd2bb29f99e6c9b,test_unknown_spk_0002,Male,28,tôi cần biết gì về buổi biểu diễn,tôi cần biết gì về buổi biểu diễn,['tôi' 'cần' 'biết' 'gì' 'về' 'buổi' 'biểu' 'diễn'],['Other' 'Other' 'Other' 'Other' 'Other' 'Other' 'Other' 'Other'],32,calendar_query,calendar,2.22,48000,1,True,COSINE_TEST,UNKNOWN,baf2960e517f8243258ff6364546830a337989dbc785c9a857c2e128fa5fa170,COSINE_TEST,UNKNOWN,cosine_test_unknown,False,False
