audio_id,speaker_id,protocol,split,role,embedding_path,file_exists,embedding_dim,dimension_ok,has_nan,is_zero_vector,l2_norm,l2_norm_ok,latency_ms,latency_ok,valid,issues
15725,exp_svm_spk_0001,SVM_CLOSED_SET,svm_closed_set_enrollment,SVM_EXPERIMENTAL,data/embeddings/svm_closed_set/svm_closed_set_enrollment/15725.npy,true,192,true,false,false,1.00000000,true,910.860,true,true,
8372,exp_svm_spk_0001,SVM_CLOSED_SET,svm_closed_set_enrollment,SVM_EXPERIMENTAL,data/embeddings/svm_closed_set/svm_closed_set_enrollment/8372.npy,true,192,true,false,false,0.99999994,true,807.571,true,true,
16570,exp_svm_spk_0001,SVM_CLOSED_SET,svm_closed_set_enrollment,SVM_EXPERIMENTAL,data/embeddings/svm_closed_set/svm_closed_set_enrollment/16570.npy,true,192,true,false,false,1.00000000,true,599.657,true,true,
8072,exp_svm_spk_0001,SVM_CLOSED_SET,svm_closed_set_enrollment,SVM_EXPERIMENTAL,data/embeddings/svm_closed_set/svm_closed_set_enrollment/8072.npy,true,192,true,false,false,1.00000000,true,573.828,true,true,
13384,exp_svm_spk_0001,SVM_CLOSED_SET,svm_closed_set_enrollment,SVM_EXPERIMENTAL,data/embeddings/svm_closed_set/svm_closed_set_enrollment/13384.npy,true,192,true,false,false,1.00000000,true,425.121,true,true,
4723,exp_svm_spk_0002,SVM_CLOSED_SET,svm_closed_set_enrollment,SVM_EXPERIMENTAL,data/embeddings/svm_closed_set/svm_closed_set_enrollment/4723.npy,true,192,true,false,false,1.00000000,true,483.362,true,true,
10666,exp_svm_spk_0002,SVM_CLOSED_SET,svm_closed_set_enrollment,SVM_EXPERIMENTAL,data/embeddings/svm_closed_set/svm_closed_set_enrollment/10666.npy,true,192,true,false,false,0.99999994,true,421.937,true,true,
10924,exp_svm_spk_0002,SVM_CLOSED_SET,svm_closed_set_enrollment,SVM_EXPERIMENTAL,data/embeddings/svm_closed_set/svm_closed_set_enrollment/10924.npy,true,192,true,false,false,1.00000000,true,336.434,true,true,
12352,exp_svm_spk_0002,SVM_CLOSED_SET,svm_closed_set_enrollment,SVM_EXPERIMENTAL,data/embeddings/svm_closed_set/svm_closed_set_enrollment/12352.npy,true,192,true,false,false,0.99999994,true,623.178,true,true,
12715,exp_svm_spk_0002,SVM_CLOSED_SET,svm_closed_set_enrollment,SVM_EXPERIMENTAL,data/embeddings/svm_closed_set/svm_closed_set_enrollment/12715.npy,true,192,true,false,false,1.00000000,true,367.251,true,true,
5666,exp_svm_spk_0003,SVM_CLOSED_SET,svm_closed_set_enrollment,SVM_EXPERIMENTAL,data/embeddings/svm_closed_set/svm_closed_set_enrollment/5666.npy,true,192,true,false,false,0.99999994,true,2258.442,true,true,
12533,exp_svm_spk_0003,SVM_CLOSED_SET,svm_closed_set_enrollment,SVM_EXPERIMENTAL,data/embeddings/svm_closed_set/svm_closed_set_enrollment/12533.npy,true,192,true,false,false,0.99999994,true,618.097,true,true,
4971,exp_svm_spk_0003,SVM_CLOSED_SET,svm_closed_set_enrollment,SVM_EXPERIMENTAL,data/embeddings/svm_closed_set/svm_closed_set_enrollment/4971.npy,true,192,true,false,false,0.99999994,true,519.233,true,true,
16929,exp_svm_spk_0003,SVM_CLOSED_SET,svm_closed_set_enrollment,SVM_EXPERIMENTAL,data/embeddings/svm_closed_set/svm_closed_set_enrollment/16929.npy,true,192,true,false,false,0.99999994,true,718.289,true,true,
8788,exp_svm_spk_0003,SVM_CLOSED_SET,svm_closed_set_enrollment,SVM_EXPERIMENTAL,data/embeddings/svm_closed_set/svm_closed_set_enrollment/8788.npy,true,192,true,false,false,1.00000000,true,1121.324,true,true,
3701,exp_svm_spk_0004,SVM_CLOSED_SET,svm_closed_set_enrollment,SVM_EXPERIMENTAL,data/embeddings/svm_closed_set/svm_closed_set_enrollment/3701.npy,true,192,true,false,false,1.00000000,true,390.580,true,true,
8751,exp_svm_spk_0004,SVM_CLOSED_SET,svm_closed_set_enrollment,SVM_EXPERIMENTAL,data/embeddings/svm_closed_set/svm_closed_set_enrollment/8751.npy,true,192,true,false,false,1.00000000,true,484.354,true,true,
2140,exp_svm_spk_0004,SVM_CLOSED_SET,svm_closed_set_enrollment,SVM_EXPERIMENTAL,data/embeddings/svm_closed_set/svm_closed_set_enrollment/2140.npy,true,192,true,false,false,1.00000000,true,680.783,true,true,
15294,exp_svm_spk_0004,SVM_CLOSED_SET,svm_closed_set_enrollment,SVM_EXPERIMENTAL,data/embeddings/svm_closed_set/svm_closed_set_enrollment/15294.npy,true,192,true,false,false,1.00000000,true,707.505,true,true,
10293,exp_svm_spk_0004,SVM_CLOSED_SET,svm_closed_set_enrollment,SVM_EXPERIMENTAL,data/embeddings/svm_closed_set/svm_closed_set_enrollment/10293.npy,true,192,true,false,false,1.00000000,true,589.285,true,true,
9736,exp_svm_spk_0005,SVM_CLOSED_SET,svm_closed_set_enrollment,SVM_EXPERIMENTAL,data/embeddings/svm_closed_set/svm_closed_set_enrollment/9736.npy,true,192,true,false,false,1.00000000,true,604.618,true,true,
708,exp_svm_spk_0005,SVM_CLOSED_SET,svm_closed_set_enrollment,SVM_EXPERIMENTAL,data/embeddings/svm_closed_set/svm_closed_set_enrollment/708.npy,true,192,true,false,false,1.00000000,true,570.789,true,true,
15897,exp_svm_spk_0005,SVM_CLOSED_SET,svm_closed_set_enrollment,SVM_EXPERIMENTAL,data/embeddings/svm_closed_set/svm_closed_set_enrollment/15897.npy,true,192,true,false,false,0.99999994,true,685.965,true,true,
6132,exp_svm_spk_0005,SVM_CLOSED_SET,svm_closed_set_enrollment,SVM_EXPERIMENTAL,data/embeddings/svm_closed_set/svm_closed_set_enrollment/6132.npy,true,192,true,false,false,1.00000000,true,728.453,true,true,
2693,exp_svm_spk_0005,SVM_CLOSED_SET,svm_closed_set_enrollment,SVM_EXPERIMENTAL,data/embeddings/svm_closed_set/svm_closed_set_enrollment/2693.npy,true,192,true,false,false,1.00000000,true,382.934,true,true,
9425,exp_svm_spk_0006,SVM_CLOSED_SET,svm_closed_set_enrollment,SVM_EXPERIMENTAL,data/embeddings/svm_closed_set/svm_closed_set_enrollment/9425.npy,true,192,true,false,false,1.00000000,true,694.595,true,true,
16840,exp_svm_spk_0006,SVM_CLOSED_SET,svm_closed_set_enrollment,SVM_EXPERIMENTAL,data/embeddings/svm_closed_set/svm_closed_set_enrollment/16840.npy,true,192,true,false,false,1.00000000,true,385.588,true,true,
11608,exp_svm_spk_0006,SVM_CLOSED_SET,svm_closed_set_enrollment,SVM_EXPERIMENTAL,data/embeddings/svm_closed_set/svm_closed_set_enrollment/11608.npy,true,192,true,false,false,0.99999994,true,545.024,true,true,
2095,exp_svm_spk_0006,SVM_CLOSED_SET,svm_closed_set_enrollment,SVM_EXPERIMENTAL,data/embeddings/svm_closed_set/svm_closed_set_enrollment/2095.npy,true,192,true,false,false,1.00000000,true,776.798,true,true,
5636,exp_svm_spk_0006,SVM_CLOSED_SET,svm_closed_set_enrollment,SVM_EXPERIMENTAL,data/embeddings/svm_closed_set/svm_closed_set_enrollment/5636.npy,true,192,true,false,false,0.99999988,true,775.014,true,true,
15625,exp_svm_spk_0007,SVM_CLOSED_SET,svm_closed_set_enrollment,SVM_EXPERIMENTAL,data/embeddings/svm_closed_set/svm_closed_set_enrollment/15625.npy,true,192,true,false,false,1.00000000,true,761.234,true,true,
12108,exp_svm_spk_0007,SVM_CLOSED_SET,svm_closed_set_enrollment,SVM_EXPERIMENTAL,data/embeddings/svm_closed_set/svm_closed_set_enrollment/12108.npy,true,192,true,false,false,1.00000000,true,935.194,true,true,
16161,exp_svm_spk_0007,SVM_CLOSED_SET,svm_closed_set_enrollment,SVM_EXPERIMENTAL,data/embeddings/svm_closed_set/svm_closed_set_enrollment/16161.npy,true,192,true,false,false,1.00000000,true,817.075,true,true,
9725,exp_svm_spk_0007,SVM_CLOSED_SET,svm_closed_set_enrollment,SVM_EXPERIMENTAL,data/embeddings/svm_closed_set/svm_closed_set_enrollment/9725.npy,true,192,true,false,false,1.00000000,true,835.557,true,true,
2520,exp_svm_spk_0007,SVM_CLOSED_SET,svm_closed_set_enrollment,SVM_EXPERIMENTAL,data/embeddings/svm_closed_set/svm_closed_set_enrollment/2520.npy,true,192,true,false,false,1.00000000,true,855.346,true,true,
14930,exp_svm_spk_0008,SVM_CLOSED_SET,svm_closed_set_enrollment,SVM_EXPERIMENTAL,data/embeddings/svm_closed_set/svm_closed_set_enrollment/14930.npy,true,192,true,false,false,1.00000000,true,584.906,true,true,
1914,exp_svm_spk_0008,SVM_CLOSED_SET,svm_closed_set_enrollment,SVM_EXPERIMENTAL,data/embeddings/svm_closed_set/svm_closed_set_enrollment/1914.npy,true,192,true,false,false,1.00000000,true,563.758,true,true,
3149,exp_svm_spk_0008,SVM_CLOSED_SET,svm_closed_set_enrollment,SVM_EXPERIMENTAL,data/embeddings/svm_closed_set/svm_closed_set_enrollment/3149.npy,true,192,true,false,false,1.00000000,true,593.547,true,true,
11305,exp_svm_spk_0008,SVM_CLOSED_SET,svm_closed_set_enrollment,SVM_EXPERIMENTAL,data/embeddings/svm_closed_set/svm_closed_set_enrollment/11305.npy,true,192,true,false,false,1.00000000,true,689.131,true,true,
5290,exp_svm_spk_0008,SVM_CLOSED_SET,svm_closed_set_enrollment,SVM_EXPERIMENTAL,data/embeddings/svm_closed_set/svm_closed_set_enrollment/5290.npy,true,192,true,false,false,1.00000000,true,590.687,true,true,
271,exp_svm_spk_0009,SVM_CLOSED_SET,svm_closed_set_enrollment,SVM_EXPERIMENTAL,data/embeddings/svm_closed_set/svm_closed_set_enrollment/271.npy,true,192,true,false,false,1.00000000,true,1029.034,true,true,
3973,exp_svm_spk_0009,SVM_CLOSED_SET,svm_closed_set_enrollment,SVM_EXPERIMENTAL,data/embeddings/svm_closed_set/svm_closed_set_enrollment/3973.npy,true,192,true,false,false,1.00000000,true,2429.588,true,true,
14593,exp_svm_spk_0009,SVM_CLOSED_SET,svm_closed_set_enrollment,SVM_EXPERIMENTAL,data/embeddings/svm_closed_set/svm_closed_set_enrollment/14593.npy,true,192,true,false,false,0.99999994,true,1375.061,true,true,
2879,exp_svm_spk_0009,SVM_CLOSED_SET,svm_closed_set_enrollment,SVM_EXPERIMENTAL,data/embeddings/svm_closed_set/svm_closed_set_enrollment/2879.npy,true,192,true,false,false,1.00000000,true,1712.112,true,true,
5113,exp_svm_spk_0009,SVM_CLOSED_SET,svm_closed_set_enrollment,SVM_EXPERIMENTAL,data/embeddings/svm_closed_set/svm_closed_set_enrollment/5113.npy,true,192,true,false,false,1.00000000,true,1507.626,true,true,
4317,exp_svm_spk_0010,SVM_CLOSED_SET,svm_closed_set_enrollment,SVM_EXPERIMENTAL,data/embeddings/svm_closed_set/svm_closed_set_enrollment/4317.npy,true,192,true,false,false,0.99999994,true,900.203,true,true,
4942,exp_svm_spk_0010,SVM_CLOSED_SET,svm_closed_set_enrollment,SVM_EXPERIMENTAL,data/embeddings/svm_closed_set/svm_closed_set_enrollment/4942.npy,true,192,true,false,false,1.00000000,true,1013.157,true,true,
14868,exp_svm_spk_0010,SVM_CLOSED_SET,svm_closed_set_enrollment,SVM_EXPERIMENTAL,data/embeddings/svm_closed_set/svm_closed_set_enrollment/14868.npy,true,192,true,false,false,1.00000000,true,1111.948,true,true,
7893,exp_svm_spk_0010,SVM_CLOSED_SET,svm_closed_set_enrollment,SVM_EXPERIMENTAL,data/embeddings/svm_closed_set/svm_closed_set_enrollment/7893.npy,true,192,true,false,false,0.99999994,true,1120.650,true,true,
1548,exp_svm_spk_0010,SVM_CLOSED_SET,svm_closed_set_enrollment,SVM_EXPERIMENTAL,data/embeddings/svm_closed_set/svm_closed_set_enrollment/1548.npy,true,192,true,false,false,0.99999994,true,976.528,true,true,
741,exp_svm_spk_0001,SVM_CLOSED_SET,svm_closed_set_train,SVM_EXPERIMENTAL,data/embeddings/svm_closed_set/svm_closed_set_train/741.npy,true,192,true,false,false,1.00000000,true,857.947,true,true,
5015,exp_svm_spk_0001,SVM_CLOSED_SET,svm_closed_set_train,SVM_EXPERIMENTAL,data/embeddings/svm_closed_set/svm_closed_set_train/5015.npy,true,192,true,false,false,1.00000000,true,1277.327,true,true,
12373,exp_svm_spk_0001,SVM_CLOSED_SET,svm_closed_set_train,SVM_EXPERIMENTAL,data/embeddings/svm_closed_set/svm_closed_set_train/12373.npy,true,192,true,false,false,0.99999994,true,650.550,true,true,
8089,exp_svm_spk_0001,SVM_CLOSED_SET,svm_closed_set_train,SVM_EXPERIMENTAL,data/embeddings/svm_closed_set/svm_closed_set_train/8089.npy,true,192,true,false,false,1.00000000,true,562.156,true,true,
15812,exp_svm_spk_0001,SVM_CLOSED_SET,svm_closed_set_train,SVM_EXPERIMENTAL,data/embeddings/svm_closed_set/svm_closed_set_train/15812.npy,true,192,true,false,false,1.00000000,true,803.872,true,true,
8729,exp_svm_spk_0001,SVM_CLOSED_SET,svm_closed_set_train,SVM_EXPERIMENTAL,data/embeddings/svm_closed_set/svm_closed_set_train/8729.npy,true,192,true,false,false,0.99999994,true,629.294,true,true,
15545,exp_svm_spk_0001,SVM_CLOSED_SET,svm_closed_set_train,SVM_EXPERIMENTAL,data/embeddings/svm_closed_set/svm_closed_set_train/15545.npy,true,192,true,false,false,1.00000000,true,600.258,true,true,
16991,exp_svm_spk_0001,SVM_CLOSED_SET,svm_closed_set_train,SVM_EXPERIMENTAL,data/embeddings/svm_closed_set/svm_closed_set_train/16991.npy,true,192,true,false,false,1.00000000,true,1187.160,true,true,
10238,exp_svm_spk_0001,SVM_CLOSED_SET,svm_closed_set_train,SVM_EXPERIMENTAL,data/embeddings/svm_closed_set/svm_closed_set_train/10238.npy,true,192,true,false,false,1.00000000,true,1063.007,true,true,
9215,exp_svm_spk_0001,SVM_CLOSED_SET,svm_closed_set_train,SVM_EXPERIMENTAL,data/embeddings/svm_closed_set/svm_closed_set_train/9215.npy,true,192,true,false,false,0.99999988,true,865.248,true,true,
5476,exp_svm_spk_0002,SVM_CLOSED_SET,svm_closed_set_train,SVM_EXPERIMENTAL,data/embeddings/svm_closed_set/svm_closed_set_train/5476.npy,true,192,true,false,false,1.00000000,true,544.774,true,true,
7345,exp_svm_spk_0002,SVM_CLOSED_SET,svm_closed_set_train,SVM_EXPERIMENTAL,data/embeddings/svm_closed_set/svm_closed_set_train/7345.npy,true,192,true,false,false,1.00000000,true,932.605,true,true,
6483,exp_svm_spk_0002,SVM_CLOSED_SET,svm_closed_set_train,SVM_EXPERIMENTAL,data/embeddings/svm_closed_set/svm_closed_set_train/6483.npy,true,192,true,false,false,1.00000000,true,638.009,true,true,
11596,exp_svm_spk_0002,SVM_CLOSED_SET,svm_closed_set_train,SVM_EXPERIMENTAL,data/embeddings/svm_closed_set/svm_closed_set_train/11596.npy,true,192,true,false,false,1.00000000,true,1385.777,true,true,
12593,exp_svm_spk_0002,SVM_CLOSED_SET,svm_closed_set_train,SVM_EXPERIMENTAL,data/embeddings/svm_closed_set/svm_closed_set_train/12593.npy,true,192,true,false,false,1.00000000,true,1006.905,true,true,
12956,exp_svm_spk_0002,SVM_CLOSED_SET,svm_closed_set_train,SVM_EXPERIMENTAL,data/embeddings/svm_closed_set/svm_closed_set_train/12956.npy,true,192,true,false,false,1.00000000,true,873.875,true,true,
11621,exp_svm_spk_0002,SVM_CLOSED_SET,svm_closed_set_train,SVM_EXPERIMENTAL,data/embeddings/svm_closed_set/svm_closed_set_train/11621.npy,true,192,true,false,false,1.00000000,true,476.658,true,true,
13231,exp_svm_spk_0002,SVM_CLOSED_SET,svm_closed_set_train,SVM_EXPERIMENTAL,data/embeddings/svm_closed_set/svm_closed_set_train/13231.npy,true,192,true,false,false,0.99999994,true,451.821,true,true,
12891,exp_svm_spk_0002,SVM_CLOSED_SET,svm_closed_set_train,SVM_EXPERIMENTAL,data/embeddings/svm_closed_set/svm_closed_set_train/12891.npy,true,192,true,false,false,0.99999988,true,623.943,true,true,
3602,exp_svm_spk_0002,SVM_CLOSED_SET,svm_closed_set_train,SVM_EXPERIMENTAL,data/embeddings/svm_closed_set/svm_closed_set_train/3602.npy,true,192,true,false,false,1.00000000,true,558.480,true,true,
7804,exp_svm_spk_0003,SVM_CLOSED_SET,svm_closed_set_train,SVM_EXPERIMENTAL,data/embeddings/svm_closed_set/svm_closed_set_train/7804.npy,true,192,true,false,false,1.00000000,true,1009.100,true,true,
6675,exp_svm_spk_0003,SVM_CLOSED_SET,svm_closed_set_train,SVM_EXPERIMENTAL,data/embeddings/svm_closed_set/svm_closed_set_train/6675.npy,true,192,true,false,false,0.99999994,true,809.788,true,true,
10301,exp_svm_spk_0003,SVM_CLOSED_SET,svm_closed_set_train,SVM_EXPERIMENTAL,data/embeddings/svm_closed_set/svm_closed_set_train/10301.npy,true,192,true,false,false,1.00000000,true,684.393,true,true,
13185,exp_svm_spk_0003,SVM_CLOSED_SET,svm_closed_set_train,SVM_EXPERIMENTAL,data/embeddings/svm_closed_set/svm_closed_set_train/13185.npy,true,192,true,false,false,1.00000000,true,1035.055,true,true,
12872,exp_svm_spk_0003,SVM_CLOSED_SET,svm_closed_set_train,SVM_EXPERIMENTAL,data/embeddings/svm_closed_set/svm_closed_set_train/12872.npy,true,192,true,false,false,0.99999994,true,858.498,true,true,
3123,exp_svm_spk_0003,SVM_CLOSED_SET,svm_closed_set_train,SVM_EXPERIMENTAL,data/embeddings/svm_closed_set/svm_closed_set_train/3123.npy,true,192,true,false,false,0.99999994,true,556.411,true,true,
1678,exp_svm_spk_0003,SVM_CLOSED_SET,svm_closed_set_train,SVM_EXPERIMENTAL,data/embeddings/svm_closed_set/svm_closed_set_train/1678.npy,true,192,true,false,false,1.00000000,true,1143.601,true,true,
2932,exp_svm_spk_0003,SVM_CLOSED_SET,svm_closed_set_train,SVM_EXPERIMENTAL,data/embeddings/svm_closed_set/svm_closed_set_train/2932.npy,true,192,true,false,false,0.99999994,true,594.393,true,true,
9593,exp_svm_spk_0003,SVM_CLOSED_SET,svm_closed_set_train,SVM_EXPERIMENTAL,data/embeddings/svm_closed_set/svm_closed_set_train/9593.npy,true,192,true,false,false,1.00000000,true,945.243,true,true,
9816,exp_svm_spk_0003,SVM_CLOSED_SET,svm_closed_set_train,SVM_EXPERIMENTAL,data/embeddings/svm_closed_set/svm_closed_set_train/9816.npy,true,192,true,false,false,0.99999994,true,952.093,true,true,
562,exp_svm_spk_0004,SVM_CLOSED_SET,svm_closed_set_train,SVM_EXPERIMENTAL,data/embeddings/svm_closed_set/svm_closed_set_train/562.npy,true,192,true,false,false,0.99999994,true,703.279,true,true,
11876,exp_svm_spk_0004,SVM_CLOSED_SET,svm_closed_set_train,SVM_EXPERIMENTAL,data/embeddings/svm_closed_set/svm_closed_set_train/11876.npy,true,192,true,false,false,1.00000012,true,773.092,true,true,
616,exp_svm_spk_0004,SVM_CLOSED_SET,svm_closed_set_train,SVM_EXPERIMENTAL,data/embeddings/svm_closed_set/svm_closed_set_train/616.npy,true,192,true,false,false,1.00000000,true,831.751,true,true,
12119,exp_svm_spk_0004,SVM_CLOSED_SET,svm_closed_set_train,SVM_EXPERIMENTAL,data/embeddings/svm_closed_set/svm_closed_set_train/12119.npy,true,192,true,false,false,0.99999994,true,763.151,true,true,
12768,exp_svm_spk_0004,SVM_CLOSED_SET,svm_closed_set_train,SVM_EXPERIMENTAL,data/embeddings/svm_closed_set/svm_closed_set_train/12768.npy,true,192,true,false,false,1.00000000,true,869.804,true,true,
8697,exp_svm_spk_0004,SVM_CLOSED_SET,svm_closed_set_train,SVM_EXPERIMENTAL,data/embeddings/svm_closed_set/svm_closed_set_train/8697.npy,true,192,true,false,false,0.99999994,true,1121.421,true,true,
16885,exp_svm_spk_0004,SVM_CLOSED_SET,svm_closed_set_train,SVM_EXPERIMENTAL,data/embeddings/svm_closed_set/svm_closed_set_train/16885.npy,true,192,true,false,false,1.00000000,true,1333.361,true,true,
13583,exp_svm_spk_0004,SVM_CLOSED_SET,svm_closed_set_train,SVM_EXPERIMENTAL,data/embeddings/svm_closed_set/svm_closed_set_train/13583.npy,true,192,true,false,false,1.00000000,true,638.062,true,true,
8808,exp_svm_spk_0004,SVM_CLOSED_SET,svm_closed_set_train,SVM_EXPERIMENTAL,data/embeddings/svm_closed_set/svm_closed_set_train/8808.npy,true,192,true,false,false,1.00000000,true,767.436,true,true,
9614,exp_svm_spk_0004,SVM_CLOSED_SET,svm_closed_set_train,SVM_EXPERIMENTAL,data/embeddings/svm_closed_set/svm_closed_set_train/9614.npy,true,192,true,false,false,1.00000000,true,581.755,true,true,
8522,exp_svm_spk_0005,SVM_CLOSED_SET,svm_closed_set_train,SVM_EXPERIMENTAL,data/embeddings/svm_closed_set/svm_closed_set_train/8522.npy,true,192,true,false,false,1.00000000,true,461.657,true,true,
511,exp_svm_spk_0005,SVM_CLOSED_SET,svm_closed_set_train,SVM_EXPERIMENTAL,data/embeddings/svm_closed_set/svm_closed_set_train/511.npy,true,192,true,false,false,1.00000000,true,277.710,true,true,
15349,exp_svm_spk_0005,SVM_CLOSED_SET,svm_closed_set_train,SVM_EXPERIMENTAL,data/embeddings/svm_closed_set/svm_closed_set_train/15349.npy,true,192,true,false,false,1.00000000,true,596.095,true,true,
921,exp_svm_spk_0005,SVM_CLOSED_SET,svm_closed_set_train,SVM_EXPERIMENTAL,data/embeddings/svm_closed_set/svm_closed_set_train/921.npy,true,192,true,false,false,1.00000000,true,613.428,true,true,
1687,exp_svm_spk_0005,SVM_CLOSED_SET,svm_closed_set_train,SVM_EXPERIMENTAL,data/embeddings/svm_closed_set/svm_closed_set_train/1687.npy,true,192,true,false,false,0.99999994,true,390.913,true,true,
6723,exp_svm_spk_0005,SVM_CLOSED_SET,svm_closed_set_train,SVM_EXPERIMENTAL,data/embeddings/svm_closed_set/svm_closed_set_train/6723.npy,true,192,true,false,false,0.99999994,true,467.889,true,true,
2668,exp_svm_spk_0005,SVM_CLOSED_SET,svm_closed_set_train,SVM_EXPERIMENTAL,data/embeddings/svm_closed_set/svm_closed_set_train/2668.npy,true,192,true,false,false,1.00000000,true,621.658,true,true,
8594,exp_svm_spk_0005,SVM_CLOSED_SET,svm_closed_set_train,SVM_EXPERIMENTAL,data/embeddings/svm_closed_set/svm_closed_set_train/8594.npy,true,192,true,false,false,1.00000000,true,841.682,true,true,
5108,exp_svm_spk_0005,SVM_CLOSED_SET,svm_closed_set_train,SVM_EXPERIMENTAL,data/embeddings/svm_closed_set/svm_closed_set_train/5108.npy,true,192,true,false,false,1.00000000,true,546.369,true,true,
7424,exp_svm_spk_0005,SVM_CLOSED_SET,svm_closed_set_train,SVM_EXPERIMENTAL,data/embeddings/svm_closed_set/svm_closed_set_train/7424.npy,true,192,true,false,false,1.00000000,true,427.232,true,true,
6925,exp_svm_spk_0006,SVM_CLOSED_SET,svm_closed_set_train,SVM_EXPERIMENTAL,data/embeddings/svm_closed_set/svm_closed_set_train/6925.npy,true,192,true,false,false,1.00000000,true,696.077,true,true,
2665,exp_svm_spk_0006,SVM_CLOSED_SET,svm_closed_set_train,SVM_EXPERIMENTAL,data/embeddings/svm_closed_set/svm_closed_set_train/2665.npy,true,192,true,false,false,0.99999994,true,669.741,true,true,
1380,exp_svm_spk_0006,SVM_CLOSED_SET,svm_closed_set_train,SVM_EXPERIMENTAL,data/embeddings/svm_closed_set/svm_closed_set_train/1380.npy,true,192,true,false,false,0.99999994,true,746.628,true,true,
6158,exp_svm_spk_0006,SVM_CLOSED_SET,svm_closed_set_train,SVM_EXPERIMENTAL,data/embeddings/svm_closed_set/svm_closed_set_train/6158.npy,true,192,true,false,false,0.99999994,true,545.690,true,true,
14989,exp_svm_spk_0006,SVM_CLOSED_SET,svm_closed_set_train,SVM_EXPERIMENTAL,data/embeddings/svm_closed_set/svm_closed_set_train/14989.npy,true,192,true,false,false,1.00000000,true,713.448,true,true,
14755,exp_svm_spk_0006,SVM_CLOSED_SET,svm_closed_set_train,SVM_EXPERIMENTAL,data/embeddings/svm_closed_set/svm_closed_set_train/14755.npy,true,192,true,false,false,1.00000000,true,509.122,true,true,
4012,exp_svm_spk_0006,SVM_CLOSED_SET,svm_closed_set_train,SVM_EXPERIMENTAL,data/embeddings/svm_closed_set/svm_closed_set_train/4012.npy,true,192,true,false,false,1.00000000,true,476.899,true,true,
5755,exp_svm_spk_0006,SVM_CLOSED_SET,svm_closed_set_train,SVM_EXPERIMENTAL,data/embeddings/svm_closed_set/svm_closed_set_train/5755.npy,true,192,true,false,false,0.99999994,true,452.767,true,true,
851,exp_svm_spk_0006,SVM_CLOSED_SET,svm_closed_set_train,SVM_EXPERIMENTAL,data/embeddings/svm_closed_set/svm_closed_set_train/851.npy,true,192,true,false,false,1.00000000,true,543.105,true,true,
1223,exp_svm_spk_0006,SVM_CLOSED_SET,svm_closed_set_train,SVM_EXPERIMENTAL,data/embeddings/svm_closed_set/svm_closed_set_train/1223.npy,true,192,true,false,false,1.00000000,true,562.981,true,true,
12923,exp_svm_spk_0007,SVM_CLOSED_SET,svm_closed_set_train,SVM_EXPERIMENTAL,data/embeddings/svm_closed_set/svm_closed_set_train/12923.npy,true,192,true,false,false,1.00000000,true,1108.368,true,true,
9299,exp_svm_spk_0007,SVM_CLOSED_SET,svm_closed_set_train,SVM_EXPERIMENTAL,data/embeddings/svm_closed_set/svm_closed_set_train/9299.npy,true,192,true,false,false,1.00000000,true,1388.174,true,true,
4421,exp_svm_spk_0007,SVM_CLOSED_SET,svm_closed_set_train,SVM_EXPERIMENTAL,data/embeddings/svm_closed_set/svm_closed_set_train/4421.npy,true,192,true,false,false,1.00000000,true,598.022,true,true,
15836,exp_svm_spk_0007,SVM_CLOSED_SET,svm_closed_set_train,SVM_EXPERIMENTAL,data/embeddings/svm_closed_set/svm_closed_set_train/15836.npy,true,192,true,false,false,1.00000000,true,881.872,true,true,
15065,exp_svm_spk_0007,SVM_CLOSED_SET,svm_closed_set_train,SVM_EXPERIMENTAL,data/embeddings/svm_closed_set/svm_closed_set_train/15065.npy,true,192,true,false,false,1.00000000,true,1100.644,true,true,
13756,exp_svm_spk_0007,SVM_CLOSED_SET,svm_closed_set_train,SVM_EXPERIMENTAL,data/embeddings/svm_closed_set/svm_closed_set_train/13756.npy,true,192,true,false,false,1.00000000,true,675.302,true,true,
13914,exp_svm_spk_0007,SVM_CLOSED_SET,svm_closed_set_train,SVM_EXPERIMENTAL,data/embeddings/svm_closed_set/svm_closed_set_train/13914.npy,true,192,true,false,false,1.00000000,true,1165.278,true,true,
6655,exp_svm_spk_0007,SVM_CLOSED_SET,svm_closed_set_train,SVM_EXPERIMENTAL,data/embeddings/svm_closed_set/svm_closed_set_train/6655.npy,true,192,true,false,false,0.99999994,true,767.274,true,true,
6673,exp_svm_spk_0007,SVM_CLOSED_SET,svm_closed_set_train,SVM_EXPERIMENTAL,data/embeddings/svm_closed_set/svm_closed_set_train/6673.npy,true,192,true,false,false,0.99999994,true,604.645,true,true,
13836,exp_svm_spk_0007,SVM_CLOSED_SET,svm_closed_set_train,SVM_EXPERIMENTAL,data/embeddings/svm_closed_set/svm_closed_set_train/13836.npy,true,192,true,false,false,1.00000000,true,703.453,true,true,
1416,exp_svm_spk_0008,SVM_CLOSED_SET,svm_closed_set_train,SVM_EXPERIMENTAL,data/embeddings/svm_closed_set/svm_closed_set_train/1416.npy,true,192,true,false,false,1.00000000,true,350.369,true,true,
15247,exp_svm_spk_0008,SVM_CLOSED_SET,svm_closed_set_train,SVM_EXPERIMENTAL,data/embeddings/svm_closed_set/svm_closed_set_train/15247.npy,true,192,true,false,false,1.00000000,true,443.895,true,true,
10648,exp_svm_spk_0008,SVM_CLOSED_SET,svm_closed_set_train,SVM_EXPERIMENTAL,data/embeddings/svm_closed_set/svm_closed_set_train/10648.npy,true,192,true,false,false,1.00000000,true,480.689,true,true,
9383,exp_svm_spk_0008,SVM_CLOSED_SET,svm_closed_set_train,SVM_EXPERIMENTAL,data/embeddings/svm_closed_set/svm_closed_set_train/9383.npy,true,192,true,false,false,1.00000000,true,701.126,true,true,
15910,exp_svm_spk_0008,SVM_CLOSED_SET,svm_closed_set_train,SVM_EXPERIMENTAL,data/embeddings/svm_closed_set/svm_closed_set_train/15910.npy,true,192,true,false,false,1.00000000,true,673.524,true,true,
16788,exp_svm_spk_0008,SVM_CLOSED_SET,svm_closed_set_train,SVM_EXPERIMENTAL,data/embeddings/svm_closed_set/svm_closed_set_train/16788.npy,true,192,true,false,false,1.00000000,true,420.364,true,true,
3970,exp_svm_spk_0008,SVM_CLOSED_SET,svm_closed_set_train,SVM_EXPERIMENTAL,data/embeddings/svm_closed_set/svm_closed_set_train/3970.npy,true,192,true,false,false,1.00000000,true,535.255,true,true,
13978,exp_svm_spk_0008,SVM_CLOSED_SET,svm_closed_set_train,SVM_EXPERIMENTAL,data/embeddings/svm_closed_set/svm_closed_set_train/13978.npy,true,192,true,false,false,1.00000000,true,573.567,true,true,
4900,exp_svm_spk_0008,SVM_CLOSED_SET,svm_closed_set_train,SVM_EXPERIMENTAL,data/embeddings/svm_closed_set/svm_closed_set_train/4900.npy,true,192,true,false,false,1.00000000,true,379.219,true,true,
15015,exp_svm_spk_0008,SVM_CLOSED_SET,svm_closed_set_train,SVM_EXPERIMENTAL,data/embeddings/svm_closed_set/svm_closed_set_train/15015.npy,true,192,true,false,false,1.00000000,true,690.029,true,true,
5436,exp_svm_spk_0009,SVM_CLOSED_SET,svm_closed_set_train,SVM_EXPERIMENTAL,data/embeddings/svm_closed_set/svm_closed_set_train/5436.npy,true,192,true,false,false,0.99999994,true,1088.487,true,true,
14721,exp_svm_spk_0009,SVM_CLOSED_SET,svm_closed_set_train,SVM_EXPERIMENTAL,data/embeddings/svm_closed_set/svm_closed_set_train/14721.npy,true,192,true,false,false,1.00000000,true,771.016,true,true,
6548,exp_svm_spk_0009,SVM_CLOSED_SET,svm_closed_set_train,SVM_EXPERIMENTAL,data/embeddings/svm_closed_set/svm_closed_set_train/6548.npy,true,192,true,false,false,1.00000000,true,1124.576,true,true,
5154,exp_svm_spk_0009,SVM_CLOSED_SET,svm_closed_set_train,SVM_EXPERIMENTAL,data/embeddings/svm_closed_set/svm_closed_set_train/5154.npy,true,192,true,false,false,1.00000000,true,1474.529,true,true,
11333,exp_svm_spk_0009,SVM_CLOSED_SET,svm_closed_set_train,SVM_EXPERIMENTAL,data/embeddings/svm_closed_set/svm_closed_set_train/11333.npy,true,192,true,false,false,1.00000000,true,1320.945,true,true,
10488,exp_svm_spk_0009,SVM_CLOSED_SET,svm_closed_set_train,SVM_EXPERIMENTAL,data/embeddings/svm_closed_set/svm_closed_set_train/10488.npy,true,192,true,false,false,1.00000000,true,746.484,true,true,
16396,exp_svm_spk_0009,SVM_CLOSED_SET,svm_closed_set_train,SVM_EXPERIMENTAL,data/embeddings/svm_closed_set/svm_closed_set_train/16396.npy,true,192,true,false,false,1.00000000,true,716.795,true,true,
3285,exp_svm_spk_0009,SVM_CLOSED_SET,svm_closed_set_train,SVM_EXPERIMENTAL,data/embeddings/svm_closed_set/svm_closed_set_train/3285.npy,true,192,true,false,false,1.00000000,true,1300.797,true,true,
30,exp_svm_spk_0009,SVM_CLOSED_SET,svm_closed_set_train,SVM_EXPERIMENTAL,data/embeddings/svm_closed_set/svm_closed_set_train/30.npy,true,192,true,false,false,1.00000000,true,1966.833,true,true,
13938,exp_svm_spk_0009,SVM_CLOSED_SET,svm_closed_set_train,SVM_EXPERIMENTAL,data/embeddings/svm_closed_set/svm_closed_set_train/13938.npy,true,192,true,false,false,1.00000000,true,1177.208,true,true,
2303,exp_svm_spk_0010,SVM_CLOSED_SET,svm_closed_set_train,SVM_EXPERIMENTAL,data/embeddings/svm_closed_set/svm_closed_set_train/2303.npy,true,192,true,false,false,0.99999988,true,438.884,true,true,
15581,exp_svm_spk_0010,SVM_CLOSED_SET,svm_closed_set_train,SVM_EXPERIMENTAL,data/embeddings/svm_closed_set/svm_closed_set_train/15581.npy,true,192,true,false,false,0.99999994,true,451.325,true,true,
6558,exp_svm_spk_0010,SVM_CLOSED_SET,svm_closed_set_train,SVM_EXPERIMENTAL,data/embeddings/svm_closed_set/svm_closed_set_train/6558.npy,true,192,true,false,false,1.00000012,true,722.579,true,true,
2834,exp_svm_spk_0010,SVM_CLOSED_SET,svm_closed_set_train,SVM_EXPERIMENTAL,data/embeddings/svm_closed_set/svm_closed_set_train/2834.npy,true,192,true,false,false,0.99999994,true,818.873,true,true,
9355,exp_svm_spk_0010,SVM_CLOSED_SET,svm_closed_set_train,SVM_EXPERIMENTAL,data/embeddings/svm_closed_set/svm_closed_set_train/9355.npy,true,192,true,false,false,1.00000000,true,482.577,true,true,
4497,exp_svm_spk_0010,SVM_CLOSED_SET,svm_closed_set_train,SVM_EXPERIMENTAL,data/embeddings/svm_closed_set/svm_closed_set_train/4497.npy,true,192,true,false,false,1.00000000,true,445.478,true,true,
13859,exp_svm_spk_0010,SVM_CLOSED_SET,svm_closed_set_train,SVM_EXPERIMENTAL,data/embeddings/svm_closed_set/svm_closed_set_train/13859.npy,true,192,true,false,false,0.99999988,true,542.479,true,true,
10290,exp_svm_spk_0010,SVM_CLOSED_SET,svm_closed_set_train,SVM_EXPERIMENTAL,data/embeddings/svm_closed_set/svm_closed_set_train/10290.npy,true,192,true,false,false,1.00000000,true,327.941,true,true,
1222,exp_svm_spk_0010,SVM_CLOSED_SET,svm_closed_set_train,SVM_EXPERIMENTAL,data/embeddings/svm_closed_set/svm_closed_set_train/1222.npy,true,192,true,false,false,1.00000000,true,421.808,true,true,
6990,exp_svm_spk_0010,SVM_CLOSED_SET,svm_closed_set_train,SVM_EXPERIMENTAL,data/embeddings/svm_closed_set/svm_closed_set_train/6990.npy,true,192,true,false,false,0.99999994,true,381.733,true,true,
4481,exp_svm_spk_0001,SVM_CLOSED_SET,svm_closed_set_validation,SVM_EXPERIMENTAL,data/embeddings/svm_closed_set/svm_closed_set_validation/4481.npy,true,192,true,false,false,0.99999994,true,632.401,true,true,
9123,exp_svm_spk_0001,SVM_CLOSED_SET,svm_closed_set_validation,SVM_EXPERIMENTAL,data/embeddings/svm_closed_set/svm_closed_set_validation/9123.npy,true,192,true,false,false,1.00000000,true,574.903,true,true,
13499,exp_svm_spk_0001,SVM_CLOSED_SET,svm_closed_set_validation,SVM_EXPERIMENTAL,data/embeddings/svm_closed_set/svm_closed_set_validation/13499.npy,true,192,true,false,false,0.99999994,true,394.041,true,true,
14775,exp_svm_spk_0001,SVM_CLOSED_SET,svm_closed_set_validation,SVM_EXPERIMENTAL,data/embeddings/svm_closed_set/svm_closed_set_validation/14775.npy,true,192,true,false,false,0.99999994,true,471.835,true,true,
7675,exp_svm_spk_0001,SVM_CLOSED_SET,svm_closed_set_validation,SVM_EXPERIMENTAL,data/embeddings/svm_closed_set/svm_closed_set_validation/7675.npy,true,192,true,false,false,1.00000000,true,783.183,true,true,
8329,exp_svm_spk_0002,SVM_CLOSED_SET,svm_closed_set_validation,SVM_EXPERIMENTAL,data/embeddings/svm_closed_set/svm_closed_set_validation/8329.npy,true,192,true,false,false,0.99999994,true,749.812,true,true,
4582,exp_svm_spk_0002,SVM_CLOSED_SET,svm_closed_set_validation,SVM_EXPERIMENTAL,data/embeddings/svm_closed_set/svm_closed_set_validation/4582.npy,true,192,true,false,false,1.00000000,true,576.642,true,true,
15632,exp_svm_spk_0002,SVM_CLOSED_SET,svm_closed_set_validation,SVM_EXPERIMENTAL,data/embeddings/svm_closed_set/svm_closed_set_validation/15632.npy,true,192,true,false,false,1.00000012,true,629.692,true,true,
15193,exp_svm_spk_0002,SVM_CLOSED_SET,svm_closed_set_validation,SVM_EXPERIMENTAL,data/embeddings/svm_closed_set/svm_closed_set_validation/15193.npy,true,192,true,false,false,0.99999994,true,541.050,true,true,
13271,exp_svm_spk_0002,SVM_CLOSED_SET,svm_closed_set_validation,SVM_EXPERIMENTAL,data/embeddings/svm_closed_set/svm_closed_set_validation/13271.npy,true,192,true,false,false,1.00000000,true,535.076,true,true,
230,exp_svm_spk_0003,SVM_CLOSED_SET,svm_closed_set_validation,SVM_EXPERIMENTAL,data/embeddings/svm_closed_set/svm_closed_set_validation/230.npy,true,192,true,false,false,1.00000000,true,638.979,true,true,
415,exp_svm_spk_0003,SVM_CLOSED_SET,svm_closed_set_validation,SVM_EXPERIMENTAL,data/embeddings/svm_closed_set/svm_closed_set_validation/415.npy,true,192,true,false,false,0.99999994,true,932.195,true,true,
1224,exp_svm_spk_0003,SVM_CLOSED_SET,svm_closed_set_validation,SVM_EXPERIMENTAL,data/embeddings/svm_closed_set/svm_closed_set_validation/1224.npy,true,192,true,false,false,1.00000000,true,637.825,true,true,
13875,exp_svm_spk_0003,SVM_CLOSED_SET,svm_closed_set_validation,SVM_EXPERIMENTAL,data/embeddings/svm_closed_set/svm_closed_set_validation/13875.npy,true,192,true,false,false,0.99999994,true,550.391,true,true,
12247,exp_svm_spk_0003,SVM_CLOSED_SET,svm_closed_set_validation,SVM_EXPERIMENTAL,data/embeddings/svm_closed_set/svm_closed_set_validation/12247.npy,true,192,true,false,false,0.99999994,true,931.923,true,true,
12980,exp_svm_spk_0004,SVM_CLOSED_SET,svm_closed_set_validation,SVM_EXPERIMENTAL,data/embeddings/svm_closed_set/svm_closed_set_validation/12980.npy,true,192,true,false,false,0.99999994,true,677.522,true,true,
13645,exp_svm_spk_0004,SVM_CLOSED_SET,svm_closed_set_validation,SVM_EXPERIMENTAL,data/embeddings/svm_closed_set/svm_closed_set_validation/13645.npy,true,192,true,false,false,1.00000000,true,910.409,true,true,
8384,exp_svm_spk_0004,SVM_CLOSED_SET,svm_closed_set_validation,SVM_EXPERIMENTAL,data/embeddings/svm_closed_set/svm_closed_set_validation/8384.npy,true,192,true,false,false,1.00000000,true,561.264,true,true,
15374,exp_svm_spk_0004,SVM_CLOSED_SET,svm_closed_set_validation,SVM_EXPERIMENTAL,data/embeddings/svm_closed_set/svm_closed_set_validation/15374.npy,true,192,true,false,false,0.99999994,true,427.033,true,true,
16448,exp_svm_spk_0004,SVM_CLOSED_SET,svm_closed_set_validation,SVM_EXPERIMENTAL,data/embeddings/svm_closed_set/svm_closed_set_validation/16448.npy,true,192,true,false,false,0.99999994,true,748.712,true,true,
10941,exp_svm_spk_0005,SVM_CLOSED_SET,svm_closed_set_validation,SVM_EXPERIMENTAL,data/embeddings/svm_closed_set/svm_closed_set_validation/10941.npy,true,192,true,false,false,0.99999994,true,457.410,true,true,
896,exp_svm_spk_0005,SVM_CLOSED_SET,svm_closed_set_validation,SVM_EXPERIMENTAL,data/embeddings/svm_closed_set/svm_closed_set_validation/896.npy,true,192,true,false,false,0.99999994,true,550.374,true,true,
3166,exp_svm_spk_0005,SVM_CLOSED_SET,svm_closed_set_validation,SVM_EXPERIMENTAL,data/embeddings/svm_closed_set/svm_closed_set_validation/3166.npy,true,192,true,false,false,1.00000000,true,970.314,true,true,
5793,exp_svm_spk_0005,SVM_CLOSED_SET,svm_closed_set_validation,SVM_EXPERIMENTAL,data/embeddings/svm_closed_set/svm_closed_set_validation/5793.npy,true,192,true,false,false,0.99999994,true,834.563,true,true,
3840,exp_svm_spk_0005,SVM_CLOSED_SET,svm_closed_set_validation,SVM_EXPERIMENTAL,data/embeddings/svm_closed_set/svm_closed_set_validation/3840.npy,true,192,true,false,false,0.99999994,true,390.774,true,true,
5854,exp_svm_spk_0006,SVM_CLOSED_SET,svm_closed_set_validation,SVM_EXPERIMENTAL,data/embeddings/svm_closed_set/svm_closed_set_validation/5854.npy,true,192,true,false,false,1.00000000,true,509.102,true,true,
7016,exp_svm_spk_0006,SVM_CLOSED_SET,svm_closed_set_validation,SVM_EXPERIMENTAL,data/embeddings/svm_closed_set/svm_closed_set_validation/7016.npy,true,192,true,false,false,0.99999994,true,749.775,true,true,
5621,exp_svm_spk_0006,SVM_CLOSED_SET,svm_closed_set_validation,SVM_EXPERIMENTAL,data/embeddings/svm_closed_set/svm_closed_set_validation/5621.npy,true,192,true,false,false,1.00000012,true,355.532,true,true,
10746,exp_svm_spk_0006,SVM_CLOSED_SET,svm_closed_set_validation,SVM_EXPERIMENTAL,data/embeddings/svm_closed_set/svm_closed_set_validation/10746.npy,true,192,true,false,false,1.00000000,true,595.008,true,true,
536,exp_svm_spk_0006,SVM_CLOSED_SET,svm_closed_set_validation,SVM_EXPERIMENTAL,data/embeddings/svm_closed_set/svm_closed_set_validation/536.npy,true,192,true,false,false,1.00000000,true,509.595,true,true,
13720,exp_svm_spk_0007,SVM_CLOSED_SET,svm_closed_set_validation,SVM_EXPERIMENTAL,data/embeddings/svm_closed_set/svm_closed_set_validation/13720.npy,true,192,true,false,false,1.00000000,true,840.006,true,true,
12464,exp_svm_spk_0007,SVM_CLOSED_SET,svm_closed_set_validation,SVM_EXPERIMENTAL,data/embeddings/svm_closed_set/svm_closed_set_validation/12464.npy,true,192,true,false,false,0.99999994,true,799.217,true,true,
6875,exp_svm_spk_0007,SVM_CLOSED_SET,svm_closed_set_validation,SVM_EXPERIMENTAL,data/embeddings/svm_closed_set/svm_closed_set_validation/6875.npy,true,192,true,false,false,1.00000000,true,934.145,true,true,
16848,exp_svm_spk_0007,SVM_CLOSED_SET,svm_closed_set_validation,SVM_EXPERIMENTAL,data/embeddings/svm_closed_set/svm_closed_set_validation/16848.npy,true,192,true,false,false,1.00000000,true,886.932,true,true,
5937,exp_svm_spk_0007,SVM_CLOSED_SET,svm_closed_set_validation,SVM_EXPERIMENTAL,data/embeddings/svm_closed_set/svm_closed_set_validation/5937.npy,true,192,true,false,false,1.00000000,true,666.236,true,true,
638,exp_svm_spk_0008,SVM_CLOSED_SET,svm_closed_set_validation,SVM_EXPERIMENTAL,data/embeddings/svm_closed_set/svm_closed_set_validation/638.npy,true,192,true,false,false,1.00000000,true,732.341,true,true,
10364,exp_svm_spk_0008,SVM_CLOSED_SET,svm_closed_set_validation,SVM_EXPERIMENTAL,data/embeddings/svm_closed_set/svm_closed_set_validation/10364.npy,true,192,true,false,false,1.00000000,true,294.481,true,true,
12451,exp_svm_spk_0008,SVM_CLOSED_SET,svm_closed_set_validation,SVM_EXPERIMENTAL,data/embeddings/svm_closed_set/svm_closed_set_validation/12451.npy,true,192,true,false,false,1.00000000,true,490.692,true,true,
2600,exp_svm_spk_0008,SVM_CLOSED_SET,svm_closed_set_validation,SVM_EXPERIMENTAL,data/embeddings/svm_closed_set/svm_closed_set_validation/2600.npy,true,192,true,false,false,1.00000000,true,441.427,true,true,
3082,exp_svm_spk_0008,SVM_CLOSED_SET,svm_closed_set_validation,SVM_EXPERIMENTAL,data/embeddings/svm_closed_set/svm_closed_set_validation/3082.npy,true,192,true,false,false,1.00000000,true,505.964,true,true,
8258,exp_svm_spk_0009,SVM_CLOSED_SET,svm_closed_set_validation,SVM_EXPERIMENTAL,data/embeddings/svm_closed_set/svm_closed_set_validation/8258.npy,true,192,true,false,false,1.00000000,true,1100.682,true,true,
12441,exp_svm_spk_0009,SVM_CLOSED_SET,svm_closed_set_validation,SVM_EXPERIMENTAL,data/embeddings/svm_closed_set/svm_closed_set_validation/12441.npy,true,192,true,false,false,1.00000000,true,1508.562,true,true,
11721,exp_svm_spk_0009,SVM_CLOSED_SET,svm_closed_set_validation,SVM_EXPERIMENTAL,data/embeddings/svm_closed_set/svm_closed_set_validation/11721.npy,true,192,true,false,false,1.00000000,true,1573.312,true,true,
9834,exp_svm_spk_0009,SVM_CLOSED_SET,svm_closed_set_validation,SVM_EXPERIMENTAL,data/embeddings/svm_closed_set/svm_closed_set_validation/9834.npy,true,192,true,false,false,1.00000000,true,1480.664,true,true,
318,exp_svm_spk_0009,SVM_CLOSED_SET,svm_closed_set_validation,SVM_EXPERIMENTAL,data/embeddings/svm_closed_set/svm_closed_set_validation/318.npy,true,192,true,false,false,0.99999994,true,1212.487,true,true,
15541,exp_svm_spk_0010,SVM_CLOSED_SET,svm_closed_set_validation,SVM_EXPERIMENTAL,data/embeddings/svm_closed_set/svm_closed_set_validation/15541.npy,true,192,true,false,false,1.00000012,true,690.838,true,true,
16769,exp_svm_spk_0010,SVM_CLOSED_SET,svm_closed_set_validation,SVM_EXPERIMENTAL,data/embeddings/svm_closed_set/svm_closed_set_validation/16769.npy,true,192,true,false,false,1.00000000,true,568.420,true,true,
14384,exp_svm_spk_0010,SVM_CLOSED_SET,svm_closed_set_validation,SVM_EXPERIMENTAL,data/embeddings/svm_closed_set/svm_closed_set_validation/14384.npy,true,192,true,false,false,0.99999994,true,751.699,true,true,
9876,exp_svm_spk_0010,SVM_CLOSED_SET,svm_closed_set_validation,SVM_EXPERIMENTAL,data/embeddings/svm_closed_set/svm_closed_set_validation/9876.npy,true,192,true,false,false,0.99999994,true,652.955,true,true,
6827,exp_svm_spk_0010,SVM_CLOSED_SET,svm_closed_set_validation,SVM_EXPERIMENTAL,data/embeddings/svm_closed_set/svm_closed_set_validation/6827.npy,true,192,true,false,false,1.00000000,true,608.389,true,true,
6136,exp_svm_spk_0001,SVM_CLOSED_SET,svm_closed_set_test,SVM_EXPERIMENTAL,data/embeddings/svm_closed_set/svm_closed_set_test/6136.npy,true,192,true,false,false,1.00000000,true,344.109,true,true,
237,exp_svm_spk_0001,SVM_CLOSED_SET,svm_closed_set_test,SVM_EXPERIMENTAL,data/embeddings/svm_closed_set/svm_closed_set_test/237.npy,true,192,true,false,false,1.00000000,true,1030.293,true,true,
9840,exp_svm_spk_0001,SVM_CLOSED_SET,svm_closed_set_test,SVM_EXPERIMENTAL,data/embeddings/svm_closed_set/svm_closed_set_test/9840.npy,true,192,true,false,false,1.00000000,true,767.607,true,true,
1877,exp_svm_spk_0001,SVM_CLOSED_SET,svm_closed_set_test,SVM_EXPERIMENTAL,data/embeddings/svm_closed_set/svm_closed_set_test/1877.npy,true,192,true,false,false,0.99999988,true,589.292,true,true,
5561,exp_svm_spk_0001,SVM_CLOSED_SET,svm_closed_set_test,SVM_EXPERIMENTAL,data/embeddings/svm_closed_set/svm_closed_set_test/5561.npy,true,192,true,false,false,1.00000000,true,397.977,true,true,
5604,exp_svm_spk_0002,SVM_CLOSED_SET,svm_closed_set_test,SVM_EXPERIMENTAL,data/embeddings/svm_closed_set/svm_closed_set_test/5604.npy,true,192,true,false,false,1.00000000,true,613.052,true,true,
3464,exp_svm_spk_0002,SVM_CLOSED_SET,svm_closed_set_test,SVM_EXPERIMENTAL,data/embeddings/svm_closed_set/svm_closed_set_test/3464.npy,true,192,true,false,false,1.00000000,true,511.005,true,true,
10186,exp_svm_spk_0002,SVM_CLOSED_SET,svm_closed_set_test,SVM_EXPERIMENTAL,data/embeddings/svm_closed_set/svm_closed_set_test/10186.npy,true,192,true,false,false,1.00000000,true,582.436,true,true,
12267,exp_svm_spk_0002,SVM_CLOSED_SET,svm_closed_set_test,SVM_EXPERIMENTAL,data/embeddings/svm_closed_set/svm_closed_set_test/12267.npy,true,192,true,false,false,1.00000000,true,527.578,true,true,
13788,exp_svm_spk_0002,SVM_CLOSED_SET,svm_closed_set_test,SVM_EXPERIMENTAL,data/embeddings/svm_closed_set/svm_closed_set_test/13788.npy,true,192,true,false,false,0.99999994,true,376.232,true,true,
8063,exp_svm_spk_0003,SVM_CLOSED_SET,svm_closed_set_test,SVM_EXPERIMENTAL,data/embeddings/svm_closed_set/svm_closed_set_test/8063.npy,true,192,true,false,false,1.00000000,true,650.968,true,true,
2464,exp_svm_spk_0003,SVM_CLOSED_SET,svm_closed_set_test,SVM_EXPERIMENTAL,data/embeddings/svm_closed_set/svm_closed_set_test/2464.npy,true,192,true,false,false,1.00000000,true,516.544,true,true,
8707,exp_svm_spk_0003,SVM_CLOSED_SET,svm_closed_set_test,SVM_EXPERIMENTAL,data/embeddings/svm_closed_set/svm_closed_set_test/8707.npy,true,192,true,false,false,1.00000012,true,539.771,true,true,
2115,exp_svm_spk_0003,SVM_CLOSED_SET,svm_closed_set_test,SVM_EXPERIMENTAL,data/embeddings/svm_closed_set/svm_closed_set_test/2115.npy,true,192,true,false,false,1.00000012,true,410.729,true,true,
7738,exp_svm_spk_0003,SVM_CLOSED_SET,svm_closed_set_test,SVM_EXPERIMENTAL,data/embeddings/svm_closed_set/svm_closed_set_test/7738.npy,true,192,true,false,false,1.00000000,true,744.144,true,true,
12783,exp_svm_spk_0004,SVM_CLOSED_SET,svm_closed_set_test,SVM_EXPERIMENTAL,data/embeddings/svm_closed_set/svm_closed_set_test/12783.npy,true,192,true,false,false,1.00000000,true,518.998,true,true,
617,exp_svm_spk_0004,SVM_CLOSED_SET,svm_closed_set_test,SVM_EXPERIMENTAL,data/embeddings/svm_closed_set/svm_closed_set_test/617.npy,true,192,true,false,false,1.00000000,true,552.600,true,true,
15858,exp_svm_spk_0004,SVM_CLOSED_SET,svm_closed_set_test,SVM_EXPERIMENTAL,data/embeddings/svm_closed_set/svm_closed_set_test/15858.npy,true,192,true,false,false,1.00000000,true,593.112,true,true,
13549,exp_svm_spk_0004,SVM_CLOSED_SET,svm_closed_set_test,SVM_EXPERIMENTAL,data/embeddings/svm_closed_set/svm_closed_set_test/13549.npy,true,192,true,false,false,1.00000000,true,707.916,true,true,
8418,exp_svm_spk_0004,SVM_CLOSED_SET,svm_closed_set_test,SVM_EXPERIMENTAL,data/embeddings/svm_closed_set/svm_closed_set_test/8418.npy,true,192,true,false,false,0.99999994,true,468.455,true,true,
6259,exp_svm_spk_0005,SVM_CLOSED_SET,svm_closed_set_test,SVM_EXPERIMENTAL,data/embeddings/svm_closed_set/svm_closed_set_test/6259.npy,true,192,true,false,false,1.00000000,true,528.269,true,true,
14635,exp_svm_spk_0005,SVM_CLOSED_SET,svm_closed_set_test,SVM_EXPERIMENTAL,data/embeddings/svm_closed_set/svm_closed_set_test/14635.npy,true,192,true,false,false,0.99999994,true,585.465,true,true,
835,exp_svm_spk_0005,SVM_CLOSED_SET,svm_closed_set_test,SVM_EXPERIMENTAL,data/embeddings/svm_closed_set/svm_closed_set_test/835.npy,true,192,true,false,false,1.00000000,true,516.178,true,true,
3151,exp_svm_spk_0005,SVM_CLOSED_SET,svm_closed_set_test,SVM_EXPERIMENTAL,data/embeddings/svm_closed_set/svm_closed_set_test/3151.npy,true,192,true,false,false,0.99999994,true,434.076,true,true,
10751,exp_svm_spk_0005,SVM_CLOSED_SET,svm_closed_set_test,SVM_EXPERIMENTAL,data/embeddings/svm_closed_set/svm_closed_set_test/10751.npy,true,192,true,false,false,1.00000000,true,265.401,true,true,
13724,exp_svm_spk_0006,SVM_CLOSED_SET,svm_closed_set_test,SVM_EXPERIMENTAL,data/embeddings/svm_closed_set/svm_closed_set_test/13724.npy,true,192,true,false,false,1.00000000,true,808.548,true,true,
9534,exp_svm_spk_0006,SVM_CLOSED_SET,svm_closed_set_test,SVM_EXPERIMENTAL,data/embeddings/svm_closed_set/svm_closed_set_test/9534.npy,true,192,true,false,false,0.99999994,true,771.210,true,true,
7305,exp_svm_spk_0006,SVM_CLOSED_SET,svm_closed_set_test,SVM_EXPERIMENTAL,data/embeddings/svm_closed_set/svm_closed_set_test/7305.npy,true,192,true,false,false,0.99999994,true,639.605,true,true,
11,exp_svm_spk_0006,SVM_CLOSED_SET,svm_closed_set_test,SVM_EXPERIMENTAL,data/embeddings/svm_closed_set/svm_closed_set_test/11.npy,true,192,true,false,false,1.00000000,true,528.592,true,true,
16184,exp_svm_spk_0006,SVM_CLOSED_SET,svm_closed_set_test,SVM_EXPERIMENTAL,data/embeddings/svm_closed_set/svm_closed_set_test/16184.npy,true,192,true,false,false,0.99999994,true,853.840,true,true,
9253,exp_svm_spk_0007,SVM_CLOSED_SET,svm_closed_set_test,SVM_EXPERIMENTAL,data/embeddings/svm_closed_set/svm_closed_set_test/9253.npy,true,192,true,false,false,1.00000000,true,548.046,true,true,
7341,exp_svm_spk_0007,SVM_CLOSED_SET,svm_closed_set_test,SVM_EXPERIMENTAL,data/embeddings/svm_closed_set/svm_closed_set_test/7341.npy,true,192,true,false,false,1.00000000,true,613.285,true,true,
3194,exp_svm_spk_0007,SVM_CLOSED_SET,svm_closed_set_test,SVM_EXPERIMENTAL,data/embeddings/svm_closed_set/svm_closed_set_test/3194.npy,true,192,true,false,false,1.00000000,true,709.144,true,true,
6115,exp_svm_spk_0007,SVM_CLOSED_SET,svm_closed_set_test,SVM_EXPERIMENTAL,data/embeddings/svm_closed_set/svm_closed_set_test/6115.npy,true,192,true,false,false,1.00000000,true,614.054,true,true,
17076,exp_svm_spk_0007,SVM_CLOSED_SET,svm_closed_set_test,SVM_EXPERIMENTAL,data/embeddings/svm_closed_set/svm_closed_set_test/17076.npy,true,192,true,false,false,0.99999994,true,841.541,true,true,
3588,exp_svm_spk_0008,SVM_CLOSED_SET,svm_closed_set_test,SVM_EXPERIMENTAL,data/embeddings/svm_closed_set/svm_closed_set_test/3588.npy,true,192,true,false,false,1.00000000,true,468.025,true,true,
16445,exp_svm_spk_0008,SVM_CLOSED_SET,svm_closed_set_test,SVM_EXPERIMENTAL,data/embeddings/svm_closed_set/svm_closed_set_test/16445.npy,true,192,true,false,false,1.00000000,true,759.535,true,true,
11370,exp_svm_spk_0008,SVM_CLOSED_SET,svm_closed_set_test,SVM_EXPERIMENTAL,data/embeddings/svm_closed_set/svm_closed_set_test/11370.npy,true,192,true,false,false,1.00000000,true,581.996,true,true,
9500,exp_svm_spk_0008,SVM_CLOSED_SET,svm_closed_set_test,SVM_EXPERIMENTAL,data/embeddings/svm_closed_set/svm_closed_set_test/9500.npy,true,192,true,false,false,1.00000000,true,615.103,true,true,
14212,exp_svm_spk_0008,SVM_CLOSED_SET,svm_closed_set_test,SVM_EXPERIMENTAL,data/embeddings/svm_closed_set/svm_closed_set_test/14212.npy,true,192,true,false,false,0.99999994,true,471.628,true,true,
13643,exp_svm_spk_0009,SVM_CLOSED_SET,svm_closed_set_test,SVM_EXPERIMENTAL,data/embeddings/svm_closed_set/svm_closed_set_test/13643.npy,true,192,true,false,false,0.99999994,true,601.832,true,true,
2757,exp_svm_spk_0009,SVM_CLOSED_SET,svm_closed_set_test,SVM_EXPERIMENTAL,data/embeddings/svm_closed_set/svm_closed_set_test/2757.npy,true,192,true,false,false,0.99999994,true,763.071,true,true,
4175,exp_svm_spk_0009,SVM_CLOSED_SET,svm_closed_set_test,SVM_EXPERIMENTAL,data/embeddings/svm_closed_set/svm_closed_set_test/4175.npy,true,192,true,false,false,1.00000000,true,850.124,true,true,
538,exp_svm_spk_0009,SVM_CLOSED_SET,svm_closed_set_test,SVM_EXPERIMENTAL,data/embeddings/svm_closed_set/svm_closed_set_test/538.npy,true,192,true,false,false,1.00000000,true,742.044,true,true,
14175,exp_svm_spk_0009,SVM_CLOSED_SET,svm_closed_set_test,SVM_EXPERIMENTAL,data/embeddings/svm_closed_set/svm_closed_set_test/14175.npy,true,192,true,false,false,1.00000000,true,342.800,true,true,
14390,exp_svm_spk_0010,SVM_CLOSED_SET,svm_closed_set_test,SVM_EXPERIMENTAL,data/embeddings/svm_closed_set/svm_closed_set_test/14390.npy,true,192,true,false,false,1.00000000,true,466.926,true,true,
4287,exp_svm_spk_0010,SVM_CLOSED_SET,svm_closed_set_test,SVM_EXPERIMENTAL,data/embeddings/svm_closed_set/svm_closed_set_test/4287.npy,true,192,true,false,false,0.99999994,true,323.441,true,true,
14827,exp_svm_spk_0010,SVM_CLOSED_SET,svm_closed_set_test,SVM_EXPERIMENTAL,data/embeddings/svm_closed_set/svm_closed_set_test/14827.npy,true,192,true,false,false,0.99999994,true,608.473,true,true,
4941,exp_svm_spk_0010,SVM_CLOSED_SET,svm_closed_set_test,SVM_EXPERIMENTAL,data/embeddings/svm_closed_set/svm_closed_set_test/4941.npy,true,192,true,false,false,0.99999994,true,431.413,true,true,
9249,exp_svm_spk_0010,SVM_CLOSED_SET,svm_closed_set_test,SVM_EXPERIMENTAL,data/embeddings/svm_closed_set/svm_closed_set_test/9249.npy,true,192,true,false,false,1.00000000,true,395.828,true,true,
14920,val_enrolled_spk_0001,COSINE_VALIDATION,cosine_validation_enrollment,ENROLLED,data/embeddings/cosine_validation/cosine_validation_enrollment/14920.npy,true,192,true,false,false,1.00000000,true,584.619,true,true,
8447,val_enrolled_spk_0001,COSINE_VALIDATION,cosine_validation_enrollment,ENROLLED,data/embeddings/cosine_validation/cosine_validation_enrollment/8447.npy,true,192,true,false,false,0.99999994,true,1895.899,true,true,
11933,val_enrolled_spk_0001,COSINE_VALIDATION,cosine_validation_enrollment,ENROLLED,data/embeddings/cosine_validation/cosine_validation_enrollment/11933.npy,true,192,true,false,false,1.00000000,true,606.920,true,true,
12692,val_enrolled_spk_0001,COSINE_VALIDATION,cosine_validation_enrollment,ENROLLED,data/embeddings/cosine_validation/cosine_validation_enrollment/12692.npy,true,192,true,false,false,0.99999994,true,744.017,true,true,
6236,val_enrolled_spk_0001,COSINE_VALIDATION,cosine_validation_enrollment,ENROLLED,data/embeddings/cosine_validation/cosine_validation_enrollment/6236.npy,true,192,true,false,false,1.00000000,true,376.885,true,true,
5456,val_enrolled_spk_0002,COSINE_VALIDATION,cosine_validation_enrollment,ENROLLED,data/embeddings/cosine_validation/cosine_validation_enrollment/5456.npy,true,192,true,false,false,1.00000000,true,525.077,true,true,
4156,val_enrolled_spk_0002,COSINE_VALIDATION,cosine_validation_enrollment,ENROLLED,data/embeddings/cosine_validation/cosine_validation_enrollment/4156.npy,true,192,true,false,false,1.00000000,true,406.169,true,true,
10626,val_enrolled_spk_0002,COSINE_VALIDATION,cosine_validation_enrollment,ENROLLED,data/embeddings/cosine_validation/cosine_validation_enrollment/10626.npy,true,192,true,false,false,1.00000000,true,383.113,true,true,
1664,val_enrolled_spk_0002,COSINE_VALIDATION,cosine_validation_enrollment,ENROLLED,data/embeddings/cosine_validation/cosine_validation_enrollment/1664.npy,true,192,true,false,false,0.99999994,true,660.417,true,true,
11419,val_enrolled_spk_0002,COSINE_VALIDATION,cosine_validation_enrollment,ENROLLED,data/embeddings/cosine_validation/cosine_validation_enrollment/11419.npy,true,192,true,false,false,1.00000012,true,493.364,true,true,
7571,val_enrolled_spk_0001,COSINE_VALIDATION,cosine_validation_query,ENROLLED,data/embeddings/cosine_validation/cosine_validation_query/7571.npy,true,192,true,false,false,1.00000000,true,482.238,true,true,
12674,val_enrolled_spk_0001,COSINE_VALIDATION,cosine_validation_query,ENROLLED,data/embeddings/cosine_validation/cosine_validation_query/12674.npy,true,192,true,false,false,0.99999994,true,475.059,true,true,
12205,val_enrolled_spk_0001,COSINE_VALIDATION,cosine_validation_query,ENROLLED,data/embeddings/cosine_validation/cosine_validation_query/12205.npy,true,192,true,false,false,1.00000000,true,859.091,true,true,
6927,val_enrolled_spk_0001,COSINE_VALIDATION,cosine_validation_query,ENROLLED,data/embeddings/cosine_validation/cosine_validation_query/6927.npy,true,192,true,false,false,1.00000000,true,466.979,true,true,
15375,val_enrolled_spk_0001,COSINE_VALIDATION,cosine_validation_query,ENROLLED,data/embeddings/cosine_validation/cosine_validation_query/15375.npy,true,192,true,false,false,0.99999994,true,1135.839,true,true,
10039,val_enrolled_spk_0002,COSINE_VALIDATION,cosine_validation_query,ENROLLED,data/embeddings/cosine_validation/cosine_validation_query/10039.npy,true,192,true,false,false,1.00000000,true,623.223,true,true,
10730,val_enrolled_spk_0002,COSINE_VALIDATION,cosine_validation_query,ENROLLED,data/embeddings/cosine_validation/cosine_validation_query/10730.npy,true,192,true,false,false,1.00000000,true,578.876,true,true,
12095,val_enrolled_spk_0002,COSINE_VALIDATION,cosine_validation_query,ENROLLED,data/embeddings/cosine_validation/cosine_validation_query/12095.npy,true,192,true,false,false,1.00000000,true,683.339,true,true,
3613,val_enrolled_spk_0002,COSINE_VALIDATION,cosine_validation_query,ENROLLED,data/embeddings/cosine_validation/cosine_validation_query/3613.npy,true,192,true,false,false,1.00000012,true,373.146,true,true,
10988,val_enrolled_spk_0002,COSINE_VALIDATION,cosine_validation_query,ENROLLED,data/embeddings/cosine_validation/cosine_validation_query/10988.npy,true,192,true,false,false,1.00000000,true,587.290,true,true,
14320,val_unknown_spk_0001,COSINE_VALIDATION,cosine_validation_unknown,UNKNOWN,data/embeddings/cosine_validation/cosine_validation_unknown/14320.npy,true,192,true,false,false,0.99999994,true,375.315,true,true,
476,val_unknown_spk_0001,COSINE_VALIDATION,cosine_validation_unknown,UNKNOWN,data/embeddings/cosine_validation/cosine_validation_unknown/476.npy,true,192,true,false,false,1.00000000,true,441.601,true,true,
11065,val_unknown_spk_0001,COSINE_VALIDATION,cosine_validation_unknown,UNKNOWN,data/embeddings/cosine_validation/cosine_validation_unknown/11065.npy,true,192,true,false,false,0.99999994,true,587.501,true,true,
2919,val_unknown_spk_0001,COSINE_VALIDATION,cosine_validation_unknown,UNKNOWN,data/embeddings/cosine_validation/cosine_validation_unknown/2919.npy,true,192,true,false,false,0.99999994,true,755.527,true,true,
7223,val_unknown_spk_0001,COSINE_VALIDATION,cosine_validation_unknown,UNKNOWN,data/embeddings/cosine_validation/cosine_validation_unknown/7223.npy,true,192,true,false,false,1.00000000,true,688.728,true,true,
8655,val_unknown_spk_0001,COSINE_VALIDATION,cosine_validation_unknown,UNKNOWN,data/embeddings/cosine_validation/cosine_validation_unknown/8655.npy,true,192,true,false,false,1.00000000,true,1106.548,true,true,
13228,val_unknown_spk_0001,COSINE_VALIDATION,cosine_validation_unknown,UNKNOWN,data/embeddings/cosine_validation/cosine_validation_unknown/13228.npy,true,192,true,false,false,1.00000000,true,931.062,true,true,
10854,val_unknown_spk_0001,COSINE_VALIDATION,cosine_validation_unknown,UNKNOWN,data/embeddings/cosine_validation/cosine_validation_unknown/10854.npy,true,192,true,false,false,0.99999994,true,402.204,true,true,
3898,val_unknown_spk_0001,COSINE_VALIDATION,cosine_validation_unknown,UNKNOWN,data/embeddings/cosine_validation/cosine_validation_unknown/3898.npy,true,192,true,false,false,0.99999994,true,528.385,true,true,
4302,val_unknown_spk_0001,COSINE_VALIDATION,cosine_validation_unknown,UNKNOWN,data/embeddings/cosine_validation/cosine_validation_unknown/4302.npy,true,192,true,false,false,1.00000000,true,518.297,true,true,
13804,val_unknown_spk_0001,COSINE_VALIDATION,cosine_validation_unknown,UNKNOWN,data/embeddings/cosine_validation/cosine_validation_unknown/13804.npy,true,192,true,false,false,1.00000000,true,591.459,true,true,
13455,val_unknown_spk_0001,COSINE_VALIDATION,cosine_validation_unknown,UNKNOWN,data/embeddings/cosine_validation/cosine_validation_unknown/13455.npy,true,192,true,false,false,0.99999994,true,639.348,true,true,
10967,val_unknown_spk_0001,COSINE_VALIDATION,cosine_validation_unknown,UNKNOWN,data/embeddings/cosine_validation/cosine_validation_unknown/10967.npy,true,192,true,false,false,1.00000000,true,590.725,true,true,
5770,val_unknown_spk_0001,COSINE_VALIDATION,cosine_validation_unknown,UNKNOWN,data/embeddings/cosine_validation/cosine_validation_unknown/5770.npy,true,192,true,false,false,1.00000000,true,711.995,true,true,
8984,val_unknown_spk_0001,COSINE_VALIDATION,cosine_validation_unknown,UNKNOWN,data/embeddings/cosine_validation/cosine_validation_unknown/8984.npy,true,192,true,false,false,1.00000000,true,471.519,true,true,
13795,val_unknown_spk_0001,COSINE_VALIDATION,cosine_validation_unknown,UNKNOWN,data/embeddings/cosine_validation/cosine_validation_unknown/13795.npy,true,192,true,false,false,1.00000000,true,838.455,true,true,
9709,val_unknown_spk_0001,COSINE_VALIDATION,cosine_validation_unknown,UNKNOWN,data/embeddings/cosine_validation/cosine_validation_unknown/9709.npy,true,192,true,false,false,1.00000000,true,517.174,true,true,
11711,val_unknown_spk_0001,COSINE_VALIDATION,cosine_validation_unknown,UNKNOWN,data/embeddings/cosine_validation/cosine_validation_unknown/11711.npy,true,192,true,false,false,1.00000000,true,444.222,true,true,
4827,val_unknown_spk_0001,COSINE_VALIDATION,cosine_validation_unknown,UNKNOWN,data/embeddings/cosine_validation/cosine_validation_unknown/4827.npy,true,192,true,false,false,1.00000000,true,462.983,true,true,
12654,val_unknown_spk_0001,COSINE_VALIDATION,cosine_validation_unknown,UNKNOWN,data/embeddings/cosine_validation/cosine_validation_unknown/12654.npy,true,192,true,false,false,0.99999994,true,565.889,true,true,
6170,val_unknown_spk_0001,COSINE_VALIDATION,cosine_validation_unknown,UNKNOWN,data/embeddings/cosine_validation/cosine_validation_unknown/6170.npy,true,192,true,false,false,1.00000000,true,547.079,true,true,
2641,val_unknown_spk_0001,COSINE_VALIDATION,cosine_validation_unknown,UNKNOWN,data/embeddings/cosine_validation/cosine_validation_unknown/2641.npy,true,192,true,false,false,1.00000000,true,566.878,true,true,
4786,val_unknown_spk_0001,COSINE_VALIDATION,cosine_validation_unknown,UNKNOWN,data/embeddings/cosine_validation/cosine_validation_unknown/4786.npy,true,192,true,false,false,1.00000000,true,431.578,true,true,
14452,val_unknown_spk_0001,COSINE_VALIDATION,cosine_validation_unknown,UNKNOWN,data/embeddings/cosine_validation/cosine_validation_unknown/14452.npy,true,192,true,false,false,1.00000000,true,403.226,true,true,
10616,val_unknown_spk_0001,COSINE_VALIDATION,cosine_validation_unknown,UNKNOWN,data/embeddings/cosine_validation/cosine_validation_unknown/10616.npy,true,192,true,false,false,0.99999994,true,631.811,true,true,
2821,val_unknown_spk_0001,COSINE_VALIDATION,cosine_validation_unknown,UNKNOWN,data/embeddings/cosine_validation/cosine_validation_unknown/2821.npy,true,192,true,false,false,1.00000000,true,598.720,true,true,
7310,val_unknown_spk_0001,COSINE_VALIDATION,cosine_validation_unknown,UNKNOWN,data/embeddings/cosine_validation/cosine_validation_unknown/7310.npy,true,192,true,false,false,1.00000000,true,469.614,true,true,
16843,val_unknown_spk_0001,COSINE_VALIDATION,cosine_validation_unknown,UNKNOWN,data/embeddings/cosine_validation/cosine_validation_unknown/16843.npy,true,192,true,false,false,1.00000000,true,628.214,true,true,
8385,val_unknown_spk_0001,COSINE_VALIDATION,cosine_validation_unknown,UNKNOWN,data/embeddings/cosine_validation/cosine_validation_unknown/8385.npy,true,192,true,false,false,0.99999994,true,469.144,true,true,
6873,val_unknown_spk_0001,COSINE_VALIDATION,cosine_validation_unknown,UNKNOWN,data/embeddings/cosine_validation/cosine_validation_unknown/6873.npy,true,192,true,false,false,0.99999994,true,758.868,true,true,
6009,val_unknown_spk_0001,COSINE_VALIDATION,cosine_validation_unknown,UNKNOWN,data/embeddings/cosine_validation/cosine_validation_unknown/6009.npy,true,192,true,false,false,0.99999994,true,595.219,true,true,
13658,val_unknown_spk_0001,COSINE_VALIDATION,cosine_validation_unknown,UNKNOWN,data/embeddings/cosine_validation/cosine_validation_unknown/13658.npy,true,192,true,false,false,1.00000000,true,393.076,true,true,
8057,val_unknown_spk_0001,COSINE_VALIDATION,cosine_validation_unknown,UNKNOWN,data/embeddings/cosine_validation/cosine_validation_unknown/8057.npy,true,192,true,false,false,1.00000000,true,378.624,true,true,
15861,val_unknown_spk_0001,COSINE_VALIDATION,cosine_validation_unknown,UNKNOWN,data/embeddings/cosine_validation/cosine_validation_unknown/15861.npy,true,192,true,false,false,0.99999994,true,1112.833,true,true,
14007,val_unknown_spk_0001,COSINE_VALIDATION,cosine_validation_unknown,UNKNOWN,data/embeddings/cosine_validation/cosine_validation_unknown/14007.npy,true,192,true,false,false,0.99999994,true,375.038,true,true,
14924,val_unknown_spk_0001,COSINE_VALIDATION,cosine_validation_unknown,UNKNOWN,data/embeddings/cosine_validation/cosine_validation_unknown/14924.npy,true,192,true,false,false,1.00000000,true,990.866,true,true,
9743,val_unknown_spk_0001,COSINE_VALIDATION,cosine_validation_unknown,UNKNOWN,data/embeddings/cosine_validation/cosine_validation_unknown/9743.npy,true,192,true,false,false,1.00000000,true,306.883,true,true,
13319,val_unknown_spk_0001,COSINE_VALIDATION,cosine_validation_unknown,UNKNOWN,data/embeddings/cosine_validation/cosine_validation_unknown/13319.npy,true,192,true,false,false,0.99999988,true,443.079,true,true,
15242,val_unknown_spk_0001,COSINE_VALIDATION,cosine_validation_unknown,UNKNOWN,data/embeddings/cosine_validation/cosine_validation_unknown/15242.npy,true,192,true,false,false,1.00000000,true,383.324,true,true,
444,val_unknown_spk_0001,COSINE_VALIDATION,cosine_validation_unknown,UNKNOWN,data/embeddings/cosine_validation/cosine_validation_unknown/444.npy,true,192,true,false,false,1.00000000,true,311.310,true,true,
9775,val_unknown_spk_0001,COSINE_VALIDATION,cosine_validation_unknown,UNKNOWN,data/embeddings/cosine_validation/cosine_validation_unknown/9775.npy,true,192,true,false,false,0.99999994,true,800.032,true,true,
2154,val_unknown_spk_0001,COSINE_VALIDATION,cosine_validation_unknown,UNKNOWN,data/embeddings/cosine_validation/cosine_validation_unknown/2154.npy,true,192,true,false,false,1.00000000,true,554.592,true,true,
10242,val_unknown_spk_0001,COSINE_VALIDATION,cosine_validation_unknown,UNKNOWN,data/embeddings/cosine_validation/cosine_validation_unknown/10242.npy,true,192,true,false,false,1.00000000,true,527.949,true,true,
4836,val_unknown_spk_0001,COSINE_VALIDATION,cosine_validation_unknown,UNKNOWN,data/embeddings/cosine_validation/cosine_validation_unknown/4836.npy,true,192,true,false,false,1.00000000,true,501.097,true,true,
15478,val_unknown_spk_0001,COSINE_VALIDATION,cosine_validation_unknown,UNKNOWN,data/embeddings/cosine_validation/cosine_validation_unknown/15478.npy,true,192,true,false,false,1.00000000,true,813.937,true,true,
12039,val_unknown_spk_0001,COSINE_VALIDATION,cosine_validation_unknown,UNKNOWN,data/embeddings/cosine_validation/cosine_validation_unknown/12039.npy,true,192,true,false,false,1.00000000,true,391.518,true,true,
3004,val_unknown_spk_0001,COSINE_VALIDATION,cosine_validation_unknown,UNKNOWN,data/embeddings/cosine_validation/cosine_validation_unknown/3004.npy,true,192,true,false,false,1.00000000,true,477.821,true,true,
9765,val_unknown_spk_0001,COSINE_VALIDATION,cosine_validation_unknown,UNKNOWN,data/embeddings/cosine_validation/cosine_validation_unknown/9765.npy,true,192,true,false,false,0.99999994,true,767.644,true,true,
14087,val_unknown_spk_0001,COSINE_VALIDATION,cosine_validation_unknown,UNKNOWN,data/embeddings/cosine_validation/cosine_validation_unknown/14087.npy,true,192,true,false,false,1.00000000,true,486.585,true,true,
7136,val_unknown_spk_0001,COSINE_VALIDATION,cosine_validation_unknown,UNKNOWN,data/embeddings/cosine_validation/cosine_validation_unknown/7136.npy,true,192,true,false,false,1.00000000,true,476.736,true,true,
13480,val_unknown_spk_0001,COSINE_VALIDATION,cosine_validation_unknown,UNKNOWN,data/embeddings/cosine_validation/cosine_validation_unknown/13480.npy,true,192,true,false,false,0.99999994,true,495.596,true,true,
16586,val_unknown_spk_0001,COSINE_VALIDATION,cosine_validation_unknown,UNKNOWN,data/embeddings/cosine_validation/cosine_validation_unknown/16586.npy,true,192,true,false,false,1.00000000,true,262.714,true,true,
8263,val_unknown_spk_0001,COSINE_VALIDATION,cosine_validation_unknown,UNKNOWN,data/embeddings/cosine_validation/cosine_validation_unknown/8263.npy,true,192,true,false,false,1.00000012,true,533.330,true,true,
9082,val_unknown_spk_0001,COSINE_VALIDATION,cosine_validation_unknown,UNKNOWN,data/embeddings/cosine_validation/cosine_validation_unknown/9082.npy,true,192,true,false,false,1.00000000,true,356.532,true,true,
7112,val_unknown_spk_0001,COSINE_VALIDATION,cosine_validation_unknown,UNKNOWN,data/embeddings/cosine_validation/cosine_validation_unknown/7112.npy,true,192,true,false,false,1.00000000,true,748.088,true,true,
7229,val_unknown_spk_0001,COSINE_VALIDATION,cosine_validation_unknown,UNKNOWN,data/embeddings/cosine_validation/cosine_validation_unknown/7229.npy,true,192,true,false,false,1.00000012,true,919.138,true,true,
11109,val_unknown_spk_0001,COSINE_VALIDATION,cosine_validation_unknown,UNKNOWN,data/embeddings/cosine_validation/cosine_validation_unknown/11109.npy,true,192,true,false,false,0.99999994,true,500.581,true,true,
12527,val_unknown_spk_0001,COSINE_VALIDATION,cosine_validation_unknown,UNKNOWN,data/embeddings/cosine_validation/cosine_validation_unknown/12527.npy,true,192,true,false,false,0.99999988,true,775.240,true,true,
115,val_unknown_spk_0001,COSINE_VALIDATION,cosine_validation_unknown,UNKNOWN,data/embeddings/cosine_validation/cosine_validation_unknown/115.npy,true,192,true,false,false,1.00000000,true,381.985,true,true,
10870,val_unknown_spk_0001,COSINE_VALIDATION,cosine_validation_unknown,UNKNOWN,data/embeddings/cosine_validation/cosine_validation_unknown/10870.npy,true,192,true,false,false,1.00000000,true,812.301,true,true,
9190,val_unknown_spk_0001,COSINE_VALIDATION,cosine_validation_unknown,UNKNOWN,data/embeddings/cosine_validation/cosine_validation_unknown/9190.npy,true,192,true,false,false,1.00000000,true,462.735,true,true,
1357,val_unknown_spk_0001,COSINE_VALIDATION,cosine_validation_unknown,UNKNOWN,data/embeddings/cosine_validation/cosine_validation_unknown/1357.npy,true,192,true,false,false,1.00000000,true,619.207,true,true,
4532,val_unknown_spk_0001,COSINE_VALIDATION,cosine_validation_unknown,UNKNOWN,data/embeddings/cosine_validation/cosine_validation_unknown/4532.npy,true,192,true,false,false,0.99999994,true,471.706,true,true,
2092,val_unknown_spk_0001,COSINE_VALIDATION,cosine_validation_unknown,UNKNOWN,data/embeddings/cosine_validation/cosine_validation_unknown/2092.npy,true,192,true,false,false,1.00000000,true,826.695,true,true,
9447,val_unknown_spk_0001,COSINE_VALIDATION,cosine_validation_unknown,UNKNOWN,data/embeddings/cosine_validation/cosine_validation_unknown/9447.npy,true,192,true,false,false,1.00000000,true,623.294,true,true,
5242,val_unknown_spk_0001,COSINE_VALIDATION,cosine_validation_unknown,UNKNOWN,data/embeddings/cosine_validation/cosine_validation_unknown/5242.npy,true,192,true,false,false,1.00000000,true,531.450,true,true,
12888,val_unknown_spk_0001,COSINE_VALIDATION,cosine_validation_unknown,UNKNOWN,data/embeddings/cosine_validation/cosine_validation_unknown/12888.npy,true,192,true,false,false,1.00000000,true,1137.370,true,true,
1544,val_unknown_spk_0001,COSINE_VALIDATION,cosine_validation_unknown,UNKNOWN,data/embeddings/cosine_validation/cosine_validation_unknown/1544.npy,true,192,true,false,false,0.99999994,true,525.554,true,true,
4908,val_unknown_spk_0001,COSINE_VALIDATION,cosine_validation_unknown,UNKNOWN,data/embeddings/cosine_validation/cosine_validation_unknown/4908.npy,true,192,true,false,false,0.99999994,true,585.854,true,true,
3609,val_unknown_spk_0001,COSINE_VALIDATION,cosine_validation_unknown,UNKNOWN,data/embeddings/cosine_validation/cosine_validation_unknown/3609.npy,true,192,true,false,false,1.00000000,true,513.153,true,true,
2282,val_unknown_spk_0001,COSINE_VALIDATION,cosine_validation_unknown,UNKNOWN,data/embeddings/cosine_validation/cosine_validation_unknown/2282.npy,true,192,true,false,false,1.00000000,true,674.388,true,true,
14492,val_unknown_spk_0001,COSINE_VALIDATION,cosine_validation_unknown,UNKNOWN,data/embeddings/cosine_validation/cosine_validation_unknown/14492.npy,true,192,true,false,false,1.00000000,true,510.135,true,true,
15460,val_unknown_spk_0001,COSINE_VALIDATION,cosine_validation_unknown,UNKNOWN,data/embeddings/cosine_validation/cosine_validation_unknown/15460.npy,true,192,true,false,false,1.00000000,true,574.396,true,true,
16768,val_unknown_spk_0001,COSINE_VALIDATION,cosine_validation_unknown,UNKNOWN,data/embeddings/cosine_validation/cosine_validation_unknown/16768.npy,true,192,true,false,false,1.00000000,true,381.557,true,true,
4619,val_unknown_spk_0001,COSINE_VALIDATION,cosine_validation_unknown,UNKNOWN,data/embeddings/cosine_validation/cosine_validation_unknown/4619.npy,true,192,true,false,false,1.00000000,true,621.517,true,true,
2741,val_unknown_spk_0001,COSINE_VALIDATION,cosine_validation_unknown,UNKNOWN,data/embeddings/cosine_validation/cosine_validation_unknown/2741.npy,true,192,true,false,false,1.00000000,true,807.409,true,true,
16081,val_unknown_spk_0001,COSINE_VALIDATION,cosine_validation_unknown,UNKNOWN,data/embeddings/cosine_validation/cosine_validation_unknown/16081.npy,true,192,true,false,false,1.00000000,true,456.473,true,true,
8160,val_unknown_spk_0001,COSINE_VALIDATION,cosine_validation_unknown,UNKNOWN,data/embeddings/cosine_validation/cosine_validation_unknown/8160.npy,true,192,true,false,false,1.00000000,true,1493.731,true,true,
12217,val_unknown_spk_0001,COSINE_VALIDATION,cosine_validation_unknown,UNKNOWN,data/embeddings/cosine_validation/cosine_validation_unknown/12217.npy,true,192,true,false,false,1.00000000,true,429.162,true,true,
8677,val_unknown_spk_0001,COSINE_VALIDATION,cosine_validation_unknown,UNKNOWN,data/embeddings/cosine_validation/cosine_validation_unknown/8677.npy,true,192,true,false,false,1.00000000,true,336.750,true,true,
16442,val_unknown_spk_0001,COSINE_VALIDATION,cosine_validation_unknown,UNKNOWN,data/embeddings/cosine_validation/cosine_validation_unknown/16442.npy,true,192,true,false,false,1.00000000,true,586.579,true,true,
8132,val_unknown_spk_0001,COSINE_VALIDATION,cosine_validation_unknown,UNKNOWN,data/embeddings/cosine_validation/cosine_validation_unknown/8132.npy,true,192,true,false,false,1.00000000,true,494.420,true,true,
7517,val_unknown_spk_0002,COSINE_VALIDATION,cosine_validation_unknown,UNKNOWN,data/embeddings/cosine_validation/cosine_validation_unknown/7517.npy,true,192,true,false,false,0.99999994,true,409.003,true,true,
1277,val_unknown_spk_0002,COSINE_VALIDATION,cosine_validation_unknown,UNKNOWN,data/embeddings/cosine_validation/cosine_validation_unknown/1277.npy,true,192,true,false,false,0.99999994,true,260.752,true,true,
3875,val_unknown_spk_0002,COSINE_VALIDATION,cosine_validation_unknown,UNKNOWN,data/embeddings/cosine_validation/cosine_validation_unknown/3875.npy,true,192,true,false,false,1.00000000,true,495.435,true,true,
11061,val_unknown_spk_0002,COSINE_VALIDATION,cosine_validation_unknown,UNKNOWN,data/embeddings/cosine_validation/cosine_validation_unknown/11061.npy,true,192,true,false,false,0.99999994,true,372.720,true,true,
9907,val_unknown_spk_0002,COSINE_VALIDATION,cosine_validation_unknown,UNKNOWN,data/embeddings/cosine_validation/cosine_validation_unknown/9907.npy,true,192,true,false,false,1.00000000,true,511.706,true,true,
8895,val_unknown_spk_0002,COSINE_VALIDATION,cosine_validation_unknown,UNKNOWN,data/embeddings/cosine_validation/cosine_validation_unknown/8895.npy,true,192,true,false,false,1.00000012,true,431.705,true,true,
8699,val_unknown_spk_0002,COSINE_VALIDATION,cosine_validation_unknown,UNKNOWN,data/embeddings/cosine_validation/cosine_validation_unknown/8699.npy,true,192,true,false,false,1.00000000,true,358.388,true,true,
13075,val_unknown_spk_0002,COSINE_VALIDATION,cosine_validation_unknown,UNKNOWN,data/embeddings/cosine_validation/cosine_validation_unknown/13075.npy,true,192,true,false,false,0.99999994,true,561.585,true,true,
9889,val_unknown_spk_0002,COSINE_VALIDATION,cosine_validation_unknown,UNKNOWN,data/embeddings/cosine_validation/cosine_validation_unknown/9889.npy,true,192,true,false,false,1.00000000,true,448.605,true,true,
251,val_unknown_spk_0002,COSINE_VALIDATION,cosine_validation_unknown,UNKNOWN,data/embeddings/cosine_validation/cosine_validation_unknown/251.npy,true,192,true,false,false,1.00000000,true,340.602,true,true,
2006,val_unknown_spk_0002,COSINE_VALIDATION,cosine_validation_unknown,UNKNOWN,data/embeddings/cosine_validation/cosine_validation_unknown/2006.npy,true,192,true,false,false,0.99999994,true,364.175,true,true,
3868,val_unknown_spk_0002,COSINE_VALIDATION,cosine_validation_unknown,UNKNOWN,data/embeddings/cosine_validation/cosine_validation_unknown/3868.npy,true,192,true,false,false,0.99999994,true,572.460,true,true,
9838,val_unknown_spk_0002,COSINE_VALIDATION,cosine_validation_unknown,UNKNOWN,data/embeddings/cosine_validation/cosine_validation_unknown/9838.npy,true,192,true,false,false,1.00000000,true,417.441,true,true,
5746,val_unknown_spk_0002,COSINE_VALIDATION,cosine_validation_unknown,UNKNOWN,data/embeddings/cosine_validation/cosine_validation_unknown/5746.npy,true,192,true,false,false,1.00000000,true,404.120,true,true,
5408,val_unknown_spk_0002,COSINE_VALIDATION,cosine_validation_unknown,UNKNOWN,data/embeddings/cosine_validation/cosine_validation_unknown/5408.npy,true,192,true,false,false,0.99999994,true,701.404,true,true,
12125,val_unknown_spk_0002,COSINE_VALIDATION,cosine_validation_unknown,UNKNOWN,data/embeddings/cosine_validation/cosine_validation_unknown/12125.npy,true,192,true,false,false,0.99999988,true,612.971,true,true,
1215,val_unknown_spk_0002,COSINE_VALIDATION,cosine_validation_unknown,UNKNOWN,data/embeddings/cosine_validation/cosine_validation_unknown/1215.npy,true,192,true,false,false,1.00000000,true,452.867,true,true,
10916,val_unknown_spk_0002,COSINE_VALIDATION,cosine_validation_unknown,UNKNOWN,data/embeddings/cosine_validation/cosine_validation_unknown/10916.npy,true,192,true,false,false,0.99999994,true,371.621,true,true,
6570,val_unknown_spk_0002,COSINE_VALIDATION,cosine_validation_unknown,UNKNOWN,data/embeddings/cosine_validation/cosine_validation_unknown/6570.npy,true,192,true,false,false,1.00000000,true,403.134,true,true,
4161,val_unknown_spk_0002,COSINE_VALIDATION,cosine_validation_unknown,UNKNOWN,data/embeddings/cosine_validation/cosine_validation_unknown/4161.npy,true,192,true,false,false,1.00000000,true,688.407,true,true,
15609,val_unknown_spk_0002,COSINE_VALIDATION,cosine_validation_unknown,UNKNOWN,data/embeddings/cosine_validation/cosine_validation_unknown/15609.npy,true,192,true,false,false,1.00000000,true,999.029,true,true,
1732,val_unknown_spk_0002,COSINE_VALIDATION,cosine_validation_unknown,UNKNOWN,data/embeddings/cosine_validation/cosine_validation_unknown/1732.npy,true,192,true,false,false,1.00000000,true,500.303,true,true,
1227,val_unknown_spk_0002,COSINE_VALIDATION,cosine_validation_unknown,UNKNOWN,data/embeddings/cosine_validation/cosine_validation_unknown/1227.npy,true,192,true,false,false,1.00000000,true,576.402,true,true,
5186,val_unknown_spk_0002,COSINE_VALIDATION,cosine_validation_unknown,UNKNOWN,data/embeddings/cosine_validation/cosine_validation_unknown/5186.npy,true,192,true,false,false,1.00000000,true,581.691,true,true,
12617,val_unknown_spk_0002,COSINE_VALIDATION,cosine_validation_unknown,UNKNOWN,data/embeddings/cosine_validation/cosine_validation_unknown/12617.npy,true,192,true,false,false,1.00000000,true,617.717,true,true,
14088,val_unknown_spk_0002,COSINE_VALIDATION,cosine_validation_unknown,UNKNOWN,data/embeddings/cosine_validation/cosine_validation_unknown/14088.npy,true,192,true,false,false,1.00000012,true,393.310,true,true,
67,val_unknown_spk_0002,COSINE_VALIDATION,cosine_validation_unknown,UNKNOWN,data/embeddings/cosine_validation/cosine_validation_unknown/67.npy,true,192,true,false,false,1.00000000,true,638.468,true,true,
2649,val_unknown_spk_0002,COSINE_VALIDATION,cosine_validation_unknown,UNKNOWN,data/embeddings/cosine_validation/cosine_validation_unknown/2649.npy,true,192,true,false,false,1.00000000,true,525.483,true,true,
2122,val_unknown_spk_0002,COSINE_VALIDATION,cosine_validation_unknown,UNKNOWN,data/embeddings/cosine_validation/cosine_validation_unknown/2122.npy,true,192,true,false,false,0.99999994,true,449.820,true,true,
5882,val_unknown_spk_0002,COSINE_VALIDATION,cosine_validation_unknown,UNKNOWN,data/embeddings/cosine_validation/cosine_validation_unknown/5882.npy,true,192,true,false,false,0.99999994,true,315.308,true,true,
11196,val_unknown_spk_0002,COSINE_VALIDATION,cosine_validation_unknown,UNKNOWN,data/embeddings/cosine_validation/cosine_validation_unknown/11196.npy,true,192,true,false,false,1.00000000,true,415.421,true,true,
2901,val_unknown_spk_0002,COSINE_VALIDATION,cosine_validation_unknown,UNKNOWN,data/embeddings/cosine_validation/cosine_validation_unknown/2901.npy,true,192,true,false,false,1.00000000,true,354.821,true,true,
9934,val_unknown_spk_0002,COSINE_VALIDATION,cosine_validation_unknown,UNKNOWN,data/embeddings/cosine_validation/cosine_validation_unknown/9934.npy,true,192,true,false,false,0.99999988,true,538.964,true,true,
4681,val_unknown_spk_0002,COSINE_VALIDATION,cosine_validation_unknown,UNKNOWN,data/embeddings/cosine_validation/cosine_validation_unknown/4681.npy,true,192,true,false,false,1.00000000,true,629.671,true,true,
13353,val_unknown_spk_0002,COSINE_VALIDATION,cosine_validation_unknown,UNKNOWN,data/embeddings/cosine_validation/cosine_validation_unknown/13353.npy,true,192,true,false,false,0.99999994,true,444.632,true,true,
11063,val_unknown_spk_0002,COSINE_VALIDATION,cosine_validation_unknown,UNKNOWN,data/embeddings/cosine_validation/cosine_validation_unknown/11063.npy,true,192,true,false,false,0.99999994,true,339.328,true,true,
4094,val_unknown_spk_0002,COSINE_VALIDATION,cosine_validation_unknown,UNKNOWN,data/embeddings/cosine_validation/cosine_validation_unknown/4094.npy,true,192,true,false,false,1.00000000,true,372.777,true,true,
5126,val_unknown_spk_0002,COSINE_VALIDATION,cosine_validation_unknown,UNKNOWN,data/embeddings/cosine_validation/cosine_validation_unknown/5126.npy,true,192,true,false,false,1.00000000,true,431.531,true,true,
7731,val_unknown_spk_0002,COSINE_VALIDATION,cosine_validation_unknown,UNKNOWN,data/embeddings/cosine_validation/cosine_validation_unknown/7731.npy,true,192,true,false,false,1.00000000,true,341.678,true,true,
2769,val_unknown_spk_0002,COSINE_VALIDATION,cosine_validation_unknown,UNKNOWN,data/embeddings/cosine_validation/cosine_validation_unknown/2769.npy,true,192,true,false,false,1.00000000,true,329.344,true,true,
6751,val_unknown_spk_0002,COSINE_VALIDATION,cosine_validation_unknown,UNKNOWN,data/embeddings/cosine_validation/cosine_validation_unknown/6751.npy,true,192,true,false,false,1.00000000,true,408.621,true,true,
7631,val_unknown_spk_0002,COSINE_VALIDATION,cosine_validation_unknown,UNKNOWN,data/embeddings/cosine_validation/cosine_validation_unknown/7631.npy,true,192,true,false,false,1.00000000,true,533.888,true,true,
16085,val_unknown_spk_0002,COSINE_VALIDATION,cosine_validation_unknown,UNKNOWN,data/embeddings/cosine_validation/cosine_validation_unknown/16085.npy,true,192,true,false,false,0.99999994,true,363.896,true,true,
5181,val_unknown_spk_0002,COSINE_VALIDATION,cosine_validation_unknown,UNKNOWN,data/embeddings/cosine_validation/cosine_validation_unknown/5181.npy,true,192,true,false,false,0.99999994,true,497.625,true,true,
9127,val_unknown_spk_0002,COSINE_VALIDATION,cosine_validation_unknown,UNKNOWN,data/embeddings/cosine_validation/cosine_validation_unknown/9127.npy,true,192,true,false,false,1.00000000,true,384.842,true,true,
11200,val_unknown_spk_0002,COSINE_VALIDATION,cosine_validation_unknown,UNKNOWN,data/embeddings/cosine_validation/cosine_validation_unknown/11200.npy,true,192,true,false,false,0.99999994,true,331.077,true,true,
15414,val_unknown_spk_0002,COSINE_VALIDATION,cosine_validation_unknown,UNKNOWN,data/embeddings/cosine_validation/cosine_validation_unknown/15414.npy,true,192,true,false,false,1.00000000,true,344.786,true,true,
9996,val_unknown_spk_0002,COSINE_VALIDATION,cosine_validation_unknown,UNKNOWN,data/embeddings/cosine_validation/cosine_validation_unknown/9996.npy,true,192,true,false,false,1.00000000,true,491.033,true,true,
5028,val_unknown_spk_0002,COSINE_VALIDATION,cosine_validation_unknown,UNKNOWN,data/embeddings/cosine_validation/cosine_validation_unknown/5028.npy,true,192,true,false,false,1.00000000,true,435.448,true,true,
5638,val_unknown_spk_0002,COSINE_VALIDATION,cosine_validation_unknown,UNKNOWN,data/embeddings/cosine_validation/cosine_validation_unknown/5638.npy,true,192,true,false,false,1.00000000,true,457.650,true,true,
4519,val_unknown_spk_0002,COSINE_VALIDATION,cosine_validation_unknown,UNKNOWN,data/embeddings/cosine_validation/cosine_validation_unknown/4519.npy,true,192,true,false,false,1.00000012,true,390.428,true,true,
2321,val_unknown_spk_0002,COSINE_VALIDATION,cosine_validation_unknown,UNKNOWN,data/embeddings/cosine_validation/cosine_validation_unknown/2321.npy,true,192,true,false,false,0.99999994,true,381.092,true,true,
7871,val_unknown_spk_0002,COSINE_VALIDATION,cosine_validation_unknown,UNKNOWN,data/embeddings/cosine_validation/cosine_validation_unknown/7871.npy,true,192,true,false,false,1.00000000,true,387.145,true,true,
1680,val_unknown_spk_0002,COSINE_VALIDATION,cosine_validation_unknown,UNKNOWN,data/embeddings/cosine_validation/cosine_validation_unknown/1680.npy,true,192,true,false,false,0.99999994,true,548.891,true,true,
7244,val_unknown_spk_0002,COSINE_VALIDATION,cosine_validation_unknown,UNKNOWN,data/embeddings/cosine_validation/cosine_validation_unknown/7244.npy,true,192,true,false,false,1.00000000,true,345.342,true,true,
3466,val_unknown_spk_0002,COSINE_VALIDATION,cosine_validation_unknown,UNKNOWN,data/embeddings/cosine_validation/cosine_validation_unknown/3466.npy,true,192,true,false,false,1.00000000,true,291.276,true,true,
12554,val_unknown_spk_0002,COSINE_VALIDATION,cosine_validation_unknown,UNKNOWN,data/embeddings/cosine_validation/cosine_validation_unknown/12554.npy,true,192,true,false,false,0.99999994,true,511.176,true,true,
17074,val_unknown_spk_0002,COSINE_VALIDATION,cosine_validation_unknown,UNKNOWN,data/embeddings/cosine_validation/cosine_validation_unknown/17074.npy,true,192,true,false,false,1.00000000,true,487.169,true,true,
3724,val_unknown_spk_0002,COSINE_VALIDATION,cosine_validation_unknown,UNKNOWN,data/embeddings/cosine_validation/cosine_validation_unknown/3724.npy,true,192,true,false,false,0.99999994,true,558.409,true,true,
7555,val_unknown_spk_0002,COSINE_VALIDATION,cosine_validation_unknown,UNKNOWN,data/embeddings/cosine_validation/cosine_validation_unknown/7555.npy,true,192,true,false,false,0.99999994,true,337.658,true,true,
11945,val_unknown_spk_0002,COSINE_VALIDATION,cosine_validation_unknown,UNKNOWN,data/embeddings/cosine_validation/cosine_validation_unknown/11945.npy,true,192,true,false,false,0.99999994,true,424.324,true,true,
5376,val_unknown_spk_0002,COSINE_VALIDATION,cosine_validation_unknown,UNKNOWN,data/embeddings/cosine_validation/cosine_validation_unknown/5376.npy,true,192,true,false,false,0.99999988,true,1013.311,true,true,
8903,test_enrolled_spk_0001,COSINE_TEST,cosine_test_enrollment,ENROLLED,data/embeddings/cosine_test/cosine_test_enrollment/8903.npy,true,192,true,false,false,1.00000000,true,768.479,true,true,
13198,test_enrolled_spk_0001,COSINE_TEST,cosine_test_enrollment,ENROLLED,data/embeddings/cosine_test/cosine_test_enrollment/13198.npy,true,192,true,false,false,1.00000000,true,638.624,true,true,
4495,test_enrolled_spk_0001,COSINE_TEST,cosine_test_enrollment,ENROLLED,data/embeddings/cosine_test/cosine_test_enrollment/4495.npy,true,192,true,false,false,1.00000000,true,757.951,true,true,
5546,test_enrolled_spk_0001,COSINE_TEST,cosine_test_enrollment,ENROLLED,data/embeddings/cosine_test/cosine_test_enrollment/5546.npy,true,192,true,false,false,0.99999994,true,796.471,true,true,
11364,test_enrolled_spk_0001,COSINE_TEST,cosine_test_enrollment,ENROLLED,data/embeddings/cosine_test/cosine_test_enrollment/11364.npy,true,192,true,false,false,1.00000000,true,736.796,true,true,
5569,test_enrolled_spk_0002,COSINE_TEST,cosine_test_enrollment,ENROLLED,data/embeddings/cosine_test/cosine_test_enrollment/5569.npy,true,192,true,false,false,1.00000000,true,337.772,true,true,
13227,test_enrolled_spk_0002,COSINE_TEST,cosine_test_enrollment,ENROLLED,data/embeddings/cosine_test/cosine_test_enrollment/13227.npy,true,192,true,false,false,1.00000000,true,513.460,true,true,
16478,test_enrolled_spk_0002,COSINE_TEST,cosine_test_enrollment,ENROLLED,data/embeddings/cosine_test/cosine_test_enrollment/16478.npy,true,192,true,false,false,1.00000012,true,419.608,true,true,
6361,test_enrolled_spk_0002,COSINE_TEST,cosine_test_enrollment,ENROLLED,data/embeddings/cosine_test/cosine_test_enrollment/6361.npy,true,192,true,false,false,1.00000000,true,424.485,true,true,
6991,test_enrolled_spk_0002,COSINE_TEST,cosine_test_enrollment,ENROLLED,data/embeddings/cosine_test/cosine_test_enrollment/6991.npy,true,192,true,false,false,0.99999994,true,282.283,true,true,
8282,test_enrolled_spk_0001,COSINE_TEST,cosine_test_query,ENROLLED,data/embeddings/cosine_test/cosine_test_query/8282.npy,true,192,true,false,false,1.00000000,true,598.084,true,true,
11014,test_enrolled_spk_0001,COSINE_TEST,cosine_test_query,ENROLLED,data/embeddings/cosine_test/cosine_test_query/11014.npy,true,192,true,false,false,1.00000000,true,699.184,true,true,
13617,test_enrolled_spk_0001,COSINE_TEST,cosine_test_query,ENROLLED,data/embeddings/cosine_test/cosine_test_query/13617.npy,true,192,true,false,false,1.00000000,true,994.613,true,true,
13281,test_enrolled_spk_0001,COSINE_TEST,cosine_test_query,ENROLLED,data/embeddings/cosine_test/cosine_test_query/13281.npy,true,192,true,false,false,1.00000000,true,1118.438,true,true,
11899,test_enrolled_spk_0001,COSINE_TEST,cosine_test_query,ENROLLED,data/embeddings/cosine_test/cosine_test_query/11899.npy,true,192,true,false,false,1.00000000,true,693.667,true,true,
15427,test_enrolled_spk_0002,COSINE_TEST,cosine_test_query,ENROLLED,data/embeddings/cosine_test/cosine_test_query/15427.npy,true,192,true,false,false,1.00000000,true,555.100,true,true,
10901,test_enrolled_spk_0002,COSINE_TEST,cosine_test_query,ENROLLED,data/embeddings/cosine_test/cosine_test_query/10901.npy,true,192,true,false,false,0.99999994,true,368.479,true,true,
5034,test_enrolled_spk_0002,COSINE_TEST,cosine_test_query,ENROLLED,data/embeddings/cosine_test/cosine_test_query/5034.npy,true,192,true,false,false,1.00000000,true,285.952,true,true,
7164,test_enrolled_spk_0002,COSINE_TEST,cosine_test_query,ENROLLED,data/embeddings/cosine_test/cosine_test_query/7164.npy,true,192,true,false,false,1.00000000,true,258.059,true,true,
2643,test_enrolled_spk_0002,COSINE_TEST,cosine_test_query,ENROLLED,data/embeddings/cosine_test/cosine_test_query/2643.npy,true,192,true,false,false,0.99999994,true,245.907,true,true,
14849,test_unknown_spk_0001,COSINE_TEST,cosine_test_unknown,UNKNOWN,data/embeddings/cosine_test/cosine_test_unknown/14849.npy,true,192,true,false,false,1.00000000,true,737.399,true,true,
8487,test_unknown_spk_0001,COSINE_TEST,cosine_test_unknown,UNKNOWN,data/embeddings/cosine_test/cosine_test_unknown/8487.npy,true,192,true,false,false,0.99999988,true,1480.247,true,true,
16821,test_unknown_spk_0001,COSINE_TEST,cosine_test_unknown,UNKNOWN,data/embeddings/cosine_test/cosine_test_unknown/16821.npy,true,192,true,false,false,1.00000000,true,616.198,true,true,
11064,test_unknown_spk_0001,COSINE_TEST,cosine_test_unknown,UNKNOWN,data/embeddings/cosine_test/cosine_test_unknown/11064.npy,true,192,true,false,false,1.00000000,true,814.845,true,true,
2825,test_unknown_spk_0001,COSINE_TEST,cosine_test_unknown,UNKNOWN,data/embeddings/cosine_test/cosine_test_unknown/2825.npy,true,192,true,false,false,1.00000000,true,869.468,true,true,
9065,test_unknown_spk_0001,COSINE_TEST,cosine_test_unknown,UNKNOWN,data/embeddings/cosine_test/cosine_test_unknown/9065.npy,true,192,true,false,false,1.00000000,true,778.355,true,true,
8311,test_unknown_spk_0001,COSINE_TEST,cosine_test_unknown,UNKNOWN,data/embeddings/cosine_test/cosine_test_unknown/8311.npy,true,192,true,false,false,0.99999994,true,1014.342,true,true,
5957,test_unknown_spk_0001,COSINE_TEST,cosine_test_unknown,UNKNOWN,data/embeddings/cosine_test/cosine_test_unknown/5957.npy,true,192,true,false,false,1.00000000,true,1028.958,true,true,
13071,test_unknown_spk_0001,COSINE_TEST,cosine_test_unknown,UNKNOWN,data/embeddings/cosine_test/cosine_test_unknown/13071.npy,true,192,true,false,false,1.00000000,true,900.488,true,true,
3160,test_unknown_spk_0001,COSINE_TEST,cosine_test_unknown,UNKNOWN,data/embeddings/cosine_test/cosine_test_unknown/3160.npy,true,192,true,false,false,1.00000000,true,744.815,true,true,
5021,test_unknown_spk_0001,COSINE_TEST,cosine_test_unknown,UNKNOWN,data/embeddings/cosine_test/cosine_test_unknown/5021.npy,true,192,true,false,false,1.00000000,true,648.232,true,true,
2495,test_unknown_spk_0001,COSINE_TEST,cosine_test_unknown,UNKNOWN,data/embeddings/cosine_test/cosine_test_unknown/2495.npy,true,192,true,false,false,1.00000000,true,474.267,true,true,
11658,test_unknown_spk_0001,COSINE_TEST,cosine_test_unknown,UNKNOWN,data/embeddings/cosine_test/cosine_test_unknown/11658.npy,true,192,true,false,false,0.99999994,true,834.439,true,true,
691,test_unknown_spk_0001,COSINE_TEST,cosine_test_unknown,UNKNOWN,data/embeddings/cosine_test/cosine_test_unknown/691.npy,true,192,true,false,false,1.00000000,true,619.481,true,true,
15900,test_unknown_spk_0001,COSINE_TEST,cosine_test_unknown,UNKNOWN,data/embeddings/cosine_test/cosine_test_unknown/15900.npy,true,192,true,false,false,1.00000000,true,560.621,true,true,
17034,test_unknown_spk_0001,COSINE_TEST,cosine_test_unknown,UNKNOWN,data/embeddings/cosine_test/cosine_test_unknown/17034.npy,true,192,true,false,false,0.99999994,true,1265.967,true,true,
5060,test_unknown_spk_0001,COSINE_TEST,cosine_test_unknown,UNKNOWN,data/embeddings/cosine_test/cosine_test_unknown/5060.npy,true,192,true,false,false,1.00000000,true,1069.957,true,true,
12174,test_unknown_spk_0001,COSINE_TEST,cosine_test_unknown,UNKNOWN,data/embeddings/cosine_test/cosine_test_unknown/12174.npy,true,192,true,false,false,1.00000000,true,983.066,true,true,
3402,test_unknown_spk_0001,COSINE_TEST,cosine_test_unknown,UNKNOWN,data/embeddings/cosine_test/cosine_test_unknown/3402.npy,true,192,true,false,false,1.00000000,true,537.227,true,true,
1948,test_unknown_spk_0001,COSINE_TEST,cosine_test_unknown,UNKNOWN,data/embeddings/cosine_test/cosine_test_unknown/1948.npy,true,192,true,false,false,0.99999994,true,386.278,true,true,
2582,test_unknown_spk_0001,COSINE_TEST,cosine_test_unknown,UNKNOWN,data/embeddings/cosine_test/cosine_test_unknown/2582.npy,true,192,true,false,false,1.00000000,true,449.055,true,true,
8543,test_unknown_spk_0001,COSINE_TEST,cosine_test_unknown,UNKNOWN,data/embeddings/cosine_test/cosine_test_unknown/8543.npy,true,192,true,false,false,1.00000000,true,751.451,true,true,
13576,test_unknown_spk_0001,COSINE_TEST,cosine_test_unknown,UNKNOWN,data/embeddings/cosine_test/cosine_test_unknown/13576.npy,true,192,true,false,false,1.00000000,true,677.682,true,true,
4065,test_unknown_spk_0001,COSINE_TEST,cosine_test_unknown,UNKNOWN,data/embeddings/cosine_test/cosine_test_unknown/4065.npy,true,192,true,false,false,0.99999994,true,886.935,true,true,
15475,test_unknown_spk_0001,COSINE_TEST,cosine_test_unknown,UNKNOWN,data/embeddings/cosine_test/cosine_test_unknown/15475.npy,true,192,true,false,false,1.00000000,true,1073.114,true,true,
6071,test_unknown_spk_0001,COSINE_TEST,cosine_test_unknown,UNKNOWN,data/embeddings/cosine_test/cosine_test_unknown/6071.npy,true,192,true,false,false,1.00000000,true,1075.684,true,true,
15645,test_unknown_spk_0001,COSINE_TEST,cosine_test_unknown,UNKNOWN,data/embeddings/cosine_test/cosine_test_unknown/15645.npy,true,192,true,false,false,1.00000000,true,369.982,true,true,
6963,test_unknown_spk_0001,COSINE_TEST,cosine_test_unknown,UNKNOWN,data/embeddings/cosine_test/cosine_test_unknown/6963.npy,true,192,true,false,false,1.00000000,true,1320.207,true,true,
7688,test_unknown_spk_0001,COSINE_TEST,cosine_test_unknown,UNKNOWN,data/embeddings/cosine_test/cosine_test_unknown/7688.npy,true,192,true,false,false,1.00000000,true,1068.836,true,true,
13935,test_unknown_spk_0001,COSINE_TEST,cosine_test_unknown,UNKNOWN,data/embeddings/cosine_test/cosine_test_unknown/13935.npy,true,192,true,false,false,1.00000000,true,864.236,true,true,
13533,test_unknown_spk_0001,COSINE_TEST,cosine_test_unknown,UNKNOWN,data/embeddings/cosine_test/cosine_test_unknown/13533.npy,true,192,true,false,false,1.00000000,true,722.406,true,true,
5175,test_unknown_spk_0001,COSINE_TEST,cosine_test_unknown,UNKNOWN,data/embeddings/cosine_test/cosine_test_unknown/5175.npy,true,192,true,false,false,1.00000000,true,901.690,true,true,
1934,test_unknown_spk_0001,COSINE_TEST,cosine_test_unknown,UNKNOWN,data/embeddings/cosine_test/cosine_test_unknown/1934.npy,true,192,true,false,false,1.00000000,true,950.697,true,true,
11562,test_unknown_spk_0001,COSINE_TEST,cosine_test_unknown,UNKNOWN,data/embeddings/cosine_test/cosine_test_unknown/11562.npy,true,192,true,false,false,1.00000000,true,961.662,true,true,
8146,test_unknown_spk_0001,COSINE_TEST,cosine_test_unknown,UNKNOWN,data/embeddings/cosine_test/cosine_test_unknown/8146.npy,true,192,true,false,false,1.00000000,true,658.203,true,true,
11496,test_unknown_spk_0001,COSINE_TEST,cosine_test_unknown,UNKNOWN,data/embeddings/cosine_test/cosine_test_unknown/11496.npy,true,192,true,false,false,1.00000000,true,433.629,true,true,
1125,test_unknown_spk_0001,COSINE_TEST,cosine_test_unknown,UNKNOWN,data/embeddings/cosine_test/cosine_test_unknown/1125.npy,true,192,true,false,false,1.00000000,true,699.585,true,true,
12565,test_unknown_spk_0001,COSINE_TEST,cosine_test_unknown,UNKNOWN,data/embeddings/cosine_test/cosine_test_unknown/12565.npy,true,192,true,false,false,0.99999994,true,1321.308,true,true,
10135,test_unknown_spk_0001,COSINE_TEST,cosine_test_unknown,UNKNOWN,data/embeddings/cosine_test/cosine_test_unknown/10135.npy,true,192,true,false,false,0.99999994,true,880.386,true,true,
4664,test_unknown_spk_0001,COSINE_TEST,cosine_test_unknown,UNKNOWN,data/embeddings/cosine_test/cosine_test_unknown/4664.npy,true,192,true,false,false,1.00000000,true,571.647,true,true,
8834,test_unknown_spk_0001,COSINE_TEST,cosine_test_unknown,UNKNOWN,data/embeddings/cosine_test/cosine_test_unknown/8834.npy,true,192,true,false,false,1.00000000,true,1144.358,true,true,
15145,test_unknown_spk_0001,COSINE_TEST,cosine_test_unknown,UNKNOWN,data/embeddings/cosine_test/cosine_test_unknown/15145.npy,true,192,true,false,false,1.00000000,true,931.702,true,true,
3139,test_unknown_spk_0001,COSINE_TEST,cosine_test_unknown,UNKNOWN,data/embeddings/cosine_test/cosine_test_unknown/3139.npy,true,192,true,false,false,1.00000000,true,486.149,true,true,
2620,test_unknown_spk_0001,COSINE_TEST,cosine_test_unknown,UNKNOWN,data/embeddings/cosine_test/cosine_test_unknown/2620.npy,true,192,true,false,false,0.99999994,true,587.292,true,true,
6262,test_unknown_spk_0001,COSINE_TEST,cosine_test_unknown,UNKNOWN,data/embeddings/cosine_test/cosine_test_unknown/6262.npy,true,192,true,false,false,0.99999994,true,715.259,true,true,
5150,test_unknown_spk_0001,COSINE_TEST,cosine_test_unknown,UNKNOWN,data/embeddings/cosine_test/cosine_test_unknown/5150.npy,true,192,true,false,false,1.00000000,true,1245.256,true,true,
1545,test_unknown_spk_0001,COSINE_TEST,cosine_test_unknown,UNKNOWN,data/embeddings/cosine_test/cosine_test_unknown/1545.npy,true,192,true,false,false,1.00000000,true,695.275,true,true,
5084,test_unknown_spk_0001,COSINE_TEST,cosine_test_unknown,UNKNOWN,data/embeddings/cosine_test/cosine_test_unknown/5084.npy,true,192,true,false,false,1.00000000,true,786.444,true,true,
12325,test_unknown_spk_0001,COSINE_TEST,cosine_test_unknown,UNKNOWN,data/embeddings/cosine_test/cosine_test_unknown/12325.npy,true,192,true,false,false,1.00000000,true,535.427,true,true,
16462,test_unknown_spk_0001,COSINE_TEST,cosine_test_unknown,UNKNOWN,data/embeddings/cosine_test/cosine_test_unknown/16462.npy,true,192,true,false,false,1.00000000,true,936.331,true,true,
14866,test_unknown_spk_0001,COSINE_TEST,cosine_test_unknown,UNKNOWN,data/embeddings/cosine_test/cosine_test_unknown/14866.npy,true,192,true,false,false,1.00000000,true,706.270,true,true,
298,test_unknown_spk_0001,COSINE_TEST,cosine_test_unknown,UNKNOWN,data/embeddings/cosine_test/cosine_test_unknown/298.npy,true,192,true,false,false,1.00000000,true,691.185,true,true,
16421,test_unknown_spk_0001,COSINE_TEST,cosine_test_unknown,UNKNOWN,data/embeddings/cosine_test/cosine_test_unknown/16421.npy,true,192,true,false,false,0.99999994,true,1036.763,true,true,
6571,test_unknown_spk_0001,COSINE_TEST,cosine_test_unknown,UNKNOWN,data/embeddings/cosine_test/cosine_test_unknown/6571.npy,true,192,true,false,false,1.00000000,true,934.766,true,true,
4008,test_unknown_spk_0001,COSINE_TEST,cosine_test_unknown,UNKNOWN,data/embeddings/cosine_test/cosine_test_unknown/4008.npy,true,192,true,false,false,0.99999994,true,392.801,true,true,
14393,test_unknown_spk_0001,COSINE_TEST,cosine_test_unknown,UNKNOWN,data/embeddings/cosine_test/cosine_test_unknown/14393.npy,true,192,true,false,false,0.99999994,true,646.194,true,true,
13615,test_unknown_spk_0001,COSINE_TEST,cosine_test_unknown,UNKNOWN,data/embeddings/cosine_test/cosine_test_unknown/13615.npy,true,192,true,false,false,1.00000000,true,722.555,true,true,
6111,test_unknown_spk_0002,COSINE_TEST,cosine_test_unknown,UNKNOWN,data/embeddings/cosine_test/cosine_test_unknown/6111.npy,true,192,true,false,false,1.00000000,true,977.102,true,true,
2623,test_unknown_spk_0002,COSINE_TEST,cosine_test_unknown,UNKNOWN,data/embeddings/cosine_test/cosine_test_unknown/2623.npy,true,192,true,false,false,1.00000012,true,466.623,true,true,
26,test_unknown_spk_0002,COSINE_TEST,cosine_test_unknown,UNKNOWN,data/embeddings/cosine_test/cosine_test_unknown/26.npy,true,192,true,false,false,1.00000000,true,343.081,true,true,
8941,test_unknown_spk_0002,COSINE_TEST,cosine_test_unknown,UNKNOWN,data/embeddings/cosine_test/cosine_test_unknown/8941.npy,true,192,true,false,false,1.00000000,true,527.190,true,true,
6642,test_unknown_spk_0002,COSINE_TEST,cosine_test_unknown,UNKNOWN,data/embeddings/cosine_test/cosine_test_unknown/6642.npy,true,192,true,false,false,1.00000000,true,452.400,true,true,
3758,test_unknown_spk_0002,COSINE_TEST,cosine_test_unknown,UNKNOWN,data/embeddings/cosine_test/cosine_test_unknown/3758.npy,true,192,true,false,false,0.99999988,true,729.635,true,true,
13024,test_unknown_spk_0002,COSINE_TEST,cosine_test_unknown,UNKNOWN,data/embeddings/cosine_test/cosine_test_unknown/13024.npy,true,192,true,false,false,1.00000000,true,482.962,true,true,
9660,test_unknown_spk_0002,COSINE_TEST,cosine_test_unknown,UNKNOWN,data/embeddings/cosine_test/cosine_test_unknown/9660.npy,true,192,true,false,false,0.99999994,true,339.218,true,true,
5063,test_unknown_spk_0002,COSINE_TEST,cosine_test_unknown,UNKNOWN,data/embeddings/cosine_test/cosine_test_unknown/5063.npy,true,192,true,false,false,1.00000000,true,453.435,true,true,
8122,test_unknown_spk_0002,COSINE_TEST,cosine_test_unknown,UNKNOWN,data/embeddings/cosine_test/cosine_test_unknown/8122.npy,true,192,true,false,false,1.00000000,true,524.767,true,true,
16319,test_unknown_spk_0002,COSINE_TEST,cosine_test_unknown,UNKNOWN,data/embeddings/cosine_test/cosine_test_unknown/16319.npy,true,192,true,false,false,0.99999994,true,358.705,true,true,
1839,test_unknown_spk_0002,COSINE_TEST,cosine_test_unknown,UNKNOWN,data/embeddings/cosine_test/cosine_test_unknown/1839.npy,true,192,true,false,false,1.00000012,true,798.444,true,true,
5352,test_unknown_spk_0002,COSINE_TEST,cosine_test_unknown,UNKNOWN,data/embeddings/cosine_test/cosine_test_unknown/5352.npy,true,192,true,false,false,1.00000000,true,779.429,true,true,
16140,test_unknown_spk_0002,COSINE_TEST,cosine_test_unknown,UNKNOWN,data/embeddings/cosine_test/cosine_test_unknown/16140.npy,true,192,true,false,false,0.99999994,true,845.478,true,true,
3720,test_unknown_spk_0002,COSINE_TEST,cosine_test_unknown,UNKNOWN,data/embeddings/cosine_test/cosine_test_unknown/3720.npy,true,192,true,false,false,0.99999994,true,552.115,true,true,
13033,test_unknown_spk_0002,COSINE_TEST,cosine_test_unknown,UNKNOWN,data/embeddings/cosine_test/cosine_test_unknown/13033.npy,true,192,true,false,false,1.00000000,true,365.804,true,true,
17009,test_unknown_spk_0002,COSINE_TEST,cosine_test_unknown,UNKNOWN,data/embeddings/cosine_test/cosine_test_unknown/17009.npy,true,192,true,false,false,1.00000000,true,313.952,true,true,
2687,test_unknown_spk_0002,COSINE_TEST,cosine_test_unknown,UNKNOWN,data/embeddings/cosine_test/cosine_test_unknown/2687.npy,true,192,true,false,false,0.99999994,true,319.759,true,true,
2120,test_unknown_spk_0002,COSINE_TEST,cosine_test_unknown,UNKNOWN,data/embeddings/cosine_test/cosine_test_unknown/2120.npy,true,192,true,false,false,1.00000000,true,380.994,true,true,
4622,test_unknown_spk_0002,COSINE_TEST,cosine_test_unknown,UNKNOWN,data/embeddings/cosine_test/cosine_test_unknown/4622.npy,true,192,true,false,false,1.00000000,true,453.157,true,true,
3202,test_unknown_spk_0002,COSINE_TEST,cosine_test_unknown,UNKNOWN,data/embeddings/cosine_test/cosine_test_unknown/3202.npy,true,192,true,false,false,1.00000000,true,369.588,true,true,
490,test_unknown_spk_0002,COSINE_TEST,cosine_test_unknown,UNKNOWN,data/embeddings/cosine_test/cosine_test_unknown/490.npy,true,192,true,false,false,0.99999988,true,287.788,true,true,
756,test_unknown_spk_0002,COSINE_TEST,cosine_test_unknown,UNKNOWN,data/embeddings/cosine_test/cosine_test_unknown/756.npy,true,192,true,false,false,1.00000000,true,572.187,true,true,
4604,test_unknown_spk_0002,COSINE_TEST,cosine_test_unknown,UNKNOWN,data/embeddings/cosine_test/cosine_test_unknown/4604.npy,true,192,true,false,false,0.99999994,true,694.768,true,true,
7846,test_unknown_spk_0002,COSINE_TEST,cosine_test_unknown,UNKNOWN,data/embeddings/cosine_test/cosine_test_unknown/7846.npy,true,192,true,false,false,1.00000000,true,589.853,true,true,
6209,test_unknown_spk_0002,COSINE_TEST,cosine_test_unknown,UNKNOWN,data/embeddings/cosine_test/cosine_test_unknown/6209.npy,true,192,true,false,false,1.00000000,true,963.121,true,true,
16580,test_unknown_spk_0002,COSINE_TEST,cosine_test_unknown,UNKNOWN,data/embeddings/cosine_test/cosine_test_unknown/16580.npy,true,192,true,false,false,1.00000000,true,929.549,true,true,
10146,test_unknown_spk_0002,COSINE_TEST,cosine_test_unknown,UNKNOWN,data/embeddings/cosine_test/cosine_test_unknown/10146.npy,true,192,true,false,false,1.00000000,true,679.339,true,true,
2318,test_unknown_spk_0002,COSINE_TEST,cosine_test_unknown,UNKNOWN,data/embeddings/cosine_test/cosine_test_unknown/2318.npy,true,192,true,false,false,0.99999994,true,399.320,true,true,
2846,test_unknown_spk_0002,COSINE_TEST,cosine_test_unknown,UNKNOWN,data/embeddings/cosine_test/cosine_test_unknown/2846.npy,true,192,true,false,false,1.00000000,true,314.952,true,true,
2425,test_unknown_spk_0002,COSINE_TEST,cosine_test_unknown,UNKNOWN,data/embeddings/cosine_test/cosine_test_unknown/2425.npy,true,192,true,false,false,1.00000000,true,348.245,true,true,
14156,test_unknown_spk_0002,COSINE_TEST,cosine_test_unknown,UNKNOWN,data/embeddings/cosine_test/cosine_test_unknown/14156.npy,true,192,true,false,false,1.00000000,true,331.400,true,true,
7374,test_unknown_spk_0002,COSINE_TEST,cosine_test_unknown,UNKNOWN,data/embeddings/cosine_test/cosine_test_unknown/7374.npy,true,192,true,false,false,1.00000000,true,377.181,true,true,
11631,test_unknown_spk_0002,COSINE_TEST,cosine_test_unknown,UNKNOWN,data/embeddings/cosine_test/cosine_test_unknown/11631.npy,true,192,true,false,false,1.00000000,true,403.667,true,true,
6265,test_unknown_spk_0002,COSINE_TEST,cosine_test_unknown,UNKNOWN,data/embeddings/cosine_test/cosine_test_unknown/6265.npy,true,192,true,false,false,1.00000000,true,494.675,true,true,
1177,test_unknown_spk_0002,COSINE_TEST,cosine_test_unknown,UNKNOWN,data/embeddings/cosine_test/cosine_test_unknown/1177.npy,true,192,true,false,false,1.00000000,true,646.677,true,true,
5100,test_unknown_spk_0002,COSINE_TEST,cosine_test_unknown,UNKNOWN,data/embeddings/cosine_test/cosine_test_unknown/5100.npy,true,192,true,false,false,0.99999994,true,427.602,true,true,
9008,test_unknown_spk_0002,COSINE_TEST,cosine_test_unknown,UNKNOWN,data/embeddings/cosine_test/cosine_test_unknown/9008.npy,true,192,true,false,false,1.00000000,true,521.548,true,true,
9382,test_unknown_spk_0002,COSINE_TEST,cosine_test_unknown,UNKNOWN,data/embeddings/cosine_test/cosine_test_unknown/9382.npy,true,192,true,false,false,0.99999994,true,444.945,true,true,
2886,test_unknown_spk_0002,COSINE_TEST,cosine_test_unknown,UNKNOWN,data/embeddings/cosine_test/cosine_test_unknown/2886.npy,true,192,true,false,false,0.99999994,true,815.777,true,true,
7523,test_unknown_spk_0002,COSINE_TEST,cosine_test_unknown,UNKNOWN,data/embeddings/cosine_test/cosine_test_unknown/7523.npy,true,192,true,false,false,0.99999994,true,657.360,true,true,
11212,test_unknown_spk_0002,COSINE_TEST,cosine_test_unknown,UNKNOWN,data/embeddings/cosine_test/cosine_test_unknown/11212.npy,true,192,true,false,false,1.00000000,true,609.629,true,true,
8451,test_unknown_spk_0002,COSINE_TEST,cosine_test_unknown,UNKNOWN,data/embeddings/cosine_test/cosine_test_unknown/8451.npy,true,192,true,false,false,0.99999994,true,631.136,true,true,
11041,test_unknown_spk_0002,COSINE_TEST,cosine_test_unknown,UNKNOWN,data/embeddings/cosine_test/cosine_test_unknown/11041.npy,true,192,true,false,false,1.00000000,true,466.039,true,true,
9023,test_unknown_spk_0002,COSINE_TEST,cosine_test_unknown,UNKNOWN,data/embeddings/cosine_test/cosine_test_unknown/9023.npy,true,192,true,false,false,1.00000000,true,689.965,true,true,
2943,test_unknown_spk_0002,COSINE_TEST,cosine_test_unknown,UNKNOWN,data/embeddings/cosine_test/cosine_test_unknown/2943.npy,true,192,true,false,false,1.00000012,true,429.366,true,true,
12165,test_unknown_spk_0002,COSINE_TEST,cosine_test_unknown,UNKNOWN,data/embeddings/cosine_test/cosine_test_unknown/12165.npy,true,192,true,false,false,1.00000000,true,794.933,true,true,
15805,test_unknown_spk_0002,COSINE_TEST,cosine_test_unknown,UNKNOWN,data/embeddings/cosine_test/cosine_test_unknown/15805.npy,true,192,true,false,false,1.00000000,true,639.470,true,true,
16286,test_unknown_spk_0002,COSINE_TEST,cosine_test_unknown,UNKNOWN,data/embeddings/cosine_test/cosine_test_unknown/16286.npy,true,192,true,false,false,1.00000000,true,678.894,true,true,
5741,test_unknown_spk_0002,COSINE_TEST,cosine_test_unknown,UNKNOWN,data/embeddings/cosine_test/cosine_test_unknown/5741.npy,true,192,true,false,false,1.00000000,true,909.293,true,true,
365,test_unknown_spk_0002,COSINE_TEST,cosine_test_unknown,UNKNOWN,data/embeddings/cosine_test/cosine_test_unknown/365.npy,true,192,true,false,false,1.00000000,true,580.353,true,true,
3437,test_unknown_spk_0002,COSINE_TEST,cosine_test_unknown,UNKNOWN,data/embeddings/cosine_test/cosine_test_unknown/3437.npy,true,192,true,false,false,1.00000000,true,593.613,true,true,
9492,test_unknown_spk_0002,COSINE_TEST,cosine_test_unknown,UNKNOWN,data/embeddings/cosine_test/cosine_test_unknown/9492.npy,true,192,true,false,false,1.00000000,true,540.318,true,true,
11300,test_unknown_spk_0002,COSINE_TEST,cosine_test_unknown,UNKNOWN,data/embeddings/cosine_test/cosine_test_unknown/11300.npy,true,192,true,false,false,0.99999994,true,900.169,true,true,
10506,test_unknown_spk_0002,COSINE_TEST,cosine_test_unknown,UNKNOWN,data/embeddings/cosine_test/cosine_test_unknown/10506.npy,true,192,true,false,false,1.00000000,true,611.254,true,true,
5372,test_unknown_spk_0002,COSINE_TEST,cosine_test_unknown,UNKNOWN,data/embeddings/cosine_test/cosine_test_unknown/5372.npy,true,192,true,false,false,1.00000000,true,583.640,true,true,
16971,test_unknown_spk_0002,COSINE_TEST,cosine_test_unknown,UNKNOWN,data/embeddings/cosine_test/cosine_test_unknown/16971.npy,true,192,true,false,false,1.00000000,true,586.602,true,true,
12298,test_unknown_spk_0002,COSINE_TEST,cosine_test_unknown,UNKNOWN,data/embeddings/cosine_test/cosine_test_unknown/12298.npy,true,192,true,false,false,1.00000000,true,722.843,true,true,
7968,test_unknown_spk_0002,COSINE_TEST,cosine_test_unknown,UNKNOWN,data/embeddings/cosine_test/cosine_test_unknown/7968.npy,true,192,true,false,false,1.00000000,true,466.553,true,true,
