audio_id,audio_path,original_split,project_split,locale,speaker_id,normalized_speaker_id,speaker_sex,speaker_age,transcript,annot_utt,tokens,labels,intent_idx,intent,scenario_str,duration_sec,sample_rate,num_channels,is_valid,protocol,role,checksum,dataset_type,split_role,split_name
741,dev/57bc2094dbb5be917aedffa4c68db490.wav,validation,SVM,vi-VN,6552b16899091e4aaa587d1b,exp_svm_spk_0001,Male,33,phát các bài hát từ r. b. và soul genre,phát các bài hát từ [artist_name : r. b.] và [music_genre : soul] genre,['phát' 'các' 'bài' 'hát' 'từ' 'r.' 'b.' 'và' 'soul' 'genre'],"['Other' 'Other' 'Other' 'Other' 'Other' 'artist_name' 'artist_name'
 'Other' 'music_genre' 'Other']",45,play_music,play,5.04,48000,1,True,SVM_CLOSED_SET,SVM_EXPERIMENTAL,80d934f1743128fa9f0488011f6f13ad7ef8425e149d2f404112638bd8d8a4d5,SVM_CLOSED_SET,TRAIN,svm_closed_set_train
5015,dev/b380d2d7245b37ce8d41a74bec397c21.wav,validation,SVM,vi-VN,6552b16899091e4aaa587d1b,exp_svm_spk_0001,Male,33,vui lòng cho tôi biết tin tức mới nhất về tình hình bầu cử ở bang của chúng ta,vui lòng cho tôi biết tin tức mới nhất về [news_topic : tình hình bầu cử] ở [place_name : bang] của chúng ta,"['vui' 'lòng' 'cho' 'tôi' 'biết' 'tin' 'tức' 'mới' 'nhất' 'về' 'tình'
 'hình' 'bầu' 'cử' 'ở' 'bang' 'của' 'chúng' 'ta']","['Other' 'Other' 'Other' 'Other' 'Other' 'Other' 'Other' 'Other' 'Other'
 'Other' 'news_topic' 'news_topic' 'news_topic' 'news_topic' 'Other'
 'place_name' 'Other' 'Other' 'Other']",22,news_query,news,5.28,48000,1,True,SVM_CLOSED_SET,SVM_EXPERIMENTAL,a53cf2be578c2be5caadb7fd159f0d97e206b0732b6f47ed87135ea9ddbcb3fd,SVM_CLOSED_SET,TRAIN,svm_closed_set_train
12373,dev/bac5ec3d93361cb00414e28a69c93428.wav,validation,SVM,vi-VN,6552b16899091e4aaa587d1b,exp_svm_spk_0001,Male,33,hãy đặt một chiếc taxi,hãy đặt một chiếc [transport_type : taxi],['hãy' 'đặt' 'một' 'chiếc' 'taxi'],['Other' 'Other' 'Other' 'Other' 'transport_type'],54,transport_taxi,transport,1.68,48000,1,True,SVM_CLOSED_SET,SVM_EXPERIMENTAL,297abc151907ca5b7d80971fe0be06698cda04a2e3ec4662b186fd8e0da45b85,SVM_CLOSED_SET,TRAIN,svm_closed_set_train
8089,dev/05228e8a019a7e501eb60cb95d1e268d.wav,validation,SVM,vi-VN,6552b16899091e4aaa587d1b,exp_svm_spk_0001,Male,33,khi nào họp,khi nào [event_name : họp],['khi' 'nào' 'họp'],['Other' 'Other' 'event_name'],50,calendar_set,calendar,1.02,48000,1,True,SVM_CLOSED_SET,SVM_EXPERIMENTAL,c92c19d1470b19e8e1bd9f0158de7ccd0086452b869f5577f7b9cc87cc91680e,SVM_CLOSED_SET,TRAIN,svm_closed_set_train
15812,dev/4d800a3427af226cb32deb00e0428a6a.wav,validation,SVM,vi-VN,6552b16899091e4aaa587d1b,exp_svm_spk_0001,Male,33,olly tôi muốn biết về buổi tiệc của mai,olly tôi muốn biết về [event_name : buổi tiệc] của [person : mai],['olly' 'tôi' 'muốn' 'biết' 'về' 'buổi' 'tiệc' 'của' 'mai'],"['Other' 'Other' 'Other' 'Other' 'Other' 'event_name' 'event_name' 'Other'
 'person']",12,general_quirky,general,3.24,48000,1,True,SVM_CLOSED_SET,SVM_EXPERIMENTAL,4e318ce718de3a57497aaf80294650930fa5d04b270edb48039cd4eb4af0883b,SVM_CLOSED_SET,TRAIN,svm_closed_set_train
8729,dev/e60ad97187b5f507b758996cfddbfa79.wav,validation,SVM,vi-VN,6552b16899091e4aaa587d1b,exp_svm_spk_0001,Male,33,đặt lời nhắc cho một cuộc hẹn hằng tuần,đặt lời nhắc cho một cuộc hẹn [general_frequency : hằng tuần],['đặt' 'lời' 'nhắc' 'cho' 'một' 'cuộc' 'hẹn' 'hằng' 'tuần'],"['Other' 'Other' 'Other' 'Other' 'Other' 'Other' 'Other'
 'general_frequency' 'general_frequency']",50,calendar_set,calendar,2.4,48000,1,True,SVM_CLOSED_SET,SVM_EXPERIMENTAL,d5f854f53f5dea4b59bfe50926ebef2925723d71bec5f4c7099d22b26b0ce1f4,SVM_CLOSED_SET,TRAIN,svm_closed_set_train
15545,dev/33feee9815f799fd26161a6a6a389335.wav,validation,SVM,vi-VN,6552b16899091e4aaa587d1b,exp_svm_spk_0001,Male,33,nhắc tôi tweet tại công ty này,nhắc tôi [media_type : tweet] tại công ty này,['nhắc' 'tôi' 'tweet' 'tại' 'công' 'ty' 'này'],['Other' 'Other' 'media_type' 'Other' 'Other' 'Other' 'Other'],50,calendar_set,calendar,2.46,48000,1,True,SVM_CLOSED_SET,SVM_EXPERIMENTAL,edc6d45955b0ed8e3890ac9b93c6f15195b0ce283a53fc05bdf6a5662bdedc01,SVM_CLOSED_SET,TRAIN,svm_closed_set_train
16991,dev/8649b7fbe11a970176d7a92d24af9696.wav,validation,SVM,vi-VN,6552b16899091e4aaa587d1b,exp_svm_spk_0001,Male,33,kiểm tra email của trần văn dũng,kiểm tra email của [person : trần văn dũng],['kiểm' 'tra' 'email' 'của' 'trần' 'văn' 'dũng'],['Other' 'Other' 'Other' 'Other' 'person' 'person' 'person'],44,email_query,email,3.12,48000,1,True,SVM_CLOSED_SET,SVM_EXPERIMENTAL,4985b6c221066f31ce60b3ef9743838d1f9acc00d9530630ce9ce66443657b62,SVM_CLOSED_SET,TRAIN,svm_closed_set_train
10238,dev/844785be622dad1c6d78af25cc6fe2ef.wav,validation,SVM,vi-VN,6552b16899091e4aaa587d1b,exp_svm_spk_0001,Male,33,tìm công thức gà nấu ragu,tìm công thức [food_type : gà nấu ragu],['tìm' 'công' 'thức' 'gà' 'nấu' 'ragu'],['Other' 'Other' 'Other' 'food_type' 'food_type' 'food_type'],9,cooking_recipe,cooking,3.42,48000,1,True,SVM_CLOSED_SET,SVM_EXPERIMENTAL,ba5dc0a3c3c1b387a110ec18245f02132bf74e00ff001be7fb57897b6b2d61d2,SVM_CLOSED_SET,TRAIN,svm_closed_set_train
9215,dev/db6f3eda8ca1bf3d1bf4fd4afacf690f.wav,validation,SVM,vi-VN,6552b16899091e4aaa587d1b,exp_svm_spk_0001,Male,33,mở radio viet nam phát nhạc rock,mở [app_name : radio viet nam] phát nhạc [music_genre : rock],['mở' 'radio' 'viet' 'nam' 'phát' 'nhạc' 'rock'],['Other' 'app_name' 'app_name' 'app_name' 'Other' 'Other' 'music_genre'],36,play_radio,play,2.7,48000,1,True,SVM_CLOSED_SET,SVM_EXPERIMENTAL,22f8fd77be2e6b7136bc2a789c156cc782161d8ea9207320bbcf82833cd4e368,SVM_CLOSED_SET,TRAIN,svm_closed_set_train
12904,dev/92b1bc620c8bceffa592a7cbb05ce12c.wav,validation,SVM,vi-VN,6552b16899091e4aaa587d1b,exp_svm_spk_0001,Male,33,vui lòng đặt taxi kế tiếp,vui lòng đặt [transport_type : taxi] kế tiếp,['vui' 'lòng' 'đặt' 'taxi' 'kế' 'tiếp'],['Other' 'Other' 'Other' 'transport_type' 'Other' 'Other'],54,transport_taxi,transport,2.82,48000,1,True,SVM_CLOSED_SET,SVM_EXPERIMENTAL,d4de7c60806d1dec22d7a11b3010ade48ed23a18ef8b42c849c745af37bc4dc5,SVM_CLOSED_SET,TRAIN,svm_closed_set_train
6898,dev/83fcd904aa2a1732cb1bc2686aa39181.wav,validation,SVM,vi-VN,6552b16899091e4aaa587d1b,exp_svm_spk_0001,Male,33,bạn có thể xóa tất cả sự kiện khỏi lịch của tôi không,bạn có thể xóa tất cả sự kiện khỏi lịch của tôi không,"['bạn' 'có' 'thể' 'xóa' 'tất' 'cả' 'sự' 'kiện' 'khỏi' 'lịch' 'của' 'tôi'
 'không']","['Other' 'Other' 'Other' 'Other' 'Other' 'Other' 'Other' 'Other' 'Other'
 'Other' 'Other' 'Other' 'Other']",30,calendar_remove,calendar,3.66,48000,1,True,SVM_CLOSED_SET,SVM_EXPERIMENTAL,4a78b8184ce287f45c94e942ff924a68d7d04598e359960c97e84eaa0d236617,SVM_CLOSED_SET,TRAIN,svm_closed_set_train
10058,dev/a7c740a21069e3b9d0fb9dfa72f881d5.wav,validation,SVM,vi-VN,6552b16899091e4aaa587d1b,exp_svm_spk_0001,Male,33,một lít bằng bao nhiêu cup,[time : một lít] bằng bao nhiêu cup,['một' 'lít' 'bằng' 'bao' 'nhiêu' 'cup'],['time' 'time' 'Other' 'Other' 'Other' 'Other'],9,cooking_recipe,cooking,2.16,48000,1,True,SVM_CLOSED_SET,SVM_EXPERIMENTAL,ac9bcc4d4c1266d9beb5dc9dc14ad1baf545ceb7964e1a6c1d10b4713db8c666,SVM_CLOSED_SET,TRAIN,svm_closed_set_train
5982,dev/7da9d192324523b25cd57a899c3b1f83.wav,validation,SVM,vi-VN,6552b16899091e4aaa587d1b,exp_svm_spk_0001,Male,33,bạn cài đặt chuông báo cho tôi lúc nào vậy,bạn cài đặt chuông báo cho tôi lúc nào vậy,['bạn' 'cài' 'đặt' 'chuông' 'báo' 'cho' 'tôi' 'lúc' 'nào' 'vậy'],"['Other' 'Other' 'Other' 'Other' 'Other' 'Other' 'Other' 'Other' 'Other'
 'Other']",23,alarm_query,alarm,3.96,48000,1,True,SVM_CLOSED_SET,SVM_EXPERIMENTAL,75d2aebac73fbee91eeb17b5418d91134d0a4fbed18ce99a208a7a5d18fdcd1f,SVM_CLOSED_SET,TRAIN,svm_closed_set_train
15630,dev/24e4257aa6946d642fdfe1bd8830f8bf.wav,validation,SVM,vi-VN,6552b16899091e4aaa587d1b,exp_svm_spk_0001,Male,33,những bức ảnh mới nhất trên tài khoản instagram của tôi là gì,những bức ảnh mới nhất trên tài khoản [media_type : instagram] của tôi là gì,"['những' 'bức' 'ảnh' 'mới' 'nhất' 'trên' 'tài' 'khoản' 'instagram' 'của'
 'tôi' 'là' 'gì']","['Other' 'Other' 'Other' 'Other' 'Other' 'Other' 'Other' 'Other'
 'media_type' 'Other' 'Other' 'Other' 'Other']",27,social_query,social,3.84,48000,1,True,SVM_CLOSED_SET,SVM_EXPERIMENTAL,9f877965c920883d84b22c8b26b08a358df53846940ea92aa7e729b4aaa082a2,SVM_CLOSED_SET,TRAIN,svm_closed_set_train
1211,dev/23cb0fa8b8b24b6e7c5a8178b519ddef.wav,validation,SVM,vi-VN,6552b16899091e4aaa587d1b,exp_svm_spk_0001,Male,33,đổi giờ bắc kinh sang giờ sài gòn,đổi giờ [place_name : bắc kinh] sang giờ [place_name : sài gòn],['đổi' 'giờ' 'bắc' 'kinh' 'sang' 'giờ' 'sài' 'gòn'],"['Other' 'Other' 'place_name' 'place_name' 'Other' 'Other' 'place_name'
 'place_name']",38,datetime_convert,datetime,2.52,48000,1,True,SVM_CLOSED_SET,SVM_EXPERIMENTAL,a27b3fbad55696f19772bb09760977ad70f60f78bbc9b3e93094de34a3fb8eb9,SVM_CLOSED_SET,TRAIN,svm_closed_set_train
2841,dev/61dffc0f29d98228e6a18b1f594c30a5.wav,validation,SVM,vi-VN,6552b16899091e4aaa587d1b,exp_svm_spk_0001,Male,33,điều chỉnh các đèn phòng khách sang màu đỏ,điều chỉnh các đèn [house_place : phòng khách] sang [color_type : màu đỏ],['điều' 'chỉnh' 'các' 'đèn' 'phòng' 'khách' 'sang' 'màu' 'đỏ'],"['Other' 'Other' 'Other' 'Other' 'house_place' 'house_place' 'Other'
 'color_type' 'color_type']",1,iot_hue_lightchange,iot,3.36,48000,1,True,SVM_CLOSED_SET,SVM_EXPERIMENTAL,42183b999dc043ca8dd479dd05ade88b786ca4505bd5a3a3c5055bf12024429e,SVM_CLOSED_SET,TRAIN,svm_closed_set_train
7279,dev/61a89b9521526ed415f7a5169cb8e2e3.wav,validation,SVM,vi-VN,6552b16899091e4aaa587d1b,exp_svm_spk_0001,Male,33,nhắc tôi lấy đồ giặt là vào thứ hai tới,nhắc tôi [event_name : lấy đồ giặt là] vào [date : thứ hai] tới,['nhắc' 'tôi' 'lấy' 'đồ' 'giặt' 'là' 'vào' 'thứ' 'hai' 'tới'],"['Other' 'Other' 'event_name' 'event_name' 'event_name' 'event_name'
 'Other' 'date' 'date' 'Other']",50,calendar_set,calendar,4.02,48000,1,True,SVM_CLOSED_SET,SVM_EXPERIMENTAL,c5819de256c8ac2d984a24e494453d96fd7aa8e34acd9a6545666eaad3782fee,SVM_CLOSED_SET,TRAIN,svm_closed_set_train
12055,dev/9bf043a0df06d2c090723033cb1822b5.wav,validation,SVM,vi-VN,6552b16899091e4aaa587d1b,exp_svm_spk_0001,Male,33,các sự kiện trong vùng của hôm nay,các sự kiện trong vùng [date : của hôm nay],['các' 'sự' 'kiện' 'trong' 'vùng' 'của' 'hôm' 'nay'],['Other' 'Other' 'Other' 'Other' 'Other' 'date' 'date' 'date'],6,recommendation_events,recommendation,2.34,48000,1,True,SVM_CLOSED_SET,SVM_EXPERIMENTAL,e479100b6061c18c39f0bd746cbfde93ec394b91309da245e7f94416a14e9fb3,SVM_CLOSED_SET,TRAIN,svm_closed_set_train
16232,dev/34a9aae212672289d016de6d23bf5488.wav,validation,SVM,vi-VN,6552b16899091e4aaa587d1b,exp_svm_spk_0001,Male,33,olly vui lòng trả lời email của tiến nói rằng ý tưởng của anh ấy rất tuyệt vời,olly vui lòng trả lời email của [person : tiến] nói rằng ý tưởng của anh ấy rất tuyệt vời,"['olly' 'vui' 'lòng' 'trả' 'lời' 'email' 'của' 'tiến' 'nói' 'rằng' 'ý'
 'tưởng' 'của' 'anh' 'ấy' 'rất' 'tuyệt' 'vời']","['Other' 'Other' 'Other' 'Other' 'Other' 'Other' 'Other' 'person' 'Other'
 'Other' 'Other' 'Other' 'Other' 'Other' 'Other' 'Other' 'Other' 'Other']",33,email_sendemail,email,5.94,48000,1,True,SVM_CLOSED_SET,SVM_EXPERIMENTAL,9d1c0c115fd30ca30114f7b161fca8ddc60fc764a45e21aa5bf35095ecef60f1,SVM_CLOSED_SET,TRAIN,svm_closed_set_train
1888,dev/f56ec8a580274297092e465dc0365e8d.wav,validation,SVM,vi-VN,6552b16899091e4aaa587d1b,exp_svm_spk_0001,Male,33,đưa tôi độ sáng thấp trong nhà bếp,đưa tôi độ sáng thấp trong [house_place : nhà bếp],['đưa' 'tôi' 'độ' 'sáng' 'thấp' 'trong' 'nhà' 'bếp'],"['Other' 'Other' 'Other' 'Other' 'Other' 'Other' 'house_place'
 'house_place']",31,iot_hue_lightdim,iot,2.82,48000,1,True,SVM_CLOSED_SET,SVM_EXPERIMENTAL,579792fc32b56946994d57fd49f1c64e56b8a0ed4c0342e0f48fcb57e6cacf6c,SVM_CLOSED_SET,TRAIN,svm_closed_set_train
6144,dev/2a89594c7ec0e73748b058d1d0c26990.wav,validation,SVM,vi-VN,6552b16899091e4aaa587d1b,exp_svm_spk_0001,Male,33,cho tôi biết thời tiết vào tháng tới,cho tôi biết thời tiết vào [time : tháng tới],['cho' 'tôi' 'biết' 'thời' 'tiết' 'vào' 'tháng' 'tới'],['Other' 'Other' 'Other' 'Other' 'Other' 'Other' 'time' 'time'],13,weather_query,weather,2.76,48000,1,True,SVM_CLOSED_SET,SVM_EXPERIMENTAL,b261480f359f24f3a94d74e74b7b677cd774a2d2b68f5c0858490da22b367c1d,SVM_CLOSED_SET,TRAIN,svm_closed_set_train
9965,dev/3deb1694df2274a51c25d81bceb31f37.wav,validation,SVM,vi-VN,6552b16899091e4aaa587d1b,exp_svm_spk_0001,Male,33,cách tôi có thể nấu nui,cách tôi có thể nấu [food_type : nui],['cách' 'tôi' 'có' 'thể' 'nấu' 'nui'],['Other' 'Other' 'Other' 'Other' 'Other' 'food_type'],9,cooking_recipe,cooking,2.1,48000,1,True,SVM_CLOSED_SET,SVM_EXPERIMENTAL,92def10b9fd6532e65c823c8e02812e7b1964715288acc8cc57a32e4e916b153,SVM_CLOSED_SET,TRAIN,svm_closed_set_train
16322,dev/47104a9a5cc2d82d18e7d2b1fc946f71.wav,validation,SVM,vi-VN,6552b16899091e4aaa587d1b,exp_svm_spk_0001,Male,33,nói với thái nguyễn,nói với [person : thái nguyễn],['nói' 'với' 'thái' 'nguyễn'],['Other' 'Other' 'person' 'person'],33,email_sendemail,email,2.22,48000,1,True,SVM_CLOSED_SET,SVM_EXPERIMENTAL,3533c753d7fabff14dfc787cf897acdeba6bd66592b43aa0984fb1ccbb8ad6f7,SVM_CLOSED_SET,TRAIN,svm_closed_set_train
12317,dev/d6941eae28e6455434574655ba2cc02a.wav,validation,SVM,vi-VN,6552b16899091e4aaa587d1b,exp_svm_spk_0001,Male,33,tình trạng giao thông từ nơi làm việc về nhà thế nào,tình trạng giao thông từ nơi làm việc về [place_name : nhà] thế nào,"['tình' 'trạng' 'giao' 'thông' 'từ' 'nơi' 'làm' 'việc' 'về' 'nhà' 'thế'
 'nào']","['Other' 'Other' 'Other' 'Other' 'Other' 'Other' 'Other' 'Other' 'Other'
 'place_name' 'Other' 'Other']",11,transport_traffic,transport,3.42,48000,1,True,SVM_CLOSED_SET,SVM_EXPERIMENTAL,bbf2872d9debc792e7682f641fd6ad11a395fde320c54c44737c8f8944df157e,SVM_CLOSED_SET,TRAIN,svm_closed_set_train
9340,dev/fbdd851ec1d3c3266c5433512e3ecc4f.wav,validation,SVM,vi-VN,6552b16899091e4aaa587d1b,exp_svm_spk_0001,Male,33,bật kênh chín trăm năm mươi mốt,bật kênh [radio_name : chín trăm năm mươi mốt],['bật' 'kênh' 'chín' 'trăm' 'năm' 'mươi' 'mốt'],"['Other' 'Other' 'radio_name' 'radio_name' 'radio_name' 'radio_name'
 'radio_name']",36,play_radio,play,3.0,48000,1,True,SVM_CLOSED_SET,SVM_EXPERIMENTAL,82d08c5f5c0312bfd7de96cf7165ee8cd801b9549441d2dd5e6ff0eba1ba8fac,SVM_CLOSED_SET,TRAIN,svm_closed_set_train
16699,dev/2d16211feb3a094779b3566f1be1442c.wav,validation,SVM,vi-VN,6552b16899091e4aaa587d1b,exp_svm_spk_0001,Male,33,mở email của em gái tôi ngày hôm qua nhấn trả lời và bật kích họat giọng nói cho phản hồi của tôi,mở email [relation : của em gái] tôi ngày [date : hôm qua] nhấn trả lời và bật kích họat giọng nói cho phản hồi của tôi,"['mở' 'email' 'của' 'em' 'gái' 'tôi' 'ngày' 'hôm' 'qua' 'nhấn' 'trả' 'lời'
 'và' 'bật' 'kích' 'họat' 'giọng' 'nói' 'cho' 'phản' 'hồi' 'của' 'tôi']","['Other' 'Other' 'relation' 'relation' 'relation' 'Other' 'Other' 'date'
 'date' 'Other' 'Other' 'Other' 'Other' 'Other' 'Other' 'Other' 'Other'
 'Other' 'Other' 'Other' 'Other' 'Other' 'Other']",33,email_sendemail,email,7.26,48000,1,True,SVM_CLOSED_SET,SVM_EXPERIMENTAL,9c329092679da43e4f45bb47ede6e561fb437abbc322bb84d7ac6e5b77551f60,SVM_CLOSED_SET,TRAIN,svm_closed_set_train
5520,dev/2fd5ac0c6c941b9a4a35f9fd02ba16c3.wav,validation,SVM,vi-VN,6552b16899091e4aaa587d1b,exp_svm_spk_0001,Male,33,ngày hai mươi hai tháng năm là thứ mấy,[date : ngày hai mươi hai tháng năm] là thứ mấy,['ngày' 'hai' 'mươi' 'hai' 'tháng' 'năm' 'là' 'thứ' 'mấy'],['date' 'date' 'date' 'date' 'date' 'date' 'Other' 'Other' 'Other'],0,datetime_query,datetime,4.38,48000,1,True,SVM_CLOSED_SET,SVM_EXPERIMENTAL,b5a48574dbcbbf5ec83c00f0473f8603335e10c6270d0c7050d1a3ef9bdb3410,SVM_CLOSED_SET,TRAIN,svm_closed_set_train
9817,dev/47f999bd2ac4b4882a85711b8c03fa4e.wav,validation,SVM,vi-VN,6552b16899091e4aaa587d1b,exp_svm_spk_0001,Male,33,làm ơn tiếp tục phát phần phát lại này trong sách nói,làm ơn [player_setting : tiếp tục phát] phần phát lại này trong [media_type : sách nói],"['làm' 'ơn' 'tiếp' 'tục' 'phát' 'phần' 'phát' 'lại' 'này' 'trong'
 'sách' 'nói']","['Other' 'Other' 'player_setting' 'player_setting' 'player_setting'
 'Other' 'Other' 'Other' 'Other' 'Other' 'media_type' 'media_type']",20,play_audiobook,play,4.44,48000,1,True,SVM_CLOSED_SET,SVM_EXPERIMENTAL,ba4754ca40cc445cb21450c62635ff4ef28314396690f7a269daaa97569219c7,SVM_CLOSED_SET,TRAIN,svm_closed_set_train
16160,dev/efee990d70d94f517924628e75fd6077.wav,validation,SVM,vi-VN,6552b16899091e4aaa587d1b,exp_svm_spk_0001,Male,33,mở phản hồi,mở phản hồi,['mở' 'phản' 'hồi'],['Other' 'Other' 'Other'],33,email_sendemail,email,1.32,48000,1,True,SVM_CLOSED_SET,SVM_EXPERIMENTAL,0ed983e072d1348f253e3181b7cad44b705b91f221968d8274b508907b879cad,SVM_CLOSED_SET,TRAIN,svm_closed_set_train
6140,dev/a0520e4f4f84f04bec60b34d09a99684.wav,validation,SVM,vi-VN,6552b16899091e4aaa587d1b,exp_svm_spk_0001,Male,33,olly tôi có nên mang găng tay hay không,olly tôi có nên mang [weather_descriptor : găng tay] hay không,['olly' 'tôi' 'có' 'nên' 'mang' 'găng' 'tay' 'hay' 'không'],"['Other' 'Other' 'Other' 'Other' 'Other' 'weather_descriptor'
 'weather_descriptor' 'Other' 'Other']",13,weather_query,weather,2.82,48000,1,True,SVM_CLOSED_SET,SVM_EXPERIMENTAL,7311fe8cce7b63e4d8c3f160028c6860862a23e2fb1bc83870f293678ddcf61a,SVM_CLOSED_SET,TRAIN,svm_closed_set_train
14971,dev/362f1ce30ce347444e14a62cafd91ce1.wav,validation,SVM,vi-VN,6552b16899091e4aaa587d1b,exp_svm_spk_0001,Male,33,cho tôi biết thế giới bắt đầu như thế nào,cho tôi biết thế giới bắt đầu như thế nào,['cho' 'tôi' 'biết' 'thế' 'giới' 'bắt' 'đầu' 'như' 'thế' 'nào'],"['Other' 'Other' 'Other' 'Other' 'Other' 'Other' 'Other' 'Other' 'Other'
 'Other']",12,general_quirky,general,2.1,48000,1,True,SVM_CLOSED_SET,SVM_EXPERIMENTAL,0006f7a66e72a65cbd49e313e5c0cc838343fa62b1579ff7fdd0e45e334e7a82,SVM_CLOSED_SET,TRAIN,svm_closed_set_train
8463,dev/67252740079d35c30c36c60ab5038615.wav,validation,SVM,vi-VN,6552b16899091e4aaa587d1b,exp_svm_spk_0001,Male,33,xoá khỏi lịch của tôi sự kiện một giờ chiều hôm nay,xoá khỏi lịch của tôi sự kiện [time : một giờ chiều] [date : hôm nay],"['xoá' 'khỏi' 'lịch' 'của' 'tôi' 'sự' 'kiện' 'một' 'giờ' 'chiều' 'hôm'
 'nay']","['Other' 'Other' 'Other' 'Other' 'Other' 'Other' 'Other' 'time' 'time'
 'time' 'date' 'date']",30,calendar_remove,calendar,5.04,48000,1,True,SVM_CLOSED_SET,SVM_EXPERIMENTAL,1300de36068aaf511b2f25b7c8f6f070c722068d5238e32b34197d9b9c79e20e,SVM_CLOSED_SET,TRAIN,svm_closed_set_train
5282,dev/ccf82da09ac253ff7456d4328dc1edac.wav,validation,SVM,vi-VN,6552b16899091e4aaa587d1b,exp_svm_spk_0001,Male,33,cho tôi xem tin tức trực tiếp từ b. b. c.,cho tôi xem tin tức trực tiếp từ b. b. c.,['cho' 'tôi' 'xem' 'tin' 'tức' 'trực' 'tiếp' 'từ' 'b.' 'b.' 'c.'],"['Other' 'Other' 'Other' 'Other' 'Other' 'Other' 'Other' 'Other' 'Other'
 'Other' 'Other']",22,news_query,news,3.36,48000,1,True,SVM_CLOSED_SET,SVM_EXPERIMENTAL,355ad391c6fa2e1c0c85415abed28626d807c214f5707fecb61a09c41806b55e,SVM_CLOSED_SET,TRAIN,svm_closed_set_train
1943,dev/b2d05628fd5efe16eef23c4aa6a1715d.wav,validation,SVM,vi-VN,6552b16899091e4aaa587d1b,exp_svm_spk_0001,Male,33,bắt đầu dọn nhà,bắt đầu dọn [house_place : nhà],['bắt' 'đầu' 'dọn' 'nhà'],['Other' 'Other' 'Other' 'house_place'],34,iot_cleaning,iot,1.74,48000,1,True,SVM_CLOSED_SET,SVM_EXPERIMENTAL,abcf93e18e4a53e9cf6d06a9c5673860a69ffd2437181c6d23bed997295de79e,SVM_CLOSED_SET,TRAIN,svm_closed_set_train
12303,dev/986616e566da1f4fe5a9f4ba7ccb4e10.wav,validation,SVM,vi-VN,6552b16899091e4aaa587d1b,exp_svm_spk_0001,Male,33,thời gian chuyến tàu hỏa từ vinh đến hội an,thời gian chuyến [transport_type : tàu hỏa] từ [place_name : vinh] đến [place_name : hội an],['thời' 'gian' 'chuyến' 'tàu' 'hỏa' 'từ' 'vinh' 'đến' 'hội' 'an'],"['Other' 'Other' 'Other' 'transport_type' 'transport_type' 'Other'
 'place_name' 'Other' 'place_name' 'place_name']",42,transport_query,transport,3.36,48000,1,True,SVM_CLOSED_SET,SVM_EXPERIMENTAL,af928bf32a56784e2667c022edf8efed39c0f9b23e17744f11f64485fb4db76b,SVM_CLOSED_SET,TRAIN,svm_closed_set_train
5526,dev/bfaba0d29bcc1aad8fc2e82c0ba83fd9.wav,validation,SVM,vi-VN,6552b16899091e4aaa587d1b,exp_svm_spk_0001,Male,33,chỉnh tắt tiếng cho đến khi được bật lại,chỉnh tắt tiếng cho đến khi được bật lại,['chỉnh' 'tắt' 'tiếng' 'cho' 'đến' 'khi' 'được' 'bật' 'lại'],['Other' 'Other' 'Other' 'Other' 'Other' 'Other' 'Other' 'Other' 'Other'],46,audio_volume_mute,audio,3.12,48000,1,True,SVM_CLOSED_SET,SVM_EXPERIMENTAL,c97a7a165daf04033409f36a60941650db11e7510e0381c268be1744908be203,SVM_CLOSED_SET,TRAIN,svm_closed_set_train
15219,dev/0a162d6e368281fe87d622b4a2c16afc.wav,validation,SVM,vi-VN,6552b16899091e4aaa587d1b,exp_svm_spk_0001,Male,33,bài này cực hay bạn có thể share link facebook cho mình được không,bài này cực hay bạn có thể share link [media_type : facebook] cho mình được không,"['bài' 'này' 'cực' 'hay' 'bạn' 'có' 'thể' 'share' 'link' 'facebook' 'cho'
 'mình' 'được' 'không']","['Other' 'Other' 'Other' 'Other' 'Other' 'Other' 'Other' 'Other' 'Other'
 'media_type' 'Other' 'Other' 'Other' 'Other']",47,social_post,social,4.56,48000,1,True,SVM_CLOSED_SET,SVM_EXPERIMENTAL,cfad51469ae8eb4457f6770070b0f82c690df3c95799543975ed340f754070cd,SVM_CLOSED_SET,TRAIN,svm_closed_set_train
12439,dev/c4dd47ae7bf112e1f8ec6a2ffcb1d2a0.wav,validation,SVM,vi-VN,6552b16899091e4aaa587d1b,exp_svm_spk_0001,Male,33,làm thế nào để tôi đi từ hà nội đến thành phố vinh,làm thế nào để tôi đi từ [place_name : hà nội] đến [place_name : thành phố vinh],"['làm' 'thế' 'nào' 'để' 'tôi' 'đi' 'từ' 'hà' 'nội' 'đến' 'thành' 'phố'
 'vinh']","['Other' 'Other' 'Other' 'Other' 'Other' 'Other' 'Other' 'place_name'
 'place_name' 'Other' 'place_name' 'place_name' 'place_name']",42,transport_query,transport,3.78,48000,1,True,SVM_CLOSED_SET,SVM_EXPERIMENTAL,83fc4dcb6ef7f1a04ddb1e64fa36fa4556439902c56d1ad1f1f312f0077cafe1,SVM_CLOSED_SET,TRAIN,svm_closed_set_train
5393,dev/1859544c6f7420866b15bea3ffc0b9ff.wav,validation,SVM,vi-VN,6552b16899091e4aaa587d1b,exp_svm_spk_0001,Male,33,tăng âm lượng,tăng âm lượng,['tăng' 'âm' 'lượng'],['Other' 'Other' 'Other'],14,audio_volume_up,audio,1.38,48000,1,True,SVM_CLOSED_SET,SVM_EXPERIMENTAL,7aa3a247f0de33ff0dde2026d0866e0e040c64a2040523fd3a3596192d8d5fa4,SVM_CLOSED_SET,TRAIN,svm_closed_set_train
7201,dev/24bcda3536e907019fccd68111d3ba6c.wav,validation,SVM,vi-VN,6552b16899091e4aaa587d1b,exp_svm_spk_0001,Male,33,tôi sẽ làm gì vào tuần tới,tôi sẽ làm gì vào [date : tuần tới],['tôi' 'sẽ' 'làm' 'gì' 'vào' 'tuần' 'tới'],['Other' 'Other' 'Other' 'Other' 'Other' 'date' 'date'],32,calendar_query,calendar,2.28,48000,1,True,SVM_CLOSED_SET,SVM_EXPERIMENTAL,ba60376f1777c5b4a69d91f63da9b331ec75148bc0512d62b3eb163251cb75a9,SVM_CLOSED_SET,TRAIN,svm_closed_set_train
3528,dev/453438cdd54d85a06d1d90ab88f034f5.wav,validation,SVM,vi-VN,6552b16899091e4aaa587d1b,exp_svm_spk_0001,Male,33,lấy cho tôi đồ ăn mang đi,lấy cho tôi đồ ăn [order_type : mang đi],['lấy' 'cho' 'tôi' 'đồ' 'ăn' 'mang' 'đi'],['Other' 'Other' 'Other' 'Other' 'Other' 'order_type' 'order_type'],16,takeaway_order,takeaway,3.06,48000,1,True,SVM_CLOSED_SET,SVM_EXPERIMENTAL,cbd9fb8a68dc46a0efdcb4e3633821b2ebc63e5febc1c5d1cacccb168ce8c08e,SVM_CLOSED_SET,TRAIN,svm_closed_set_train
13490,dev/0fa3165b7c82e23d51766f32aa22db24.wav,validation,SVM,vi-VN,6552b16899091e4aaa587d1b,exp_svm_spk_0001,Male,33,có mối tương quan giữa thời tiết ở cần thơ và giá tại nasdaq trong tuần rồi không,có mối tương quan giữa thời tiết ở [place_name : cần thơ] và giá tại nasdaq trong [date : tuần rồi] không,"['có' 'mối' 'tương' 'quan' 'giữa' 'thời' 'tiết' 'ở' 'cần' 'thơ' 'và' 'giá'
 'tại' 'nasdaq' 'trong' 'tuần' 'rồi' 'không']","['Other' 'Other' 'Other' 'Other' 'Other' 'Other' 'Other' 'Other'
 'place_name' 'place_name' 'Other' 'Other' 'Other' 'Other' 'Other' 'date'
 'date' 'Other']",12,general_quirky,general,6.72,48000,1,True,SVM_CLOSED_SET,SVM_EXPERIMENTAL,7afd4779251056f2c53cc911fa27214f81c2a81b2b578221f815de3ff1f67482,SVM_CLOSED_SET,TRAIN,svm_closed_set_train
6908,dev/fa166770e66a6cce613cafb50ae4b122.wav,validation,SVM,vi-VN,6552b16899091e4aaa587d1b,exp_svm_spk_0001,Male,33,tôi cần lời nhắc mỗi ngày lúc chín giờ sáng,tôi cần lời nhắc [general_frequency : mỗi ngày] lúc [time : chín giờ sáng],['tôi' 'cần' 'lời' 'nhắc' 'mỗi' 'ngày' 'lúc' 'chín' 'giờ' 'sáng'],"['Other' 'Other' 'Other' 'Other' 'general_frequency' 'general_frequency'
 'Other' 'time' 'time' 'time']",50,calendar_set,calendar,3.18,48000,1,True,SVM_CLOSED_SET,SVM_EXPERIMENTAL,c1f3de5349c48556aea9a485edd406a47e81828a1b58aba3258431712ba655a2,SVM_CLOSED_SET,TRAIN,svm_closed_set_train
5943,dev/af7d49c3cc85ce6b16d692193034ceb8.wav,validation,SVM,vi-VN,6552b16899091e4aaa587d1b,exp_svm_spk_0001,Male,33,thương mại quốc tế và thị trường kinh doanh,[news_topic : thương mại quốc tế và thị trường kinh doanh],['thương' 'mại' 'quốc' 'tế' 'và' 'thị' 'trường' 'kinh' 'doanh'],"['news_topic' 'news_topic' 'news_topic' 'news_topic' 'news_topic'
 'news_topic' 'news_topic' 'news_topic' 'news_topic']",22,news_query,news,2.64,48000,1,True,SVM_CLOSED_SET,SVM_EXPERIMENTAL,1e8d65982396ba12d0ab8a85eccf8aab7892ded5e7c3a2867f9afe0215ac0bfa,SVM_CLOSED_SET,TRAIN,svm_closed_set_train
4129,dev/236a2270a2d7d30407562f775dfd7c90.wav,validation,SVM,vi-VN,6552b16899091e4aaa587d1b,exp_svm_spk_0001,Male,33,tôi đã đặt báo thức nào ngay bây giờ,tôi đã đặt báo thức nào ngay bây giờ,['tôi' 'đã' 'đặt' 'báo' 'thức' 'nào' 'ngay' 'bây' 'giờ'],['Other' 'Other' 'Other' 'Other' 'Other' 'Other' 'Other' 'Other' 'Other'],23,alarm_query,alarm,4.02,48000,1,True,SVM_CLOSED_SET,SVM_EXPERIMENTAL,6e5e30bc90b53750104cd4d69200a3c38b8db63a2dc31ba9011b80c5f29046c0,SVM_CLOSED_SET,TRAIN,svm_closed_set_train
13844,dev/fc7afc479ff8f487aaa722602777bf7e.wav,validation,SVM,vi-VN,6552b16899091e4aaa587d1b,exp_svm_spk_0001,Male,33,tom hanks bao nhiêu tuổi,[person : tom hanks] bao nhiêu tuổi,['tom' 'hanks' 'bao' 'nhiêu' 'tuổi'],['person' 'person' 'Other' 'Other' 'Other'],49,qa_factoid,qa,1.92,48000,1,True,SVM_CLOSED_SET,SVM_EXPERIMENTAL,f60bcf4c58d8a9d64bd0b9d13ca122444c04ba8bb2eb3261e18c378309e9edef,SVM_CLOSED_SET,TRAIN,svm_closed_set_train
2851,dev/dd2e47f157d6268f4a911926f52cc4dd.wav,validation,SVM,vi-VN,6552b16899091e4aaa587d1b,exp_svm_spk_0001,Male,33,domino có bán mang đi phải không,[business_name : domino] có bán [order_type : mang đi] phải không,['domino' 'có' 'bán' 'mang' 'đi' 'phải' 'không'],['business_name' 'Other' 'Other' 'order_type' 'order_type' 'Other' 'Other'],3,takeaway_query,takeaway,2.58,48000,1,True,SVM_CLOSED_SET,SVM_EXPERIMENTAL,ad9f1885b94761d52cadfbc62be663187d88f07674f26522cdf302ad4a138888,SVM_CLOSED_SET,TRAIN,svm_closed_set_train
15047,dev/b522995c949ebf8bb8d1f5141b2e9c92.wav,validation,SVM,vi-VN,6552b16899091e4aaa587d1b,exp_svm_spk_0001,Male,33,này olly định nghĩa của bị động là gì,này olly định nghĩa của [definition_word : bị động] là gì,['này' 'olly' 'định' 'nghĩa' 'của' 'bị' 'động' 'là' 'gì'],"['Other' 'Other' 'Other' 'Other' 'Other' 'definition_word'
 'definition_word' 'Other' 'Other']",26,qa_definition,qa,3.72,48000,1,True,SVM_CLOSED_SET,SVM_EXPERIMENTAL,fad5a4ce5a632bafa177744eed5c29ed9da5bc138bb5ef27bc6e5b7adf44ed78,SVM_CLOSED_SET,TRAIN,svm_closed_set_train
10865,dev/ef9d824186fd2474fc60cb62f4d24ee5.wav,validation,SVM,vi-VN,6552b16899091e4aaa587d1b,exp_svm_spk_0001,Male,33,olly tôi còn gì trong danh sách,olly tôi còn gì trong danh sách,['olly' 'tôi' 'còn' 'gì' 'trong' 'danh' 'sách'],['Other' 'Other' 'Other' 'Other' 'Other' 'Other' 'Other'],59,lists_query,lists,2.22,48000,1,True,SVM_CLOSED_SET,SVM_EXPERIMENTAL,2b4a5a06b422fab1f31e7225b3ed4d2a6b5e07659928cf2d9b299b7ee2027893,SVM_CLOSED_SET,TRAIN,svm_closed_set_train
2312,dev/a0e95dde08822835f876b57b20220688.wav,validation,SVM,vi-VN,6552b16899091e4aaa587d1b,exp_svm_spk_0001,Male,33,olly cho các đèn xuống tới số bảy,olly cho các đèn xuống [change_amount : tới số bảy],['olly' 'cho' 'các' 'đèn' 'xuống' 'tới' 'số' 'bảy'],"['Other' 'Other' 'Other' 'Other' 'Other' 'change_amount' 'change_amount'
 'change_amount']",31,iot_hue_lightdim,iot,3.24,48000,1,True,SVM_CLOSED_SET,SVM_EXPERIMENTAL,6aba37c81e2570de8695a5301ddc2627ecc95b99a2ec31a25d5220f9449c68ca,SVM_CLOSED_SET,TRAIN,svm_closed_set_train
8491,dev/d1ded210ed98187a2207cd3cf7bdc099.wav,validation,SVM,vi-VN,6552b16899091e4aaa587d1b,exp_svm_spk_0001,Male,33,những điểm nổi bật từ trận bóng đá tối nay là gì,những điểm nổi bật từ [sport_type : trận bóng đá] [timeofday : tối nay] là gì,['những' 'điểm' 'nổi' 'bật' 'từ' 'trận' 'bóng' 'đá' 'tối' 'nay' 'là' 'gì'],"['Other' 'Other' 'Other' 'Other' 'Other' 'sport_type' 'sport_type'
 'sport_type' 'timeofday' 'timeofday' 'Other' 'Other']",32,calendar_query,calendar,3.66,48000,1,True,SVM_CLOSED_SET,SVM_EXPERIMENTAL,6e6647099eebc1b003127c23c22838c1f6cf4a7b71fc894d9d2ffd2e159a40b9,SVM_CLOSED_SET,TRAIN,svm_closed_set_train
5541,dev/6b1e2274e8aaedd49d0955ce995f0b77.wav,validation,SVM,vi-VN,6552b16899091e4aaa587d1b,exp_svm_spk_0001,Male,33,cho tôi biết thời gian báo thức buổi sáng của các ngày trong tuần,cho tôi biết thời gian báo thức [timeofday : buổi sáng] của [date : các ngày trong tuần],"['cho' 'tôi' 'biết' 'thời' 'gian' 'báo' 'thức' 'buổi' 'sáng' 'của' 'các'
 'ngày' 'trong' 'tuần']","['Other' 'Other' 'Other' 'Other' 'Other' 'Other' 'Other' 'timeofday'
 'timeofday' 'Other' 'date' 'date' 'date' 'date']",23,alarm_query,alarm,3.9,48000,1,True,SVM_CLOSED_SET,SVM_EXPERIMENTAL,b4e2180023efa13e9a1c72a66cc409035cb7fe0c97c03774d322a03e9751602e,SVM_CLOSED_SET,TRAIN,svm_closed_set_train
15207,dev/c60882f44571aa97e774b26511e478d4.wav,validation,SVM,vi-VN,6552b16899091e4aaa587d1b,exp_svm_spk_0001,Male,33,tôi muốn cập nhật facebook của tôi mỗi ba tiếng đồng hồ,tôi muốn cập nhật [media_type : facebook] của tôi [general_frequency : mỗi ba tiếng đồng hồ],"['tôi' 'muốn' 'cập' 'nhật' 'facebook' 'của' 'tôi' 'mỗi' 'ba' 'tiếng'
 'đồng' 'hồ']","['Other' 'Other' 'Other' 'Other' 'media_type' 'Other' 'Other'
 'general_frequency' 'general_frequency' 'general_frequency'
 'general_frequency' 'general_frequency']",27,social_query,social,3.6,48000,1,True,SVM_CLOSED_SET,SVM_EXPERIMENTAL,b998fd5043eed668c8de3403598f25309e7344ab6cacf08d1d5bb939d1db7d68,SVM_CLOSED_SET,TRAIN,svm_closed_set_train
711,dev/8384989b7e22cb5b314f8ac1102cce41.wav,validation,SVM,vi-VN,6552b16899091e4aaa587d1b,exp_svm_spk_0001,Male,33,đọc những tiêu đề từ tờ tuổi trẻ,đọc những tiêu đề từ [media_type : tờ tuổi trẻ],['đọc' 'những' 'tiêu' 'đề' 'từ' 'tờ' 'tuổi' 'trẻ'],"['Other' 'Other' 'Other' 'Other' 'Other' 'media_type' 'media_type'
 'media_type']",22,news_query,news,3.9,48000,1,True,SVM_CLOSED_SET,SVM_EXPERIMENTAL,cb8df9b2c8f637469b28bf3e9ba4cc5721ab1927477e84d20f3aba99d2083755,SVM_CLOSED_SET,TRAIN,svm_closed_set_train
8207,dev/b23a7becf1e2805fb959c69c779aa99c.wav,validation,SVM,vi-VN,6552b16899091e4aaa587d1b,exp_svm_spk_0001,Male,33,tôi phải làm cái gì trong buổi sáng giữa mười giờ và mười hai giờ,tôi phải làm [time : cái gì] trong [time : buổi sáng giữa mười giờ và mười hai giờ],"['tôi' 'phải' 'làm' 'cái' 'gì' 'trong' 'buổi' 'sáng' 'giữa' 'mười' 'giờ'
 'và' 'mười' 'hai' 'giờ']","['Other' 'Other' 'Other' 'time' 'time' 'Other' 'time' 'time' 'time' 'time'
 'time' 'time' 'time' 'time' 'time']",32,calendar_query,calendar,4.98,48000,1,True,SVM_CLOSED_SET,SVM_EXPERIMENTAL,a1be29fe8620f845c8d918a3ffa75ffe1953ddb6ccf52c9e516aa2472202ffb1,SVM_CLOSED_SET,TRAIN,svm_closed_set_train
3589,dev/218a06cc835a74c0d940782f91e6fbdf.wav,validation,SVM,vi-VN,6552b16899091e4aaa587d1b,exp_svm_spk_0001,Male,33,thời tiết tuần này thế nào,thời tiết [date : tuần này] thế nào,['thời' 'tiết' 'tuần' 'này' 'thế' 'nào'],['Other' 'Other' 'date' 'date' 'Other' 'Other'],13,weather_query,weather,1.68,48000,1,True,SVM_CLOSED_SET,SVM_EXPERIMENTAL,c9cd49160bb049c5991c2def98f6863abe897147f64661cdd41669b04c244ad8,SVM_CLOSED_SET,TRAIN,svm_closed_set_train
3712,dev/df66b65cc9eb8fdd1d1c1d1c8c23488e.wav,validation,SVM,vi-VN,6552b16899091e4aaa587d1b,exp_svm_spk_0001,Male,33,phát danh danh phát đỉnh của tôi gần đây,phát danh danh phát đỉnh của tôi gần đây,['phát' 'danh' 'danh' 'phát' 'đỉnh' 'của' 'tôi' 'gần' 'đây'],['Other' 'Other' 'Other' 'Other' 'Other' 'Other' 'Other' 'Other' 'Other'],45,play_music,play,3.84,48000,1,True,SVM_CLOSED_SET,SVM_EXPERIMENTAL,79983eaf184f9e332a75ffc646671f15cf4028c56a2bda4d71ba1f73a92d7405,SVM_CLOSED_SET,TRAIN,svm_closed_set_train
6905,dev/6dd51f6a0c99dc5e519c6253ea5e52a2.wav,validation,SVM,vi-VN,6552b16899091e4aaa587d1b,exp_svm_spk_0001,Male,33,nó rất khó,nó rất khó,['nó' 'rất' 'khó'],['Other' 'Other' 'Other'],12,general_quirky,general,1.62,48000,1,True,SVM_CLOSED_SET,SVM_EXPERIMENTAL,8c1d03c34362fff3a319c0bad68697019941445fee6edcf2c2ff5b9ca012aa0c,SVM_CLOSED_SET,TRAIN,svm_closed_set_train
4822,dev/20b2e51e2689f4d32c38a4cc4c99434c.wav,validation,SVM,vi-VN,6552b16899091e4aaa587d1b,exp_svm_spk_0001,Male,33,khi nào mặt trời lặn,khi nào mặt trời lặn,['khi' 'nào' 'mặt' 'trời' 'lặn'],['Other' 'Other' 'Other' 'Other' 'Other'],49,qa_factoid,qa,2.7,48000,1,True,SVM_CLOSED_SET,SVM_EXPERIMENTAL,0bfd25e18a42ced10af45abf486d2a8939050b958dfb5471205e9505a6817c00,SVM_CLOSED_SET,TRAIN,svm_closed_set_train
13470,dev/da27ef9f2d4c3e6648b6ae53a093dd2b.wav,validation,SVM,vi-VN,6552b16899091e4aaa587d1b,exp_svm_spk_0001,Male,33,bạn nghĩ gì về ba định luật của người máy,bạn nghĩ gì về ba định luật của người máy,['bạn' 'nghĩ' 'gì' 'về' 'ba' 'định' 'luật' 'của' 'người' 'máy'],"['Other' 'Other' 'Other' 'Other' 'Other' 'Other' 'Other' 'Other' 'Other'
 'Other']",12,general_quirky,general,3.12,48000,1,True,SVM_CLOSED_SET,SVM_EXPERIMENTAL,68c9616b6999aaac66fb081af52e7ed8b8cb44acd8ba6b3b0c148e4391fc6b26,SVM_CLOSED_SET,TRAIN,svm_closed_set_train
9189,dev/75677deef3c3b8edb8245be624c5b005.wav,validation,SVM,vi-VN,6552b16899091e4aaa587d1b,exp_svm_spk_0001,Male,33,nhắc tôi cuộc họp trong một giờ,nhắc tôi [event_name : cuộc họp] trong [time : một giờ],['nhắc' 'tôi' 'cuộc' 'họp' 'trong' 'một' 'giờ'],['Other' 'Other' 'event_name' 'event_name' 'Other' 'time' 'time'],50,calendar_set,calendar,3.0,48000,1,True,SVM_CLOSED_SET,SVM_EXPERIMENTAL,1935c5d57195c1c94772266169cbc3572061d5741ebe1158ce9b98b76c2c84e4,SVM_CLOSED_SET,TRAIN,svm_closed_set_train
17102,dev/73ec61f5c4ca894d4b7f3854eac741e2.wav,validation,SVM,vi-VN,6552b16899091e4aaa587d1b,exp_svm_spk_0001,Male,33,gọi số điện thoại sơn,gọi [personal_info : số điện thoại] [person : sơn],['gọi' 'số' 'điện' 'thoại' 'sơn'],['Other' 'personal_info' 'personal_info' 'personal_info' 'person'],17,email_querycontact,email,1.86,48000,1,True,SVM_CLOSED_SET,SVM_EXPERIMENTAL,f9b1c51216c45b105508cac22f21db57cf885577ae4df02ec837ad1a9a319c21,SVM_CLOSED_SET,TRAIN,svm_closed_set_train
2003,dev/c65ee5b5a64f62d2a4c54f70680499d0.wav,validation,SVM,vi-VN,6552b16899091e4aaa587d1b,exp_svm_spk_0001,Male,33,vui lòng tắt đi,vui lòng tắt đi,['vui' 'lòng' 'tắt' 'đi'],['Other' 'Other' 'Other' 'Other'],46,audio_volume_mute,audio,1.44,48000,1,True,SVM_CLOSED_SET,SVM_EXPERIMENTAL,d809f862ff365fd2f3832302e43a4d99d5f92e0426b99a76ae7e880dfeedd79c,SVM_CLOSED_SET,TRAIN,svm_closed_set_train
17017,dev/d41047456c57771dfd5c4cf0267923a2.wav,validation,SVM,vi-VN,6552b16899091e4aaa587d1b,exp_svm_spk_0001,Male,33,lưu email vào danh bạ,lưu email vào danh bạ,['lưu' 'email' 'vào' 'danh' 'bạ'],['Other' 'Other' 'Other' 'Other' 'Other'],15,email_addcontact,email,2.52,48000,1,True,SVM_CLOSED_SET,SVM_EXPERIMENTAL,af8a6d7b61886cf79d2b4e3212380ce686f9fed6065eeaea35505926a44fd7e7,SVM_CLOSED_SET,TRAIN,svm_closed_set_train
7999,dev/3f9354c4feaf905147cad52328078a47.wav,validation,SVM,vi-VN,6552b16899091e4aaa587d1b,exp_svm_spk_0001,Male,33,vui lòng hủy hội nghị phụ huynh giáo viên được lên lịch vào ngày bảy tháng ba,vui lòng hủy [event_name : hội nghị phụ huynh giáo viên] được lên lịch vào [date : ngày bảy tháng ba],"['vui' 'lòng' 'hủy' 'hội' 'nghị' 'phụ' 'huynh' 'giáo' 'viên' 'được'
 'lên' 'lịch' 'vào' 'ngày' 'bảy' 'tháng' 'ba']","['Other' 'Other' 'Other' 'event_name' 'event_name' 'event_name'
 'event_name' 'event_name' 'event_name' 'Other' 'Other' 'Other' 'Other'
 'date' 'date' 'date' 'date']",30,calendar_remove,calendar,6.42,48000,1,True,SVM_CLOSED_SET,SVM_EXPERIMENTAL,e3630320a7a9388a06d998a38b337835742a9b8d4a9372b1316a8c5e011e46ae,SVM_CLOSED_SET,TRAIN,svm_closed_set_train
12107,dev/456a3a61f02a53307dfca1c8d264239a.wav,validation,SVM,vi-VN,6552b16899091e4aaa587d1b,exp_svm_spk_0001,Male,33,tôi cần một nơi giao pizza ở vũng tàu,tôi cần một nơi giao [food_type : pizza] ở [place_name : vũng tàu],['tôi' 'cần' 'một' 'nơi' 'giao' 'pizza' 'ở' 'vũng' 'tàu'],"['Other' 'Other' 'Other' 'Other' 'Other' 'food_type' 'Other' 'place_name'
 'place_name']",19,recommendation_locations,recommendation,2.58,48000,1,True,SVM_CLOSED_SET,SVM_EXPERIMENTAL,6f5840e26d20dda787f3103a734a4e09b8f16eb510add7438d749d5820122db5,SVM_CLOSED_SET,TRAIN,svm_closed_set_train
8133,dev/638fc20175e4baf5acaac2f6f5575c62.wav,validation,SVM,vi-VN,6552b16899091e4aaa587d1b,exp_svm_spk_0001,Male,33,đặt lời nhắc lúc ba giờ chiều để đón bin,đặt lời nhắc lúc [time : ba giờ chiều] để đón [person : bin],['đặt' 'lời' 'nhắc' 'lúc' 'ba' 'giờ' 'chiều' 'để' 'đón' 'bin'],"['Other' 'Other' 'Other' 'Other' 'time' 'time' 'time' 'Other' 'Other'
 'person']",50,calendar_set,calendar,3.6,48000,1,True,SVM_CLOSED_SET,SVM_EXPERIMENTAL,f51aa0631533ffd61004a8db26adcd85e96fff86db569607cfe55c8dd2095fb4,SVM_CLOSED_SET,TRAIN,svm_closed_set_train
12950,dev/cc77c4ab501820b4bf8112513f4bebb2.wav,validation,SVM,vi-VN,6552b16899091e4aaa587d1b,exp_svm_spk_0001,Male,33,việt nam dùng đơn vị tiền tệ gì,[place_name : việt nam] dùng đơn vị tiền tệ gì,['việt' 'nam' 'dùng' 'đơn' 'vị' 'tiền' 'tệ' 'gì'],['place_name' 'place_name' 'Other' 'Other' 'Other' 'Other' 'Other' 'Other'],10,qa_currency,qa,2.82,48000,1,True,SVM_CLOSED_SET,SVM_EXPERIMENTAL,b498c9676a9c065617fe1fba75cfb0624367f95b1e5e0e7ad5dbf4303303b32c,SVM_CLOSED_SET,TRAIN,svm_closed_set_train
11928,dev/711a2e5760f27114eff6a2769d50acb2.wav,validation,SVM,vi-VN,6552b16899091e4aaa587d1b,exp_svm_spk_0001,Male,33,sự kiện gì đang diễn ra ở hải phòng,sự kiện gì đang diễn ra ở [place_name : hải phòng],['sự' 'kiện' 'gì' 'đang' 'diễn' 'ra' 'ở' 'hải' 'phòng'],"['Other' 'Other' 'Other' 'Other' 'Other' 'Other' 'Other' 'place_name'
 'place_name']",6,recommendation_events,recommendation,3.48,48000,1,True,SVM_CLOSED_SET,SVM_EXPERIMENTAL,011824e5702c0dbc29899a63d0ed5c56991fe046aa7f05d38d1e308d158e1df2,SVM_CLOSED_SET,TRAIN,svm_closed_set_train
16512,dev/88e26d11fb703c58d21d2a6af13ce69a.wav,validation,SVM,vi-VN,6552b16899091e4aaa587d1b,exp_svm_spk_0001,Male,33,gửi email đến mẹ muốn đi mua sắm ngày mai,gửi email đến [relation : mẹ] muốn đi mua sắm [date : ngày mai],['gửi' 'email' 'đến' 'mẹ' 'muốn' 'đi' 'mua' 'sắm' 'ngày' 'mai'],"['Other' 'Other' 'Other' 'relation' 'Other' 'Other' 'Other' 'Other' 'date'
 'date']",33,email_sendemail,email,3.06,48000,1,True,SVM_CLOSED_SET,SVM_EXPERIMENTAL,9ea46abeff565e3023eef22d2f4acde51714ae6673cf1df56563ba4eb930a559,SVM_CLOSED_SET,TRAIN,svm_closed_set_train
15558,dev/d4641429dc2194dcf48aa0d9d03f10e3.wav,validation,SVM,vi-VN,6552b16899091e4aaa587d1b,exp_svm_spk_0001,Male,33,đăng lên facebook aww tôi bị ốm,đăng lên [media_type : facebook] aww tôi bị ốm,['đăng' 'lên' 'facebook' 'aww' 'tôi' 'bị' 'ốm'],['Other' 'Other' 'media_type' 'Other' 'Other' 'Other' 'Other'],47,social_post,social,5.76,48000,1,True,SVM_CLOSED_SET,SVM_EXPERIMENTAL,ebd7881f2745187a3d58794ae5fa9400ccfd78f8b6578a88beef986eaab7e80c,SVM_CLOSED_SET,TRAIN,svm_closed_set_train
5476,dev/1d6502701ebe92d045cfca2a60d91f51.wav,validation,SVM,vi-VN,6537e43c008bb605430a302f,exp_svm_spk_0002,Female,29,thay đổi màu đèn,thay đổi màu đèn,['thay' 'đổi' 'màu' 'đèn'],['Other' 'Other' 'Other' 'Other'],1,iot_hue_lightchange,iot,1.26,48000,1,True,SVM_CLOSED_SET,SVM_EXPERIMENTAL,3d05a974ff77c872ea2b815753b69ec82ee16144b5b7bf965c9c2a1c6f39a1fa,SVM_CLOSED_SET,TRAIN,svm_closed_set_train
7345,dev/f7aabab99c1ca09800fcc271f6ab89b8.wav,validation,SVM,vi-VN,6537e43c008bb605430a302f,exp_svm_spk_0002,Female,29,thêm sinh nhật của mai là ngày mười hai tháng bảy vào lịch của tôi,thêm [event_name : sinh nhật] của [person : mai] là [date : ngày mười hai tháng bảy] vào lịch của tôi,"['thêm' 'sinh' 'nhật' 'của' 'mai' 'là' 'ngày' 'mười' 'hai' 'tháng' 'bảy'
 'vào' 'lịch' 'của' 'tôi']","['Other' 'event_name' 'event_name' 'Other' 'person' 'Other' 'date' 'date'
 'date' 'date' 'date' 'Other' 'Other' 'Other' 'Other']",50,calendar_set,calendar,3.06,48000,1,True,SVM_CLOSED_SET,SVM_EXPERIMENTAL,a68a4636dacec49e1128e703269ec57cdc342ebc5008ac7b1249fd7b9e68d187,SVM_CLOSED_SET,TRAIN,svm_closed_set_train
6483,dev/1be5c7a1360b6df98b7285a9df5df845.wav,validation,SVM,vi-VN,6537e43c008bb605430a302f,exp_svm_spk_0002,Female,29,tôi đã đến vinmart hôm nay,tôi đã đến [place_name : vinmart] [date : hôm nay],['tôi' 'đã' 'đến' 'vinmart' 'hôm' 'nay'],['Other' 'Other' 'Other' 'place_name' 'date' 'date'],12,general_quirky,general,2.1,48000,1,True,SVM_CLOSED_SET,SVM_EXPERIMENTAL,74cac414603c48951bd3b7c3cb03e2bc3295d620f9454b20b8bd2fb1f8e4a1b0,SVM_CLOSED_SET,TRAIN,svm_closed_set_train
11596,dev/a3640050db2a00615fb0c1ef025e3dab.wav,validation,SVM,vi-VN,6537e43c008bb605430a302f,exp_svm_spk_0002,Female,29,có chương trình xiếc chó đang diễn tra gần thành phố hồ chí minh không,có [event_name : chương trình xiếc chó] đang diễn tra gần [place_name : thành phố hồ chí minh] không,"['có' 'chương' 'trình' 'xiếc' 'chó' 'đang' 'diễn' 'tra' 'gần' 'thành'
 'phố' 'hồ' 'chí' 'minh' 'không']","['Other' 'event_name' 'event_name' 'event_name' 'event_name' 'Other'
 'Other' 'Other' 'Other' 'place_name' 'place_name' 'place_name'
 'place_name' 'place_name' 'Other']",6,recommendation_events,recommendation,4.5,48000,1,True,SVM_CLOSED_SET,SVM_EXPERIMENTAL,fb5d6e2429dca6c84511b6e4747197ab15a38fbe87729fe029807d205ea34a07,SVM_CLOSED_SET,TRAIN,svm_closed_set_train
12593,dev/82dabc9869b78f62ecd31c31a2e48665.wav,validation,SVM,vi-VN,6537e43c008bb605430a302f,exp_svm_spk_0002,Female,29,olly vui lòng mua cho tôi một vé xe lửa tới hồ chí minh,olly vui lòng mua cho tôi một vé [transport_type : xe lửa] tới [place_name : hồ chí minh],"['olly' 'vui' 'lòng' 'mua' 'cho' 'tôi' 'một' 'vé' 'xe' 'lửa' 'tới' 'hồ'
 'chí' 'minh']","['Other' 'Other' 'Other' 'Other' 'Other' 'Other' 'Other' 'Other'
 'transport_type' 'transport_type' 'Other' 'place_name' 'place_name'
 'place_name']",2,transport_ticket,transport,3.48,48000,1,True,SVM_CLOSED_SET,SVM_EXPERIMENTAL,87ac3653886d10425e79f58808a12806aa1d030319d691f2a5e02f665db47941,SVM_CLOSED_SET,TRAIN,svm_closed_set_train
12956,dev/45e5bc390f2d9dc48a2b7716c459d483.wav,validation,SVM,vi-VN,6537e43c008bb605430a302f,exp_svm_spk_0002,Female,29,trong trường hợp nào bạn sẽ sử dụng từ bất tiện,trong trường hợp nào bạn sẽ sử dụng từ [definition_word : bất tiện],['trong' 'trường' 'hợp' 'nào' 'bạn' 'sẽ' 'sử' 'dụng' 'từ' 'bất' 'tiện'],"['Other' 'Other' 'Other' 'Other' 'Other' 'Other' 'Other' 'Other' 'Other'
 'definition_word' 'definition_word']",26,qa_definition,qa,2.22,48000,1,True,SVM_CLOSED_SET,SVM_EXPERIMENTAL,c16b0177aec668e967925b18484a5b9d62deb20b2f0ac3509cbac13a613fa05a,SVM_CLOSED_SET,TRAIN,svm_closed_set_train
11621,dev/b1133de64fa1e45363c70c5f524e0a20.wav,validation,SVM,vi-VN,6537e43c008bb605430a302f,exp_svm_spk_0002,Female,29,các sự kiện đang diễn ra gần tôi,các sự kiện đang diễn ra gần tôi,['các' 'sự' 'kiện' 'đang' 'diễn' 'ra' 'gần' 'tôi'],['Other' 'Other' 'Other' 'Other' 'Other' 'Other' 'Other' 'Other'],6,recommendation_events,recommendation,2.46,48000,1,True,SVM_CLOSED_SET,SVM_EXPERIMENTAL,c0a463005874ce11f70a2a94521ec72010683d95f656e8858e8ed473b1a47eb9,SVM_CLOSED_SET,TRAIN,svm_closed_set_train
13231,dev/e119f7d29d214d0140f5a98575b134e8.wav,validation,SVM,vi-VN,6537e43c008bb605430a302f,exp_svm_spk_0002,Female,29,tòa nhà cao nhất,tòa nhà cao nhất,['tòa' 'nhà' 'cao' 'nhất'],['Other' 'Other' 'Other' 'Other'],49,qa_factoid,qa,1.86,48000,1,True,SVM_CLOSED_SET,SVM_EXPERIMENTAL,30359ee155ca6f03c1eb3ce84ac912adeda21ba0bd76904e042c300683c6c16a,SVM_CLOSED_SET,TRAIN,svm_closed_set_train
12891,dev/78d9761bb9845374c23b6ff6df68bda7.wav,validation,SVM,vi-VN,6537e43c008bb605430a302f,exp_svm_spk_0002,Female,29,cho tôi một chuyến tàu hỏa di chuyển từ hà nội đến hồ chí minh,cho tôi một chuyến [transport_type : tàu hỏa] di chuyển từ [place_name : hà nội] đến [place_name : hồ chí minh],"['cho' 'tôi' 'một' 'chuyến' 'tàu' 'hỏa' 'di' 'chuyển' 'từ' 'hà' 'nội'
 'đến' 'hồ' 'chí' 'minh']","['Other' 'Other' 'Other' 'Other' 'transport_type' 'transport_type' 'Other'
 'Other' 'Other' 'place_name' 'place_name' 'Other' 'place_name'
 'place_name' 'place_name']",2,transport_ticket,transport,3.9,48000,1,True,SVM_CLOSED_SET,SVM_EXPERIMENTAL,28b904c91cdba34d625bfd6cf108653b8c6e447eac494a04707d3732b69aba13,SVM_CLOSED_SET,TRAIN,svm_closed_set_train
3602,dev/3f5708131b5e2dec61b4edc05555566a.wav,validation,SVM,vi-VN,6537e43c008bb605430a302f,exp_svm_spk_0002,Female,29,tin tức mới nhất về bầu cử mỹ là gì,tin tức mới nhất về [news_topic : bầu cử mỹ] là gì,['tin' 'tức' 'mới' 'nhất' 'về' 'bầu' 'cử' 'mỹ' 'là' 'gì'],"['Other' 'Other' 'Other' 'Other' 'Other' 'news_topic' 'news_topic'
 'news_topic' 'Other' 'Other']",22,news_query,news,2.58,48000,1,True,SVM_CLOSED_SET,SVM_EXPERIMENTAL,e5f4d83b9309b930ac343e6909fdf2d26a744b22425d477efbb2866ab4461fa7,SVM_CLOSED_SET,TRAIN,svm_closed_set_train
737,dev/8f184ef1d0d129f715fead37f3a28541.wav,validation,SVM,vi-VN,6537e43c008bb605430a302f,exp_svm_spk_0002,Female,29,bạn nói nhỏ giọng lại đi,bạn nói nhỏ giọng lại đi,['bạn' 'nói' 'nhỏ' 'giọng' 'lại' 'đi'],['Other' 'Other' 'Other' 'Other' 'Other' 'Other'],35,audio_volume_down,audio,1.8,48000,1,True,SVM_CLOSED_SET,SVM_EXPERIMENTAL,bb9ffa56ac627b4fabb68cd48e94193d2450c03fc0d19f62b1a3b9af71d1342e,SVM_CLOSED_SET,TRAIN,svm_closed_set_train
13510,dev/5757bfed58ad10b7f6f1ac9d8d214979.wav,validation,SVM,vi-VN,6537e43c008bb605430a302f,exp_svm_spk_0002,Female,29,hai mươi bốn lần hai mươi bốn là bao nhiêu,hai mươi bốn lần hai mươi bốn là bao nhiêu,['hai' 'mươi' 'bốn' 'lần' 'hai' 'mươi' 'bốn' 'là' 'bao' 'nhiêu'],"['Other' 'Other' 'Other' 'Other' 'Other' 'Other' 'Other' 'Other' 'Other'
 'Other']",39,qa_maths,qa,2.46,48000,1,True,SVM_CLOSED_SET,SVM_EXPERIMENTAL,e70ee77510611fe94efaeeae088d197ca4cba4fbb51c9948e56100c3321c2bb5,SVM_CLOSED_SET,TRAIN,svm_closed_set_train
16303,dev/922a877f00a2d6e2392379f43abeb39c.wav,validation,SVM,vi-VN,6537e43c008bb605430a302f,exp_svm_spk_0002,Female,29,bạn có thể kiểm tra xem tôi có bất kỳ thông báo email nào gần đây không,bạn có thể kiểm tra xem tôi có bất kỳ thông báo email nào gần đây không,"['bạn' 'có' 'thể' 'kiểm' 'tra' 'xem' 'tôi' 'có' 'bất' 'kỳ' 'thông' 'báo'
 'email' 'nào' 'gần' 'đây' 'không']","['Other' 'Other' 'Other' 'Other' 'Other' 'Other' 'Other' 'Other' 'Other'
 'Other' 'Other' 'Other' 'Other' 'Other' 'Other' 'Other' 'Other']",44,email_query,email,5.1,48000,1,True,SVM_CLOSED_SET,SVM_EXPERIMENTAL,aa0a23766e9e83248d29dcae8dcb85a0571138d7f9e10e0ecf29b259a8e019eb,SVM_CLOSED_SET,TRAIN,svm_closed_set_train
16176,dev/16cde91f1a3ee031964091241a629ec1.wav,validation,SVM,vi-VN,6537e43c008bb605430a302f,exp_svm_spk_0002,Female,29,soạn phản hồi,soạn phản hồi,['soạn' 'phản' 'hồi'],['Other' 'Other' 'Other'],33,email_sendemail,email,1.62,48000,1,True,SVM_CLOSED_SET,SVM_EXPERIMENTAL,278501b3d945ef0999881b9647f889ac8e794d8122cf2463610a6ba4d5edc36a,SVM_CLOSED_SET,TRAIN,svm_closed_set_train
74,dev/be3f88cba8e77410acbef652fff4b9a8.wav,validation,SVM,vi-VN,6537e43c008bb605430a302f,exp_svm_spk_0002,Female,29,ban nhạc nào đang chơi vậy,ban nhạc nào đang chơi vậy,['ban' 'nhạc' 'nào' 'đang' 'chơi' 'vậy'],['Other' 'Other' 'Other' 'Other' 'Other' 'Other'],57,music_query,music,2.58,48000,1,True,SVM_CLOSED_SET,SVM_EXPERIMENTAL,0f315e89365df3d238acb8e86f7861c71d4587f6410f67df9c0558de9bae1377,SVM_CLOSED_SET,TRAIN,svm_closed_set_train
12886,dev/95318ebb954d7ca83b551b1790fd2e55.wav,validation,SVM,vi-VN,6537e43c008bb605430a302f,exp_svm_spk_0002,Female,29,đặt vé tàu hỏa đi sài gòn,đặt vé [transport_type : tàu hỏa] đi [place_name : sài gòn],['đặt' 'vé' 'tàu' 'hỏa' 'đi' 'sài' 'gòn'],"['Other' 'Other' 'transport_type' 'transport_type' 'Other' 'place_name'
 'place_name']",2,transport_ticket,transport,1.74,48000,1,True,SVM_CLOSED_SET,SVM_EXPERIMENTAL,ff665f8d0ae11308fb6df062b9c58959c71e748c806cc06dfe433ef530d3c60c,SVM_CLOSED_SET,TRAIN,svm_closed_set_train
3865,dev/c587b2565b2e1567e741df36909986c9.wav,validation,SVM,vi-VN,6537e43c008bb605430a302f,exp_svm_spk_0002,Female,29,kết quả của hai trận đấu ucl đang diễn ra ngay bây giờ là bao nhiêu,kết quả của [news_topic : hai trận đấu ucl] đang diễn ra ngay bây giờ là bao nhiêu,"['kết' 'quả' 'của' 'hai' 'trận' 'đấu' 'ucl' 'đang' 'diễn' 'ra' 'ngay'
 'bây' 'giờ' 'là' 'bao' 'nhiêu']","['Other' 'Other' 'Other' 'news_topic' 'news_topic' 'news_topic'
 'news_topic' 'Other' 'Other' 'Other' 'Other' 'Other' 'Other' 'Other'
 'Other' 'Other']",22,news_query,news,4.2,48000,1,True,SVM_CLOSED_SET,SVM_EXPERIMENTAL,30c21e22f42fec257aa6eeddb8b3134d93a3713bc570f4b412991483a558e403,SVM_CLOSED_SET,TRAIN,svm_closed_set_train
8755,dev/4e25bbd2ed80ece150ab32e43aeacd6a.wav,validation,SVM,vi-VN,6537e43c008bb605430a302f,exp_svm_spk_0002,Female,29,bạn có thể vui lòng thêm đặt bữa tối của tôi vào lịch không,bạn có thể vui lòng thêm [event_name : đặt bữa tối] của tôi vào lịch không,"['bạn' 'có' 'thể' 'vui' 'lòng' 'thêm' 'đặt' 'bữa' 'tối' 'của' 'tôi' 'vào'
 'lịch' 'không']","['Other' 'Other' 'Other' 'Other' 'Other' 'Other' 'event_name' 'event_name'
 'event_name' 'Other' 'Other' 'Other' 'Other' 'Other']",50,calendar_set,calendar,3.3,48000,1,True,SVM_CLOSED_SET,SVM_EXPERIMENTAL,bb645d45b6eb180091b2d19454fb4eeb40308c9bd48e2b8903811b37afb15786,SVM_CLOSED_SET,TRAIN,svm_closed_set_train
15215,dev/23fbcce8f85ee7e63a81dafb2962fcfa.wav,validation,SVM,vi-VN,6537e43c008bb605430a302f,exp_svm_spk_0002,Female,29,đăng cái đó trên facebook,đăng cái đó trên [media_type : facebook],['đăng' 'cái' 'đó' 'trên' 'facebook'],['Other' 'Other' 'Other' 'Other' 'media_type'],47,social_post,social,1.62,48000,1,True,SVM_CLOSED_SET,SVM_EXPERIMENTAL,e50e3bb3b17ccac391af7cb12b810845f74a5377fbf278f0efdd32e127b483d9,SVM_CLOSED_SET,TRAIN,svm_closed_set_train
8446,dev/eae55935f15292d8b344298c336dcd66.wav,validation,SVM,vi-VN,6537e43c008bb605430a302f,exp_svm_spk_0002,Female,29,olly nhắc tôi tôi cần phải có mặt ở thư viện một tuần từ hôm nay lúc năm giờ,olly nhắc tôi tôi cần phải có mặt ở [place_name : thư viện] [date : một tuần từ hôm nay] lúc [time : năm giờ],"['olly' 'nhắc' 'tôi' 'tôi' 'cần' 'phải' 'có' 'mặt' 'ở' 'thư' 'viện' 'một'
 'tuần' 'từ' 'hôm' 'nay' 'lúc' 'năm' 'giờ']","['Other' 'Other' 'Other' 'Other' 'Other' 'Other' 'Other' 'Other' 'Other'
 'place_name' 'place_name' 'date' 'date' 'date' 'date' 'date' 'Other'
 'time' 'time']",50,calendar_set,calendar,4.86,48000,1,True,SVM_CLOSED_SET,SVM_EXPERIMENTAL,0472e04b2509097c2bdbfeafa41634ced0f8344a697c2373725b304bbb81a53c,SVM_CLOSED_SET,TRAIN,svm_closed_set_train
11169,dev/0c5682589cf9187bcdcc2e65b0a11406.wav,validation,SVM,vi-VN,6537e43c008bb605430a302f,exp_svm_spk_0002,Female,29,liệt kê những thứ có sẵn,liệt kê những thứ có sẵn,['liệt' 'kê' 'những' 'thứ' 'có' 'sẵn'],['Other' 'Other' 'Other' 'Other' 'Other' 'Other'],59,lists_query,lists,1.62,48000,1,True,SVM_CLOSED_SET,SVM_EXPERIMENTAL,3a76bb9a33cde05891b67da9ad03eaa4c8d48b5af530e0e18839000998344049,SVM_CLOSED_SET,TRAIN,svm_closed_set_train
6603,dev/379c4cc91bfaa6c2180a484f00f27b9f.wav,validation,SVM,vi-VN,6537e43c008bb605430a302f,exp_svm_spk_0002,Female,29,mức độ sưởi ấm vào những thời điểm nào ở cầu giấy,mức độ sưởi ấm vào những thời điểm nào ở [place_name : cầu giấy],['mức' 'độ' 'sưởi' 'ấm' 'vào' 'những' 'thời' 'điểm' 'nào' 'ở' 'cầu' 'giấy'],"['Other' 'Other' 'Other' 'Other' 'Other' 'Other' 'Other' 'Other' 'Other'
 'Other' 'place_name' 'place_name']",12,general_quirky,general,3.9,48000,1,True,SVM_CLOSED_SET,SVM_EXPERIMENTAL,54688387fcb7f2a6bd09f9a7c365248e010bb97eab0ae6621da78064eff3e9ab,SVM_CLOSED_SET,TRAIN,svm_closed_set_train
5064,dev/6b8043a4c5701fe734a064c89360a778.wav,validation,SVM,vi-VN,6537e43c008bb605430a302f,exp_svm_spk_0002,Female,29,thay màu từ sáng sang tối,thay màu từ [color_type : sáng] sang [color_type : tối],['thay' 'màu' 'từ' 'sáng' 'sang' 'tối'],['Other' 'Other' 'Other' 'color_type' 'Other' 'color_type'],1,iot_hue_lightchange,iot,2.16,48000,1,True,SVM_CLOSED_SET,SVM_EXPERIMENTAL,e84688dbd12211ac8d26e21fd547f7b34f90dca98cbc05146e2ad5d97a478d81,SVM_CLOSED_SET,TRAIN,svm_closed_set_train
10412,dev/9470fe24d4764ca57c2fa75858ccdc2a.wav,validation,SVM,vi-VN,6537e43c008bb605430a302f,exp_svm_spk_0002,Female,29,hãy cùng chơi liên minh huyền thoại,hãy cùng chơi [game_name : liên minh huyền thoại],['hãy' 'cùng' 'chơi' 'liên' 'minh' 'huyền' 'thoại'],['Other' 'Other' 'Other' 'game_name' 'game_name' 'game_name' 'game_name'],51,play_game,play,1.62,48000,1,True,SVM_CLOSED_SET,SVM_EXPERIMENTAL,705f4e677d614ee8608567d62b140de6610a22bc286b06f10f43a985e9bc1aed,SVM_CLOSED_SET,TRAIN,svm_closed_set_train
5684,dev/0fe7ca288781122d1d8f17645a4c0be2.wav,validation,SVM,vi-VN,6537e43c008bb605430a302f,exp_svm_spk_0002,Female,29,phát bài hát tiệc tùng,phát [music_descriptor : bài hát tiệc tùng],['phát' 'bài' 'hát' 'tiệc' 'tùng'],"['Other' 'music_descriptor' 'music_descriptor' 'music_descriptor'
 'music_descriptor']",45,play_music,play,1.5,48000,1,True,SVM_CLOSED_SET,SVM_EXPERIMENTAL,ff670533cd8462da259cd1f3951a5d65535cdce25cd88cc3c55cd7f486154edf,SVM_CLOSED_SET,TRAIN,svm_closed_set_train
11699,dev/552d51167470bd5888c38460601fafe7.wav,validation,SVM,vi-VN,6537e43c008bb605430a302f,exp_svm_spk_0002,Female,29,chỉ cho tôi một vài nhà hàng gần với địa điểm của tôinhất,chỉ cho tôi một vài [business_type : nhà hàng] gần với địa điểm của tôinhất,"['chỉ' 'cho' 'tôi' 'một' 'vài' 'nhà' 'hàng' 'gần' 'với' 'địa'
 'điểm' 'của' 'tôinhất']","['Other' 'Other' 'Other' 'Other' 'Other' 'business_type' 'business_type'
 'Other' 'Other' 'Other' 'Other' 'Other' 'Other']",19,recommendation_locations,recommendation,3.36,48000,1,True,SVM_CLOSED_SET,SVM_EXPERIMENTAL,67f47a89861948c77df9ccb16243deda41757e929a8d8002a5734b555a18fd97,SVM_CLOSED_SET,TRAIN,svm_closed_set_train
1210,dev/ebcd0622f6be8b3444e5d3d292dccf9a.wav,validation,SVM,vi-VN,6537e43c008bb605430a302f,exp_svm_spk_0002,Female,29,đặt một bữa ăn ở một nhà hàng ngon,đặt một bữa ăn ở một [business_type : nhà hàng] ngon,['đặt' 'một' 'bữa' 'ăn' 'ở' 'một' 'nhà' 'hàng' 'ngon'],"['Other' 'Other' 'Other' 'Other' 'Other' 'Other' 'business_type'
 'business_type' 'Other']",16,takeaway_order,takeaway,1.86,48000,1,True,SVM_CLOSED_SET,SVM_EXPERIMENTAL,ad7286efb98e1729197e0e93e0968bd4c4b9452a5d5dc7956a5e1c3e05262b72,SVM_CLOSED_SET,TRAIN,svm_closed_set_train
5094,dev/2fde358d33fdb33cdc9d793a735e5159.wav,validation,SVM,vi-VN,6537e43c008bb605430a302f,exp_svm_spk_0002,Female,29,ở đây tối quá,ở đây tối quá,['ở' 'đây' 'tối' 'quá'],['Other' 'Other' 'Other' 'Other'],41,iot_hue_lighton,iot,1.56,48000,1,True,SVM_CLOSED_SET,SVM_EXPERIMENTAL,207a5d5adacf704242bc2390b02b1f259f8d9a2979d736af7e94597b3219095b,SVM_CLOSED_SET,TRAIN,svm_closed_set_train
16249,dev/fd603aa0594d7333594a61238b1a780d.wav,validation,SVM,vi-VN,6537e43c008bb605430a302f,exp_svm_spk_0002,Female,29,thông báo nếu tôi nhận được email nào trong tài khoản email,thông báo nếu tôi nhận được email nào trong tài khoản email,"['thông' 'báo' 'nếu' 'tôi' 'nhận' 'được' 'email' 'nào' 'trong' 'tài'
 'khoản' 'email']","['Other' 'Other' 'Other' 'Other' 'Other' 'Other' 'Other' 'Other' 'Other'
 'Other' 'Other' 'Other']",44,email_query,email,3.42,48000,1,True,SVM_CLOSED_SET,SVM_EXPERIMENTAL,461b34e4cd8e49613bf3892bd03efd65a126a518a1d1170146f367a57ce138ce,SVM_CLOSED_SET,TRAIN,svm_closed_set_train
4697,dev/c515b63e759e5b31ca670177084d360f.wav,validation,SVM,vi-VN,6537e43c008bb605430a302f,exp_svm_spk_0002,Female,29,trời sẽ đẹp vào ngày mai phải không,trời sẽ [weather_descriptor : đẹp] vào [date : ngày mai] phải không,['trời' 'sẽ' 'đẹp' 'vào' 'ngày' 'mai' 'phải' 'không'],"['Other' 'Other' 'weather_descriptor' 'Other' 'date' 'date' 'Other'
 'Other']",13,weather_query,weather,1.92,48000,1,True,SVM_CLOSED_SET,SVM_EXPERIMENTAL,266783abc8decb1176eb55d5106ad0e80c0c3c0e8158b3b13d09433188053ef3,SVM_CLOSED_SET,TRAIN,svm_closed_set_train
11509,dev/df6dba102ab7e1937236441ee3fff88c.wav,validation,SVM,vi-VN,6537e43c008bb605430a302f,exp_svm_spk_0002,Female,29,hiển thị tập cuối cùng,hiển thị tập cuối cùng,['hiển' 'thị' 'tập' 'cuối' 'cùng'],['Other' 'Other' 'Other' 'Other' 'Other'],58,play_podcasts,play,1.74,48000,1,True,SVM_CLOSED_SET,SVM_EXPERIMENTAL,b8e58d91b2d419c5084febf776201cfc3c3057ebb5c3fafe84273393d180ba49,SVM_CLOSED_SET,TRAIN,svm_closed_set_train
14764,dev/593831442534a0d1d9f8503a7a72c630.wav,validation,SVM,vi-VN,6537e43c008bb605430a302f,exp_svm_spk_0002,Female,29,diễn tả cho tôi một quả bóng trong như thế nào,diễn tả cho tôi một [definition_word : quả bóng] trong như thế nào,['diễn' 'tả' 'cho' 'tôi' 'một' 'quả' 'bóng' 'trong' 'như' 'thế' 'nào'],"['Other' 'Other' 'Other' 'Other' 'Other' 'definition_word'
 'definition_word' 'Other' 'Other' 'Other' 'Other']",26,qa_definition,qa,3.0,48000,1,True,SVM_CLOSED_SET,SVM_EXPERIMENTAL,1e3c7a85383cc47cfa85d9fdee4cc30ce35f83e2744d8ee7e1bc7082b9b0560f,SVM_CLOSED_SET,TRAIN,svm_closed_set_train
14774,dev/6c3101ba0ce14d9a6a2d39f382860b56.wav,validation,SVM,vi-VN,6537e43c008bb605430a302f,exp_svm_spk_0002,Female,29,cho tôi biết giá cổ phiếu của vingroup,cho tôi biết giá cổ phiếu của [business_name : vingroup],['cho' 'tôi' 'biết' 'giá' 'cổ' 'phiếu' 'của' 'vingroup'],['Other' 'Other' 'Other' 'Other' 'Other' 'Other' 'Other' 'business_name'],4,qa_stock,qa,1.98,48000,1,True,SVM_CLOSED_SET,SVM_EXPERIMENTAL,54829456a57459629ba7f5093752dd7b685a5d34394aa7dcdd95e042e7ca72ef,SVM_CLOSED_SET,TRAIN,svm_closed_set_train
5990,dev/f811e633015d1c843f163a3bcf321605.wav,validation,SVM,vi-VN,6537e43c008bb605430a302f,exp_svm_spk_0002,Female,29,chuẩn bị cà phê cho buổi sáng,chuẩn bị cà phê cho [coffee_type : buổi sáng],['chuẩn' 'bị' 'cà' 'phê' 'cho' 'buổi' 'sáng'],['Other' 'Other' 'Other' 'Other' 'Other' 'coffee_type' 'coffee_type'],56,iot_coffee,iot,2.64,48000,1,True,SVM_CLOSED_SET,SVM_EXPERIMENTAL,1543d7216c2401afef1e179145a4195371937e8ffd34d18a36376a834593039f,SVM_CLOSED_SET,TRAIN,svm_closed_set_train
15301,dev/33ed3639a47bf6f89bdf52cfd0c9a68d.wav,validation,SVM,vi-VN,6537e43c008bb605430a302f,exp_svm_spk_0002,Female,29,xu hướng mạng xã hội,xu hướng mạng xã hội,['xu' 'hướng' 'mạng' 'xã' 'hội'],['Other' 'Other' 'Other' 'Other' 'Other'],27,social_query,social,1.5,48000,1,True,SVM_CLOSED_SET,SVM_EXPERIMENTAL,b4a32ce132c54175ad015d7ec55fb79735d3014a5126636be5464fb701a57e10,SVM_CLOSED_SET,TRAIN,svm_closed_set_train
1327,dev/81ea6cd70c3c4b84de8208848e94d3e9.wav,validation,SVM,vi-VN,6537e43c008bb605430a302f,exp_svm_spk_0002,Female,29,thời tiết hôm nay thế nào,thời tiết [date : hôm nay] thế nào,['thời' 'tiết' 'hôm' 'nay' 'thế' 'nào'],['Other' 'Other' 'date' 'date' 'Other' 'Other'],13,weather_query,weather,1.56,48000,1,True,SVM_CLOSED_SET,SVM_EXPERIMENTAL,126ef037af0935086275e5895968ebd545c38b4ad1d46b731c335a3fa1ea4d55,SVM_CLOSED_SET,TRAIN,svm_closed_set_train
6985,dev/34fbe78f54e33a984c2f1c45660b15de.wav,validation,SVM,vi-VN,6537e43c008bb605430a302f,exp_svm_spk_0002,Female,29,lịch trình chiều mai của tôi là gì,lịch trình [timeofday : chiều] [date : mai] của tôi là gì,['lịch' 'trình' 'chiều' 'mai' 'của' 'tôi' 'là' 'gì'],['Other' 'Other' 'timeofday' 'date' 'Other' 'Other' 'Other' 'Other'],32,calendar_query,calendar,2.28,48000,1,True,SVM_CLOSED_SET,SVM_EXPERIMENTAL,0c20a3974ee31fa247e758449f06152cca1ac8916472707e8de159e227d48f8f,SVM_CLOSED_SET,TRAIN,svm_closed_set_train
12438,dev/b92b6d4aa512043125aa59bc3544e426.wav,validation,SVM,vi-VN,6537e43c008bb605430a302f,exp_svm_spk_0002,Female,29,thời gian tàu hỏa đi từ sài gòn đến phan thiết mất bao lau,thời gian [transport_type : tàu hỏa] đi từ [place_name : sài gòn] đến [place_name : phan thiết] mất bao lau,"['thời' 'gian' 'tàu' 'hỏa' 'đi' 'từ' 'sài' 'gòn' 'đến' 'phan' 'thiết'
 'mất' 'bao' 'lau']","['Other' 'Other' 'transport_type' 'transport_type' 'Other' 'Other'
 'place_name' 'place_name' 'Other' 'place_name' 'place_name' 'Other'
 'Other' 'Other']",42,transport_query,transport,2.7,48000,1,True,SVM_CLOSED_SET,SVM_EXPERIMENTAL,59be8bc28e3452ebd162a8790ce1a5b3e4d0078aa25519ff02438a9ef8b52e35,SVM_CLOSED_SET,TRAIN,svm_closed_set_train
15903,dev/0278ca72c712500c9cb87a1e2a02b6eb.wav,validation,SVM,vi-VN,6537e43c008bb605430a302f,exp_svm_spk_0002,Female,29,trả lời bạn tôi câu hỏi của anh ấy,trả lời [relation : bạn] tôi câu hỏi của anh ấy,['trả' 'lời' 'bạn' 'tôi' 'câu' 'hỏi' 'của' 'anh' 'ấy'],"['Other' 'Other' 'relation' 'Other' 'Other' 'Other' 'Other' 'Other'
 'Other']",33,email_sendemail,email,1.92,48000,1,True,SVM_CLOSED_SET,SVM_EXPERIMENTAL,b0bcfa2b0049e10ced1516be28e9d7ced952f1ac86f14667d38989467deeb9c6,SVM_CLOSED_SET,TRAIN,svm_closed_set_train
6482,dev/b6f513953904fe29c775ebd763a63080.wav,validation,SVM,vi-VN,6537e43c008bb605430a302f,exp_svm_spk_0002,Female,29,olly hôm nay tôi bị tông xe,olly [date : hôm nay] tôi bị tông xe,['olly' 'hôm' 'nay' 'tôi' 'bị' 'tông' 'xe'],['Other' 'date' 'date' 'Other' 'Other' 'Other' 'Other'],12,general_quirky,general,2.4,48000,1,True,SVM_CLOSED_SET,SVM_EXPERIMENTAL,a2bc6c6e7570dbdfeb51f245994905132c56a365765501dfdffc2ec63396e683,SVM_CLOSED_SET,TRAIN,svm_closed_set_train
803,dev/20f6ccf0220e0e9726e4830cafc87edd.wav,validation,SVM,vi-VN,6537e43c008bb605430a302f,exp_svm_spk_0002,Female,29,này olly tắt tiếng loa,này olly tắt tiếng loa,['này' 'olly' 'tắt' 'tiếng' 'loa'],['Other' 'Other' 'Other' 'Other' 'Other'],46,audio_volume_mute,audio,1.56,48000,1,True,SVM_CLOSED_SET,SVM_EXPERIMENTAL,70379979902837d08a5f64362c04d16cb2a43c0f7b85eb9dfbd852f70309766b,SVM_CLOSED_SET,TRAIN,svm_closed_set_train
10138,dev/7e9f967302bc670a4a2eda6e6d5eeda1.wav,validation,SVM,vi-VN,6537e43c008bb605430a302f,exp_svm_spk_0002,Female,29,chỉ tôi cách nấu theo công thức,chỉ tôi cách nấu theo công thức,['chỉ' 'tôi' 'cách' 'nấu' 'theo' 'công' 'thức'],['Other' 'Other' 'Other' 'Other' 'Other' 'Other' 'Other'],9,cooking_recipe,cooking,1.86,48000,1,True,SVM_CLOSED_SET,SVM_EXPERIMENTAL,126901ca3d4bfe8ba66889c9eb107672dc78f0ccdde8bf8f2659df97ac3cf552,SVM_CLOSED_SET,TRAIN,svm_closed_set_train
5567,dev/f4959456c17384b25fad5d19cc5d011f.wav,validation,SVM,vi-VN,6537e43c008bb605430a302f,exp_svm_spk_0002,Female,29,đặt báo thức lúc năm giờ chiều ngày hai mươi lăm tháng năm,đặt báo thức lúc [time : năm giờ chiều] ngày [date : hai mươi lăm tháng năm],"['đặt' 'báo' 'thức' 'lúc' 'năm' 'giờ' 'chiều' 'ngày' 'hai' 'mươi' 'lăm'
 'tháng' 'năm']","['Other' 'Other' 'Other' 'Other' 'time' 'time' 'time' 'Other' 'date'
 'date' 'date' 'date' 'date']",48,alarm_set,alarm,3.12,48000,1,True,SVM_CLOSED_SET,SVM_EXPERIMENTAL,f23926a8709f59a1ff87d41f5c074b3cfcb1cd01daa92a575fd46f457b0b5b15,SVM_CLOSED_SET,TRAIN,svm_closed_set_train
8938,dev/07635402ddcf64688052dc1f24bff821.wav,validation,SVM,vi-VN,6537e43c008bb605430a302f,exp_svm_spk_0002,Female,29,kỷ niệm ngày cưới của john,[event_name : kỷ niệm ngày cưới] của [person : john],['kỷ' 'niệm' 'ngày' 'cưới' 'của' 'john'],['event_name' 'event_name' 'event_name' 'event_name' 'Other' 'person'],50,calendar_set,calendar,1.44,48000,1,True,SVM_CLOSED_SET,SVM_EXPERIMENTAL,97c384fbbdbacf1bb8fd52f679c4c7f51a0619de53751ca906f6852e7eb5cb7a,SVM_CLOSED_SET,TRAIN,svm_closed_set_train
12178,dev/aceda0483790ee0183937e68d94a574c.wav,validation,SVM,vi-VN,6537e43c008bb605430a302f,exp_svm_spk_0002,Female,29,tình hình giao thông như thế nào bây giờ trên đường trần duy hưng,tình hình giao thông như thế nào bây giờ trên [place_name : đường trần duy hưng],"['tình' 'hình' 'giao' 'thông' 'như' 'thế' 'nào' 'bây' 'giờ' 'trên' 'đường'
 'trần' 'duy' 'hưng']","['Other' 'Other' 'Other' 'Other' 'Other' 'Other' 'Other' 'Other' 'Other'
 'Other' 'place_name' 'place_name' 'place_name' 'place_name']",11,transport_traffic,transport,2.7,48000,1,True,SVM_CLOSED_SET,SVM_EXPERIMENTAL,887e8783ba8a5d9381651ba55f9a29d6d1a864521896319f074ab025a319915c,SVM_CLOSED_SET,TRAIN,svm_closed_set_train
10037,dev/34a5b7e78f318ddaa29460a7f78e7591.wav,validation,SVM,vi-VN,6537e43c008bb605430a302f,exp_svm_spk_0002,Female,29,cho tôi biết ý tưởng nấu ăn ngon nhất,cho tôi biết ý tưởng nấu ăn ngon nhất,['cho' 'tôi' 'biết' 'ý' 'tưởng' 'nấu' 'ăn' 'ngon' 'nhất'],['Other' 'Other' 'Other' 'Other' 'Other' 'Other' 'Other' 'Other' 'Other'],9,cooking_recipe,cooking,2.1,48000,1,True,SVM_CLOSED_SET,SVM_EXPERIMENTAL,eabbdd5cd1781d06bc4ab0c5a682ae0e6a61265a003635c7491370820188ae86,SVM_CLOSED_SET,TRAIN,svm_closed_set_train
5968,dev/8682a0170d515c07db011ffbf7527466.wav,validation,SVM,vi-VN,6537e43c008bb605430a302f,exp_svm_spk_0002,Female,29,tôi muốn đặt đồ ăn,tôi muốn đặt đồ ăn,['tôi' 'muốn' 'đặt' 'đồ' 'ăn'],['Other' 'Other' 'Other' 'Other' 'Other'],16,takeaway_order,takeaway,1.32,48000,1,True,SVM_CLOSED_SET,SVM_EXPERIMENTAL,d45564983a5dd641498784891283743fb7c1e7135101250a5ffacc2c5f0f38da,SVM_CLOSED_SET,TRAIN,svm_closed_set_train
16244,dev/6ed8f08e7b34e6aa6527aca0a6988b4d.wav,validation,SVM,vi-VN,6537e43c008bb605430a302f,exp_svm_spk_0002,Female,29,lê sống ở pháp phải không,[person : lê] [personal_info : sống] ở [place_name : pháp] phải không,['lê' 'sống' 'ở' 'pháp' 'phải' 'không'],['person' 'personal_info' 'Other' 'place_name' 'Other' 'Other'],17,email_querycontact,email,1.92,48000,1,True,SVM_CLOSED_SET,SVM_EXPERIMENTAL,8da0a16caf8431d945254ce5508e52cd5bb14734fcb43c539ab14406c5d88f6d,SVM_CLOSED_SET,TRAIN,svm_closed_set_train
15319,dev/5a1c6cf3a3b6d69d97c84a78113c2fc9.wav,validation,SVM,vi-VN,6537e43c008bb605430a302f,exp_svm_spk_0002,Female,29,tweet mới,[media_type : tweet] mới,['tweet' 'mới'],['media_type' 'Other'],47,social_post,social,0.72,48000,1,True,SVM_CLOSED_SET,SVM_EXPERIMENTAL,023607764a95711ada7456dbff94abae656dc585d8ca648926cf9e8edd586fb7,SVM_CLOSED_SET,TRAIN,svm_closed_set_train
15272,dev/a44a2eb0cd0b28122c01762f949bf5b2.wav,validation,SVM,vi-VN,6537e43c008bb605430a302f,exp_svm_spk_0002,Female,29,bạn có thể cho tôi biết điều gì đã xảy ra với mạng xã hội của tôi không,bạn có thể cho tôi biết điều gì đã xảy ra với mạng xã hội của tôi không,"['bạn' 'có' 'thể' 'cho' 'tôi' 'biết' 'điều' 'gì' 'đã' 'xảy' 'ra' 'với'
 'mạng' 'xã' 'hội' 'của' 'tôi' 'không']","['Other' 'Other' 'Other' 'Other' 'Other' 'Other' 'Other' 'Other' 'Other'
 'Other' 'Other' 'Other' 'Other' 'Other' 'Other' 'Other' 'Other' 'Other']",27,social_query,social,4.38,48000,1,True,SVM_CLOSED_SET,SVM_EXPERIMENTAL,b8ee1efce25dd410e559765492165b6e5cdce643e6980381879b5fa65c5029ea,SVM_CLOSED_SET,TRAIN,svm_closed_set_train
2157,dev/e100aebb57c3feaa5d728f017106a743.wav,validation,SVM,vi-VN,6537e43c008bb605430a302f,exp_svm_spk_0002,Female,29,thời tiết vào thứ hai,thời tiết vào [date : thứ hai],['thời' 'tiết' 'vào' 'thứ' 'hai'],['Other' 'Other' 'Other' 'date' 'date'],13,weather_query,weather,2.1,48000,1,True,SVM_CLOSED_SET,SVM_EXPERIMENTAL,ac6f722578436339a04710317e565b374ad20d3110e6cf0deae8cb4b7d440ce9,SVM_CLOSED_SET,TRAIN,svm_closed_set_train
9325,dev/23996eec2fe0d0a396d228b971749398.wav,validation,SVM,vi-VN,6537e43c008bb605430a302f,exp_svm_spk_0002,Female,29,chuyển nó sang giang ơi,chuyển nó sang [radio_name : giang ơi],['chuyển' 'nó' 'sang' 'giang' 'ơi'],['Other' 'Other' 'Other' 'radio_name' 'radio_name'],36,play_radio,play,1.5,48000,1,True,SVM_CLOSED_SET,SVM_EXPERIMENTAL,a21a333d00a5600951c78b22565f944cdf9806ff897ca8fc57327d0766915991,SVM_CLOSED_SET,TRAIN,svm_closed_set_train
11849,dev/4cadc29bb1bb110cf167a7ddbb9890f1.wav,validation,SVM,vi-VN,6537e43c008bb605430a302f,exp_svm_spk_0002,Female,29,những bộ phim nào đang chiếu tại rạp chiếu phim gần tôi,những bộ phim nào đang chiếu tại [place_name : rạp chiếu phim] gần tôi,"['những' 'bộ' 'phim' 'nào' 'đang' 'chiếu' 'tại' 'rạp' 'chiếu' 'phim' 'gần'
 'tôi']","['Other' 'Other' 'Other' 'Other' 'Other' 'Other' 'Other' 'place_name'
 'place_name' 'place_name' 'Other' 'Other']",55,recommendation_movies,recommendation,3.0,48000,1,True,SVM_CLOSED_SET,SVM_EXPERIMENTAL,2477321ce4d36c39c6835b0f567431de22a371b01cc77a33457779c6443b3a61,SVM_CLOSED_SET,TRAIN,svm_closed_set_train
4501,dev/4ea854c16d51ced5fb7ac720936c66dc.wav,validation,SVM,vi-VN,6537e43c008bb605430a302f,exp_svm_spk_0002,Female,29,tuần này có tuyết không,[date : tuần này] có tuyết không,['tuần' 'này' 'có' 'tuyết' 'không'],['date' 'date' 'Other' 'Other' 'Other'],13,weather_query,weather,2.76,48000,1,True,SVM_CLOSED_SET,SVM_EXPERIMENTAL,7cfa9fcb3f9d480999fed80762322ea5569e684bf1aaffd4c0c28b2c71a4f760,SVM_CLOSED_SET,TRAIN,svm_closed_set_train
13063,dev/0ea6d2a9a447e23cb331e38933b14b91.wav,validation,SVM,vi-VN,6537e43c008bb605430a302f,exp_svm_spk_0002,Female,29,đặt một buổi hẹn hò cho chỉ tôi và bạn,đặt một buổi hẹn hò cho chỉ tôi và bạn,['đặt' 'một' 'buổi' 'hẹn' 'hò' 'cho' 'chỉ' 'tôi' 'và' 'bạn'],"['Other' 'Other' 'Other' 'Other' 'Other' 'Other' 'Other' 'Other' 'Other'
 'Other']",12,general_quirky,general,2.58,48000,1,True,SVM_CLOSED_SET,SVM_EXPERIMENTAL,577a084afb531efc00d1b21b2121bb0a19f2796bd9c9a94e49413c3059aef9df,SVM_CLOSED_SET,TRAIN,svm_closed_set_train
13139,dev/ecdc0a4f8ab7f46c2b942dfa2ac121e1.wav,validation,SVM,vi-VN,6537e43c008bb605430a302f,exp_svm_spk_0002,Female,29,bão là gì,[definition_word : bão] là gì,['bão' 'là' 'gì'],['definition_word' 'Other' 'Other'],26,qa_definition,qa,0.9,48000,1,True,SVM_CLOSED_SET,SVM_EXPERIMENTAL,089aa64534b1d1584d3f758bbdbfe55de78405c72de62f346022b119eeb5fbd3,SVM_CLOSED_SET,TRAIN,svm_closed_set_train
10627,dev/b692d4a0eacc7aea66d228470fd0b49f.wav,validation,SVM,vi-VN,6537e43c008bb605430a302f,exp_svm_spk_0002,Female,29,thêm bút chì vào một danh sách tạp hóa mới,thêm bút chì vào một danh sách [list_name : tạp hóa] mới,['thêm' 'bút' 'chì' 'vào' 'một' 'danh' 'sách' 'tạp' 'hóa' 'mới'],"['Other' 'Other' 'Other' 'Other' 'Other' 'Other' 'Other' 'list_name'
 'list_name' 'Other']",21,lists_createoradd,lists,3.9,48000,1,True,SVM_CLOSED_SET,SVM_EXPERIMENTAL,aa0044c5959f64cd436dad540bdecb27f37faca501bc6c1e949b8dbcd97517ec,SVM_CLOSED_SET,TRAIN,svm_closed_set_train
13011,dev/3e7856686668cdfc20b3266fcf1213cc.wav,validation,SVM,vi-VN,6537e43c008bb605430a302f,exp_svm_spk_0002,Female,29,bạn có tin vào du hành thời gian không,bạn có tin vào du hành thời gian không,['bạn' 'có' 'tin' 'vào' 'du' 'hành' 'thời' 'gian' 'không'],['Other' 'Other' 'Other' 'Other' 'Other' 'Other' 'Other' 'Other' 'Other'],12,general_quirky,general,1.92,48000,1,True,SVM_CLOSED_SET,SVM_EXPERIMENTAL,bd9732b1e96f9cc11a3aa090bc0cd869ccbc715998a211f34f01490d42f2e636,SVM_CLOSED_SET,TRAIN,svm_closed_set_train
582,dev/4865891b9a067f66d7c7fbb28bb9570f.wav,validation,SVM,vi-VN,6537e43c008bb605430a302f,exp_svm_spk_0002,Female,29,trời sẽ mưa vào ngày mai phải không,trời sẽ [weather_descriptor : mưa] vào [date : ngày mai] phải không,['trời' 'sẽ' 'mưa' 'vào' 'ngày' 'mai' 'phải' 'không'],"['Other' 'Other' 'weather_descriptor' 'Other' 'date' 'date' 'Other'
 'Other']",13,weather_query,weather,2.22,48000,1,True,SVM_CLOSED_SET,SVM_EXPERIMENTAL,31af81d38edec45ce67c63ce344d2f934fb29c84ee3fa188ba042b24cca4c74d,SVM_CLOSED_SET,TRAIN,svm_closed_set_train
16214,dev/d0fa934a4b0ab328e4c553450de7802a.wav,validation,SVM,vi-VN,6537e43c008bb605430a302f,exp_svm_spk_0002,Female,29,ai đã gửi thư điện tử cho tôi gần đây và những chủ đề của từng thư điện tử,ai đã gửi thư điện tử cho tôi gần đây và những chủ đề của từng thư điện tử,"['ai' 'đã' 'gửi' 'thư' 'điện' 'tử' 'cho' 'tôi' 'gần' 'đây' 'và' 'những'
 'chủ' 'đề' 'của' 'từng' 'thư' 'điện' 'tử']","['Other' 'Other' 'Other' 'Other' 'Other' 'Other' 'Other' 'Other' 'Other'
 'Other' 'Other' 'Other' 'Other' 'Other' 'Other' 'Other' 'Other' 'Other'
 'Other']",44,email_query,email,3.72,48000,1,True,SVM_CLOSED_SET,SVM_EXPERIMENTAL,7d04d557beb5f5dd2cda3431438d41619abfa02289d12d0f4d09cb08834a284b,SVM_CLOSED_SET,TRAIN,svm_closed_set_train
8863,dev/04e098a22ca185c657fee77d1a888ce9.wav,validation,SVM,vi-VN,6537e43c008bb605430a302f,exp_svm_spk_0002,Female,29,hãy hóa toàn bộ nhắc nhở ngày chủ nhật,hãy hóa toàn bộ nhắc nhở [date : ngày chủ nhật],['hãy' 'hóa' 'toàn' 'bộ' 'nhắc' 'nhở' 'ngày' 'chủ' 'nhật'],['Other' 'Other' 'Other' 'Other' 'Other' 'Other' 'date' 'date' 'date'],30,calendar_remove,calendar,2.76,48000,1,True,SVM_CLOSED_SET,SVM_EXPERIMENTAL,189772423972436ff3fcc1ff3391038e8fe45c4ef37947770c6117912611bd22,SVM_CLOSED_SET,TRAIN,svm_closed_set_train
11332,dev/ad5d7e5aed529d4159a4dfa361c7d53c.wav,validation,SVM,vi-VN,6537e43c008bb605430a302f,exp_svm_spk_0002,Female,29,tìm và tạo một danh sách phát của tệp dancing mới nhất,tìm và tạo một danh sách phát của tệp dancing mới nhất,"['tìm' 'và' 'tạo' 'một' 'danh' 'sách' 'phát' 'của' 'tệp' 'dancing' 'mới'
 'nhất']","['Other' 'Other' 'Other' 'Other' 'Other' 'Other' 'Other' 'Other' 'Other'
 'Other' 'Other' 'Other']",45,play_music,play,2.7,48000,1,True,SVM_CLOSED_SET,SVM_EXPERIMENTAL,20b741d6bf766788de81d6d6ca2065623f8bde2673eead2a9c78d4563f6ee216,SVM_CLOSED_SET,TRAIN,svm_closed_set_train
15388,dev/a802b304f08bbf52fce4007bb9edeb04.wav,validation,SVM,vi-VN,6537e43c008bb605430a302f,exp_svm_spk_0002,Female,29,nói với nhóm facebook của tôi rằng tôi đã đến,nói với nhóm [media_type : facebook] của tôi rằng tôi đã đến,['nói' 'với' 'nhóm' 'facebook' 'của' 'tôi' 'rằng' 'tôi' 'đã' 'đến'],"['Other' 'Other' 'Other' 'media_type' 'Other' 'Other' 'Other' 'Other'
 'Other' 'Other']",47,social_post,social,2.58,48000,1,True,SVM_CLOSED_SET,SVM_EXPERIMENTAL,6dfd2892a0e9d70103093369059eb186b9d583ba042a7292b7c87ca8e405434a,SVM_CLOSED_SET,TRAIN,svm_closed_set_train
11324,dev/23e81fa9d3313acf05c965b9e311f3d2.wav,validation,SVM,vi-VN,6537e43c008bb605430a302f,exp_svm_spk_0002,Female,29,chuyển sang tập kế tiếp,chuyển sang [podcast_descriptor : tập kế tiếp],['chuyển' 'sang' 'tập' 'kế' 'tiếp'],"['Other' 'Other' 'podcast_descriptor' 'podcast_descriptor'
 'podcast_descriptor']",58,play_podcasts,play,1.38,48000,1,True,SVM_CLOSED_SET,SVM_EXPERIMENTAL,9dee3e79c4d5971bde7667a174e0b079f10dd9231389afa94972c1c945f51fb3,SVM_CLOSED_SET,TRAIN,svm_closed_set_train
15583,dev/a35a78ce31231a26406b29afd996dbc6.wav,validation,SVM,vi-VN,6537e43c008bb605430a302f,exp_svm_spk_0002,Female,29,tweet một lời phàn nàn về tủ lạnh của tôi cho shoppe,[media_type : tweet] một lời phàn nàn về tủ lạnh của tôi cho [business_name : shoppe],"['tweet' 'một' 'lời' 'phàn' 'nàn' 'về' 'tủ' 'lạnh' 'của' 'tôi' 'cho'
 'shoppe']","['media_type' 'Other' 'Other' 'Other' 'Other' 'Other' 'Other' 'Other'
 'Other' 'Other' 'Other' 'business_name']",47,social_post,social,3.18,48000,1,True,SVM_CLOSED_SET,SVM_EXPERIMENTAL,7185c0e91c0d21abccdcd6545eb316bfdbd963a36d4305640907cf8c2000b96f,SVM_CLOSED_SET,TRAIN,svm_closed_set_train
13038,dev/40f4f7af48667d9abaeaaeb048c1f85e.wav,validation,SVM,vi-VN,6537e43c008bb605430a302f,exp_svm_spk_0002,Female,29,nói cho tôi biết điều gì sẽ xảy ra khi chúng ta chết,nói cho tôi biết điều gì sẽ xảy ra khi chúng ta chết,"['nói' 'cho' 'tôi' 'biết' 'điều' 'gì' 'sẽ' 'xảy' 'ra' 'khi' 'chúng' 'ta'
 'chết']","['Other' 'Other' 'Other' 'Other' 'Other' 'Other' 'Other' 'Other' 'Other'
 'Other' 'Other' 'Other' 'Other']",12,general_quirky,general,3.84,48000,1,True,SVM_CLOSED_SET,SVM_EXPERIMENTAL,178c058b0019ef1cd608f46edbf003ad1c9d5a06d9eae5e81e6166aaf34f1734,SVM_CLOSED_SET,TRAIN,svm_closed_set_train
112,dev/2972bc37e5e0c38eb51c94859b22b1f8.wav,validation,SVM,vi-VN,6537e43c008bb605430a302f,exp_svm_spk_0002,Female,29,phát một vài mỹ tâm,phát một vài [artist_name : mỹ tâm],['phát' 'một' 'vài' 'mỹ' 'tâm'],['Other' 'Other' 'Other' 'artist_name' 'artist_name'],45,play_music,play,1.32,48000,1,True,SVM_CLOSED_SET,SVM_EXPERIMENTAL,20c779c8212615781dd800c3fe0bc98b7808b7945d89db07f482c89e4f22b2b9,SVM_CLOSED_SET,TRAIN,svm_closed_set_train
3340,dev/f7d0d1ee780ca7ab1b63cad83eea77e5.wav,validation,SVM,vi-VN,6537e43c008bb605430a302f,exp_svm_spk_0002,Female,29,okay google thời tiết như thế nào,okay google thời tiết như thế nào,['okay' 'google' 'thời' 'tiết' 'như' 'thế' 'nào'],['Other' 'Other' 'Other' 'Other' 'Other' 'Other' 'Other'],13,weather_query,weather,2.22,48000,1,True,SVM_CLOSED_SET,SVM_EXPERIMENTAL,aeb58db39038c9946d64ceb67849b7e6979d0281ca2cac51b23a44ff9f7ac652,SVM_CLOSED_SET,TRAIN,svm_closed_set_train
9778,dev/03bdfd553c49cc24c70191d2c3efb994.wav,validation,SVM,vi-VN,6537e43c008bb605430a302f,exp_svm_spk_0002,Female,29,phát tam quốc diễn nghĩa,phát [audiobook_name : tam quốc diễn nghĩa],['phát' 'tam' 'quốc' 'diễn' 'nghĩa'],"['Other' 'audiobook_name' 'audiobook_name' 'audiobook_name'
 'audiobook_name']",20,play_audiobook,play,1.62,48000,1,True,SVM_CLOSED_SET,SVM_EXPERIMENTAL,0801232133d6ca64c1f7e89c8605055503e579198abd90adc5b10ea07020f854,SVM_CLOSED_SET,TRAIN,svm_closed_set_train
8323,dev/2556feaf3f481aee976b57e6b7d84285.wav,validation,SVM,vi-VN,6537e43c008bb605430a302f,exp_svm_spk_0002,Female,29,thêm cuộc hẹn ngày mai vào lịch của tôi chưa,thêm [event_name : cuộc hẹn] [date : ngày mai] vào lịch của tôi chưa,['thêm' 'cuộc' 'hẹn' 'ngày' 'mai' 'vào' 'lịch' 'của' 'tôi' 'chưa'],"['Other' 'event_name' 'event_name' 'date' 'date' 'Other' 'Other' 'Other'
 'Other' 'Other']",32,calendar_query,calendar,2.34,48000,1,True,SVM_CLOSED_SET,SVM_EXPERIMENTAL,114d0fd00d0ca21ddc3d61c4b0954258e83d0779fbf0280d2498b2d695f5f03f,SVM_CLOSED_SET,TRAIN,svm_closed_set_train
15695,dev/b6acca639d36f92ee7d928e705677638.wav,validation,SVM,vi-VN,6537e43c008bb605430a302f,exp_svm_spk_0002,Female,29,tweet dịch vụ chăm sóc khách hàng rằng tôi rất thất vọng với tương tác gần đây của mình,[media_type : tweet] dịch vụ [business_name : chăm sóc khách hàng] rằng tôi rất thất vọng với tương tác gần đây của mình,"['tweet' 'dịch' 'vụ' 'chăm' 'sóc' 'khách' 'hàng' 'rằng' 'tôi' 'rất' 'thất'
 'vọng' 'với' 'tương' 'tác' 'gần' 'đây' 'của' 'mình']","['media_type' 'Other' 'Other' 'business_name' 'business_name'
 'business_name' 'business_name' 'Other' 'Other' 'Other' 'Other' 'Other'
 'Other' 'Other' 'Other' 'Other' 'Other' 'Other' 'Other']",47,social_post,social,4.08,48000,1,True,SVM_CLOSED_SET,SVM_EXPERIMENTAL,3b182c8506951d92215b4ad8491288de6a30bcd2601d867fb3d4eacd3ce4af00,SVM_CLOSED_SET,TRAIN,svm_closed_set_train
7804,dev/064a3937a30b7a5bb38b4c2fae183fcd.wav,validation,SVM,vi-VN,5c9d67af9e01ef000197cd15,exp_svm_spk_0003,Female,59,nhắc lại các nhiệm vụ công việc của tôi mỗi ngày lúc tám giờ sáng,nhắc lại các nhiệm vụ công việc của tôi [general_frequency : mỗi ngày] lúc [time : tám giờ sáng],"['nhắc' 'lại' 'các' 'nhiệm' 'vụ' 'công' 'việc' 'của' 'tôi' 'mỗi' 'ngày'
 'lúc' 'tám' 'giờ' 'sáng']","['Other' 'Other' 'Other' 'Other' 'Other' 'Other' 'Other' 'Other' 'Other'
 'general_frequency' 'general_frequency' 'Other' 'time' 'time' 'time']",50,calendar_set,calendar,5.22,48000,1,True,SVM_CLOSED_SET,SVM_EXPERIMENTAL,c4e84d5c0fc9ede16b268606fee38ee64e17b759a38897adfb20182211252e75,SVM_CLOSED_SET,TRAIN,svm_closed_set_train
6675,dev/34bd9d14c3b6ec5d9f448c53a2e60306.wav,validation,SVM,vi-VN,5c9d67af9e01ef000197cd15,exp_svm_spk_0003,Female,59,nếu bạn có thể nói về ba điều chúng sẽ là gì,nếu bạn có thể nói về ba điều chúng sẽ là gì,['nếu' 'bạn' 'có' 'thể' 'nói' 'về' 'ba' 'điều' 'chúng' 'sẽ' 'là' 'gì'],"['Other' 'Other' 'Other' 'Other' 'Other' 'Other' 'Other' 'Other' 'Other'
 'Other' 'Other' 'Other']",12,general_quirky,general,4.14,48000,1,True,SVM_CLOSED_SET,SVM_EXPERIMENTAL,b036749b2521114ac6610b1372315c3bddf847cceefb424672f7a63b67a62f81,SVM_CLOSED_SET,TRAIN,svm_closed_set_train
10301,dev/09d039f51067ff795a212f5e683c8a8a.wav,validation,SVM,vi-VN,5c9d67af9e01ef000197cd15,exp_svm_spk_0003,Female,59,muốn chơi một game of trivia,muốn chơi một [game_name : game of trivia],['muốn' 'chơi' 'một' 'game' 'of' 'trivia'],['Other' 'Other' 'Other' 'game_name' 'game_name' 'game_name'],51,play_game,play,3.36,48000,1,True,SVM_CLOSED_SET,SVM_EXPERIMENTAL,f59734fd9cffed0cf00d9b620d927384515a6fdf8102454a5b12a144a07a409d,SVM_CLOSED_SET,TRAIN,svm_closed_set_train
13185,dev/b34323d69a5bf6a39dcb7e89f7169a19.wav,validation,SVM,vi-VN,5c9d67af9e01ef000197cd15,exp_svm_spk_0003,Female,59,tính toán khoảng cách từ boston đến new york,tính toán khoảng cách từ [place_name : boston] đến [place_name : new york],['tính' 'toán' 'khoảng' 'cách' 'từ' 'boston' 'đến' 'new' 'york'],"['Other' 'Other' 'Other' 'Other' 'Other' 'place_name' 'Other' 'place_name'
 'place_name']",49,qa_factoid,qa,4.26,48000,1,True,SVM_CLOSED_SET,SVM_EXPERIMENTAL,2afcd119d8df046ecefedec124a2d9afabdbdc87b013bf438b03403ce51e5e21,SVM_CLOSED_SET,TRAIN,svm_closed_set_train
12872,dev/5719be255af0235c1661477481ca8eb0.wav,validation,SVM,vi-VN,5c9d67af9e01ef000197cd15,exp_svm_spk_0003,Female,59,đặt vé tàu hỏa tới hà nội cho tôi,đặt vé [transport_type : tàu hỏa] tới [place_name : hà nội] cho tôi,['đặt' 'vé' 'tàu' 'hỏa' 'tới' 'hà' 'nội' 'cho' 'tôi'],"['Other' 'Other' 'transport_type' 'transport_type' 'Other' 'place_name'
 'place_name' 'Other' 'Other']",2,transport_ticket,transport,4.32,48000,1,True,SVM_CLOSED_SET,SVM_EXPERIMENTAL,f953e690da747eb03bd8a02589a44e73ae6d0340a9b79e99e3a811d9952b0d8f,SVM_CLOSED_SET,TRAIN,svm_closed_set_train
3123,dev/952458b3503c189c63b80422a80a0bb0.wav,validation,SVM,vi-VN,5c9d67af9e01ef000197cd15,exp_svm_spk_0003,Female,59,phát một vài bài nhạc cho tôi,phát một vài bài nhạc cho tôi,['phát' 'một' 'vài' 'bài' 'nhạc' 'cho' 'tôi'],['Other' 'Other' 'Other' 'Other' 'Other' 'Other' 'Other'],45,play_music,play,2.88,48000,1,True,SVM_CLOSED_SET,SVM_EXPERIMENTAL,01bb60f4ad1906144bbffafbb20866c5d504b99d41489ba806185e38ad95b0b0,SVM_CLOSED_SET,TRAIN,svm_closed_set_train
1678,dev/fa700a4278316206ed89746f887d9903.wav,validation,SVM,vi-VN,5c9d67af9e01ef000197cd15,exp_svm_spk_0003,Female,59,f. m. chín trăm chín mươi chín gần đây đang phát nhạc gì,f. m. chín trăm chín mươi chín gần đây đang phát nhạc gì,"['f.' 'm.' 'chín' 'trăm' 'chín' 'mươi' 'chín' 'gần' 'đây' 'đang' 'phát'
 'nhạc' 'gì']","['Other' 'Other' 'Other' 'Other' 'Other' 'Other' 'Other' 'Other' 'Other'
 'Other' 'Other' 'Other' 'Other']",57,music_query,music,6.18,48000,1,True,SVM_CLOSED_SET,SVM_EXPERIMENTAL,d5cb2a04217ed57eb9591d263ddcbc988577bb19fa8f000e0641be56e6ef1975,SVM_CLOSED_SET,TRAIN,svm_closed_set_train
2932,dev/49e4fe1e37614c8975637b38b6adf024.wav,validation,SVM,vi-VN,5c9d67af9e01ef000197cd15,exp_svm_spk_0003,Female,59,tiếp theo phát bài người hãy quên em đi,tiếp theo phát bài [song_name : người hãy quên em đi],['tiếp' 'theo' 'phát' 'bài' 'người' 'hãy' 'quên' 'em' 'đi'],"['Other' 'Other' 'Other' 'Other' 'song_name' 'song_name' 'song_name'
 'song_name' 'song_name']",45,play_music,play,3.3,48000,1,True,SVM_CLOSED_SET,SVM_EXPERIMENTAL,eaf6378816ab63b4e1a6606a66032dc4996d22678dd4eee2d3119866feff0b56,SVM_CLOSED_SET,TRAIN,svm_closed_set_train
9593,dev/bd9bbd1e3c42aededc8ac51dbdfe7001.wav,validation,SVM,vi-VN,5c9d67af9e01ef000197cd15,exp_svm_spk_0003,Female,59,bật đài phát thanh tôi yêu thích lúc chín giờ tối,bật đài phát thanh tôi yêu thích lúc [time : chín giờ tối],['bật' 'đài' 'phát' 'thanh' 'tôi' 'yêu' 'thích' 'lúc' 'chín' 'giờ' 'tối'],"['Other' 'Other' 'Other' 'Other' 'Other' 'Other' 'Other' 'Other' 'time'
 'time' 'time']",36,play_radio,play,4.56,48000,1,True,SVM_CLOSED_SET,SVM_EXPERIMENTAL,cc8631dcd897d9fe061ff2e5c63a1ea5debe906bf609630359357f4958cea314,SVM_CLOSED_SET,TRAIN,svm_closed_set_train
9816,dev/2db1bbcd22149535be37654ec754212c.wav,validation,SVM,vi-VN,5c9d67af9e01ef000197cd15,exp_svm_spk_0003,Female,59,tìm phần phát lại này trong sách nói và mở cho tôi,tìm phần phát lại này trong [media_type : sách nói] và mở cho tôi,"['tìm' 'phần' 'phát' 'lại' 'này' 'trong' 'sách' 'nói' 'và' 'mở'
 'cho' 'tôi']","['Other' 'Other' 'Other' 'Other' 'Other' 'Other' 'media_type' 'media_type'
 'Other' 'Other' 'Other' 'Other']",20,play_audiobook,play,4.26,48000,1,True,SVM_CLOSED_SET,SVM_EXPERIMENTAL,74d9d4fdf61d4ff6c7c02ad29178c79ced7800be6037ee8d3bfdc09e8ac5e553,SVM_CLOSED_SET,TRAIN,svm_closed_set_train
2814,dev/044822d371c1865972540db2471053e6.wav,validation,SVM,vi-VN,5c9d67af9e01ef000197cd15,exp_svm_spk_0003,Female,59,pha một ít cà phê,pha một ít cà phê,['pha' 'một' 'ít' 'cà' 'phê'],['Other' 'Other' 'Other' 'Other' 'Other'],56,iot_coffee,iot,2.4,48000,1,True,SVM_CLOSED_SET,SVM_EXPERIMENTAL,bc3ca0e0ed211bccde2a9e54c2aa0e221bc5aca64bce07c3ea2b37bea74973f9,SVM_CLOSED_SET,TRAIN,svm_closed_set_train
8802,dev/b3484220ad4328ef2f3c180fc6186e12.wav,validation,SVM,vi-VN,5c9d67af9e01ef000197cd15,exp_svm_spk_0003,Female,59,hãy nhắc tôi,hãy nhắc tôi,['hãy' 'nhắc' 'tôi'],['Other' 'Other' 'Other'],50,calendar_set,calendar,1.5,48000,1,True,SVM_CLOSED_SET,SVM_EXPERIMENTAL,09ad97bf248389aa8f3c9e94532fd2417427c7d90f0372f3d3c74139de4bd807,SVM_CLOSED_SET,TRAIN,svm_closed_set_train
8046,dev/aaaa84e4046b4c5fafacc738e8c13bc2.wav,validation,SVM,vi-VN,5c9d67af9e01ef000197cd15,exp_svm_spk_0003,Female,59,tôi có bao nhiêu cuộc họp vào tuần tới,tôi có bao nhiêu cuộc họp vào [date : tuần tới],['tôi' 'có' 'bao' 'nhiêu' 'cuộc' 'họp' 'vào' 'tuần' 'tới'],['Other' 'Other' 'Other' 'Other' 'Other' 'Other' 'Other' 'date' 'date'],32,calendar_query,calendar,3.84,48000,1,True,SVM_CLOSED_SET,SVM_EXPERIMENTAL,5f3c6bd776cc0284f020edeabae4e8fd65e9b7e59cb01113dedb75f84c63474a,SVM_CLOSED_SET,TRAIN,svm_closed_set_train
7620,dev/258b47ee4442c0ee19d5c14728d6ec1f.wav,validation,SVM,vi-VN,5c9d67af9e01ef000197cd15,exp_svm_spk_0003,Female,59,xoá tất cả các sự kiện trong lịch của tôi,xoá tất cả các sự kiện trong lịch của tôi,['xoá' 'tất' 'cả' 'các' 'sự' 'kiện' 'trong' 'lịch' 'của' 'tôi'],"['Other' 'Other' 'Other' 'Other' 'Other' 'Other' 'Other' 'Other' 'Other'
 'Other']",30,calendar_remove,calendar,4.32,48000,1,True,SVM_CLOSED_SET,SVM_EXPERIMENTAL,ced2badd8faffe4014594f0568698d05c3c1e45c90d94454dad86bbb19303e55,SVM_CLOSED_SET,TRAIN,svm_closed_set_train
2419,dev/5564475be56f989fe42e13fb65240fcb.wav,validation,SVM,vi-VN,5c9d67af9e01ef000197cd15,exp_svm_spk_0003,Female,59,có những cập nhật tin tức nào từ kênh mười bốn,có những cập nhật tin tức nào từ [media_type : kênh mười bốn],['có' 'những' 'cập' 'nhật' 'tin' 'tức' 'nào' 'từ' 'kênh' 'mười' 'bốn'],"['Other' 'Other' 'Other' 'Other' 'Other' 'Other' 'Other' 'Other'
 'media_type' 'media_type' 'media_type']",22,news_query,news,4.56,48000,1,True,SVM_CLOSED_SET,SVM_EXPERIMENTAL,19d3f4ed9f85c44568ec1f8c00e304b4630a9c5468eb3d16b403b4135af36205,SVM_CLOSED_SET,TRAIN,svm_closed_set_train
11740,dev/686248823a3bd9bcf8e49017802497fc.wav,validation,SVM,vi-VN,5c9d67af9e01ef000197cd15,exp_svm_spk_0003,Female,59,rạp phim gần đây,[business_type : rạp phim] gần đây,['rạp' 'phim' 'gần' 'đây'],['business_type' 'business_type' 'Other' 'Other'],55,recommendation_movies,recommendation,2.46,48000,1,True,SVM_CLOSED_SET,SVM_EXPERIMENTAL,e47b3fc87882469d619999d78977d9a560b084a0dc7031d15f41dc1b395d2a90,SVM_CLOSED_SET,TRAIN,svm_closed_set_train
2467,dev/c94f5cc5c61a0e2a74de31cfe0f9434a.wav,validation,SVM,vi-VN,5c9d67af9e01ef000197cd15,exp_svm_spk_0003,Female,59,có cách nào lấy những tin tức nóng hổi về trump không,có cách nào lấy những tin tức nóng hổi về [news_topic : trump] không,"['có' 'cách' 'nào' 'lấy' 'những' 'tin' 'tức' 'nóng' 'hổi' 'về' 'trump'
 'không']","['Other' 'Other' 'Other' 'Other' 'Other' 'Other' 'Other' 'Other' 'Other'
 'Other' 'news_topic' 'Other']",22,news_query,news,4.68,48000,1,True,SVM_CLOSED_SET,SVM_EXPERIMENTAL,01a325f82f3cf8b387b077f58d60952a35ca995009001354df8253256b004019,SVM_CLOSED_SET,TRAIN,svm_closed_set_train
3954,dev/3c7c20f63cedef36aeaab3b33d6a7384.wav,validation,SVM,vi-VN,5c9d67af9e01ef000197cd15,exp_svm_spk_0003,Female,59,sau bài hát này phát người hãy quên em đi,sau bài hát này phát [song_name : người hãy quên em đi],['sau' 'bài' 'hát' 'này' 'phát' 'người' 'hãy' 'quên' 'em' 'đi'],"['Other' 'Other' 'Other' 'Other' 'Other' 'song_name' 'song_name'
 'song_name' 'song_name' 'song_name']",45,play_music,play,3.9,48000,1,True,SVM_CLOSED_SET,SVM_EXPERIMENTAL,95ef744ac805375ac77f60911aac3fc5becdc65ec6144fd1d059f4884b0183b0,SVM_CLOSED_SET,TRAIN,svm_closed_set_train
12076,dev/2ed2ad21a0303e9b08cc8c40dea7d093.wav,validation,SVM,vi-VN,5c9d67af9e01ef000197cd15,exp_svm_spk_0003,Female,59,liệt kê tất cả các cửa hàng gần đây,liệt kê tất cả các [business_type : cửa hàng] gần đây,['liệt' 'kê' 'tất' 'cả' 'các' 'cửa' 'hàng' 'gần' 'đây'],"['Other' 'Other' 'Other' 'Other' 'Other' 'business_type' 'business_type'
 'Other' 'Other']",19,recommendation_locations,recommendation,3.72,48000,1,True,SVM_CLOSED_SET,SVM_EXPERIMENTAL,2422c454750ac797b3bd10bd787a796ac2ed0d63bae79c31d6ebac7f8dd32dfa,SVM_CLOSED_SET,TRAIN,svm_closed_set_train
9004,dev/2f32bb72cbfb7819a510ae065336501a.wav,validation,SVM,vi-VN,5c9d67af9e01ef000197cd15,exp_svm_spk_0003,Female,59,tôi cần một cuộc họp với giám đốc tài chính vào thứ năm,tôi cần một [event_name : cuộc họp] với [relation : giám đốc tài chính] vào [date : thứ năm],"['tôi' 'cần' 'một' 'cuộc' 'họp' 'với' 'giám' 'đốc' 'tài' 'chính'
 'vào' 'thứ' 'năm']","['Other' 'Other' 'Other' 'event_name' 'event_name' 'Other' 'relation'
 'relation' 'relation' 'relation' 'Other' 'date' 'date']",50,calendar_set,calendar,4.44,48000,1,True,SVM_CLOSED_SET,SVM_EXPERIMENTAL,0fdebfa64635b70bd9ad28df51759efa830326b8d5a4ea8cf9b67492194a9920,SVM_CLOSED_SET,TRAIN,svm_closed_set_train
9822,dev/827b94e065281230c382b385ba6ef5ff.wav,validation,SVM,vi-VN,5c9d67af9e01ef000197cd15,exp_svm_spk_0003,Female,59,nghe trần trụi giữa bầy sói từ downpour,nghe [audiobook_name : trần trụi giữa bầy sói] từ [app_name : downpour],['nghe' 'trần' 'trụi' 'giữa' 'bầy' 'sói' 'từ' 'downpour'],"['Other' 'audiobook_name' 'audiobook_name' 'audiobook_name'
 'audiobook_name' 'audiobook_name' 'Other' 'app_name']",20,play_audiobook,play,3.84,48000,1,True,SVM_CLOSED_SET,SVM_EXPERIMENTAL,1de1e6a9a1b74b2b0ab6c405b0f3559cd37e50dbfa298dcb40ea761c85740c15,SVM_CLOSED_SET,TRAIN,svm_closed_set_train
3242,dev/7e4cdd337f210561c9615b724ba2ae17.wav,validation,SVM,vi-VN,5c9d67af9e01ef000197cd15,exp_svm_spk_0003,Female,59,bạn có thể cài báo thức lúc một rưỡi không,bạn có thể cài báo thức lúc [time : một rưỡi] không,['bạn' 'có' 'thể' 'cài' 'báo' 'thức' 'lúc' 'một' 'rưỡi' 'không'],"['Other' 'Other' 'Other' 'Other' 'Other' 'Other' 'Other' 'time' 'time'
 'Other']",48,alarm_set,alarm,3.66,48000,1,True,SVM_CLOSED_SET,SVM_EXPERIMENTAL,ffac80928e16d70d57a6146070be3c0901e0e4d9b23a45e0953f68f6822dc6f2,SVM_CLOSED_SET,TRAIN,svm_closed_set_train
12505,dev/6c5ac0d8fe86ba64cbdb9ef1b602ba51.wav,validation,SVM,vi-VN,5c9d67af9e01ef000197cd15,exp_svm_spk_0003,Female,59,chuyến tàu hỏa thống nhất tiếp theo đi hội an là khi nào,chuyến [transport_type : tàu hỏa] thống nhất tiếp theo đi [place_name : hội an] là khi nào,"['chuyến' 'tàu' 'hỏa' 'thống' 'nhất' 'tiếp' 'theo' 'đi' 'hội' 'an' 'là'
 'khi' 'nào']","['Other' 'transport_type' 'transport_type' 'Other' 'Other' 'Other' 'Other'
 'Other' 'place_name' 'place_name' 'Other' 'Other' 'Other']",42,transport_query,transport,4.8,48000,1,True,SVM_CLOSED_SET,SVM_EXPERIMENTAL,bc385fed08843d244b69e8bc72b83e6e328517179ac483db64f7b379ada452ea,SVM_CLOSED_SET,TRAIN,svm_closed_set_train
10143,dev/bda0996b5dcd0d49f567ada29e1da6d9.wav,validation,SVM,vi-VN,5c9d67af9e01ef000197cd15,exp_svm_spk_0003,Female,59,tôi làm lạnh hộp đựng bánh pie trong bao lâu,tôi làm lạnh hộp đựng bánh pie trong bao lâu,['tôi' 'làm' 'lạnh' 'hộp' 'đựng' 'bánh' 'pie' 'trong' 'bao' 'lâu'],"['Other' 'Other' 'Other' 'Other' 'Other' 'Other' 'Other' 'Other' 'Other'
 'Other']",9,cooking_recipe,cooking,4.14,48000,1,True,SVM_CLOSED_SET,SVM_EXPERIMENTAL,900111b22fc012b1e0b383d1466a5dc937dbf8bb3583a7627658a1759ec785b2,SVM_CLOSED_SET,TRAIN,svm_closed_set_train
1027,dev/595694b9c6559257d252cbb8f46faf48.wav,validation,SVM,vi-VN,5c9d67af9e01ef000197cd15,exp_svm_spk_0003,Female,59,tôi có thể biết ngày của ngày hôm nay không,tôi có thể biết ngày [date : của ngày hôm nay] không,['tôi' 'có' 'thể' 'biết' 'ngày' 'của' 'ngày' 'hôm' 'nay' 'không'],"['Other' 'Other' 'Other' 'Other' 'Other' 'date' 'date' 'date' 'date'
 'Other']",0,datetime_query,datetime,3.84,48000,1,True,SVM_CLOSED_SET,SVM_EXPERIMENTAL,0f84d54162e4a7226c070bd9a27c34b840bf2f9c0ad531fb430d96f9db858948,SVM_CLOSED_SET,TRAIN,svm_closed_set_train
2009,dev/5c10afc4f5367a55d2e0f6777824b51d.wav,validation,SVM,vi-VN,5c9d67af9e01ef000197cd15,exp_svm_spk_0003,Female,59,thời tiết tuần này thế nào,thời tiết [date : tuần này] thế nào,['thời' 'tiết' 'tuần' 'này' 'thế' 'nào'],['Other' 'Other' 'date' 'date' 'Other' 'Other'],13,weather_query,weather,2.76,48000,1,True,SVM_CLOSED_SET,SVM_EXPERIMENTAL,4c1aca28d7e14cd44963752a596d0204bb862e63eda88a95a85adbaf3fbc2bfe,SVM_CLOSED_SET,TRAIN,svm_closed_set_train
8101,dev/2138fa027e9c6b83cc21610c710f51a0.wav,validation,SVM,vi-VN,5c9d67af9e01ef000197cd15,exp_svm_spk_0003,Female,59,olly gửi email các cuộc hẹn của tôi để xếp lại lịch trình,olly gửi email các [event_name : cuộc hẹn] của tôi để xếp lại lịch trình,"['olly' 'gửi' 'email' 'các' 'cuộc' 'hẹn' 'của' 'tôi' 'để' 'xếp' 'lại'
 'lịch' 'trình']","['Other' 'Other' 'Other' 'Other' 'event_name' 'event_name' 'Other' 'Other'
 'Other' 'Other' 'Other' 'Other' 'Other']",33,email_sendemail,email,5.1,48000,1,True,SVM_CLOSED_SET,SVM_EXPERIMENTAL,25b9de712e4900baafa75d6da3c87517e64dc4453ff423466579d6bc7c087392,SVM_CLOSED_SET,TRAIN,svm_closed_set_train
17121,dev/d3c100573e924e0d8b8fc37aae77bf74.wav,validation,SVM,vi-VN,5c9d67af9e01ef000197cd15,exp_svm_spk_0003,Female,59,báo cáo bất kỳ thư điện tử mới,báo cáo bất kỳ thư điện tử mới,['báo' 'cáo' 'bất' 'kỳ' 'thư' 'điện' 'tử' 'mới'],['Other' 'Other' 'Other' 'Other' 'Other' 'Other' 'Other' 'Other'],44,email_query,email,3.48,48000,1,True,SVM_CLOSED_SET,SVM_EXPERIMENTAL,a8850cfb10aab9401fc9e109dd4b0d36acd23544af78000715ea42f711d0dc99,SVM_CLOSED_SET,TRAIN,svm_closed_set_train
16709,dev/437bd2ef4b3a24bd24a0e45d4558da22.wav,validation,SVM,vi-VN,5c9d67af9e01ef000197cd15,exp_svm_spk_0003,Female,59,bao nhiêu số liên hệ tôi có trong danh bạ của tôi,bao nhiêu số liên hệ tôi có trong [device_type : danh bạ] của tôi,['bao' 'nhiêu' 'số' 'liên' 'hệ' 'tôi' 'có' 'trong' 'danh' 'bạ' 'của' 'tôi'],"['Other' 'Other' 'Other' 'Other' 'Other' 'Other' 'Other' 'Other'
 'device_type' 'device_type' 'Other' 'Other']",17,email_querycontact,email,4.5,48000,1,True,SVM_CLOSED_SET,SVM_EXPERIMENTAL,68dbb3477a87787d53248f0b59add827c41ecdafebf17dcc49792caf8a280615,SVM_CLOSED_SET,TRAIN,svm_closed_set_train
14346,dev/17176fa4eeb1af1b5ba8ca673a05a4b1.wav,validation,SVM,vi-VN,5c9d67af9e01ef000197cd15,exp_svm_spk_0003,Female,59,giả thuyết nghĩa là gì,[definition_word : giả thuyết] nghĩa là gì,['giả' 'thuyết' 'nghĩa' 'là' 'gì'],['definition_word' 'definition_word' 'Other' 'Other' 'Other'],26,qa_definition,qa,2.4,48000,1,True,SVM_CLOSED_SET,SVM_EXPERIMENTAL,89e2c92b6608262682f305e217a7947ea5fe3f1616186cf2c835958155741846,SVM_CLOSED_SET,TRAIN,svm_closed_set_train
2187,dev/2a4189002eaf736353a36c98f763fac6.wav,validation,SVM,vi-VN,5c9d67af9e01ef000197cd15,exp_svm_spk_0003,Female,59,bạn có thể vui lòng tắt đèn phòng ngủ của tôi không,bạn có thể vui lòng tắt đèn [house_place : phòng ngủ] của tôi không,"['bạn' 'có' 'thể' 'vui' 'lòng' 'tắt' 'đèn' 'phòng' 'ngủ' 'của' 'tôi'
 'không']","['Other' 'Other' 'Other' 'Other' 'Other' 'Other' 'Other' 'house_place'
 'house_place' 'Other' 'Other' 'Other']",40,iot_hue_lightoff,iot,3.78,48000,1,True,SVM_CLOSED_SET,SVM_EXPERIMENTAL,c0b646fbbf5fe7b914c7089171fbb0991a5b715a36e507a65c7b7087f217fb5d,SVM_CLOSED_SET,TRAIN,svm_closed_set_train
16723,dev/4bbcb18374115f6e066d201bafe60434.wav,validation,SVM,vi-VN,5c9d67af9e01ef000197cd15,exp_svm_spk_0003,Female,59,bạn có thể xem huy đã gửi thư điện tử cho tôi về điều gì không,bạn có thể xem [person : huy] đã gửi thư điện tử cho tôi về điều gì không,"['bạn' 'có' 'thể' 'xem' 'huy' 'đã' 'gửi' 'thư' 'điện' 'tử' 'cho' 'tôi'
 'về' 'điều' 'gì' 'không']","['Other' 'Other' 'Other' 'Other' 'person' 'Other' 'Other' 'Other' 'Other'
 'Other' 'Other' 'Other' 'Other' 'Other' 'Other' 'Other']",44,email_query,email,5.7,48000,1,True,SVM_CLOSED_SET,SVM_EXPERIMENTAL,6ab943af9c0300dbc443ed652108522805f610d02d8a0586271e8e7eaa543199,SVM_CLOSED_SET,TRAIN,svm_closed_set_train
14819,dev/d0ad553043b08e7608ee6a1467764270.wav,validation,SVM,vi-VN,5c9d67af9e01ef000197cd15,exp_svm_spk_0003,Female,59,cổ phiếu giá cao,cổ phiếu giá cao,['cổ' 'phiếu' 'giá' 'cao'],['Other' 'Other' 'Other' 'Other'],4,qa_stock,qa,2.58,48000,1,True,SVM_CLOSED_SET,SVM_EXPERIMENTAL,3f03cc6c1a15c383f487af411b48780e569752c4fd83316e3fd249b2cf803480,SVM_CLOSED_SET,TRAIN,svm_closed_set_train
6044,dev/de0f46aa133fe4e9f498d53229762177.wav,validation,SVM,vi-VN,5c9d67af9e01ef000197cd15,exp_svm_spk_0003,Female,59,tiếp theo phát bài hát người hãy quên em đi,tiếp theo phát bài hát người hãy quên em đi,['tiếp' 'theo' 'phát' 'bài' 'hát' 'người' 'hãy' 'quên' 'em' 'đi'],"['Other' 'Other' 'Other' 'Other' 'Other' 'Other' 'Other' 'Other' 'Other'
 'Other']",45,play_music,play,3.66,48000,1,True,SVM_CLOSED_SET,SVM_EXPERIMENTAL,033bf6f5a5926c6b41520df44b8cf37277a1aa5c9379bed61337508fefb07bd9,SVM_CLOSED_SET,TRAIN,svm_closed_set_train
345,dev/e16d129ab3a86feeaba330ffca976a5a.wav,validation,SVM,vi-VN,5c9d67af9e01ef000197cd15,exp_svm_spk_0003,Female,59,nhiệt độ ngày mai ngoài đó sẽ như thế nào,[weather_descriptor : nhiệt độ] [date : ngày mai] ngoài đó sẽ như thế nào,['nhiệt' 'độ' 'ngày' 'mai' 'ngoài' 'đó' 'sẽ' 'như' 'thế' 'nào'],"['weather_descriptor' 'weather_descriptor' 'date' 'date' 'Other' 'Other'
 'Other' 'Other' 'Other' 'Other']",13,weather_query,weather,3.6,48000,1,True,SVM_CLOSED_SET,SVM_EXPERIMENTAL,9a531c81d599646ae31934bba8e83d6fb3ad5ea9e0022d73cb71c97f4e187d78,SVM_CLOSED_SET,TRAIN,svm_closed_set_train
10017,dev/dd4f1c50ae0ffff484ab19cfe88696a1.wav,validation,SVM,vi-VN,5c9d67af9e01ef000197cd15,exp_svm_spk_0003,Female,59,cách bạn nấu đậu trắng,cách bạn nấu [ingredient : đậu trắng],['cách' 'bạn' 'nấu' 'đậu' 'trắng'],['Other' 'Other' 'Other' 'ingredient' 'ingredient'],9,cooking_recipe,cooking,1.92,48000,1,True,SVM_CLOSED_SET,SVM_EXPERIMENTAL,02da1cd3902cb3f3b23553e425233cb14aa5b9ac9699636eb18f65355f851033,SVM_CLOSED_SET,TRAIN,svm_closed_set_train
5782,dev/432c4e8da3b298a86da52bd29d922662.wav,validation,SVM,vi-VN,5c9d67af9e01ef000197cd15,exp_svm_spk_0003,Female,59,sẽ có sương mù sau hoàng hôn phải không,sẽ có [weather_descriptor : sương mù] [time : sau hoàng hôn] phải không,['sẽ' 'có' 'sương' 'mù' 'sau' 'hoàng' 'hôn' 'phải' 'không'],"['Other' 'Other' 'weather_descriptor' 'weather_descriptor' 'time' 'time'
 'time' 'Other' 'Other']",13,weather_query,weather,3.6,48000,1,True,SVM_CLOSED_SET,SVM_EXPERIMENTAL,a36cb55493cdf62bca4339b031d371bc274ba9d39eccd749aeb4229575868ab6,SVM_CLOSED_SET,TRAIN,svm_closed_set_train
9968,dev/69b37a5443f283a61e23743c7fc63790.wav,validation,SVM,vi-VN,5c9d67af9e01ef000197cd15,exp_svm_spk_0003,Female,59,các thành phần nào có thể sử dụng để thay thế rượu trắng,các thành phần nào có thể sử dụng để thay thế [ingredient : rượu trắng],"['các' 'thành' 'phần' 'nào' 'có' 'thể' 'sử' 'dụng' 'để' 'thay' 'thế'
 'rượu' 'trắng']","['Other' 'Other' 'Other' 'Other' 'Other' 'Other' 'Other' 'Other' 'Other'
 'Other' 'Other' 'ingredient' 'ingredient']",9,cooking_recipe,cooking,4.38,48000,1,True,SVM_CLOSED_SET,SVM_EXPERIMENTAL,da1d07eff74300ebd15b5a7daea65e93c0efe1f1457f004715c0c60ff5269f1a,SVM_CLOSED_SET,TRAIN,svm_closed_set_train
4538,dev/d8b94b51e718536db0e9d2fa80a9f768.wav,validation,SVM,vi-VN,5c9d67af9e01ef000197cd15,exp_svm_spk_0003,Female,59,dự đoán thời tiết mà bạn đưa cho tôi là sai thành phố tôi muốn biết nhiệt độ nơi tôi đang ở,dự đoán thời tiết mà bạn đưa cho tôi là sai thành phố tôi muốn biết nhiệt độ nơi tôi đang ở,"['dự' 'đoán' 'thời' 'tiết' 'mà' 'bạn' 'đưa' 'cho' 'tôi' 'là' 'sai' 'thành'
 'phố' 'tôi' 'muốn' 'biết' 'nhiệt' 'độ' 'nơi' 'tôi' 'đang' 'ở']","['Other' 'Other' 'Other' 'Other' 'Other' 'Other' 'Other' 'Other' 'Other'
 'Other' 'Other' 'Other' 'Other' 'Other' 'Other' 'Other' 'Other' 'Other'
 'Other' 'Other' 'Other' 'Other']",13,weather_query,weather,7.8,48000,1,True,SVM_CLOSED_SET,SVM_EXPERIMENTAL,4576b3fb67d8b66e908ca8599f9bdf72a7e4c9d327e0ca73ce8aaff941849d88,SVM_CLOSED_SET,TRAIN,svm_closed_set_train
11654,dev/a014de7a1c3a9e9c799a9b089f656b6b.wav,validation,SVM,vi-VN,5c9d67af9e01ef000197cd15,exp_svm_spk_0003,Female,59,tìm kiếm các nhà hàng trung hoa gần đây,tìm kiếm các [business_type : nhà hàng] [food_type : trung hoa] gần đây,['tìm' 'kiếm' 'các' 'nhà' 'hàng' 'trung' 'hoa' 'gần' 'đây'],"['Other' 'Other' 'Other' 'business_type' 'business_type' 'food_type'
 'food_type' 'Other' 'Other']",19,recommendation_locations,recommendation,3.36,48000,1,True,SVM_CLOSED_SET,SVM_EXPERIMENTAL,e502e4f5be528aef785d3bb2340bd8725a5f6280c1ad39f97111d32c59162f31,SVM_CLOSED_SET,TRAIN,svm_closed_set_train
53,dev/ea34dfeff1dea4ba254dfc6b4189bc09.wav,validation,SVM,vi-VN,5c9d67af9e01ef000197cd15,exp_svm_spk_0003,Female,59,danh sách các lựa chọn giao hàng được bình chọn nhiều nhất cho đồ ăn trung quốc,danh sách các lựa chọn [order_type : giao hàng] được bình chọn nhiều nhất cho đồ ăn [food_type : trung quốc],"['danh' 'sách' 'các' 'lựa' 'chọn' 'giao' 'hàng' 'được' 'bình'
 'chọn' 'nhiều' 'nhất' 'cho' 'đồ' 'ăn' 'trung' 'quốc']","['Other' 'Other' 'Other' 'Other' 'Other' 'order_type' 'order_type' 'Other'
 'Other' 'Other' 'Other' 'Other' 'Other' 'Other' 'Other' 'food_type'
 'food_type']",3,takeaway_query,takeaway,6.48,48000,1,True,SVM_CLOSED_SET,SVM_EXPERIMENTAL,3970d1971f1a463e7469acd7418749b428d3266152d77bcbac13d141375b306e,SVM_CLOSED_SET,TRAIN,svm_closed_set_train
9874,dev/a992f11078f7757b0472ae260597bd0b.wav,validation,SVM,vi-VN,5c9d67af9e01ef000197cd15,exp_svm_spk_0003,Female,59,bắt đầu đọc sách la quán trung đó,[player_setting : bắt đầu đọc] [media_type : sách] [audiobook_author : la quán trung] đó,['bắt' 'đầu' 'đọc' 'sách' 'la' 'quán' 'trung' 'đó'],"['player_setting' 'player_setting' 'player_setting' 'media_type'
 'audiobook_author' 'audiobook_author' 'audiobook_author' 'Other']",20,play_audiobook,play,3.6,48000,1,True,SVM_CLOSED_SET,SVM_EXPERIMENTAL,44853d82626020ca121e3ce14288847b2d45379ae8b9f5c8496104c59e32d7a0,SVM_CLOSED_SET,TRAIN,svm_closed_set_train
689,dev/361239908ff0328f559120ff674f1949.wav,validation,SVM,vi-VN,5c9d67af9e01ef000197cd15,exp_svm_spk_0003,Female,59,giảm âm lượng,giảm âm lượng,['giảm' 'âm' 'lượng'],['Other' 'Other' 'Other'],35,audio_volume_down,audio,2.04,48000,1,True,SVM_CLOSED_SET,SVM_EXPERIMENTAL,3bdda86d614ce6b7ec1740d134dc75dde35a87acc27a761d596b0e9cdb3055ae,SVM_CLOSED_SET,TRAIN,svm_closed_set_train
8800,dev/21b9b81ee067348ebb88babf137ed142.wav,validation,SVM,vi-VN,5c9d67af9e01ef000197cd15,exp_svm_spk_0003,Female,59,tôi có bất cứ lời nhắc nào trong danh sách của tôi không,tôi có bất cứ lời nhắc nào trong danh sách của tôi không,"['tôi' 'có' 'bất' 'cứ' 'lời' 'nhắc' 'nào' 'trong' 'danh' 'sách' 'của'
 'tôi' 'không']","['Other' 'Other' 'Other' 'Other' 'Other' 'Other' 'Other' 'Other' 'Other'
 'Other' 'Other' 'Other' 'Other']",32,calendar_query,calendar,4.44,48000,1,True,SVM_CLOSED_SET,SVM_EXPERIMENTAL,106f253e1d25241033b7f63e2d083e9580bc713411bb76b3ef1743bb41568d31,SVM_CLOSED_SET,TRAIN,svm_closed_set_train
11906,dev/6e231ed14898ca5625522df04474c0cd.wav,validation,SVM,vi-VN,5c9d67af9e01ef000197cd15,exp_svm_spk_0003,Female,59,cho tôi biết về các hoạt động trong khu vực của tôi vào cuối tuần này,cho tôi biết về các hoạt động trong khu vực của tôi vào cuối [date : tuần này],"['cho' 'tôi' 'biết' 'về' 'các' 'hoạt' 'động' 'trong' 'khu' 'vực' 'của'
 'tôi' 'vào' 'cuối' 'tuần' 'này']","['Other' 'Other' 'Other' 'Other' 'Other' 'Other' 'Other' 'Other' 'Other'
 'Other' 'Other' 'Other' 'Other' 'Other' 'date' 'date']",6,recommendation_events,recommendation,4.68,48000,1,True,SVM_CLOSED_SET,SVM_EXPERIMENTAL,2013828e13a5938d3953738ae88638f228da896ec72870866725b77d434d4b3e,SVM_CLOSED_SET,TRAIN,svm_closed_set_train
4603,dev/5b0d027026b045a5df2d5d17d5c30ea5.wav,validation,SVM,vi-VN,5c9d67af9e01ef000197cd15,exp_svm_spk_0003,Female,59,trời sẽ u ám phải không,trời sẽ u ám phải không,['trời' 'sẽ' 'u' 'ám' 'phải' 'không'],['Other' 'Other' 'Other' 'Other' 'Other' 'Other'],13,weather_query,weather,3.0,48000,1,True,SVM_CLOSED_SET,SVM_EXPERIMENTAL,1f2e36552e5b4114f31f72e18cc3b2c1b40aef4155e5513a79a854de590a2529,SVM_CLOSED_SET,TRAIN,svm_closed_set_train
15379,dev/ae188efb1d655417c6eb6efcd3bc19de.wav,validation,SVM,vi-VN,5c9d67af9e01ef000197cd15,exp_svm_spk_0003,Female,59,làm ơn đăng bức ảnh này lên facebook của tôi,làm ơn đăng bức ảnh này lên [media_type : facebook] của tôi,['làm' 'ơn' 'đăng' 'bức' 'ảnh' 'này' 'lên' 'facebook' 'của' 'tôi'],"['Other' 'Other' 'Other' 'Other' 'Other' 'Other' 'Other' 'media_type'
 'Other' 'Other']",47,social_post,social,3.84,48000,1,True,SVM_CLOSED_SET,SVM_EXPERIMENTAL,0a9640e38dcb51cd8230c9a8d54c79db0866b2fc75347cca3fbe3ebedad88400,SVM_CLOSED_SET,TRAIN,svm_closed_set_train
15863,dev/1b209c935c83a3eb11b4eaff6d55fdde.wav,validation,SVM,vi-VN,5c9d67af9e01ef000197cd15,exp_svm_spk_0003,Female,59,kiểm tra các email chưa đọc từ mẹ,kiểm tra các email chưa đọc từ [relation : mẹ],['kiểm' 'tra' 'các' 'email' 'chưa' 'đọc' 'từ' 'mẹ'],['Other' 'Other' 'Other' 'Other' 'Other' 'Other' 'Other' 'relation'],44,email_query,email,6.24,48000,1,True,SVM_CLOSED_SET,SVM_EXPERIMENTAL,d0c84a92d97f51a3d0d53a86faded8b2297dc6f9f1b3bd76e5141ba53034315e,SVM_CLOSED_SET,TRAIN,svm_closed_set_train
5672,dev/19346b639c9af7651b965fa838610af9.wav,validation,SVM,vi-VN,5c9d67af9e01ef000197cd15,exp_svm_spk_0003,Female,59,ở hà nội việt nam là mấy giờ,ở [place_name : hà nội việt nam] là mấy giờ,['ở' 'hà' 'nội' 'việt' 'nam' 'là' 'mấy' 'giờ'],"['Other' 'place_name' 'place_name' 'place_name' 'place_name' 'Other'
 'Other' 'Other']",0,datetime_query,datetime,3.72,48000,1,True,SVM_CLOSED_SET,SVM_EXPERIMENTAL,b7622c279de3c8d22acf114249fab42997fee057be0fec2672b6334609ce7717,SVM_CLOSED_SET,TRAIN,svm_closed_set_train
6613,dev/db40a0b044776ea729586d5ff97d5607.wav,validation,SVM,vi-VN,5c9d67af9e01ef000197cd15,exp_svm_spk_0003,Female,59,nấu ăn,nấu ăn,['nấu' 'ăn'],['Other' 'Other'],37,cooking_query,cooking,1.56,48000,1,True,SVM_CLOSED_SET,SVM_EXPERIMENTAL,f87c0e92ec082d6637e3a140759179b689e9ce68fdbc1136d9d65517a3471c4b,SVM_CLOSED_SET,TRAIN,svm_closed_set_train
15533,dev/d98016795d355b13298121bc8ec6eba8.wav,validation,SVM,vi-VN,5c9d67af9e01ef000197cd15,exp_svm_spk_0003,Female,59,olly gửi một tweet cho bún bò huế cô hằng nói với họ rằng họ có dịch vụ khách hàng tồi tệ nhất,olly gửi một [media_type : tweet] cho [business_name : bún bò huế cô hằng] nói với họ rằng họ có dịch vụ khách hàng tồi tệ nhất,"['olly' 'gửi' 'một' 'tweet' 'cho' 'bún' 'bò' 'huế' 'cô' 'hằng' 'nói' 'với'
 'họ' 'rằng' 'họ' 'có' 'dịch' 'vụ' 'khách' 'hàng' 'tồi' 'tệ' 'nhất']","['Other' 'Other' 'Other' 'media_type' 'Other' 'business_name'
 'business_name' 'business_name' 'business_name' 'business_name' 'Other'
 'Other' 'Other' 'Other' 'Other' 'Other' 'Other' 'Other' 'Other' 'Other'
 'Other' 'Other' 'Other']",47,social_post,social,7.8,48000,1,True,SVM_CLOSED_SET,SVM_EXPERIMENTAL,63eda9f3118dfaefcd49a0dcb3931d6d77163717f4b807b63ee5e76fe421e4bf,SVM_CLOSED_SET,TRAIN,svm_closed_set_train
5004,dev/5ca448faa12b7090ab621ffd4d0c899f.wav,validation,SVM,vi-VN,5c9d67af9e01ef000197cd15,exp_svm_spk_0003,Female,59,thời gian của múi giờ phía đông là gì,thời gian của múi giờ [time_zone : phía đông] là gì,['thời' 'gian' 'của' 'múi' 'giờ' 'phía' 'đông' 'là' 'gì'],"['Other' 'Other' 'Other' 'Other' 'Other' 'time_zone' 'time_zone' 'Other'
 'Other']",0,datetime_query,datetime,4.08,48000,1,True,SVM_CLOSED_SET,SVM_EXPERIMENTAL,193327afd75e255eb486aa773fee5649874708fe750702d1d2679d8a1e215f4f,SVM_CLOSED_SET,TRAIN,svm_closed_set_train
7486,dev/aa85d67d76831b61356a7caa5ee3c9c4.wav,validation,SVM,vi-VN,5c9d67af9e01ef000197cd15,exp_svm_spk_0003,Female,59,cảnh báo hiện tại của tôi là gì,cảnh báo hiện tại của tôi là gì,['cảnh' 'báo' 'hiện' 'tại' 'của' 'tôi' 'là' 'gì'],['Other' 'Other' 'Other' 'Other' 'Other' 'Other' 'Other' 'Other'],32,calendar_query,calendar,3.3,48000,1,True,SVM_CLOSED_SET,SVM_EXPERIMENTAL,1fc1881cb57302f627cbd30f2e63affe1dff570185d7935d759659ab7993b208,SVM_CLOSED_SET,TRAIN,svm_closed_set_train
2125,dev/dd0915a79ae0f9442b0939d1f5704e4e.wav,validation,SVM,vi-VN,5c9d67af9e01ef000197cd15,exp_svm_spk_0003,Female,59,cho tôi biết thời tiết của new brighton pa olly,cho tôi biết thời tiết của [place_name : new brighton pa] olly,['cho' 'tôi' 'biết' 'thời' 'tiết' 'của' 'new' 'brighton' 'pa' 'olly'],"['Other' 'Other' 'Other' 'Other' 'Other' 'Other' 'place_name' 'place_name'
 'place_name' 'Other']",13,weather_query,weather,5.58,48000,1,True,SVM_CLOSED_SET,SVM_EXPERIMENTAL,6679226ee8315be0b1b72f526a74efbd76321f71fe81dc7730dd4b1f8b69a673,SVM_CLOSED_SET,TRAIN,svm_closed_set_train
8609,dev/6b7e6b393351f2794a6815978c098895.wav,validation,SVM,vi-VN,5c9d67af9e01ef000197cd15,exp_svm_spk_0003,Female,59,hủy cuộc họp với thư vào ngày thứ ba và đặt lịch lại vào ngày thứ năm,hủy [event_name : cuộc họp] với [person : thư] vào [date : ngày thứ ba] và đặt lịch lại vào [date : ngày thứ năm],"['hủy' 'cuộc' 'họp' 'với' 'thư' 'vào' 'ngày' 'thứ' 'ba' 'và' 'đặt'
 'lịch' 'lại' 'vào' 'ngày' 'thứ' 'năm']","['Other' 'event_name' 'event_name' 'Other' 'person' 'Other' 'date' 'date'
 'date' 'Other' 'Other' 'Other' 'Other' 'Other' 'date' 'date' 'date']",50,calendar_set,calendar,5.46,48000,1,True,SVM_CLOSED_SET,SVM_EXPERIMENTAL,03a737433ae4b5f46e7471677c2e5dc493fe1f0619c7ab2e8a2f6c998cd330dc,SVM_CLOSED_SET,TRAIN,svm_closed_set_train
13462,dev/ac6dbb6b7b36319d8321ce5d9b43aa34.wav,validation,SVM,vi-VN,5c9d67af9e01ef000197cd15,exp_svm_spk_0003,Female,59,tính toán,tính toán,['tính' 'toán'],['Other' 'Other'],39,qa_maths,qa,1.32,48000,1,True,SVM_CLOSED_SET,SVM_EXPERIMENTAL,58d8704c4a80aec20303b849c884a7ab3aafdf35e7cd6a83cf4b6cea7813c68a,SVM_CLOSED_SET,TRAIN,svm_closed_set_train
14987,dev/b157b070765a3cac2773339f122e1e0e.wav,validation,SVM,vi-VN,5c9d67af9e01ef000197cd15,exp_svm_spk_0003,Female,59,máy vi tính là gì,[definition_word : máy vi tính] là gì,['máy' 'vi' 'tính' 'là' 'gì'],['definition_word' 'definition_word' 'definition_word' 'Other' 'Other'],26,qa_definition,qa,2.4,48000,1,True,SVM_CLOSED_SET,SVM_EXPERIMENTAL,55124edda39865afea7a43f5f13e2ecf743c681e9fb41e6c91c8cde8c91b0f67,SVM_CLOSED_SET,TRAIN,svm_closed_set_train
8061,dev/856fb51046e039fa22ddcf67655c64d4.wav,validation,SVM,vi-VN,5c9d67af9e01ef000197cd15,exp_svm_spk_0003,Female,59,tiệc tối bắt đầu lúc mấy giờ tối nay,[event_name : tiệc tối] bắt đầu lúc mấy giờ [timeofday : tối nay],['tiệc' 'tối' 'bắt' 'đầu' 'lúc' 'mấy' 'giờ' 'tối' 'nay'],"['event_name' 'event_name' 'Other' 'Other' 'Other' 'Other' 'Other'
 'timeofday' 'timeofday']",32,calendar_query,calendar,3.3,48000,1,True,SVM_CLOSED_SET,SVM_EXPERIMENTAL,69e924f21ba00d102c8e4e6c0dc930c1ebe029fbcb39e232a5b4f66688cc65d6,SVM_CLOSED_SET,TRAIN,svm_closed_set_train
14704,dev/8e00ab6cc71d03e00d1fd03177ca48bb.wav,validation,SVM,vi-VN,5c9d67af9e01ef000197cd15,exp_svm_spk_0003,Female,59,tôi có thể mua lúa mì hữu cơ ở đâu,tôi có thể mua lúa mì hữu cơ ở đâu,['tôi' 'có' 'thể' 'mua' 'lúa' 'mì' 'hữu' 'cơ' 'ở' 'đâu'],"['Other' 'Other' 'Other' 'Other' 'Other' 'Other' 'Other' 'Other' 'Other'
 'Other']",19,recommendation_locations,recommendation,3.48,48000,1,True,SVM_CLOSED_SET,SVM_EXPERIMENTAL,2ec772ea5a0a19a97b249a3d9d2548e573a0c296e582e51b49e2c9e8dc13a730,SVM_CLOSED_SET,TRAIN,svm_closed_set_train
8752,dev/9e2238affe38a0a3b38c4c1a50c8d375.wav,validation,SVM,vi-VN,5c9d67af9e01ef000197cd15,exp_svm_spk_0003,Female,59,tôi có bất kỳ thứ gì lên lịch cho ngày mười bảy tháng ba không,tôi có bất kỳ thứ gì lên lịch cho [date : ngày mười bảy tháng ba] không,"['tôi' 'có' 'bất' 'kỳ' 'thứ' 'gì' 'lên' 'lịch' 'cho' 'ngày' 'mười' 'bảy'
 'tháng' 'ba' 'không']","['Other' 'Other' 'Other' 'Other' 'Other' 'Other' 'Other' 'Other' 'Other'
 'date' 'date' 'date' 'date' 'date' 'Other']",32,calendar_query,calendar,5.1,48000,1,True,SVM_CLOSED_SET,SVM_EXPERIMENTAL,64034794022c0a8444e4e8f88e6a08ae2b0784f6f12f707df444f65db609ae7d,SVM_CLOSED_SET,TRAIN,svm_closed_set_train
3940,dev/43d42079463719ac075b191a92a0c445.wav,validation,SVM,vi-VN,5c9d67af9e01ef000197cd15,exp_svm_spk_0003,Female,59,lưu các bài hát thể loại này cho tôi,lưu các bài hát thể loại này cho tôi,['lưu' 'các' 'bài' 'hát' 'thể' 'loại' 'này' 'cho' 'tôi'],['Other' 'Other' 'Other' 'Other' 'Other' 'Other' 'Other' 'Other' 'Other'],43,music_likeness,music,3.42,48000,1,True,SVM_CLOSED_SET,SVM_EXPERIMENTAL,c4a811d3aa6dd9f808820859fbe47eb4e7028f8aff57f84008426a37f59085c1,SVM_CLOSED_SET,TRAIN,svm_closed_set_train
14397,dev/281ad3327f5a2c3128aed3e1b8e93b74.wav,validation,SVM,vi-VN,5c9d67af9e01ef000197cd15,exp_svm_spk_0003,Female,59,sơn tùng sinh ngày nào,[person : sơn tùng] sinh ngày nào,['sơn' 'tùng' 'sinh' 'ngày' 'nào'],['person' 'person' 'Other' 'Other' 'Other'],49,qa_factoid,qa,3.06,48000,1,True,SVM_CLOSED_SET,SVM_EXPERIMENTAL,9e22a207f9bf6fb1c0b0e1f5b36ded71dc3f54eb6884467e934aedeb0512f55a,SVM_CLOSED_SET,TRAIN,svm_closed_set_train
9453,dev/47f548565dd05438b55985337da3ef3c.wav,validation,SVM,vi-VN,5c9d67af9e01ef000197cd15,exp_svm_spk_0003,Female,59,phát radio famosa cho ôti,phát radio [radio_name : famosa] cho ôti,['phát' 'radio' 'famosa' 'cho' 'ôti'],['Other' 'Other' 'radio_name' 'Other' 'Other'],36,play_radio,play,3.96,48000,1,True,SVM_CLOSED_SET,SVM_EXPERIMENTAL,019011aec0537a1d84471a6985dd7b7d80d3070fca735e706f35c5ebe4932264,SVM_CLOSED_SET,TRAIN,svm_closed_set_train
11624,dev/e6a6672c44a6e7fc77a052afe06a4f55.wav,validation,SVM,vi-VN,5c9d67af9e01ef000197cd15,exp_svm_spk_0003,Female,59,nơi tôi nên đến để ăn đồ ăn mê xi cô trong khu vực,nơi tôi nên đến để ăn đồ ăn [food_type : mê xi cô] trong khu vực,"['nơi' 'tôi' 'nên' 'đến' 'để' 'ăn' 'đồ' 'ăn' 'mê' 'xi' 'cô' 'trong' 'khu'
 'vực']","['Other' 'Other' 'Other' 'Other' 'Other' 'Other' 'Other' 'Other'
 'food_type' 'food_type' 'food_type' 'Other' 'Other' 'Other']",19,recommendation_locations,recommendation,5.58,48000,1,True,SVM_CLOSED_SET,SVM_EXPERIMENTAL,3eb9f136f64c358a6b7ba29d10fc6db9ee5ff98234eb789c84f513c8354c9334,SVM_CLOSED_SET,TRAIN,svm_closed_set_train
6079,dev/203fb36dbb76740ba75b0c9747c272bb.wav,validation,SVM,vi-VN,5c9d67af9e01ef000197cd15,exp_svm_spk_0003,Female,59,báo thức,báo thức,['báo' 'thức'],['Other' 'Other'],48,alarm_set,alarm,1.5,48000,1,True,SVM_CLOSED_SET,SVM_EXPERIMENTAL,003307ed8659cfc80407ad2c4067df7f2a79ed654b8e8305980cc3a61d3e6a0e,SVM_CLOSED_SET,TRAIN,svm_closed_set_train
3649,dev/f2393d3b6a9b0fb46e6cc7310881c10a.wav,validation,SVM,vi-VN,5c9d67af9e01ef000197cd15,exp_svm_spk_0003,Female,59,nóng đến mức nào ở miami,[weather_descriptor : nóng] đến mức nào ở [place_name : miami],['nóng' 'đến' 'mức' 'nào' 'ở' 'miami'],['weather_descriptor' 'Other' 'Other' 'Other' 'Other' 'place_name'],13,weather_query,weather,3.96,48000,1,True,SVM_CLOSED_SET,SVM_EXPERIMENTAL,23fa7ac071d0a7264ea419335c894f99518f2c178d1997c4c0dfd1a6a7d18efa,SVM_CLOSED_SET,TRAIN,svm_closed_set_train
2323,dev/53c7753c78da0a0bff50d2828d94004f.wav,validation,SVM,vi-VN,5c9d67af9e01ef000197cd15,exp_svm_spk_0003,Female,59,vui lòng tắt tiếng loa,vui lòng tắt tiếng loa,['vui' 'lòng' 'tắt' 'tiếng' 'loa'],['Other' 'Other' 'Other' 'Other' 'Other'],46,audio_volume_mute,audio,2.58,48000,1,True,SVM_CLOSED_SET,SVM_EXPERIMENTAL,c9a3a22eb3fc2a56d002a6faf29de033bc2d71a7bf0645a24fb49956a7d77c12,SVM_CLOSED_SET,TRAIN,svm_closed_set_train
562,dev/b930b239b08ca32251a9b604d01d0d01.wav,validation,SVM,vi-VN,5e133bbe6a5bff9911b73cfc,exp_svm_spk_0004,Female,31,tắt báo thức lúc tám giờ sáng của tôi,tắt báo thức lúc [time : tám giờ sáng] của tôi,['tắt' 'báo' 'thức' 'lúc' 'tám' 'giờ' 'sáng' 'của' 'tôi'],['Other' 'Other' 'Other' 'Other' 'time' 'time' 'time' 'Other' 'Other'],52,alarm_remove,alarm,3.84,48000,1,True,SVM_CLOSED_SET,SVM_EXPERIMENTAL,162dda3a7bdf143acee9723d7bd521a923fd7023ee2ec67d625e4f29e541f15f,SVM_CLOSED_SET,TRAIN,svm_closed_set_train
11876,dev/5fa6fa43deeaba6840088dae3134121b.wav,validation,SVM,vi-VN,5e133bbe6a5bff9911b73cfc,exp_svm_spk_0004,Female,31,các hoạt động nào đang được tổ chức ở chỗ tôi,các hoạt động nào đang được tổ chức ở chỗ tôi,['các' 'hoạt' 'động' 'nào' 'đang' 'được' 'tổ' 'chức' 'ở' 'chỗ' 'tôi'],"['Other' 'Other' 'Other' 'Other' 'Other' 'Other' 'Other' 'Other' 'Other'
 'Other' 'Other']",6,recommendation_events,recommendation,3.24,48000,1,True,SVM_CLOSED_SET,SVM_EXPERIMENTAL,2cabf2025c8f99954917a3b14b51e12d833b453d6ee97fb6f57aea10ac8da593,SVM_CLOSED_SET,TRAIN,svm_closed_set_train
616,dev/7eaf0a13865637fd8e7bc610b151f6b4.wav,validation,SVM,vi-VN,5e133bbe6a5bff9911b73cfc,exp_svm_spk_0004,Female,31,olly mở bài hát từ danh sách phát của tôi,olly mở bài hát từ danh sách phát của tôi,['olly' 'mở' 'bài' 'hát' 'từ' 'danh' 'sách' 'phát' 'của' 'tôi'],"['Other' 'Other' 'Other' 'Other' 'Other' 'Other' 'Other' 'Other' 'Other'
 'Other']",45,play_music,play,4.56,48000,1,True,SVM_CLOSED_SET,SVM_EXPERIMENTAL,71b5fecb9505c75f3c789d171b225cfda4744fee0f7d9a3ac932c10a3c262dbc,SVM_CLOSED_SET,TRAIN,svm_closed_set_train
12119,dev/a8435c0ddefc335eedb91cef5f6a21a4.wav,validation,SVM,vi-VN,5e133bbe6a5bff9911b73cfc,exp_svm_spk_0004,Female,31,vui lòng tìm các sự kiện ở vị trí của tôi,vui lòng tìm các sự kiện ở vị trí của tôi,['vui' 'lòng' 'tìm' 'các' 'sự' 'kiện' 'ở' 'vị' 'trí' 'của' 'tôi'],"['Other' 'Other' 'Other' 'Other' 'Other' 'Other' 'Other' 'Other' 'Other'
 'Other' 'Other']",6,recommendation_events,recommendation,3.48,48000,1,True,SVM_CLOSED_SET,SVM_EXPERIMENTAL,556aeb3ce20ce510bbf34f1dd83115784c5164790f9cd65586302bb00422cc79,SVM_CLOSED_SET,TRAIN,svm_closed_set_train
12768,dev/97a4422c7c31885b6733013409a7daf0.wav,validation,SVM,vi-VN,5e133bbe6a5bff9911b73cfc,exp_svm_spk_0004,Female,31,bao nhiêu tiền một vé xe lửa đến hồ chí minh,bao nhiêu tiền một vé [transport_type : xe lửa] đến [place_name : hồ chí minh],['bao' 'nhiêu' 'tiền' 'một' 'vé' 'xe' 'lửa' 'đến' 'hồ' 'chí' 'minh'],"['Other' 'Other' 'Other' 'Other' 'Other' 'transport_type' 'transport_type'
 'Other' 'place_name' 'place_name' 'place_name']",42,transport_query,transport,4.08,48000,1,True,SVM_CLOSED_SET,SVM_EXPERIMENTAL,55cb9b091f2916b011f1019c88eb15864b3f9d4312fa31f3b3cdc38ee35030c7,SVM_CLOSED_SET,TRAIN,svm_closed_set_train
8697,dev/0af6b19cb42aa3fe9b2107acd90ee722.wav,validation,SVM,vi-VN,5e133bbe6a5bff9911b73cfc,exp_svm_spk_0004,Female,31,tôi có một cuộc họp với an vào ngày hai mươi mốt tháng ba lúc mười giờ,tôi có một [event_name : cuộc họp] với [person : an] vào [date : ngày hai mươi mốt tháng ba] lúc [time : mười giờ],"['tôi' 'có' 'một' 'cuộc' 'họp' 'với' 'an' 'vào' 'ngày' 'hai' 'mươi' 'mốt'
 'tháng' 'ba' 'lúc' 'mười' 'giờ']","['Other' 'Other' 'Other' 'event_name' 'event_name' 'Other' 'person'
 'Other' 'date' 'date' 'date' 'date' 'date' 'date' 'Other' 'time' 'time']",50,calendar_set,calendar,5.22,48000,1,True,SVM_CLOSED_SET,SVM_EXPERIMENTAL,2337150051562c06ef8e1e6cdb21a95e2d32cd3111354d123902d03ed0db4c92,SVM_CLOSED_SET,TRAIN,svm_closed_set_train
16885,dev/fafc52383c18a1115c5847539fbc8774.wav,validation,SVM,vi-VN,5e133bbe6a5bff9911b73cfc,exp_svm_spk_0004,Female,31,gửi một email đến chị vy hỏi cô ấy rằng dean nộp bài tập về nhà cuối cùng của em ấy được không,gửi một email đến [person : chị vy] hỏi cô ấy rằng dean nộp bài tập về nhà cuối cùng của em ấy được không,"['gửi' 'một' 'email' 'đến' 'chị' 'vy' 'hỏi' 'cô' 'ấy' 'rằng' 'dean' 'nộp'
 'bài' 'tập' 'về' 'nhà' 'cuối' 'cùng' 'của' 'em' 'ấy' 'được' 'không']","['Other' 'Other' 'Other' 'Other' 'person' 'person' 'Other' 'Other' 'Other'
 'Other' 'Other' 'Other' 'Other' 'Other' 'Other' 'Other' 'Other' 'Other'
 'Other' 'Other' 'Other' 'Other' 'Other']",33,email_sendemail,email,7.02,48000,1,True,SVM_CLOSED_SET,SVM_EXPERIMENTAL,6f2bf922a1c0df5bc9242449bc27103c0e77ac3ec96418f2ae18e3c3a338ef0d,SVM_CLOSED_SET,TRAIN,svm_closed_set_train
13583,dev/3d61c0a400f791849664e0da3171003f.wav,validation,SVM,vi-VN,5e133bbe6a5bff9911b73cfc,exp_svm_spk_0004,Female,31,tỷ giá chuyển đổi giữa đô la và euro hiện tại là bao nhiêu,tỷ giá chuyển đổi giữa [currency_name : đô la] và [currency_name : euro] hiện tại là bao nhiêu,"['tỷ' 'giá' 'chuyển' 'đổi' 'giữa' 'đô' 'la' 'và' 'euro' 'hiện' 'tại' 'là'
 'bao' 'nhiêu']","['Other' 'Other' 'Other' 'Other' 'Other' 'currency_name' 'currency_name'
 'Other' 'currency_name' 'Other' 'Other' 'Other' 'Other' 'Other']",10,qa_currency,qa,3.9,48000,1,True,SVM_CLOSED_SET,SVM_EXPERIMENTAL,abea6b34d6c50ed69741e3237d32070cc2359151438a1f588754effdd549146a,SVM_CLOSED_SET,TRAIN,svm_closed_set_train
8808,dev/b22ff843e7a317f71bda2d367bf4aab7.wav,validation,SVM,vi-VN,5e133bbe6a5bff9911b73cfc,exp_svm_spk_0004,Female,31,tôi có cần được nhắc nhở về bất kỳ cuộc họp nào vào thứ hai không,tôi có cần được nhắc nhở về bất kỳ [event_name : cuộc họp] nào vào [date : thứ hai] không,"['tôi' 'có' 'cần' 'được' 'nhắc' 'nhở' 'về' 'bất' 'kỳ' 'cuộc' 'họp' 'nào'
 'vào' 'thứ' 'hai' 'không']","['Other' 'Other' 'Other' 'Other' 'Other' 'Other' 'Other' 'Other' 'Other'
 'event_name' 'event_name' 'Other' 'Other' 'date' 'date' 'Other']",50,calendar_set,calendar,5.1,48000,1,True,SVM_CLOSED_SET,SVM_EXPERIMENTAL,d2bab0d788ece2f047b92bd6849e106be4cfeccc0d9a3b8391ab2bfa404714aa,SVM_CLOSED_SET,TRAIN,svm_closed_set_train
9614,dev/8154aab1f8e49e69294a65535fff87ae.wav,validation,SVM,vi-VN,5e133bbe6a5bff9911b73cfc,exp_svm_spk_0004,Female,31,mở kênh chín mươi chín chấm năm f. m.,mở kênh [radio_name : chín mươi chín chấm năm f. m.],['mở' 'kênh' 'chín' 'mươi' 'chín' 'chấm' 'năm' 'f.' 'm.'],"['Other' 'Other' 'radio_name' 'radio_name' 'radio_name' 'radio_name'
 'radio_name' 'radio_name' 'radio_name']",36,play_radio,play,3.36,48000,1,True,SVM_CLOSED_SET,SVM_EXPERIMENTAL,27043681023bd833b866ede1a55e000f39fc6e9677144011fece9f31fa2f9772,SVM_CLOSED_SET,TRAIN,svm_closed_set_train
6035,dev/a94e0aa550c416637f82833fb7ce7b9a.wav,validation,SVM,vi-VN,5e133bbe6a5bff9911b73cfc,exp_svm_spk_0004,Female,31,mở đồng hồ,mở đồng hồ,['mở' 'đồng' 'hồ'],['Other' 'Other' 'Other'],48,alarm_set,alarm,2.16,48000,1,True,SVM_CLOSED_SET,SVM_EXPERIMENTAL,ea0627b10676a41c7eab062c0684ec455333cc944b7d233a34cce5d10ee4075b,SVM_CLOSED_SET,TRAIN,svm_closed_set_train
12484,dev/e45c743fadb38dc6675f8096697ec4bb.wav,validation,SVM,vi-VN,5e133bbe6a5bff9911b73cfc,exp_svm_spk_0004,Female,31,khi nào chuyến tàu rời bến đến hà nội,khi nào [transport_type : chuyến tàu] rời bến đến [place_name : hà nội],['khi' 'nào' 'chuyến' 'tàu' 'rời' 'bến' 'đến' 'hà' 'nội'],"['Other' 'Other' 'transport_type' 'transport_type' 'Other' 'Other' 'Other'
 'place_name' 'place_name']",42,transport_query,transport,3.78,48000,1,True,SVM_CLOSED_SET,SVM_EXPERIMENTAL,375780e5140c574fca8a6ed66fec0d5c2d2d9a90fb93dd8f7cc0bf5f97694fa7,SVM_CLOSED_SET,TRAIN,svm_closed_set_train
14039,dev/d46cda22edce23a01ddc88007283a8de.wav,validation,SVM,vi-VN,5e133bbe6a5bff9911b73cfc,exp_svm_spk_0004,Female,31,tỉnh nào của việt nam ở cực bắc,tỉnh nào của việt nam ở cực bắc,['tỉnh' 'nào' 'của' 'việt' 'nam' 'ở' 'cực' 'bắc'],['Other' 'Other' 'Other' 'Other' 'Other' 'Other' 'Other' 'Other'],49,qa_factoid,qa,3.12,48000,1,True,SVM_CLOSED_SET,SVM_EXPERIMENTAL,fc6a1e5b3df708787af27b6b5f1c8e551cb8de298d7eaaef57b5d8db6c33b910,SVM_CLOSED_SET,TRAIN,svm_closed_set_train
5449,dev/43c956e687b7516379eed060a0a1ff16.wav,validation,SVM,vi-VN,5e133bbe6a5bff9911b73cfc,exp_svm_spk_0004,Female,31,phát bài hát dân gian ấn độ,phát bài hát [music_genre : dân gian ấn độ],['phát' 'bài' 'hát' 'dân' 'gian' 'ấn' 'độ'],"['Other' 'Other' 'Other' 'music_genre' 'music_genre' 'music_genre'
 'music_genre']",45,play_music,play,3.66,48000,1,True,SVM_CLOSED_SET,SVM_EXPERIMENTAL,8f589975521923802b82bf8ea92b7f78bb14928258ff03d70b3f3ead59a1286a,SVM_CLOSED_SET,TRAIN,svm_closed_set_train
127,dev/5764d48acdfd7389969a431dfb8d59e7.wav,validation,SVM,vi-VN,5e133bbe6a5bff9911b73cfc,exp_svm_spk_0004,Female,31,hôm nay là ngày gì,[date : hôm nay] là ngày gì,['hôm' 'nay' 'là' 'ngày' 'gì'],['date' 'date' 'Other' 'Other' 'Other'],0,datetime_query,datetime,3.6,48000,1,True,SVM_CLOSED_SET,SVM_EXPERIMENTAL,ab29dff14ba06365a1c26dd3c29a442abbefa218184da6f59b394db424f43758,SVM_CLOSED_SET,TRAIN,svm_closed_set_train
9771,dev/7096077d81485a2851c93fd15372ed48.wav,validation,SVM,vi-VN,5e133bbe6a5bff9911b73cfc,exp_svm_spk_0004,Female,31,làm ơn phát bản ghi âm thanh tạm dừng gần đây,làm ơn phát [media_type : bản ghi âm thanh] tạm dừng gần đây,['làm' 'ơn' 'phát' 'bản' 'ghi' 'âm' 'thanh' 'tạm' 'dừng' 'gần' 'đây'],"['Other' 'Other' 'Other' 'media_type' 'media_type' 'media_type'
 'media_type' 'Other' 'Other' 'Other' 'Other']",20,play_audiobook,play,4.98,48000,1,True,SVM_CLOSED_SET,SVM_EXPERIMENTAL,2744cce3633cf8e66ea8671f14e40f700d5160ea5a0f977b6bbe761e6bd17b3a,SVM_CLOSED_SET,TRAIN,svm_closed_set_train
10685,dev/881556056c447aa4e82343fa1a4f9d5b.wav,validation,SVM,vi-VN,5e133bbe6a5bff9911b73cfc,exp_svm_spk_0004,Female,31,nói tôi biết những danh sách tôi đang có,nói tôi biết những danh sách tôi đang có,['nói' 'tôi' 'biết' 'những' 'danh' 'sách' 'tôi' 'đang' 'có'],['Other' 'Other' 'Other' 'Other' 'Other' 'Other' 'Other' 'Other' 'Other'],59,lists_query,lists,4.08,48000,1,True,SVM_CLOSED_SET,SVM_EXPERIMENTAL,8d56e3d2a3da5651f561e944d0e8829fd302e37d5f7a088ccd7f4e9c3f309a7c,SVM_CLOSED_SET,TRAIN,svm_closed_set_train
16107,dev/87f78da67fea9780cf7fd7eb04f0a9b2.wav,validation,SVM,vi-VN,5e133bbe6a5bff9911b73cfc,exp_svm_spk_0004,Female,31,địa chỉ email của mẹ là gì,[personal_info : địa chỉ email] [relation : của mẹ] là gì,['địa' 'chỉ' 'email' 'của' 'mẹ' 'là' 'gì'],"['personal_info' 'personal_info' 'personal_info' 'relation' 'relation'
 'Other' 'Other']",17,email_querycontact,email,2.64,48000,1,True,SVM_CLOSED_SET,SVM_EXPERIMENTAL,eb338aa9bf28c807b83f718049a31660b4bb7accb5b2a149bfd6404a33aebc8c,SVM_CLOSED_SET,TRAIN,svm_closed_set_train
1945,dev/3588646650d587d3ef58fd5d75ad6f1a.wav,validation,SVM,vi-VN,5e133bbe6a5bff9911b73cfc,exp_svm_spk_0004,Female,31,tắt đèn,tắt đèn,['tắt' 'đèn'],['Other' 'Other'],40,iot_hue_lightoff,iot,1.44,48000,1,True,SVM_CLOSED_SET,SVM_EXPERIMENTAL,71f46ba6f4a9b5e95a5771d56b533726e22b2e79709193a5222630a28259f9ce,SVM_CLOSED_SET,TRAIN,svm_closed_set_train
7357,dev/283c458e3f41c45d06a0c8c1b2634e69.wav,validation,SVM,vi-VN,5e133bbe6a5bff9911b73cfc,exp_svm_spk_0004,Female,31,danh sách các sự kiện trong lịch của tôi vào tháng ba là gì,danh sách các sự kiện trong lịch của tôi vào [date : tháng ba] là gì,"['danh' 'sách' 'các' 'sự' 'kiện' 'trong' 'lịch' 'của' 'tôi' 'vào' 'tháng'
 'ba' 'là' 'gì']","['Other' 'Other' 'Other' 'Other' 'Other' 'Other' 'Other' 'Other' 'Other'
 'Other' 'date' 'date' 'Other' 'Other']",32,calendar_query,calendar,3.42,48000,1,True,SVM_CLOSED_SET,SVM_EXPERIMENTAL,b24f1c5e71480fecbeae5e8e666a2ee8f440371bce2834616ba5cd6c6d873283,SVM_CLOSED_SET,TRAIN,svm_closed_set_train
6356,dev/b30e25a44e77a1b4f24bf6661cf5fda6.wav,validation,SVM,vi-VN,5e133bbe6a5bff9911b73cfc,exp_svm_spk_0004,Female,31,tôi được mời đi quán nhậu vào chủ nhật,tôi được mời đi [place_name : quán nhậu] vào [date : chủ nhật],['tôi' 'được' 'mời' 'đi' 'quán' 'nhậu' 'vào' 'chủ' 'nhật'],"['Other' 'Other' 'Other' 'Other' 'place_name' 'place_name' 'Other' 'date'
 'date']",12,general_quirky,general,3.96,48000,1,True,SVM_CLOSED_SET,SVM_EXPERIMENTAL,7133178f4980d80ba662528bf9dfd519d058a1c4180098e096338bafb424461a,SVM_CLOSED_SET,TRAIN,svm_closed_set_train
6490,dev/4ad47875d1dadd3c43aca4e9fca14b11.wav,validation,SVM,vi-VN,5e133bbe6a5bff9911b73cfc,exp_svm_spk_0004,Female,31,những câu nói đùa mỉa mai,những câu nói đùa [joke_type : mỉa mai],['những' 'câu' 'nói' 'đùa' 'mỉa' 'mai'],['Other' 'Other' 'Other' 'Other' 'joke_type' 'joke_type'],25,general_joke,general,2.46,48000,1,True,SVM_CLOSED_SET,SVM_EXPERIMENTAL,3d6d5c93dbc50a2b2ca3bca6850c0a458ed7d6d6e0987d2021286eed76e098f4,SVM_CLOSED_SET,TRAIN,svm_closed_set_train
11795,dev/7b815a3c810d7d8b67ef4a6ebc4d7f68.wav,validation,SVM,vi-VN,5e133bbe6a5bff9911b73cfc,exp_svm_spk_0004,Female,31,ai là người bán nextbook rẻ nhất phía nam hà nội,ai là người bán nextbook rẻ nhất [place_name : phía nam hà nội],['ai' 'là' 'người' 'bán' 'nextbook' 'rẻ' 'nhất' 'phía' 'nam' 'hà' 'nội'],"['Other' 'Other' 'Other' 'Other' 'Other' 'Other' 'Other' 'place_name'
 'place_name' 'place_name' 'place_name']",19,recommendation_locations,recommendation,4.14,48000,1,True,SVM_CLOSED_SET,SVM_EXPERIMENTAL,0dbb64c1036b1e9030d4d29c3079387c21abac37eafa3b3b602edef948a5bfed,SVM_CLOSED_SET,TRAIN,svm_closed_set_train
9228,dev/05611b70d944d2c6bffc331c70396f6b.wav,validation,SVM,vi-VN,5e133bbe6a5bff9911b73cfc,exp_svm_spk_0004,Female,31,bật một kênh radio để nghe những câu chuyện cười hay,bật một kênh radio để nghe [radio_name : những câu chuyện cười hay],"['bật' 'một' 'kênh' 'radio' 'để' 'nghe' 'những' 'câu' 'chuyện' 'cười'
 'hay']","['Other' 'Other' 'Other' 'Other' 'Other' 'Other' 'radio_name' 'radio_name'
 'radio_name' 'radio_name' 'radio_name']",36,play_radio,play,4.74,48000,1,True,SVM_CLOSED_SET,SVM_EXPERIMENTAL,a6e6db050c7382033fe7365e2650f305fd8052519cd433424ff759d15a3838ec,SVM_CLOSED_SET,TRAIN,svm_closed_set_train
7920,dev/0db0a56372390dacde952f95966c76a9.wav,validation,SVM,vi-VN,5e133bbe6a5bff9911b73cfc,exp_svm_spk_0004,Female,31,mở lịch xóa tất cả các sự kiện,mở lịch xóa tất cả các sự kiện,['mở' 'lịch' 'xóa' 'tất' 'cả' 'các' 'sự' 'kiện'],['Other' 'Other' 'Other' 'Other' 'Other' 'Other' 'Other' 'Other'],30,calendar_remove,calendar,3.66,48000,1,True,SVM_CLOSED_SET,SVM_EXPERIMENTAL,b175e24ec887d1107480236db9f618aa26fe5089706acbd3487d085b6c8f9460,SVM_CLOSED_SET,TRAIN,svm_closed_set_train
8933,dev/1292ee4e9194106367bf6848974f2097.wav,validation,SVM,vi-VN,5e133bbe6a5bff9911b73cfc,exp_svm_spk_0004,Female,31,bữa tiệc được xếp lịch vào lúc nào,[event_name : bữa tiệc] được xếp lịch vào lúc nào,['bữa' 'tiệc' 'được' 'xếp' 'lịch' 'vào' 'lúc' 'nào'],['event_name' 'event_name' 'Other' 'Other' 'Other' 'Other' 'Other' 'Other'],32,calendar_query,calendar,2.94,48000,1,True,SVM_CLOSED_SET,SVM_EXPERIMENTAL,b7cc4681bcb73dd8e1f049330ed87f43d0d1c5917c3cc0eff470082c0400e2da,SVM_CLOSED_SET,TRAIN,svm_closed_set_train
4338,dev/5f2277cdb727739a0f59f95903b0f650.wav,validation,SVM,vi-VN,5e133bbe6a5bff9911b73cfc,exp_svm_spk_0004,Female,31,hiện cho tôi giao hàng gần tôi,hiện cho tôi [order_type : giao hàng] gần tôi,['hiện' 'cho' 'tôi' 'giao' 'hàng' 'gần' 'tôi'],['Other' 'Other' 'Other' 'order_type' 'order_type' 'Other' 'Other'],16,takeaway_order,takeaway,3.12,48000,1,True,SVM_CLOSED_SET,SVM_EXPERIMENTAL,4143fc912d4253446258399345b7756c815d5eafe4de1fa75785569db41fb9e0,SVM_CLOSED_SET,TRAIN,svm_closed_set_train
13481,dev/891849be941a689cf06ef9387a2b51cd.wav,validation,SVM,vi-VN,5e133bbe6a5bff9911b73cfc,exp_svm_spk_0004,Female,31,đọc một bài thơ cho tôi,đọc một bài thơ cho tôi,['đọc' 'một' 'bài' 'thơ' 'cho' 'tôi'],['Other' 'Other' 'Other' 'Other' 'Other' 'Other'],12,general_quirky,general,2.88,48000,1,True,SVM_CLOSED_SET,SVM_EXPERIMENTAL,0222a1d68115de251aef83780a15894cc904eaf8e0301fa27ac9c7204043e0f2,SVM_CLOSED_SET,TRAIN,svm_closed_set_train
4850,dev/c02ef604af291e6f5ac2a92580af0487.wav,validation,SVM,vi-VN,5e133bbe6a5bff9911b73cfc,exp_svm_spk_0004,Female,31,cài một báo thức năm phút từ bây giờ,cài một báo thức [time : năm phút từ bây giờ],['cài' 'một' 'báo' 'thức' 'năm' 'phút' 'từ' 'bây' 'giờ'],['Other' 'Other' 'Other' 'Other' 'time' 'time' 'time' 'time' 'time'],48,alarm_set,alarm,3.72,48000,1,True,SVM_CLOSED_SET,SVM_EXPERIMENTAL,47ae86eacebc4b6ab3f572367173c0a20de419a15928a3eb77728b2f0a55a7e1,SVM_CLOSED_SET,TRAIN,svm_closed_set_train
6404,dev/16628fdd848b904f8b0feb05634efe10.wav,validation,SVM,vi-VN,5e133bbe6a5bff9911b73cfc,exp_svm_spk_0004,Female,31,khi tôi muốn nó ghi chép,khi tôi muốn nó ghi chép,['khi' 'tôi' 'muốn' 'nó' 'ghi' 'chép'],['Other' 'Other' 'Other' 'Other' 'Other' 'Other'],12,general_quirky,general,2.64,48000,1,True,SVM_CLOSED_SET,SVM_EXPERIMENTAL,3b5eb4003a52c527d8684a8e10d16a7eafedfdfc2ffdfb83f45b8262d434caa9,SVM_CLOSED_SET,TRAIN,svm_closed_set_train
13515,dev/aa897a67d76ea7d359da4f4ea6750c61.wav,validation,SVM,vi-VN,5e133bbe6a5bff9911b73cfc,exp_svm_spk_0004,Female,31,một ngày trái đất là bao lâu,một ngày trái đất là bao lâu,['một' 'ngày' 'trái' 'đất' 'là' 'bao' 'lâu'],['Other' 'Other' 'Other' 'Other' 'Other' 'Other' 'Other'],49,qa_factoid,qa,2.34,48000,1,True,SVM_CLOSED_SET,SVM_EXPERIMENTAL,41e834a19c14d03b400efd03d49b50568c54a0b833d3db6025381b20b6599f54,SVM_CLOSED_SET,TRAIN,svm_closed_set_train
14617,dev/22d522dc71199e620785e6ad7617db0f.wav,validation,SVM,vi-VN,5e133bbe6a5bff9911b73cfc,exp_svm_spk_0004,Female,31,beyonce và jay z. kết hôn khi nào,[person : beyonce] và [person : jay z.] kết hôn khi nào,['beyonce' 'và' 'jay' 'z.' 'kết' 'hôn' 'khi' 'nào'],['person' 'Other' 'person' 'person' 'Other' 'Other' 'Other' 'Other'],49,qa_factoid,qa,3.36,48000,1,True,SVM_CLOSED_SET,SVM_EXPERIMENTAL,593d2b7280bd48f696ae63ace44473b9497fcd731d8ea0e9c75aaae1f17118b1,SVM_CLOSED_SET,TRAIN,svm_closed_set_train
10728,dev/1ffb735908d40bcde87be75250cf7ee0.wav,validation,SVM,vi-VN,5e133bbe6a5bff9911b73cfc,exp_svm_spk_0004,Female,31,hiển thị những danh sách có sẵn,hiển thị những danh sách có sẵn,['hiển' 'thị' 'những' 'danh' 'sách' 'có' 'sẵn'],['Other' 'Other' 'Other' 'Other' 'Other' 'Other' 'Other'],59,lists_query,lists,2.76,48000,1,True,SVM_CLOSED_SET,SVM_EXPERIMENTAL,4113d07200c17e66f34218bae7db7d528bdd5f9e8d764c755fdae888eb3be0e6,SVM_CLOSED_SET,TRAIN,svm_closed_set_train
13339,dev/db28f1221388324b0eae81c3c2f41bf6.wav,validation,SVM,vi-VN,5e133bbe6a5bff9911b73cfc,exp_svm_spk_0004,Female,31,từ đạo đức giả nghĩa là gì,từ [definition_word : đạo đức giả] nghĩa là gì,['từ' 'đạo' 'đức' 'giả' 'nghĩa' 'là' 'gì'],"['Other' 'definition_word' 'definition_word' 'definition_word' 'Other'
 'Other' 'Other']",26,qa_definition,qa,2.82,48000,1,True,SVM_CLOSED_SET,SVM_EXPERIMENTAL,4e6a5b959f38ac789d4caa0b34d574c45c6589ca4f9c705c6e4b31f503ca541f,SVM_CLOSED_SET,TRAIN,svm_closed_set_train
12185,dev/4d59c3a7edf9f1a5aa4524e1e89d0edb.wav,validation,SVM,vi-VN,5e133bbe6a5bff9911b73cfc,exp_svm_spk_0004,Female,31,ga tàu hỏa ở đâu vậy,[place_name : ga tàu hỏa] ở đâu vậy,['ga' 'tàu' 'hỏa' 'ở' 'đâu' 'vậy'],['place_name' 'place_name' 'place_name' 'Other' 'Other' 'Other'],42,transport_query,transport,3.06,48000,1,True,SVM_CLOSED_SET,SVM_EXPERIMENTAL,f4bcbe1125ed64cfa3364cf3c84cae948cefab175e55b8f41724cd32a1a08847,SVM_CLOSED_SET,TRAIN,svm_closed_set_train
2590,dev/dffd8f5326a282681e2c55216eca9285.wav,validation,SVM,vi-VN,5e133bbe6a5bff9911b73cfc,exp_svm_spk_0004,Female,31,tin thế giới hôm nay,tin [place_name : thế giới] [date : hôm nay],['tin' 'thế' 'giới' 'hôm' 'nay'],['Other' 'place_name' 'place_name' 'date' 'date'],22,news_query,news,2.04,48000,1,True,SVM_CLOSED_SET,SVM_EXPERIMENTAL,f3a5deb795f9eceaddb60871feefc09a03d93a8339770b1f5a43637aa737ab2c,SVM_CLOSED_SET,TRAIN,svm_closed_set_train
12602,dev/324c143e03fed702882ad5e46475df5b.wav,validation,SVM,vi-VN,5e133bbe6a5bff9911b73cfc,exp_svm_spk_0004,Female,31,một vé tàu giá bao nhiêu tiền,một [transport_type : vé] tàu giá bao nhiêu tiền,['một' 'vé' 'tàu' 'giá' 'bao' 'nhiêu' 'tiền'],['Other' 'transport_type' 'Other' 'Other' 'Other' 'Other' 'Other'],42,transport_query,transport,3.36,48000,1,True,SVM_CLOSED_SET,SVM_EXPERIMENTAL,9ad2669bcb0b20d9aeff29cf220a5df073ffb7c9ef5bf18b06fedb75f1762f6f,SVM_CLOSED_SET,TRAIN,svm_closed_set_train
13419,dev/9e77a3313f75e5e8618976f5e21caa60.wav,validation,SVM,vi-VN,5e133bbe6a5bff9911b73cfc,exp_svm_spk_0004,Female,31,tỷ lệ tín nhiệm của nguyễn phú trọng là bao nhiêu,tỷ lệ tín nhiệm [person : của nguyễn phú trọng] là bao nhiêu,['tỷ' 'lệ' 'tín' 'nhiệm' 'của' 'nguyễn' 'phú' 'trọng' 'là' 'bao' 'nhiêu'],"['Other' 'Other' 'Other' 'Other' 'person' 'person' 'person' 'person'
 'Other' 'Other' 'Other']",49,qa_factoid,qa,4.14,48000,1,True,SVM_CLOSED_SET,SVM_EXPERIMENTAL,4da0ddf7131a76d9ed32b97076676df0f8bebf9285551a405b236aee64d0dea9,SVM_CLOSED_SET,TRAIN,svm_closed_set_train
16289,dev/477c3a9de248be7875229ffc1fe26967.wav,validation,SVM,vi-VN,5e133bbe6a5bff9911b73cfc,exp_svm_spk_0004,Female,31,phòng khám đã nói gì về buổi kiểm tra của tôi,[business_name : phòng khám] đã nói gì về buổi kiểm tra của tôi,['phòng' 'khám' 'đã' 'nói' 'gì' 'về' 'buổi' 'kiểm' 'tra' 'của' 'tôi'],"['business_name' 'business_name' 'Other' 'Other' 'Other' 'Other' 'Other'
 'Other' 'Other' 'Other' 'Other']",44,email_query,email,3.36,48000,1,True,SVM_CLOSED_SET,SVM_EXPERIMENTAL,0a86bb1663c902741bfcd54306bd87b0333ab87e7d3b340f4e0dc5f481cba593,SVM_CLOSED_SET,TRAIN,svm_closed_set_train
6188,dev/292de6f5d3a58c40bd79aaf2ad89a3ea.wav,validation,SVM,vi-VN,5e133bbe6a5bff9911b73cfc,exp_svm_spk_0004,Female,31,mai bạn có nhận thấy điềugì kì lạ về thế giới của bạn không,mai bạn có nhận thấy điềugì kì lạ về thế giới của bạn không,"['mai' 'bạn' 'có' 'nhận' 'thấy' 'điềugì' 'kì' 'lạ' 'về' 'thế' 'giới' 'của'
 'bạn' 'không']","['Other' 'Other' 'Other' 'Other' 'Other' 'Other' 'Other' 'Other' 'Other'
 'Other' 'Other' 'Other' 'Other' 'Other']",12,general_quirky,general,3.84,48000,1,True,SVM_CLOSED_SET,SVM_EXPERIMENTAL,e74b615e6bb204b6ae27c601b162540e16d346b281fa96c4c966822c2971f0a2,SVM_CLOSED_SET,TRAIN,svm_closed_set_train
2654,dev/2f2ab1f50ce4405731a48d65639e5d18.wav,validation,SVM,vi-VN,5e133bbe6a5bff9911b73cfc,exp_svm_spk_0004,Female,31,tuần tới có tuyết không,[date : tuần tới] có [weather_descriptor : tuyết] không,['tuần' 'tới' 'có' 'tuyết' 'không'],['date' 'date' 'Other' 'weather_descriptor' 'Other'],13,weather_query,weather,1.86,48000,1,True,SVM_CLOSED_SET,SVM_EXPERIMENTAL,601cbdfd355f6a626286c4c90cc4f306d5396bce3723bcd64390fc9548155d63,SVM_CLOSED_SET,TRAIN,svm_closed_set_train
12322,dev/1d019e6bcd52714c9ce6cfcf4c8eadf0.wav,validation,SVM,vi-VN,5e133bbe6a5bff9911b73cfc,exp_svm_spk_0004,Female,31,đặt một chiếc taxi,đặt một chiếc [transport_type : taxi],['đặt' 'một' 'chiếc' 'taxi'],['Other' 'Other' 'Other' 'transport_type'],54,transport_taxi,transport,2.1,48000,1,True,SVM_CLOSED_SET,SVM_EXPERIMENTAL,e5c3f09ad200190a7baaff16638176b63ce4574b95da59e9717086f0baafa396,SVM_CLOSED_SET,TRAIN,svm_closed_set_train
1818,dev/7d0c2b15d68c4131876516c5c42feb51.wav,validation,SVM,vi-VN,5e133bbe6a5bff9911b73cfc,exp_svm_spk_0004,Female,31,cho tôi biết giờ hiện tại,cho tôi biết giờ hiện tại,['cho' 'tôi' 'biết' 'giờ' 'hiện' 'tại'],['Other' 'Other' 'Other' 'Other' 'Other' 'Other'],0,datetime_query,datetime,2.88,48000,1,True,SVM_CLOSED_SET,SVM_EXPERIMENTAL,977bfa9bc15880510d6ff2a3eed709dfb504f5aa3246badf8a959abd8e8732f6,SVM_CLOSED_SET,TRAIN,svm_closed_set_train
5216,dev/186d7992c5b22b56ef7b6493e387f7bc.wav,validation,SVM,vi-VN,5e133bbe6a5bff9911b73cfc,exp_svm_spk_0004,Female,31,cho tôi tin tức mới nhất,cho tôi tin tức mới nhất,['cho' 'tôi' 'tin' 'tức' 'mới' 'nhất'],['Other' 'Other' 'Other' 'Other' 'Other' 'Other'],22,news_query,news,2.52,48000,1,True,SVM_CLOSED_SET,SVM_EXPERIMENTAL,34f5495e405ab4b2786e043477ae704aa36f74b4a6c784214cb66ad7d49b841a,SVM_CLOSED_SET,TRAIN,svm_closed_set_train
375,dev/fbcc18167f4c71cfaec57af2c89524e2.wav,validation,SVM,vi-VN,5e133bbe6a5bff9911b73cfc,exp_svm_spk_0004,Female,31,có phải trời đang nắng ở bình dương bây giờ không,có phải [weather_descriptor : trời] đang [weather_descriptor : nắng] ở [place_name : bình dương] bây giờ không,['có' 'phải' 'trời' 'đang' 'nắng' 'ở' 'bình' 'dương' 'bây' 'giờ' 'không'],"['Other' 'Other' 'weather_descriptor' 'Other' 'weather_descriptor' 'Other'
 'place_name' 'place_name' 'Other' 'Other' 'Other']",13,weather_query,weather,3.66,48000,1,True,SVM_CLOSED_SET,SVM_EXPERIMENTAL,382bc1e2ea821174a595e4e00d3cbc8596dec8af38f8104543e6c172ad6d57eb,SVM_CLOSED_SET,TRAIN,svm_closed_set_train
4899,dev/78f918031d98fde96725eb8d5254aa71.wav,validation,SVM,vi-VN,5e133bbe6a5bff9911b73cfc,exp_svm_spk_0004,Female,31,bạn có biết về lời bài hát này không,bạn có biết về lời bài hát này không,['bạn' 'có' 'biết' 'về' 'lời' 'bài' 'hát' 'này' 'không'],['Other' 'Other' 'Other' 'Other' 'Other' 'Other' 'Other' 'Other' 'Other'],57,music_query,music,3.84,48000,1,True,SVM_CLOSED_SET,SVM_EXPERIMENTAL,9b9bda5b550cf022500330ca306bac8d2086f8b610710acf75de61c4f0773b1b,SVM_CLOSED_SET,TRAIN,svm_closed_set_train
16903,dev/7823f5052fbbc93164d73c48fbd1fd23.wav,validation,SVM,vi-VN,5e133bbe6a5bff9911b73cfc,exp_svm_spk_0004,Female,31,gửi một phản hồi cho thư điện tử cuối cùng của tôi,gửi một phản hồi cho thư điện tử cuối cùng của tôi,"['gửi' 'một' 'phản' 'hồi' 'cho' 'thư' 'điện' 'tử' 'cuối' 'cùng' 'của'
 'tôi']","['Other' 'Other' 'Other' 'Other' 'Other' 'Other' 'Other' 'Other' 'Other'
 'Other' 'Other' 'Other']",33,email_sendemail,email,4.32,48000,1,True,SVM_CLOSED_SET,SVM_EXPERIMENTAL,a399baa735b6765e333c217f9135c1cb77cef74a624706fcb20cf4217dc55d2c,SVM_CLOSED_SET,TRAIN,svm_closed_set_train
15761,dev/c83ad14ce4741269247eeb81a2e62a89.wav,validation,SVM,vi-VN,5e133bbe6a5bff9911b73cfc,exp_svm_spk_0004,Female,31,hãy cho tôi biết nếu tôi nhận được thư điện tử mới vào,hãy cho tôi biết nếu tôi nhận được thư điện tử mới vào,"['hãy' 'cho' 'tôi' 'biết' 'nếu' 'tôi' 'nhận' 'được' 'thư' 'điện' 'tử'
 'mới' 'vào']","['Other' 'Other' 'Other' 'Other' 'Other' 'Other' 'Other' 'Other' 'Other'
 'Other' 'Other' 'Other' 'Other']",44,email_query,email,3.24,48000,1,True,SVM_CLOSED_SET,SVM_EXPERIMENTAL,ab95dc5d53782f8b2edc2179a0aeb1b0308d4942b9470b347e1d9e8c35f37be4,SVM_CLOSED_SET,TRAIN,svm_closed_set_train
16454,dev/3526bb87e28e785686794300c8611411.wav,validation,SVM,vi-VN,5e133bbe6a5bff9911b73cfc,exp_svm_spk_0004,Female,31,gửi email đến giám đốc nói là tôi sẽ đến trễ,gửi email đến [relation : giám đốc] nói là tôi sẽ đến trễ,['gửi' 'email' 'đến' 'giám' 'đốc' 'nói' 'là' 'tôi' 'sẽ' 'đến' 'trễ'],"['Other' 'Other' 'Other' 'relation' 'relation' 'Other' 'Other' 'Other'
 'Other' 'Other' 'Other']",33,email_sendemail,email,4.2,48000,1,True,SVM_CLOSED_SET,SVM_EXPERIMENTAL,eae54d5fed2bf6a1882afb54f884faff43a354ef24e21e13cefcd1d7f7f1822c,SVM_CLOSED_SET,TRAIN,svm_closed_set_train
11615,dev/2c4a1e6e6231c23bd52ff13d157b4907.wav,validation,SVM,vi-VN,5e133bbe6a5bff9911b73cfc,exp_svm_spk_0004,Female,31,rạp chiếu phim regal đang chiếu phim gì,[place_name : rạp chiếu phim regal] đang chiếu phim gì,['rạp' 'chiếu' 'phim' 'regal' 'đang' 'chiếu' 'phim' 'gì'],"['place_name' 'place_name' 'place_name' 'place_name' 'Other' 'Other'
 'Other' 'Other']",55,recommendation_movies,recommendation,3.18,48000,1,True,SVM_CLOSED_SET,SVM_EXPERIMENTAL,2f8966b1daae4f7a408c105b1c3f0864ac85c3b10ddd9f2b943b122fed5009cd,SVM_CLOSED_SET,TRAIN,svm_closed_set_train
16394,dev/254cb5b403b0728622c0e05d5f1ea761.wav,validation,SVM,vi-VN,5e133bbe6a5bff9911b73cfc,exp_svm_spk_0004,Female,31,ai đã gửi thư điện tử đến tôi gần đây và họ đã nói về cái gì,ai đã gửi thư điện tử đến tôi gần đây và họ đã nói về cái gì,"['ai' 'đã' 'gửi' 'thư' 'điện' 'tử' 'đến' 'tôi' 'gần' 'đây' 'và' 'họ' 'đã'
 'nói' 'về' 'cái' 'gì']","['Other' 'Other' 'Other' 'Other' 'Other' 'Other' 'Other' 'Other' 'Other'
 'Other' 'Other' 'Other' 'Other' 'Other' 'Other' 'Other' 'Other']",44,email_query,email,5.46,48000,1,True,SVM_CLOSED_SET,SVM_EXPERIMENTAL,7bf40c33163f27b750d04b010a7d9e9bf243dd17aa7fe900bc9ffa0d5c343059,SVM_CLOSED_SET,TRAIN,svm_closed_set_train
15993,dev/8927ac4aa142e8b8ac7575f60e288ae8.wav,validation,SVM,vi-VN,5e133bbe6a5bff9911b73cfc,exp_svm_spk_0004,Female,31,gửi cho oanh các chủ đề công nghệ mới nhất của anh ấy sẵn có,gửi cho [person : oanh] các chủ đề công nghệ mới nhất của anh ấy sẵn có,"['gửi' 'cho' 'oanh' 'các' 'chủ' 'đề' 'công' 'nghệ' 'mới' 'nhất' 'của'
 'anh' 'ấy' 'sẵn' 'có']","['Other' 'Other' 'person' 'Other' 'Other' 'Other' 'Other' 'Other' 'Other'
 'Other' 'Other' 'Other' 'Other' 'Other' 'Other']",33,email_sendemail,email,4.32,48000,1,True,SVM_CLOSED_SET,SVM_EXPERIMENTAL,26ee74a1ceee268c32e60da9baf8c362be43b871d148b8c32c87a662d2c5b945,SVM_CLOSED_SET,TRAIN,svm_closed_set_train
16685,dev/5159f74daefd2891dd099f708c3b9eda.wav,validation,SVM,vi-VN,5e133bbe6a5bff9911b73cfc,exp_svm_spk_0004,Female,31,có biết bất kỳ thư điện tử cá nhân nào đến chưa,có biết bất kỳ thư điện tử cá nhân nào đến chưa,['có' 'biết' 'bất' 'kỳ' 'thư' 'điện' 'tử' 'cá' 'nhân' 'nào' 'đến' 'chưa'],"['Other' 'Other' 'Other' 'Other' 'Other' 'Other' 'Other' 'Other' 'Other'
 'Other' 'Other' 'Other']",44,email_query,email,4.02,48000,1,True,SVM_CLOSED_SET,SVM_EXPERIMENTAL,f88adf555e2fc85f7826999153721ee53be385d72cf12fbcf926d423ef77b2f8,SVM_CLOSED_SET,TRAIN,svm_closed_set_train
2221,dev/76ac31654feba0aa95342d053526b65f.wav,validation,SVM,vi-VN,5e133bbe6a5bff9911b73cfc,exp_svm_spk_0004,Female,31,thời tiết ở khu dân cư,thời tiết ở [place_name : khu dân cư],['thời' 'tiết' 'ở' 'khu' 'dân' 'cư'],['Other' 'Other' 'Other' 'place_name' 'place_name' 'place_name'],13,weather_query,weather,3.24,48000,1,True,SVM_CLOSED_SET,SVM_EXPERIMENTAL,719655b5b993c3d213f56989c3c0b16c2d631aff9a92cdeaedd532f76eb4f3e5,SVM_CLOSED_SET,TRAIN,svm_closed_set_train
7801,dev/b70b3902bd1fc43d301ccf9e0bf44d13.wav,validation,SVM,vi-VN,5e133bbe6a5bff9911b73cfc,exp_svm_spk_0004,Female,31,thêm ghi chú,thêm ghi chú,['thêm' 'ghi' 'chú'],['Other' 'Other' 'Other'],50,calendar_set,calendar,1.26,48000,1,True,SVM_CLOSED_SET,SVM_EXPERIMENTAL,c1342c5efc975f18a280fca601e00b99bb9d838a85bd33d5c04917c6c2a61583,SVM_CLOSED_SET,TRAIN,svm_closed_set_train
10791,dev/2d7617e3d37233a880f319daa00ef0c3.wav,validation,SVM,vi-VN,5e133bbe6a5bff9911b73cfc,exp_svm_spk_0004,Female,31,xóa mục này khỏi danh sách,xóa mục này khỏi danh sách,['xóa' 'mục' 'này' 'khỏi' 'danh' 'sách'],['Other' 'Other' 'Other' 'Other' 'Other' 'Other'],53,lists_remove,lists,2.1,48000,1,True,SVM_CLOSED_SET,SVM_EXPERIMENTAL,ead4fc78dc52eb9adbe0c4d995356579c1c6692f8acaf7bfc7542444c566a77f,SVM_CLOSED_SET,TRAIN,svm_closed_set_train
3203,dev/067897d8dffd327a9b9515e2fdf16b08.wav,validation,SVM,vi-VN,5e133bbe6a5bff9911b73cfc,exp_svm_spk_0004,Female,31,vui lòng kiểm tra danh sách phát của tôi,vui lòng kiểm tra danh sách phát của tôi,['vui' 'lòng' 'kiểm' 'tra' 'danh' 'sách' 'phát' 'của' 'tôi'],['Other' 'Other' 'Other' 'Other' 'Other' 'Other' 'Other' 'Other' 'Other'],43,music_likeness,music,3.36,48000,1,True,SVM_CLOSED_SET,SVM_EXPERIMENTAL,fcb83fdf37581d54794b71d691d120cb4fa8d222576c0a6b3587e91b31d19d4a,SVM_CLOSED_SET,TRAIN,svm_closed_set_train
7723,dev/c0bde5ced2d791a46127e23aa8bee4a8.wav,validation,SVM,vi-VN,5e133bbe6a5bff9911b73cfc,exp_svm_spk_0004,Female,31,nói tôi biết về cuộc họp tôi có tuần này,nói tôi biết về [event_name : cuộc họp] tôi có [date : tuần này],['nói' 'tôi' 'biết' 'về' 'cuộc' 'họp' 'tôi' 'có' 'tuần' 'này'],"['Other' 'Other' 'Other' 'Other' 'event_name' 'event_name' 'Other' 'Other'
 'date' 'date']",32,calendar_query,calendar,3.9,48000,1,True,SVM_CLOSED_SET,SVM_EXPERIMENTAL,6d8f6ff0082570c04dba5e9f717407cbfe923865802eba0b254259bed3ae5229,SVM_CLOSED_SET,TRAIN,svm_closed_set_train
2622,dev/c225ecb2a1abfda2b200e1ceeb2eba1a.wav,validation,SVM,vi-VN,5e133bbe6a5bff9911b73cfc,exp_svm_spk_0004,Female,31,tắt tiếng tất cả phản hồi bây giờ,tắt tiếng tất cả phản hồi bây giờ,['tắt' 'tiếng' 'tất' 'cả' 'phản' 'hồi' 'bây' 'giờ'],['Other' 'Other' 'Other' 'Other' 'Other' 'Other' 'Other' 'Other'],46,audio_volume_mute,audio,2.82,48000,1,True,SVM_CLOSED_SET,SVM_EXPERIMENTAL,058f15ae0274d4a503a23b2c04215d5c5e98f4705a34815f0f6d67873d3d674b,SVM_CLOSED_SET,TRAIN,svm_closed_set_train
7969,dev/37141bd0207ece9b8b7197b0c2adf07c.wav,validation,SVM,vi-VN,5e133bbe6a5bff9911b73cfc,exp_svm_spk_0004,Female,31,phim người nhện có chiếu ngoài rạp tối nay không,phim người nhện có chiếu ngoài rạp [timeofday : tối nay] không,['phim' 'người' 'nhện' 'có' 'chiếu' 'ngoài' 'rạp' 'tối' 'nay' 'không'],"['Other' 'Other' 'Other' 'Other' 'Other' 'Other' 'Other' 'timeofday'
 'timeofday' 'Other']",6,recommendation_events,recommendation,3.36,48000,1,True,SVM_CLOSED_SET,SVM_EXPERIMENTAL,f47ac0fd54725920a0e6c52d923f659ca60893a8310bf79f1e882afa3506f615,SVM_CLOSED_SET,TRAIN,svm_closed_set_train
595,dev/280ac3ddd7a736b622ea5a070d6e31e9.wav,validation,SVM,vi-VN,5e133bbe6a5bff9911b73cfc,exp_svm_spk_0004,Female,31,làm ơn tôi muốn nghe bài tìm lại của bức tường,làm ơn tôi muốn nghe bài [song_name : tìm lại] của [artist_name : bức tường],['làm' 'ơn' 'tôi' 'muốn' 'nghe' 'bài' 'tìm' 'lại' 'của' 'bức' 'tường'],"['Other' 'Other' 'Other' 'Other' 'Other' 'Other' 'song_name' 'song_name'
 'Other' 'artist_name' 'artist_name']",45,play_music,play,3.78,48000,1,True,SVM_CLOSED_SET,SVM_EXPERIMENTAL,aca5609d89aa238d2ba6728395f9b2c8fada6d490a45a441a08f8628ce618b6a,SVM_CLOSED_SET,TRAIN,svm_closed_set_train
9712,dev/f9c3c06d3d3fe02f1e3422333b7f9695.wav,validation,SVM,vi-VN,5e133bbe6a5bff9911b73cfc,exp_svm_spk_0004,Female,31,tiếp tục phát sách nói của tôi,tiếp tục phát [media_type : sách nói] của tôi,['tiếp' 'tục' 'phát' 'sách' 'nói' 'của' 'tôi'],['Other' 'Other' 'Other' 'media_type' 'media_type' 'Other' 'Other'],20,play_audiobook,play,3.54,48000,1,True,SVM_CLOSED_SET,SVM_EXPERIMENTAL,ef798be77e18dd4d9f57f9f26a01410c21dde0df42a8be38fd08acb2e47eb5ac,SVM_CLOSED_SET,TRAIN,svm_closed_set_train
7676,dev/81666d8505fad731d8449d98f24b0c0b.wav,validation,SVM,vi-VN,5e133bbe6a5bff9911b73cfc,exp_svm_spk_0004,Female,31,liệt kê cuộc họp sắp tới,liệt kê [event_name : cuộc họp] sắp tới,['liệt' 'kê' 'cuộc' 'họp' 'sắp' 'tới'],['Other' 'Other' 'event_name' 'event_name' 'Other' 'Other'],50,calendar_set,calendar,3.06,48000,1,True,SVM_CLOSED_SET,SVM_EXPERIMENTAL,9f7ab3afbf483fb2b997b4ec746c83079ae490580eafa371670b38e90fa71595,SVM_CLOSED_SET,TRAIN,svm_closed_set_train
17006,dev/6f1ae7348eac0002105ae5d3df9fa4f8.wav,validation,SVM,vi-VN,5e133bbe6a5bff9911b73cfc,exp_svm_spk_0004,Female,31,có bất kỳ email mới nào không,có bất kỳ email mới nào không,['có' 'bất' 'kỳ' 'email' 'mới' 'nào' 'không'],['Other' 'Other' 'Other' 'Other' 'Other' 'Other' 'Other'],44,email_query,email,2.76,48000,1,True,SVM_CLOSED_SET,SVM_EXPERIMENTAL,273d45d25bc330588861b2b22b75639105fb14fba507d8a8c322f171259dce2b,SVM_CLOSED_SET,TRAIN,svm_closed_set_train
13806,dev/1c70a6179d3f044a3dc74da7daba8523.wav,validation,SVM,vi-VN,5e133bbe6a5bff9911b73cfc,exp_svm_spk_0004,Female,31,phạm nhật vượng sinh năm nào,[person : phạm nhật vượng] sinh năm nào,['phạm' 'nhật' 'vượng' 'sinh' 'năm' 'nào'],['person' 'person' 'person' 'Other' 'Other' 'Other'],49,qa_factoid,qa,3.24,48000,1,True,SVM_CLOSED_SET,SVM_EXPERIMENTAL,fe3c10398fca6b7760b9d1d4291884e63b5b0d0e7ed63817a56249adaaea254f,SVM_CLOSED_SET,TRAIN,svm_closed_set_train
14906,dev/836d1e89da8b57597f9b63ea75996120.wav,validation,SVM,vi-VN,5e133bbe6a5bff9911b73cfc,exp_svm_spk_0004,Female,31,tỉ giá đô la mỹ hôm nay là bao nhiêu,tỉ giá [currency_name : đô la mỹ] [date : hôm nay] là bao nhiêu,['tỉ' 'giá' 'đô' 'la' 'mỹ' 'hôm' 'nay' 'là' 'bao' 'nhiêu'],"['Other' 'Other' 'currency_name' 'currency_name' 'currency_name' 'date'
 'date' 'Other' 'Other' 'Other']",10,qa_currency,qa,2.76,48000,1,True,SVM_CLOSED_SET,SVM_EXPERIMENTAL,473b76425c8e5fcdd02229ac145bad4379fd9ee9bb669ffabd37fcf067e1a1aa,SVM_CLOSED_SET,TRAIN,svm_closed_set_train
15370,dev/2027dacb25bded0ba60e593d02533278.wav,validation,SVM,vi-VN,5e133bbe6a5bff9911b73cfc,exp_svm_spk_0004,Female,31,tweet cho lazada rằng ứng dụng của tôi bị hỏng,[media_type : tweet] cho [business_name : lazada] rằng ứng dụng của tôi bị hỏng,['tweet' 'cho' 'lazada' 'rằng' 'ứng' 'dụng' 'của' 'tôi' 'bị' 'hỏng'],"['media_type' 'Other' 'business_name' 'Other' 'Other' 'Other' 'Other'
 'Other' 'Other' 'Other']",47,social_post,social,4.26,48000,1,True,SVM_CLOSED_SET,SVM_EXPERIMENTAL,fead365f0af6b4411d557064895100d521d4cf3722f961b9b25e488430f7fe59,SVM_CLOSED_SET,TRAIN,svm_closed_set_train
8522,dev/78a51ba8349e81d99ae7fb2216f9f273.wav,validation,SVM,vi-VN,6557ebf8541bd32382739c1a,exp_svm_spk_0005,Female,30,tôi muốn thêm thứ gì đó vào lịch của mình,tôi muốn thêm thứ gì đó vào lịch của mình,['tôi' 'muốn' 'thêm' 'thứ' 'gì' 'đó' 'vào' 'lịch' 'của' 'mình'],"['Other' 'Other' 'Other' 'Other' 'Other' 'Other' 'Other' 'Other' 'Other'
 'Other']",50,calendar_set,calendar,4.32,48000,1,True,SVM_CLOSED_SET,SVM_EXPERIMENTAL,b48bd9bd5d07f917cfd37dd57f27d1881fae877600fa35de3c2e8a5608f01c04,SVM_CLOSED_SET,TRAIN,svm_closed_set_train
511,dev/68f61e93d72ce3404fba710e031e5578.wav,validation,SVM,vi-VN,6557ebf8541bd32382739c1a,exp_svm_spk_0005,Female,30,bởi mỹ tâm,bởi mỹ tâm,['bởi' 'mỹ' 'tâm'],['Other' 'Other' 'Other'],13,weather_query,weather,2.76,48000,1,True,SVM_CLOSED_SET,SVM_EXPERIMENTAL,646460ac8d0bf385fdb725688e78c446e913f4bee59f01d59b5dab416f604b37,SVM_CLOSED_SET,TRAIN,svm_closed_set_train
15349,dev/923a8fc59f2dfb3b71ab7791b2c56e96.wav,validation,SVM,vi-VN,6557ebf8541bd32382739c1a,exp_svm_spk_0005,Female,30,tôi không vui với big c vui lòng giúp tôi,tôi không vui với [business_name : big c] vui lòng giúp tôi,['tôi' 'không' 'vui' 'với' 'big' 'c' 'vui' 'lòng' 'giúp' 'tôi'],"['Other' 'Other' 'Other' 'Other' 'business_name' 'business_name' 'Other'
 'Other' 'Other' 'Other']",47,social_post,social,4.62,48000,1,True,SVM_CLOSED_SET,SVM_EXPERIMENTAL,44cefd0d808c65270b8ea10e189c528513a1f1a851d45c1977e9fb9a6af240af,SVM_CLOSED_SET,TRAIN,svm_closed_set_train
921,dev/768018a94d9deba8ba7c0324c33dcb32.wav,validation,SVM,vi-VN,6557ebf8541bd32382739c1a,exp_svm_spk_0005,Female,30,chơi nhạc từ ca sỹ yêu thích của tôi,chơi nhạc từ ca sỹ yêu thích của tôi,['chơi' 'nhạc' 'từ' 'ca' 'sỹ' 'yêu' 'thích' 'của' 'tôi'],['Other' 'Other' 'Other' 'Other' 'Other' 'Other' 'Other' 'Other' 'Other'],45,play_music,play,4.26,48000,1,True,SVM_CLOSED_SET,SVM_EXPERIMENTAL,72d336282ff21bd005de5f5b1f058fc3c7afbdf8395c11da2481433dbeb92f07,SVM_CLOSED_SET,TRAIN,svm_closed_set_train
1687,dev/35c1f26b6152c5573fcab45dd2184f11.wav,validation,SVM,vi-VN,6557ebf8541bd32382739c1a,exp_svm_spk_0005,Female,30,nhiệt độ của ngày mai sẽ nóng hay không,[weather_descriptor : nhiệt độ] [date : của ngày mai] sẽ [weather_descriptor : nóng] hay không,['nhiệt' 'độ' 'của' 'ngày' 'mai' 'sẽ' 'nóng' 'hay' 'không'],"['weather_descriptor' 'weather_descriptor' 'date' 'date' 'date' 'Other'
 'weather_descriptor' 'Other' 'Other']",13,weather_query,weather,4.38,48000,1,True,SVM_CLOSED_SET,SVM_EXPERIMENTAL,cf7f0d77ac2f042d5b5d9ae00c7b05642e981b6b583d85fddc7722df87ca1e14,SVM_CLOSED_SET,TRAIN,svm_closed_set_train
6723,dev/5846bd9fa82bf4bc4d3cf35d5795cacf.wav,validation,SVM,vi-VN,6557ebf8541bd32382739c1a,exp_svm_spk_0005,Female,30,olly danh sách công việc còn lại trong tuần,olly danh sách công việc [time : còn lại trong tuần],['olly' 'danh' 'sách' 'công' 'việc' 'còn' 'lại' 'trong' 'tuần'],['Other' 'Other' 'Other' 'Other' 'Other' 'time' 'time' 'time' 'time'],32,calendar_query,calendar,4.56,48000,1,True,SVM_CLOSED_SET,SVM_EXPERIMENTAL,128900a29abe018294cea7eee330dcb65f567b2fcd3856d2bd12c66fd9a5e190,SVM_CLOSED_SET,TRAIN,svm_closed_set_train
2668,dev/1225f66f6e867a72340705505cc9c37d.wav,validation,SVM,vi-VN,6557ebf8541bd32382739c1a,exp_svm_spk_0005,Female,30,tin tức mới từ báo người lao động,tin tức mới từ [media_type : báo người lao động],['tin' 'tức' 'mới' 'từ' 'báo' 'người' 'lao' 'động'],"['Other' 'Other' 'Other' 'Other' 'media_type' 'media_type' 'media_type'
 'media_type']",22,news_query,news,4.08,48000,1,True,SVM_CLOSED_SET,SVM_EXPERIMENTAL,95670be33c02153cb1eb9766b56c236a7de8d2514642cc6137cc29ffc2e360b5,SVM_CLOSED_SET,TRAIN,svm_closed_set_train
8594,dev/6d7dd172fc1868facc5c538feec07175.wav,validation,SVM,vi-VN,6557ebf8541bd32382739c1a,exp_svm_spk_0005,Female,30,sắp xếp sự kiện tiệc bể bơi ở chỗ của nam trong lịch của tôi thứ bảy này,sắp xếp sự kiện [event_name : tiệc bể bơi] ở [place_name : chỗ của nam] trong lịch của tôi [date : thứ bảy này],"['sắp' 'xếp' 'sự' 'kiện' 'tiệc' 'bể' 'bơi' 'ở' 'chỗ' 'của' 'nam' 'trong'
 'lịch' 'của' 'tôi' 'thứ' 'bảy' 'này']","['Other' 'Other' 'Other' 'Other' 'event_name' 'event_name' 'event_name'
 'Other' 'place_name' 'place_name' 'place_name' 'Other' 'Other' 'Other'
 'Other' 'date' 'date' 'date']",50,calendar_set,calendar,6.36,48000,1,True,SVM_CLOSED_SET,SVM_EXPERIMENTAL,d8dc7ddbe31936d79cb21743a9a0c30bcf54f55065fba4ba84917f9e8a225e91,SVM_CLOSED_SET,TRAIN,svm_closed_set_train
5108,dev/c13ce5370a88bcb6827bc1d0591c9831.wav,validation,SVM,vi-VN,6557ebf8541bd32382739c1a,exp_svm_spk_0005,Female,30,mở tiếp theo bài người hãy quên em đi,mở tiếp theo bài [song_name : người hãy quên em đi],['mở' 'tiếp' 'theo' 'bài' 'người' 'hãy' 'quên' 'em' 'đi'],"['Other' 'Other' 'Other' 'Other' 'song_name' 'song_name' 'song_name'
 'song_name' 'song_name']",45,play_music,play,4.32,48000,1,True,SVM_CLOSED_SET,SVM_EXPERIMENTAL,5ecb246212d6f0c8197d1f80ec90a67540db3aa48eb7cff000f2aac60436c43c,SVM_CLOSED_SET,TRAIN,svm_closed_set_train
7424,dev/9113c8c3ac5dcbb19e6fd278af2c6130.wav,validation,SVM,vi-VN,6557ebf8541bd32382739c1a,exp_svm_spk_0005,Female,30,tham gia buổi tiệc trước cuộc họp,tham gia [event_name : buổi tiệc] trước cuộc họp,['tham' 'gia' 'buổi' 'tiệc' 'trước' 'cuộc' 'họp'],['Other' 'Other' 'event_name' 'event_name' 'Other' 'Other' 'Other'],50,calendar_set,calendar,4.02,48000,1,True,SVM_CLOSED_SET,SVM_EXPERIMENTAL,6afbfaedd83924ac70ae3e8f65c25f2ad81063ae2e22aa2143f4f622bf1b3405,SVM_CLOSED_SET,TRAIN,svm_closed_set_train
14952,dev/ccf511995a9f8b7ca90d4746b98fdebf.wav,validation,SVM,vi-VN,6557ebf8541bd32382739c1a,exp_svm_spk_0005,Female,30,tỷ giá hối đoái,tỷ giá hối đoái,['tỷ' 'giá' 'hối' 'đoái'],['Other' 'Other' 'Other' 'Other'],10,qa_currency,qa,3.48,48000,1,True,SVM_CLOSED_SET,SVM_EXPERIMENTAL,356417efce594d26e2f0ea1f8935ee4ef663ecc4dcc70b588a4c2928e2fa66e3,SVM_CLOSED_SET,TRAIN,svm_closed_set_train
6414,dev/ede6f714e790ee71b0f25bd392aa2f3f.wav,validation,SVM,vi-VN,6557ebf8541bd32382739c1a,exp_svm_spk_0005,Female,30,kế hoạch tuần của tôi,kế hoạch tuần của tôi,['kế' 'hoạch' 'tuần' 'của' 'tôi'],['Other' 'Other' 'Other' 'Other' 'Other'],32,calendar_query,calendar,3.72,48000,1,True,SVM_CLOSED_SET,SVM_EXPERIMENTAL,ef49f4ae89cea9b30aaddb589d617bfd79d98d7e55a3fe02a3cb88905815c7fd,SVM_CLOSED_SET,TRAIN,svm_closed_set_train
5655,dev/6da1e02f7d9f07113a814ada7e7e211d.wav,validation,SVM,vi-VN,6557ebf8541bd32382739c1a,exp_svm_spk_0005,Female,30,cho tôi biết ngày hiện tại hôm nay,cho tôi biết ngày hiện tại [date : hôm nay],['cho' 'tôi' 'biết' 'ngày' 'hiện' 'tại' 'hôm' 'nay'],['Other' 'Other' 'Other' 'Other' 'Other' 'Other' 'date' 'date'],0,datetime_query,datetime,4.08,48000,1,True,SVM_CLOSED_SET,SVM_EXPERIMENTAL,1c958d624a02745ec89a3e2aeba16a019243c59a2ae9bd0fe1fe9fd5d3911f51,SVM_CLOSED_SET,TRAIN,svm_closed_set_train
4515,dev/bdca0ee76c01baa0145d4b655b83050e.wav,validation,SVM,vi-VN,6557ebf8541bd32382739c1a,exp_svm_spk_0005,Female,30,đổi màu các đèn,đổi màu các đèn,['đổi' 'màu' 'các' 'đèn'],['Other' 'Other' 'Other' 'Other'],1,iot_hue_lightchange,iot,3.06,48000,1,True,SVM_CLOSED_SET,SVM_EXPERIMENTAL,259accb799073da731240d357a99412274190d79e16d7f731f3887de30cc566a,SVM_CLOSED_SET,TRAIN,svm_closed_set_train
8959,dev/e78a1794a0bd0c3688eff0cbec72259a.wav,validation,SVM,vi-VN,6557ebf8541bd32382739c1a,exp_svm_spk_0005,Female,30,nhắc tôi chương trình buổi tối,nhắc tôi [event_name : chương trình buổi tối],['nhắc' 'tôi' 'chương' 'trình' 'buổi' 'tối'],['Other' 'Other' 'event_name' 'event_name' 'event_name' 'event_name'],50,calendar_set,calendar,3.66,48000,1,True,SVM_CLOSED_SET,SVM_EXPERIMENTAL,fcae4ecb5e9567123806a1f6064dd55b648be68e001b4177b4e93a706e8f9c34,SVM_CLOSED_SET,TRAIN,svm_closed_set_train
9993,dev/34145076a1f3143f373602661863e96a.wav,validation,SVM,vi-VN,6557ebf8541bd32382739c1a,exp_svm_spk_0005,Female,30,cách làm cơm tấm sườn bì chả,cách làm [food_type : cơm tấm sườn bì chả],['cách' 'làm' 'cơm' 'tấm' 'sườn' 'bì' 'chả'],"['Other' 'Other' 'food_type' 'food_type' 'food_type' 'food_type'
 'food_type']",9,cooking_recipe,cooking,4.62,48000,1,True,SVM_CLOSED_SET,SVM_EXPERIMENTAL,7554d49954d67b97991b577647182ec5fa578d0ad3bef036042dec71880b127e,SVM_CLOSED_SET,TRAIN,svm_closed_set_train
10700,dev/8bb06afda1f030c04bb69eb11ab2c5dd.wav,validation,SVM,vi-VN,6557ebf8541bd32382739c1a,exp_svm_spk_0005,Female,30,vui lòng thêm cái này vào danh sách,vui lòng thêm cái này vào danh sách,['vui' 'lòng' 'thêm' 'cái' 'này' 'vào' 'danh' 'sách'],['Other' 'Other' 'Other' 'Other' 'Other' 'Other' 'Other' 'Other'],21,lists_createoradd,lists,4.32,48000,1,True,SVM_CLOSED_SET,SVM_EXPERIMENTAL,fe239aeaec552c174a4984f2541530b383f469eea80a8fa19d0af464c654c857,SVM_CLOSED_SET,TRAIN,svm_closed_set_train
7474,dev/cdb9715770d7657c825b32c772e25fe9.wav,validation,SVM,vi-VN,6557ebf8541bd32382739c1a,exp_svm_spk_0005,Female,30,nhớ để sửa cuộc họp giữa tôi và người chơi ngày mai buổi tối lúc bảy giờ,nhớ để sửa [event_name : cuộc họp] giữa tôi và [person : người chơi] [date : ngày mai] buổi [timeofday : tối] lúc [time : bảy] giờ,"['nhớ' 'để' 'sửa' 'cuộc' 'họp' 'giữa' 'tôi' 'và' 'người' 'chơi' 'ngày'
 'mai' 'buổi' 'tối' 'lúc' 'bảy' 'giờ']","['Other' 'Other' 'Other' 'event_name' 'event_name' 'Other' 'Other' 'Other'
 'person' 'person' 'date' 'date' 'Other' 'timeofday' 'Other' 'time'
 'Other']",50,calendar_set,calendar,6.78,48000,1,True,SVM_CLOSED_SET,SVM_EXPERIMENTAL,813b601343513725660c694a6a8e56103e61fb526711e2478ab554af1cfc1fc5,SVM_CLOSED_SET,TRAIN,svm_closed_set_train
3843,dev/a07ef02b7e52df774346f65ce6387cbb.wav,validation,SVM,vi-VN,6557ebf8541bd32382739c1a,exp_svm_spk_0005,Female,30,đặt cho tôi vài món trung,đặt cho tôi vài món [food_type : trung],['đặt' 'cho' 'tôi' 'vài' 'món' 'trung'],['Other' 'Other' 'Other' 'Other' 'Other' 'food_type'],16,takeaway_order,takeaway,3.6,48000,1,True,SVM_CLOSED_SET,SVM_EXPERIMENTAL,51605fc6844db0ac157e7027c667990e994911682119d1d587fe7f7c786e6276,SVM_CLOSED_SET,TRAIN,svm_closed_set_train
2538,dev/4110edfc59ba6d5d84575f880aea583b.wav,validation,SVM,vi-VN,6557ebf8541bd32382739c1a,exp_svm_spk_0005,Female,30,tình trạng đơn hàng mới nhất của tôi là gì,tình trạng đơn hàng mới nhất của tôi là gì,['tình' 'trạng' 'đơn' 'hàng' 'mới' 'nhất' 'của' 'tôi' 'là' 'gì'],"['Other' 'Other' 'Other' 'Other' 'Other' 'Other' 'Other' 'Other' 'Other'
 'Other']",3,takeaway_query,takeaway,4.74,48000,1,True,SVM_CLOSED_SET,SVM_EXPERIMENTAL,26783816a2a25f97c1b9971676641fe034eaaee6eca4dc695f618b4782b75c60,SVM_CLOSED_SET,TRAIN,svm_closed_set_train
14195,dev/fccb75f5a9b56d9ee52735d491b212d0.wav,validation,SVM,vi-VN,6557ebf8541bd32382739c1a,exp_svm_spk_0005,Female,30,hỏi cố vấn của tôi,hỏi cố vấn của tôi,['hỏi' 'cố' 'vấn' 'của' 'tôi'],['Other' 'Other' 'Other' 'Other' 'Other'],4,qa_stock,qa,3.06,48000,1,True,SVM_CLOSED_SET,SVM_EXPERIMENTAL,7049d5dd3abafb8877225487f8ccc5c216d1ae35d6e19dd8605465b0f397c3ac,SVM_CLOSED_SET,TRAIN,svm_closed_set_train
16298,dev/113a4b7d5dd65466c30521f47117973c.wav,validation,SVM,vi-VN,6557ebf8541bd32382739c1a,exp_svm_spk_0005,Female,30,kiểm tra các email mới,kiểm tra các email mới,['kiểm' 'tra' 'các' 'email' 'mới'],['Other' 'Other' 'Other' 'Other' 'Other'],44,email_query,email,3.96,48000,1,True,SVM_CLOSED_SET,SVM_EXPERIMENTAL,fa78acae14af1850371ac8d834f2b8f61e6eba1826b81c1364d5190490262f79,SVM_CLOSED_SET,TRAIN,svm_closed_set_train
12414,dev/ae8b76e9daea0d2ddb9db94bf0922c8e.wav,validation,SVM,vi-VN,6557ebf8541bd32382739c1a,exp_svm_spk_0005,Female,30,cho tôi biết tình trạng giao thông hiện tại,cho tôi biết tình trạng giao thông hiện tại,['cho' 'tôi' 'biết' 'tình' 'trạng' 'giao' 'thông' 'hiện' 'tại'],['Other' 'Other' 'Other' 'Other' 'Other' 'Other' 'Other' 'Other' 'Other'],11,transport_traffic,transport,4.68,48000,1,True,SVM_CLOSED_SET,SVM_EXPERIMENTAL,005c969b97d94ca999501cea56cc65166b356bcd3e7a19a6f8fd5d4ba25047c5,SVM_CLOSED_SET,TRAIN,svm_closed_set_train
6425,dev/0dd360d0cd80aa684aa82d2de9affb06.wav,validation,SVM,vi-VN,6557ebf8541bd32382739c1a,exp_svm_spk_0005,Female,30,chào,chào,['chào'],['Other'],12,general_quirky,general,2.16,48000,1,True,SVM_CLOSED_SET,SVM_EXPERIMENTAL,86c6cfa7b98f47cd7b3a68d931409ddbcee9cf06c2b89437cb4b13fa228ad6c2,SVM_CLOSED_SET,TRAIN,svm_closed_set_train
15265,dev/51b468ce2955a99c5d6c79d994248461.wav,validation,SVM,vi-VN,6557ebf8541bd32382739c1a,exp_svm_spk_0005,Female,30,đưa tôi chi tiết tiểu sử twitter của tôi bao gồm tổng số người theo dõi,đưa tôi chi tiết tiểu sử [media_type : twitter] của tôi bao gồm tổng số người theo dõi,"['đưa' 'tôi' 'chi' 'tiết' 'tiểu' 'sử' 'twitter' 'của' 'tôi' 'bao'
 'gồm' 'tổng' 'số' 'người' 'theo' 'dõi']","['Other' 'Other' 'Other' 'Other' 'Other' 'Other' 'media_type' 'Other'
 'Other' 'Other' 'Other' 'Other' 'Other' 'Other' 'Other' 'Other']",27,social_query,social,7.44,48000,1,True,SVM_CLOSED_SET,SVM_EXPERIMENTAL,ff66af0b9338a3e89656cdafdddc64e3337b9724034477e956af04e9a4176422,SVM_CLOSED_SET,TRAIN,svm_closed_set_train
13563,dev/b53d6c071d8eb60caf6c64a6620930ea.wav,validation,SVM,vi-VN,6557ebf8541bd32382739c1a,exp_svm_spk_0005,Female,30,khoai tây nghĩa là gì,[definition_word : khoai tây] nghĩa là gì,['khoai' 'tây' 'nghĩa' 'là' 'gì'],['definition_word' 'definition_word' 'Other' 'Other' 'Other'],26,qa_definition,qa,3.12,48000,1,True,SVM_CLOSED_SET,SVM_EXPERIMENTAL,49e3afa138c7eeef571079cb47a02774d4424227cc1564be5a3387d804ed7699,SVM_CLOSED_SET,TRAIN,svm_closed_set_train
15909,dev/b05650b1935bd8051c142e070b23c246.wav,validation,SVM,vi-VN,6557ebf8541bd32382739c1a,exp_svm_spk_0005,Female,30,kiểm tra email từ hai giờ trước,kiểm tra email từ [time : hai giờ trước],['kiểm' 'tra' 'email' 'từ' 'hai' 'giờ' 'trước'],['Other' 'Other' 'Other' 'Other' 'time' 'time' 'time'],44,email_query,email,5.94,48000,1,True,SVM_CLOSED_SET,SVM_EXPERIMENTAL,5a326d4c14cd9b84a915b634169fc18ba2a1dbdb2b20157dc8bb335cc95635a2,SVM_CLOSED_SET,TRAIN,svm_closed_set_train
4967,dev/49650c0aa4d57b8e37f18286b1f64864.wav,validation,SVM,vi-VN,6557ebf8541bd32382739c1a,exp_svm_spk_0005,Female,30,kết quả trúng số powerball tối qua là gì,kết quả [news_topic : trúng số powerball] [date : tối qua] là gì,['kết' 'quả' 'trúng' 'số' 'powerball' 'tối' 'qua' 'là' 'gì'],"['Other' 'Other' 'news_topic' 'news_topic' 'news_topic' 'date' 'date'
 'Other' 'Other']",22,news_query,news,5.46,48000,1,True,SVM_CLOSED_SET,SVM_EXPERIMENTAL,792ce786800dc66dd4e5d10b92d7691d50528b8b6aea52db9669cb92c83f9df3,SVM_CLOSED_SET,TRAIN,svm_closed_set_train
10154,dev/1e83ad1b2f447126a566c9cb25857835.wav,validation,SVM,vi-VN,6557ebf8541bd32382739c1a,exp_svm_spk_0005,Female,30,công thức crockpot cho chicken alfredo,công thức crockpot cho [food_type : chicken alfredo],['công' 'thức' 'crockpot' 'cho' 'chicken' 'alfredo'],['Other' 'Other' 'Other' 'Other' 'food_type' 'food_type'],9,cooking_recipe,cooking,5.76,48000,1,True,SVM_CLOSED_SET,SVM_EXPERIMENTAL,d9878504139f173348550bca8a03923c1494230447e4b63cc8e77efad1228fe3,SVM_CLOSED_SET,TRAIN,svm_closed_set_train
16030,dev/ac5607560cd11872f150a014668869e9.wav,validation,SVM,vi-VN,6557ebf8541bd32382739c1a,exp_svm_spk_0005,Female,30,mở thư điện tử mới từ đồng nghiệp này tại thư điện tử này,mở thư điện tử mới từ [relation : đồng nghiệp] này tại thư điện tử này,"['mở' 'thư' 'điện' 'tử' 'mới' 'từ' 'đồng' 'nghiệp' 'này' 'tại' 'thư'
 'điện' 'tử' 'này']","['Other' 'Other' 'Other' 'Other' 'Other' 'Other' 'relation' 'relation'
 'Other' 'Other' 'Other' 'Other' 'Other' 'Other']",33,email_sendemail,email,6.42,48000,1,True,SVM_CLOSED_SET,SVM_EXPERIMENTAL,e0563b681935573f1fedc1a541eea4c3e5efee13e5afa600af1a81d4018a72c6,SVM_CLOSED_SET,TRAIN,svm_closed_set_train
11800,dev/83fb79b7d884f1f57769ab49aadbb4fc.wav,validation,SVM,vi-VN,6557ebf8541bd32382739c1a,exp_svm_spk_0005,Female,30,địa điểm cửa hàng quần áo đẹp nhất ở đây ở đâu,địa điểm [business_type : cửa hàng quần áo] đẹp nhất ở đây ở đâu,['địa' 'điểm' 'cửa' 'hàng' 'quần' 'áo' 'đẹp' 'nhất' 'ở' 'đây' 'ở' 'đâu'],"['Other' 'Other' 'business_type' 'business_type' 'business_type'
 'business_type' 'Other' 'Other' 'Other' 'Other' 'Other' 'Other']",19,recommendation_locations,recommendation,5.76,48000,1,True,SVM_CLOSED_SET,SVM_EXPERIMENTAL,f20c7056258914bbd3838786e7015fdb50f2df551a16a89ad65365a25f7d9673,SVM_CLOSED_SET,TRAIN,svm_closed_set_train
13892,dev/f0989431862fe89540f237297193aa29.wav,validation,SVM,vi-VN,6557ebf8541bd32382739c1a,exp_svm_spk_0005,Female,30,tôi cần phải giữ cho hai đứa trẻ mới biết đi bận rộn cho tôi biết tôi phải làm gì,tôi cần phải giữ cho hai đứa trẻ mới biết đi bận rộn cho tôi biết tôi phải làm gì,"['tôi' 'cần' 'phải' 'giữ' 'cho' 'hai' 'đứa' 'trẻ' 'mới' 'biết' 'đi' 'bận'
 'rộn' 'cho' 'tôi' 'biết' 'tôi' 'phải' 'làm' 'gì']","['Other' 'Other' 'Other' 'Other' 'Other' 'Other' 'Other' 'Other' 'Other'
 'Other' 'Other' 'Other' 'Other' 'Other' 'Other' 'Other' 'Other' 'Other'
 'Other' 'Other']",12,general_quirky,general,7.68,48000,1,True,SVM_CLOSED_SET,SVM_EXPERIMENTAL,1ab485b887a2404b19abe81eaef68477deeba3f95720f4d22785b657bd20dca4,SVM_CLOSED_SET,TRAIN,svm_closed_set_train
13354,dev/f01d2dd1d93e0e2393a464beaed59ac2.wav,validation,SVM,vi-VN,6557ebf8541bd32382739c1a,exp_svm_spk_0005,Female,30,câu trả lời cho hai cộng hai là gì,câu trả lời cho hai cộng hai là gì,['câu' 'trả' 'lời' 'cho' 'hai' 'cộng' 'hai' 'là' 'gì'],['Other' 'Other' 'Other' 'Other' 'Other' 'Other' 'Other' 'Other' 'Other'],39,qa_maths,qa,4.38,48000,1,True,SVM_CLOSED_SET,SVM_EXPERIMENTAL,c89314e294a1f13098f289c7042752d1c06cc06444ad9db926addf4715bddc71,SVM_CLOSED_SET,TRAIN,svm_closed_set_train
7766,dev/0c1a657553236607e7a068964e37f7a9.wav,validation,SVM,vi-VN,6557ebf8541bd32382739c1a,exp_svm_spk_0005,Female,30,có cách nào để tiếp tục và xóa lịch của tôi trong tháng không,có cách nào để tiếp tục và xóa lịch của tôi [date : trong tháng] không,"['có' 'cách' 'nào' 'để' 'tiếp' 'tục' 'và' 'xóa' 'lịch' 'của' 'tôi' 'trong'
 'tháng' 'không']","['Other' 'Other' 'Other' 'Other' 'Other' 'Other' 'Other' 'Other' 'Other'
 'Other' 'Other' 'date' 'date' 'Other']",30,calendar_remove,calendar,5.94,48000,1,True,SVM_CLOSED_SET,SVM_EXPERIMENTAL,86a7c58171115c58f24455f1dab3dd7a9b021197b20034936d942a701330fcd6,SVM_CLOSED_SET,TRAIN,svm_closed_set_train
14358,dev/5d3c059455c28bfe85dce882d7170060.wav,validation,SVM,vi-VN,6557ebf8541bd32382739c1a,exp_svm_spk_0005,Female,30,tượng nữ thần tự do đúc khi nào,tượng nữ thần tự do đúc khi nào,['tượng' 'nữ' 'thần' 'tự' 'do' 'đúc' 'khi' 'nào'],['Other' 'Other' 'Other' 'Other' 'Other' 'Other' 'Other' 'Other'],49,qa_factoid,qa,4.14,48000,1,True,SVM_CLOSED_SET,SVM_EXPERIMENTAL,4fd01ac462ebeb6e4faa441de02e2fa932fbf0b1fc0aedc0fde6b9a2d6cd2117,SVM_CLOSED_SET,TRAIN,svm_closed_set_train
3088,dev/9c294629c119979212f8d7ad727ccb2e.wav,validation,SVM,vi-VN,6557ebf8541bd32382739c1a,exp_svm_spk_0005,Female,30,bật một bài hát,bật một bài hát,['bật' 'một' 'bài' 'hát'],['Other' 'Other' 'Other' 'Other'],45,play_music,play,3.3,48000,1,True,SVM_CLOSED_SET,SVM_EXPERIMENTAL,147810cfa6f27f3fa0f41e1c9e388e5476ad6cdb3a3c2792ff6d42475d4b891d,SVM_CLOSED_SET,TRAIN,svm_closed_set_train
12840,dev/49138fb46154874fde72e18edca34c09.wav,validation,SVM,vi-VN,6557ebf8541bd32382739c1a,exp_svm_spk_0005,Female,30,cách nhanh nhất để đi phan thiết,cách nhanh nhất để đi phan thiết,['cách' 'nhanh' 'nhất' 'để' 'đi' 'phan' 'thiết'],['Other' 'Other' 'Other' 'Other' 'Other' 'Other' 'Other'],42,transport_query,transport,3.54,48000,1,True,SVM_CLOSED_SET,SVM_EXPERIMENTAL,b6583553e0d0b9fdfaee3e7ce57a050239563ba15242907948b1dda5632808d1,SVM_CLOSED_SET,TRAIN,svm_closed_set_train
353,dev/0fbaa1ed8af4d1696780b46fbaeeb5c4.wav,validation,SVM,vi-VN,6557ebf8541bd32382739c1a,exp_svm_spk_0005,Female,30,ngày hai hai tháng ba là thứ mấy trong tuần,[date : ngày hai hai tháng ba] là thứ mấy trong tuần,['ngày' 'hai' 'hai' 'tháng' 'ba' 'là' 'thứ' 'mấy' 'trong' 'tuần'],"['date' 'date' 'date' 'date' 'date' 'Other' 'Other' 'Other' 'Other'
 'Other']",0,datetime_query,datetime,4.8,48000,1,True,SVM_CLOSED_SET,SVM_EXPERIMENTAL,06639851236f733e2dc7fb08e59e4bfafb4b5564fdc9057b8afa2cb2b9d0e710,SVM_CLOSED_SET,TRAIN,svm_closed_set_train
3056,dev/5e48370b250bde0e889c0fdd6873b745.wav,validation,SVM,vi-VN,6557ebf8541bd32382739c1a,exp_svm_spk_0005,Female,30,những gì mới trong chính trị hôm nay bạn có thể lọc ra những tin tức về trump không,những gì mới trong [news_topic : chính trị] [date : hôm nay] bạn có thể lọc ra những tin tức về [person : trump] không,"['những' 'gì' 'mới' 'trong' 'chính' 'trị' 'hôm' 'nay' 'bạn' 'có' 'thể'
 'lọc' 'ra' 'những' 'tin' 'tức' 'về' 'trump' 'không']","['Other' 'Other' 'Other' 'Other' 'news_topic' 'news_topic' 'date' 'date'
 'Other' 'Other' 'Other' 'Other' 'Other' 'Other' 'Other' 'Other' 'Other'
 'person' 'Other']",22,news_query,news,6.96,48000,1,True,SVM_CLOSED_SET,SVM_EXPERIMENTAL,9ae973264f30f3439a482da92cf24044b5bcaf61248a985e07e5ea9314b4287d,SVM_CLOSED_SET,TRAIN,svm_closed_set_train
5342,dev/b745a04015d06d115e5a89cd9a347443.wav,validation,SVM,vi-VN,6557ebf8541bd32382739c1a,exp_svm_spk_0005,Female,30,cho tôi xem tin tức địa phương về wayne county sheriffs,cho tôi xem tin tức địa phương về [news_topic : wayne county sheriffs],"['cho' 'tôi' 'xem' 'tin' 'tức' 'địa' 'phương' 'về' 'wayne' 'county'
 'sheriffs']","['Other' 'Other' 'Other' 'Other' 'Other' 'Other' 'Other' 'Other'
 'news_topic' 'news_topic' 'news_topic']",22,news_query,news,5.64,48000,1,True,SVM_CLOSED_SET,SVM_EXPERIMENTAL,196f315efd950f3399a2c22236e6764c919f893eaadd6c9282237017f0cd008c,SVM_CLOSED_SET,TRAIN,svm_closed_set_train
12834,dev/7dc9e013665fee59baf388c9cc93af43.wav,validation,SVM,vi-VN,6557ebf8541bd32382739c1a,exp_svm_spk_0005,Female,30,đặt cho tôi một vé tàu hỏa đi hà nội hôm nay,đặt cho tôi một vé [transport_type : tàu hỏa] đi [place_name : hà nội] [date : hôm nay],['đặt' 'cho' 'tôi' 'một' 'vé' 'tàu' 'hỏa' 'đi' 'hà' 'nội' 'hôm' 'nay'],"['Other' 'Other' 'Other' 'Other' 'Other' 'transport_type' 'transport_type'
 'Other' 'place_name' 'place_name' 'date' 'date']",2,transport_ticket,transport,4.74,48000,1,True,SVM_CLOSED_SET,SVM_EXPERIMENTAL,30e9dab87a52a02bc1d0b01a90052157e17495d1a85f9421207dd675b876da4f,SVM_CLOSED_SET,TRAIN,svm_closed_set_train
16020,dev/4a7fd0bc88d1dccc63b15e225a4835ab.wav,validation,SVM,vi-VN,6557ebf8541bd32382739c1a,exp_svm_spk_0005,Female,30,cho tôi biết những gì trong hộp thư đến của tôi kể từ ba giờ chiều,cho tôi biết những gì trong [email_folder : hộp thư đến] của tôi kể từ [time : ba giờ chiều],"['cho' 'tôi' 'biết' 'những' 'gì' 'trong' 'hộp' 'thư' 'đến' 'của' 'tôi'
 'kể' 'từ' 'ba' 'giờ' 'chiều']","['Other' 'Other' 'Other' 'Other' 'Other' 'Other' 'email_folder'
 'email_folder' 'email_folder' 'Other' 'Other' 'Other' 'Other' 'time'
 'time' 'time']",44,email_query,email,6.06,48000,1,True,SVM_CLOSED_SET,SVM_EXPERIMENTAL,ab1d2f8b82a3fff41cabe7e657bffa1fda41206d1fad47ca052d51f5fe8cc78b,SVM_CLOSED_SET,TRAIN,svm_closed_set_train
10070,dev/4c6742fad5b22274ff3353b4f5085611.wav,validation,SVM,vi-VN,6557ebf8541bd32382739c1a,exp_svm_spk_0005,Female,30,cách nướng khoai tây,cách nướng [food_type : khoai tây],['cách' 'nướng' 'khoai' 'tây'],['Other' 'Other' 'food_type' 'food_type'],9,cooking_recipe,cooking,2.88,48000,1,True,SVM_CLOSED_SET,SVM_EXPERIMENTAL,4cb4a3327fc2b39a23f62032f60980ed06c197d14c4e3138647abc349f586f52,SVM_CLOSED_SET,TRAIN,svm_closed_set_train
5565,dev/52b818f6b2caee8781a74bb8258fb691.wav,validation,SVM,vi-VN,6557ebf8541bd32382739c1a,exp_svm_spk_0005,Female,30,johnny trí nguyễn và ngô thanh vân có quay lại với nhau không,[person : johnny trí nguyễn] và [person : ngô thanh vân] có quay lại với nhau không,"['johnny' 'trí' 'nguyễn' 'và' 'ngô' 'thanh' 'vân' 'có' 'quay' 'lại' 'với'
 'nhau' 'không']","['person' 'person' 'person' 'Other' 'person' 'person' 'person' 'Other'
 'Other' 'Other' 'Other' 'Other' 'Other']",22,news_query,news,6.24,48000,1,True,SVM_CLOSED_SET,SVM_EXPERIMENTAL,da514a685f7eeafade03802507e73fbed7b485ae0ffaf98b206b0c4442c90687,SVM_CLOSED_SET,TRAIN,svm_closed_set_train
6008,dev/87eb7ac23808190a3cc3ac5534cf115c.wav,validation,SVM,vi-VN,6557ebf8541bd32382739c1a,exp_svm_spk_0005,Female,30,đơn hàng domino của tôi sẵn sàng chưa,đơn hàng [business_name : domino] của tôi sẵn sàng chưa,['đơn' 'hàng' 'domino' 'của' 'tôi' 'sẵn' 'sàng' 'chưa'],['Other' 'Other' 'business_name' 'Other' 'Other' 'Other' 'Other' 'Other'],3,takeaway_query,takeaway,4.32,48000,1,True,SVM_CLOSED_SET,SVM_EXPERIMENTAL,074f0dcf9c7bd4318baa9c51bf867e879e42fd746ce96880c2babec79f729314,SVM_CLOSED_SET,TRAIN,svm_closed_set_train
7035,dev/240f2f056abf97fe96e90966ed03ad6d.wav,validation,SVM,vi-VN,6557ebf8541bd32382739c1a,exp_svm_spk_0005,Female,30,xoá lịch tháng này,xoá lịch [date : tháng này],['xoá' 'lịch' 'tháng' 'này'],['Other' 'Other' 'date' 'date'],30,calendar_remove,calendar,3.06,48000,1,True,SVM_CLOSED_SET,SVM_EXPERIMENTAL,75c0cd66e5e73c96eb6d0941766c36b9dab40dc58465c01025864989cdbc4c0c,SVM_CLOSED_SET,TRAIN,svm_closed_set_train
14430,dev/04c34bbbf7610a5a1d1220acb22e0936.wav,validation,SVM,vi-VN,6557ebf8541bd32382739c1a,exp_svm_spk_0005,Female,30,bạn có thể cho tôi biết con thỏ trông như thế nào không,bạn có thể cho tôi biết [definition_word : con thỏ] trông như thế nào không,"['bạn' 'có' 'thể' 'cho' 'tôi' 'biết' 'con' 'thỏ' 'trông' 'như' 'thế' 'nào'
 'không']","['Other' 'Other' 'Other' 'Other' 'Other' 'Other' 'definition_word'
 'definition_word' 'Other' 'Other' 'Other' 'Other' 'Other']",26,qa_definition,qa,5.04,48000,1,True,SVM_CLOSED_SET,SVM_EXPERIMENTAL,2c802f4b6b731d29263dad033a33401ba7bfbe3465d20a2d557f5a9ff93e890a,SVM_CLOSED_SET,TRAIN,svm_closed_set_train
13469,dev/9c0b226ba2d4b850f988e01d4caa0949.wav,validation,SVM,vi-VN,6557ebf8541bd32382739c1a,exp_svm_spk_0005,Female,30,bạn thích màu gì nhất,bạn thích màu gì nhất,['bạn' 'thích' 'màu' 'gì' 'nhất'],['Other' 'Other' 'Other' 'Other' 'Other'],12,general_quirky,general,3.54,48000,1,True,SVM_CLOSED_SET,SVM_EXPERIMENTAL,6e9688ca909a6d9ca158f1bdf6308a6d850de59702d1c4148a02a60fd23944b9,SVM_CLOSED_SET,TRAIN,svm_closed_set_train
6692,dev/f38fc8216f4f61a2d4d7a682e767cf6d.wav,validation,SVM,vi-VN,6557ebf8541bd32382739c1a,exp_svm_spk_0005,Female,30,sách,sách,['sách'],['Other'],12,general_quirky,general,3.42,48000,1,True,SVM_CLOSED_SET,SVM_EXPERIMENTAL,acc729392cdc40d587ea2d4fb89bcaf40ef1f4a14845d031a1cbeafbda9876bb,SVM_CLOSED_SET,TRAIN,svm_closed_set_train
12149,dev/081c856a8d10eac8aa41f9eb92f5f874.wav,validation,SVM,vi-VN,6557ebf8541bd32382739c1a,exp_svm_spk_0005,Female,30,olly đặt một vé đi hà nội bằng tàu thống nhất lúc năm giờ chiều thứ sáu này,olly đặt một vé đi [place_name : hà nội] bằng [transport_name : tàu thống nhất] lúc [time : năm giờ chiều] [date : thứ sáu này],"['olly' 'đặt' 'một' 'vé' 'đi' 'hà' 'nội' 'bằng' 'tàu' 'thống' 'nhất' 'lúc'
 'năm' 'giờ' 'chiều' 'thứ' 'sáu' 'này']","['Other' 'Other' 'Other' 'Other' 'Other' 'place_name' 'place_name' 'Other'
 'transport_name' 'transport_name' 'transport_name' 'Other' 'time' 'time'
 'time' 'date' 'date' 'date']",2,transport_ticket,transport,8.4,48000,1,True,SVM_CLOSED_SET,SVM_EXPERIMENTAL,14d114f1ce4837b0db1a3d0d0c6817239e85b2778797e0213075b5d6aa94ee53,SVM_CLOSED_SET,TRAIN,svm_closed_set_train
6760,dev/93b4b4a5708d695d18adbcf2a2e95d65.wav,validation,SVM,vi-VN,6557ebf8541bd32382739c1a,exp_svm_spk_0005,Female,30,huỷ cuộc gọi năm giờ chiều hằng ngày của tôi,huỷ [event_name : cuộc gọi] [time : năm giờ chiều] [general_frequency : hằng ngày] của tôi,['huỷ' 'cuộc' 'gọi' 'năm' 'giờ' 'chiều' 'hằng' 'ngày' 'của' 'tôi'],"['Other' 'event_name' 'event_name' 'time' 'time' 'time'
 'general_frequency' 'general_frequency' 'Other' 'Other']",30,calendar_remove,calendar,4.5,48000,1,True,SVM_CLOSED_SET,SVM_EXPERIMENTAL,2e2b1d5fe3ff3f10ab0935e5cd049014bf0591a7ed8938fe3c2fe5166d43afc9,SVM_CLOSED_SET,TRAIN,svm_closed_set_train
9688,dev/98becbb9dc367f75ed82b12397b2e380.wav,validation,SVM,vi-VN,6557ebf8541bd32382739c1a,exp_svm_spk_0005,Female,30,bắt đầu chương bảy của tâm lý học về tiền,[player_setting : bắt đầu] chương bảy của [audiobook_name : tâm lý học về tiền],['bắt' 'đầu' 'chương' 'bảy' 'của' 'tâm' 'lý' 'học' 'về' 'tiền'],"['player_setting' 'player_setting' 'Other' 'Other' 'Other'
 'audiobook_name' 'audiobook_name' 'audiobook_name' 'audiobook_name'
 'audiobook_name']",20,play_audiobook,play,4.62,48000,1,True,SVM_CLOSED_SET,SVM_EXPERIMENTAL,81b24d27ffc5153cfbb8a224a1a47f07bcb6698c82c2c1c41dbd06d464307683,SVM_CLOSED_SET,TRAIN,svm_closed_set_train
3134,dev/bb2df25d8701986ee4d39a0192394c73.wav,validation,SVM,vi-VN,6557ebf8541bd32382739c1a,exp_svm_spk_0005,Female,30,tôi có thể đặt mang đi ở nơi nào gần đây,tôi có thể đặt [order_type : mang đi] ở nơi nào gần đây,['tôi' 'có' 'thể' 'đặt' 'mang' 'đi' 'ở' 'nơi' 'nào' 'gần' 'đây'],"['Other' 'Other' 'Other' 'Other' 'order_type' 'order_type' 'Other' 'Other'
 'Other' 'Other' 'Other']",16,takeaway_order,takeaway,4.92,48000,1,True,SVM_CLOSED_SET,SVM_EXPERIMENTAL,d286536856bab4150d74308dab6a07d105a219b3b747cf7a098a32d66da629f5,SVM_CLOSED_SET,TRAIN,svm_closed_set_train
9606,dev/1275cb29e84ced86897c80b03943688f.wav,validation,SVM,vi-VN,6557ebf8541bd32382739c1a,exp_svm_spk_0005,Female,30,mở chương trình ở máy tính bảng yêu cầu này,mở chương trình ở máy tính bảng yêu cầu này,['mở' 'chương' 'trình' 'ở' 'máy' 'tính' 'bảng' 'yêu' 'cầu' 'này'],"['Other' 'Other' 'Other' 'Other' 'Other' 'Other' 'Other' 'Other' 'Other'
 'Other']",36,play_radio,play,4.14,48000,1,True,SVM_CLOSED_SET,SVM_EXPERIMENTAL,9249ccd719e34ecddbd8701beaebf8c4da1419aa93bc8cff184aef43ce670189,SVM_CLOSED_SET,TRAIN,svm_closed_set_train
8578,dev/c659707280db12315af7f9e2d45d6ce2.wav,validation,SVM,vi-VN,6557ebf8541bd32382739c1a,exp_svm_spk_0005,Female,30,tám đến mười giờ hôm nay tôi có cuộc họp nào,[time : tám đến mười giờ] [date : hôm nay] tôi có [event_name : cuộc họp] nào,['tám' 'đến' 'mười' 'giờ' 'hôm' 'nay' 'tôi' 'có' 'cuộc' 'họp' 'nào'],"['time' 'time' 'time' 'time' 'date' 'date' 'Other' 'Other' 'event_name'
 'event_name' 'Other']",32,calendar_query,calendar,4.92,48000,1,True,SVM_CLOSED_SET,SVM_EXPERIMENTAL,2a43e3bbdd41321b7a5d7d9efb22027b8693730fce7a2c9ee18936302e7e323d,SVM_CLOSED_SET,TRAIN,svm_closed_set_train
14285,dev/fa1e30abc2c7442193d5232e440d1683.wav,validation,SVM,vi-VN,6557ebf8541bd32382739c1a,exp_svm_spk_0005,Female,30,cho tôi biết về new york,cho tôi biết về [place_name : new york],['cho' 'tôi' 'biết' 'về' 'new' 'york'],['Other' 'Other' 'Other' 'Other' 'place_name' 'place_name'],49,qa_factoid,qa,3.54,48000,1,True,SVM_CLOSED_SET,SVM_EXPERIMENTAL,b69d570562e5ccbb52023868a6ee5830745a3b905558df6185b9aa890d92cc70,SVM_CLOSED_SET,TRAIN,svm_closed_set_train
5182,dev/24d2179db1f7e48414fb2edc29825d00.wav,validation,SVM,vi-VN,6557ebf8541bd32382739c1a,exp_svm_spk_0005,Female,30,trời sẽ trở nên lộng gió vào thứ năm phải không,trời sẽ trở nên [weather_descriptor : lộng gió] vào [date : thứ năm] phải không,"['trời' 'sẽ' 'trở' 'nên' 'lộng' 'gió' 'vào' 'thứ' 'năm' 'phải'
 'không']","['Other' 'Other' 'Other' 'Other' 'weather_descriptor' 'weather_descriptor'
 'Other' 'date' 'date' 'Other' 'Other']",13,weather_query,weather,4.56,48000,1,True,SVM_CLOSED_SET,SVM_EXPERIMENTAL,b0f075d53b6c487936c548cd50f741b8868c972ffb9518943c583061d643a0e2,SVM_CLOSED_SET,TRAIN,svm_closed_set_train
5180,dev/bee3bd6ccff8de1215373df628ceb93b.wav,validation,SVM,vi-VN,6557ebf8541bd32382739c1a,exp_svm_spk_0005,Female,30,vui lòng thêm bài hát này vào danh sách phát yêu thích của tôi,vui lòng thêm bài hát này vào danh sách phát yêu thích của tôi,"['vui' 'lòng' 'thêm' 'bài' 'hát' 'này' 'vào' 'danh' 'sách' 'phát' 'yêu'
 'thích' 'của' 'tôi']","['Other' 'Other' 'Other' 'Other' 'Other' 'Other' 'Other' 'Other' 'Other'
 'Other' 'Other' 'Other' 'Other' 'Other']",43,music_likeness,music,6.06,48000,1,True,SVM_CLOSED_SET,SVM_EXPERIMENTAL,0b51716d23220394042ea1015866b5dfb543fd9b56386c46c12422c9f804de32,SVM_CLOSED_SET,TRAIN,svm_closed_set_train
12258,dev/25d5b2e6d2bb05b4ee70593b3a478fd6.wav,validation,SVM,vi-VN,6557ebf8541bd32382739c1a,exp_svm_spk_0005,Female,30,giao thông thế nào,giao thông thế nào,['giao' 'thông' 'thế' 'nào'],['Other' 'Other' 'Other' 'Other'],11,transport_traffic,transport,2.94,48000,1,True,SVM_CLOSED_SET,SVM_EXPERIMENTAL,d3a1f4dfba24913006eee0003899b17e3ad10ad834827a3a6db643ff29c51521,SVM_CLOSED_SET,TRAIN,svm_closed_set_train
6952,dev/ded86d27b4006e34486e7ed2bdd31e58.wav,validation,SVM,vi-VN,6557ebf8541bd32382739c1a,exp_svm_spk_0005,Female,30,dọn dẹp lịch trình sạch sẽ,dọn dẹp lịch trình sạch sẽ,['dọn' 'dẹp' 'lịch' 'trình' 'sạch' 'sẽ'],['Other' 'Other' 'Other' 'Other' 'Other' 'Other'],30,calendar_remove,calendar,3.48,48000,1,True,SVM_CLOSED_SET,SVM_EXPERIMENTAL,7296889b475a34d5a710a037408c19533cf20a5c3ec0faf981b037b27713fc81,SVM_CLOSED_SET,TRAIN,svm_closed_set_train
4775,dev/73e234b47b61be0ec382e7564414ca39.wav,validation,SVM,vi-VN,6557ebf8541bd32382739c1a,exp_svm_spk_0005,Female,30,bạn có thể kể cho tôi nghe một câu chuyện cười hay không,bạn có thể kể cho tôi nghe một câu chuyện cười [joke_type : hay] không,"['bạn' 'có' 'thể' 'kể' 'cho' 'tôi' 'nghe' 'một' 'câu' 'chuyện' 'cười'
 'hay' 'không']","['Other' 'Other' 'Other' 'Other' 'Other' 'Other' 'Other' 'Other' 'Other'
 'Other' 'Other' 'joke_type' 'Other']",25,general_joke,general,4.68,48000,1,True,SVM_CLOSED_SET,SVM_EXPERIMENTAL,a1124078bfc73393c2dd269dae674d78a724faac56e37d30f3cbcf483368b9ec,SVM_CLOSED_SET,TRAIN,svm_closed_set_train
10388,dev/421aedc677fa1d786a35b83e48c9fe7e.wav,validation,SVM,vi-VN,6557ebf8541bd32382739c1a,exp_svm_spk_0005,Female,30,bạn có thể đặt tên giai điệu đó không,bạn có thể [game_name : đặt tên giai điệu] đó không,['bạn' 'có' 'thể' 'đặt' 'tên' 'giai' 'điệu' 'đó' 'không'],"['Other' 'Other' 'Other' 'game_name' 'game_name' 'game_name' 'game_name'
 'Other' 'Other']",51,play_game,play,4.02,48000,1,True,SVM_CLOSED_SET,SVM_EXPERIMENTAL,5d509f4f7a6f3fbd35a81da400eaefd7b094f7d8a3b7d50127848939702cdf11,SVM_CLOSED_SET,TRAIN,svm_closed_set_train
9049,dev/ef5dc51d8ce0f0410aeaaf8382053190.wav,validation,SVM,vi-VN,6557ebf8541bd32382739c1a,exp_svm_spk_0005,Female,30,đặt báo thức lúc bốn giờ chiều thứ ba,đặt báo thức lúc [time : bốn giờ chiều] [date : thứ ba],['đặt' 'báo' 'thức' 'lúc' 'bốn' 'giờ' 'chiều' 'thứ' 'ba'],['Other' 'Other' 'Other' 'Other' 'time' 'time' 'time' 'date' 'date'],48,alarm_set,alarm,4.5,48000,1,True,SVM_CLOSED_SET,SVM_EXPERIMENTAL,57e26142e21618e4a258e8d76436c0509b88b5a0c0b485737ecddd880b81b571,SVM_CLOSED_SET,TRAIN,svm_closed_set_train
3620,dev/175844297e0f08a415e55fb74492aa1d.wav,validation,SVM,vi-VN,6557ebf8541bd32382739c1a,exp_svm_spk_0005,Female,30,thời tiết bây giờ ở sydney như thế nào,thời tiết bây giờ ở [place_name : sydney] như thế nào,['thời' 'tiết' 'bây' 'giờ' 'ở' 'sydney' 'như' 'thế' 'nào'],"['Other' 'Other' 'Other' 'Other' 'Other' 'place_name' 'Other' 'Other'
 'Other']",13,weather_query,weather,4.26,48000,1,True,SVM_CLOSED_SET,SVM_EXPERIMENTAL,b310e5c8b7b14e777acadc1d8f6ee7d52ff9b4792fdb3739f7a1b78bb651f93c,SVM_CLOSED_SET,TRAIN,svm_closed_set_train
6925,dev/c459fcefdc25f0abd3c064bf1afb4f6f.wav,validation,SVM,vi-VN,5ee49e71f8d19d00098aca3e,exp_svm_spk_0006,Male,27,có bất kỳ chương trình nào tối mai không,có bất kỳ chương trình nào [timeofday : tối] [date : mai] không,['có' 'bất' 'kỳ' 'chương' 'trình' 'nào' 'tối' 'mai' 'không'],"['Other' 'Other' 'Other' 'Other' 'Other' 'Other' 'timeofday' 'date'
 'Other']",32,calendar_query,calendar,3.78,48000,1,True,SVM_CLOSED_SET,SVM_EXPERIMENTAL,9148350cd29a6f84e4bddbd4832b3cd3eb4209083bc95e5f574fcc6b752dce50,SVM_CLOSED_SET,TRAIN,svm_closed_set_train
2665,dev/eef4e48b3273b225694ca9ad56261fdc.wav,validation,SVM,vi-VN,5ee49e71f8d19d00098aca3e,exp_svm_spk_0006,Male,27,hội đồng thành phố hà nội đang làm gì với người vô gia cư,[news_topic : hội đồng thành phố] [place_name : hà nội] đang [news_topic : làm gì với người vô gia cư],"['hội' 'đồng' 'thành' 'phố' 'hà' 'nội' 'đang' 'làm' 'gì' 'với'
 'người' 'vô' 'gia' 'cư']","['news_topic' 'news_topic' 'news_topic' 'news_topic' 'place_name'
 'place_name' 'Other' 'news_topic' 'news_topic' 'news_topic' 'news_topic'
 'news_topic' 'news_topic' 'news_topic']",22,news_query,news,3.84,48000,1,True,SVM_CLOSED_SET,SVM_EXPERIMENTAL,ccb4dc9d8d8d21cd046f2106f0663c4a573f7d78af20c766c4768e41cbf9a343,SVM_CLOSED_SET,TRAIN,svm_closed_set_train
1380,dev/27466d88d08eb2a8ec656c1edb05b709.wav,validation,SVM,vi-VN,5ee49e71f8d19d00098aca3e,exp_svm_spk_0006,Male,27,tôi có thể đặt mang đi ở romero hay không,tôi có thể đặt [order_type : mang đi] ở [business_name : romero] hay không,['tôi' 'có' 'thể' 'đặt' 'mang' 'đi' 'ở' 'romero' 'hay' 'không'],"['Other' 'Other' 'Other' 'Other' 'order_type' 'order_type' 'Other'
 'business_name' 'Other' 'Other']",3,takeaway_query,takeaway,4.68,48000,1,True,SVM_CLOSED_SET,SVM_EXPERIMENTAL,28d81f3e320399175d9515fd8605f5f3c165c48ffe84974a8a5e9e137a8ef189,SVM_CLOSED_SET,TRAIN,svm_closed_set_train
6158,dev/0c53de437507c32d3c04610c4d8733fc.wav,validation,SVM,vi-VN,5ee49e71f8d19d00098aca3e,exp_svm_spk_0006,Male,27,bật máy hút bụi,bật [device_type : máy hút bụi],['bật' 'máy' 'hút' 'bụi'],['Other' 'device_type' 'device_type' 'device_type'],34,iot_cleaning,iot,2.58,48000,1,True,SVM_CLOSED_SET,SVM_EXPERIMENTAL,04375b0b39759e0a48e1543e1fdbc0b7bb1f5b077456a468078ec4261166fb1b,SVM_CLOSED_SET,TRAIN,svm_closed_set_train
14989,dev/c1c0e8bfa09629ee2719ba80af205f78.wav,validation,SVM,vi-VN,5ee49e71f8d19d00098aca3e,exp_svm_spk_0006,Male,27,hòn đảo nào nhỏ nhất trên thế giới,hòn đảo nào nhỏ nhất trên [place_name : thế giới],['hòn' 'đảo' 'nào' 'nhỏ' 'nhất' 'trên' 'thế' 'giới'],['Other' 'Other' 'Other' 'Other' 'Other' 'Other' 'place_name' 'place_name'],49,qa_factoid,qa,3.42,48000,1,True,SVM_CLOSED_SET,SVM_EXPERIMENTAL,480b61ad3a52786ce5409f419a4a29691138fbf1888da2fcf79ead1d19dedfba,SVM_CLOSED_SET,TRAIN,svm_closed_set_train
14755,dev/7d4f4db2853acbd11526e38d43494ffc.wav,validation,SVM,vi-VN,5ee49e71f8d19d00098aca3e,exp_svm_spk_0006,Male,27,đền hùng nằm ở đâu,[place_name : đền hùng] nằm ở đâu,['đền' 'hùng' 'nằm' 'ở' 'đâu'],['place_name' 'place_name' 'Other' 'Other' 'Other'],49,qa_factoid,qa,2.64,48000,1,True,SVM_CLOSED_SET,SVM_EXPERIMENTAL,43122fa0f21062e2e5385dae9e260d977a4404e951f2f2ed5191cc35ad48b47c,SVM_CLOSED_SET,TRAIN,svm_closed_set_train
4012,dev/5f9d5418fed286d625042e17f067c6d6.wav,validation,SVM,vi-VN,5ee49e71f8d19d00098aca3e,exp_svm_spk_0006,Male,27,bật dọn dẹp,bật dọn dẹp,['bật' 'dọn' 'dẹp'],['Other' 'Other' 'Other'],34,iot_cleaning,iot,2.04,48000,1,True,SVM_CLOSED_SET,SVM_EXPERIMENTAL,7dc451b03f4c20ebabacf79da06ec9475c62d9595bb334ad9b3324ab07095cbd,SVM_CLOSED_SET,TRAIN,svm_closed_set_train
5755,dev/103032544d95146153d72cc30a67accd.wav,validation,SVM,vi-VN,5ee49e71f8d19d00098aca3e,exp_svm_spk_0006,Male,27,bật âm thanh,bật âm thanh,['bật' 'âm' 'thanh'],['Other' 'Other' 'Other'],14,audio_volume_up,audio,1.56,48000,1,True,SVM_CLOSED_SET,SVM_EXPERIMENTAL,598d8e70b5c06ff2aed209fa42fe7a86e8aa43ccea1da86698678322ed83ffe0,SVM_CLOSED_SET,TRAIN,svm_closed_set_train
851,dev/cf0b3ce272bd984f6afa120d9ebfb616.wav,validation,SVM,vi-VN,5ee49e71f8d19d00098aca3e,exp_svm_spk_0006,Male,27,bật sáng các đèn,bật sáng các đèn,['bật' 'sáng' 'các' 'đèn'],['Other' 'Other' 'Other' 'Other'],18,iot_hue_lightup,iot,2.22,48000,1,True,SVM_CLOSED_SET,SVM_EXPERIMENTAL,e7bce7e6bca90c9a51d7859ca92b7c71b0b220945145dd9f516fd056befe6113,SVM_CLOSED_SET,TRAIN,svm_closed_set_train
1223,dev/2fffa18177a7d2091f2633a0151d9a22.wav,validation,SVM,vi-VN,5ee49e71f8d19d00098aca3e,exp_svm_spk_0006,Male,27,cập nhật thời tiết vào thứ ba như thế nào,cập nhật thời tiết vào [date : thứ ba] như thế nào,['cập' 'nhật' 'thời' 'tiết' 'vào' 'thứ' 'ba' 'như' 'thế' 'nào'],"['Other' 'Other' 'Other' 'Other' 'Other' 'date' 'date' 'Other' 'Other'
 'Other']",13,weather_query,weather,3.12,48000,1,True,SVM_CLOSED_SET,SVM_EXPERIMENTAL,1edb16e38e5bd2f174fbc4af9a3ede12459a2560b5061b0a876881a9f49ab99a,SVM_CLOSED_SET,TRAIN,svm_closed_set_train
7703,dev/7db5c9ad4f021d9951889267e33e3a86.wav,validation,SVM,vi-VN,5ee49e71f8d19d00098aca3e,exp_svm_spk_0006,Male,27,olly hãy đặt nhắc nhở cho buổi họp mười giờ sáng mai,olly hãy đặt nhắc nhở cho [event_name : buổi họp] [time : mười giờ] [timeofday : sáng] [date : mai],"['olly' 'hãy' 'đặt' 'nhắc' 'nhở' 'cho' 'buổi' 'họp' 'mười' 'giờ' 'sáng'
 'mai']","['Other' 'Other' 'Other' 'Other' 'Other' 'Other' 'event_name' 'event_name'
 'time' 'time' 'timeofday' 'date']",50,calendar_set,calendar,5.22,48000,1,True,SVM_CLOSED_SET,SVM_EXPERIMENTAL,d6ddd1aaf1149094302115b1737eb5a01bbc17eeeda3234c0f837a783e999376,SVM_CLOSED_SET,TRAIN,svm_closed_set_train
11084,dev/84c29835a80563d7793b75100810766e.wav,validation,SVM,vi-VN,5ee49e71f8d19d00098aca3e,exp_svm_spk_0006,Male,27,bỏ sữa ra khỏi danh sách mua sắm,bỏ sữa ra khỏi danh sách [list_name : mua sắm],['bỏ' 'sữa' 'ra' 'khỏi' 'danh' 'sách' 'mua' 'sắm'],['Other' 'Other' 'Other' 'Other' 'Other' 'Other' 'list_name' 'list_name'],53,lists_remove,lists,2.76,48000,1,True,SVM_CLOSED_SET,SVM_EXPERIMENTAL,c12b17fa064f7029dd67b2fc728d32442723abee15b367e70781a102eb5ae3e2,SVM_CLOSED_SET,TRAIN,svm_closed_set_train
14542,dev/83d0303ba0ed8069b307d050f19e3ee0.wav,validation,SVM,vi-VN,5ee49e71f8d19d00098aca3e,exp_svm_spk_0006,Male,27,xin vui lòng cho biết một số chi tiết về người này,xin vui lòng cho biết một số chi tiết về người này,"['xin' 'vui' 'lòng' 'cho' 'biết' 'một' 'số' 'chi' 'tiết' 'về' 'người'
 'này']","['Other' 'Other' 'Other' 'Other' 'Other' 'Other' 'Other' 'Other' 'Other'
 'Other' 'Other' 'Other']",12,general_quirky,general,4.56,48000,1,True,SVM_CLOSED_SET,SVM_EXPERIMENTAL,e0568488537f517fd8cc3b8bb71f183a3d7e70cf2710f9e54e9778b4795f83e6,SVM_CLOSED_SET,TRAIN,svm_closed_set_train
12168,dev/d7904db62d6e2d52f203f7c7d4fae8a4.wav,validation,SVM,vi-VN,5ee49e71f8d19d00098aca3e,exp_svm_spk_0006,Male,27,tình hình giao thông ở đường huỳnh thúc kháng như thế nào,tình hình giao thông ở [place_name : đường huỳnh thúc kháng] như thế nào,"['tình' 'hình' 'giao' 'thông' 'ở' 'đường' 'huỳnh' 'thúc' 'kháng' 'như'
 'thế' 'nào']","['Other' 'Other' 'Other' 'Other' 'Other' 'place_name' 'place_name'
 'place_name' 'place_name' 'Other' 'Other' 'Other']",11,transport_traffic,transport,3.78,48000,1,True,SVM_CLOSED_SET,SVM_EXPERIMENTAL,0645e27d1d47cfe893e045280df3ae39df6f2ce5294c47d40a1d8f2ca5ea9a5d,SVM_CLOSED_SET,TRAIN,svm_closed_set_train
2313,dev/221c124e20b314a5538c04ac320dffcb.wav,validation,SVM,vi-VN,5ee49e71f8d19d00098aca3e,exp_svm_spk_0006,Male,27,các đèn giảm tới số bảy,các đèn giảm [change_amount : tới số bảy],['các' 'đèn' 'giảm' 'tới' 'số' 'bảy'],['Other' 'Other' 'Other' 'change_amount' 'change_amount' 'change_amount'],31,iot_hue_lightdim,iot,2.58,48000,1,True,SVM_CLOSED_SET,SVM_EXPERIMENTAL,ee6520cf7d38c625be40996b76859d466a1cd87cf8e933567be908e96aa8c3ef,SVM_CLOSED_SET,TRAIN,svm_closed_set_train
8783,dev/27384ebe8afc6017d544cefd872656cf.wav,validation,SVM,vi-VN,5ee49e71f8d19d00098aca3e,exp_svm_spk_0006,Male,27,tôi có lịch trình nào hôm nay không,tôi có lịch trình nào [date : hôm nay] không,['tôi' 'có' 'lịch' 'trình' 'nào' 'hôm' 'nay' 'không'],['Other' 'Other' 'Other' 'Other' 'Other' 'date' 'date' 'Other'],32,calendar_query,calendar,3.42,48000,1,True,SVM_CLOSED_SET,SVM_EXPERIMENTAL,6dddee4817ad123b66739ab6dca92a034d482421aa1c158878b6d51792c42863,SVM_CLOSED_SET,TRAIN,svm_closed_set_train
17035,dev/361e75d2d025bb5190f554c8cd5154cd.wav,validation,SVM,vi-VN,5ee49e71f8d19d00098aca3e,exp_svm_spk_0006,Male,27,hoạt động thư điện tử gần đây của tôi là gì,hoạt động thư điện tử gần đây của tôi là gì,['hoạt' 'động' 'thư' 'điện' 'tử' 'gần' 'đây' 'của' 'tôi' 'là' 'gì'],"['Other' 'Other' 'Other' 'Other' 'Other' 'Other' 'Other' 'Other' 'Other'
 'Other' 'Other']",44,email_query,email,3.3,48000,1,True,SVM_CLOSED_SET,SVM_EXPERIMENTAL,7b2c926a6d92f029ecd4cd7a67d2a3aff7fa12f73a8730b5f0255ad849e6a409,SVM_CLOSED_SET,TRAIN,svm_closed_set_train
14230,dev/90aa3565de05b21babcd9c8028d0b338.wav,validation,SVM,vi-VN,5ee49e71f8d19d00098aca3e,exp_svm_spk_0006,Male,27,top năm phim của emma watson,top năm phim của [person : emma watson],['top' 'năm' 'phim' 'của' 'emma' 'watson'],['Other' 'Other' 'Other' 'Other' 'person' 'person'],49,qa_factoid,qa,3.78,48000,1,True,SVM_CLOSED_SET,SVM_EXPERIMENTAL,5e88a2f8e3c358fe9136b01def1c5c91b7a40187a244eb200401783f7ecc3197,SVM_CLOSED_SET,TRAIN,svm_closed_set_train
3632,dev/8a30c63d7f67c4b9ccac08ad10309ef3.wav,validation,SVM,vi-VN,5ee49e71f8d19d00098aca3e,exp_svm_spk_0006,Male,27,tôi muốn nghe danh sách phát của mình bạn sẽ phát nó bây giờ chứ,tôi muốn nghe danh sách phát của mình bạn sẽ phát nó bây giờ chứ,"['tôi' 'muốn' 'nghe' 'danh' 'sách' 'phát' 'của' 'mình' 'bạn' 'sẽ' 'phát'
 'nó' 'bây' 'giờ' 'chứ']","['Other' 'Other' 'Other' 'Other' 'Other' 'Other' 'Other' 'Other' 'Other'
 'Other' 'Other' 'Other' 'Other' 'Other' 'Other']",45,play_music,play,5.64,48000,1,True,SVM_CLOSED_SET,SVM_EXPERIMENTAL,272a2bb4ad0a822cabce2765a17b7f10b467dde3b0140663d31123c5f471a19f,SVM_CLOSED_SET,TRAIN,svm_closed_set_train
11214,dev/23a85944c0793c1739d6c17e2d687789.wav,validation,SVM,vi-VN,5ee49e71f8d19d00098aca3e,exp_svm_spk_0006,Male,27,kiểm tra danh sách,kiểm tra danh sách,['kiểm' 'tra' 'danh' 'sách'],['Other' 'Other' 'Other' 'Other'],59,lists_query,lists,2.22,48000,1,True,SVM_CLOSED_SET,SVM_EXPERIMENTAL,af10121e0dfcc058be2afef7ec94a3d7d878109fece30c827aef57f7b5ae5a2d,SVM_CLOSED_SET,TRAIN,svm_closed_set_train
14012,dev/91077c1c5800e684ca6c3d50a8444dca.wav,validation,SVM,vi-VN,5ee49e71f8d19d00098aca3e,exp_svm_spk_0006,Male,27,phản hồi có nghĩa là gì,[definition_word : phản hồi] có nghĩa là gì,['phản' 'hồi' 'có' 'nghĩa' 'là' 'gì'],['definition_word' 'definition_word' 'Other' 'Other' 'Other' 'Other'],26,qa_definition,qa,2.46,48000,1,True,SVM_CLOSED_SET,SVM_EXPERIMENTAL,2db65726f76a29a45179555b42f1ea56bd11773505606d3482433173ea5a4a9c,SVM_CLOSED_SET,TRAIN,svm_closed_set_train
173,dev/7fc7325b87ec8de1daaaa56edc2c41f3.wav,validation,SVM,vi-VN,5ee49e71f8d19d00098aca3e,exp_svm_spk_0006,Male,27,cài báo thức ngày mai lúc sáu giờ sáng,cài báo thức [date : ngày mai] lúc [time : sáu giờ sáng],['cài' 'báo' 'thức' 'ngày' 'mai' 'lúc' 'sáu' 'giờ' 'sáng'],['Other' 'Other' 'Other' 'date' 'date' 'Other' 'time' 'time' 'time'],48,alarm_set,alarm,3.12,48000,1,True,SVM_CLOSED_SET,SVM_EXPERIMENTAL,4e259eb7e323f0f0b5a854d6538943de6645da3ec34bf2d2f67e58a4ee4b1074,SVM_CLOSED_SET,TRAIN,svm_closed_set_train
4696,dev/d036225e25acac24a61f4bb912a1ec3f.wav,validation,SVM,vi-VN,5ee49e71f8d19d00098aca3e,exp_svm_spk_0006,Male,27,thời tiết sẽ như thế nào vào ngày mai,thời tiết sẽ như thế nào vào [date : ngày mai],['thời' 'tiết' 'sẽ' 'như' 'thế' 'nào' 'vào' 'ngày' 'mai'],['Other' 'Other' 'Other' 'Other' 'Other' 'Other' 'Other' 'date' 'date'],13,weather_query,weather,3.66,48000,1,True,SVM_CLOSED_SET,SVM_EXPERIMENTAL,ea3a32435dbb1efb6cee8b2597af075ad80e0ea41d8e3714baad41793ca2f73f,SVM_CLOSED_SET,TRAIN,svm_closed_set_train
15182,dev/cdfd9f8b49ac97517cff38ded032463d.wav,validation,SVM,vi-VN,5ee49e71f8d19d00098aca3e,exp_svm_spk_0006,Male,27,đọc cho tôi dòng tweet trước từ bài đăng của oanh,đọc cho tôi dòng tweet trước từ [media_type : bài đăng của oanh],['đọc' 'cho' 'tôi' 'dòng' 'tweet' 'trước' 'từ' 'bài' 'đăng' 'của' 'oanh'],"['Other' 'Other' 'Other' 'Other' 'Other' 'Other' 'Other' 'media_type'
 'media_type' 'media_type' 'media_type']",27,social_query,social,4.32,48000,1,True,SVM_CLOSED_SET,SVM_EXPERIMENTAL,9e789a9596b9309d2888c3d6ba75c952c621efce58fd6f691c047834bc00859c,SVM_CLOSED_SET,TRAIN,svm_closed_set_train
15458,dev/14948b8fef7ca512314dcaeeb201b45b.wav,validation,SVM,vi-VN,5ee49e71f8d19d00098aca3e,exp_svm_spk_0006,Male,27,tôi có một trải nghiệm dịch vụ kinh khủng ở gà tươi mạnh hoạch tôi cần tweet về họ,tôi có một trải nghiệm dịch vụ kinh khủng ở [business_name : gà tươi mạnh hoạch] tôi cần [media_type : tweet] về họ,"['tôi' 'có' 'một' 'trải' 'nghiệm' 'dịch' 'vụ' 'kinh' 'khủng' 'ở' 'gà'
 'tươi' 'mạnh' 'hoạch' 'tôi' 'cần' 'tweet' 'về' 'họ']","['Other' 'Other' 'Other' 'Other' 'Other' 'Other' 'Other' 'Other' 'Other'
 'Other' 'business_name' 'business_name' 'business_name' 'business_name'
 'Other' 'Other' 'media_type' 'Other' 'Other']",47,social_post,social,6.36,48000,1,True,SVM_CLOSED_SET,SVM_EXPERIMENTAL,efdb40aa50d01509f06fe5fca074b4a47e3e85c7feee6eb964166e7212645d29,SVM_CLOSED_SET,TRAIN,svm_closed_set_train
2553,dev/5c8ef04dffbb51e3b03f5ff9d05e3fb9.wav,validation,SVM,vi-VN,5ee49e71f8d19d00098aca3e,exp_svm_spk_0006,Male,27,lễ tình nhân rơi vào ngày nào trong tuần,[event_name : lễ tình nhân] rơi vào ngày nào trong tuần,['lễ' 'tình' 'nhân' 'rơi' 'vào' 'ngày' 'nào' 'trong' 'tuần'],"['event_name' 'event_name' 'event_name' 'Other' 'Other' 'Other' 'Other'
 'Other' 'Other']",0,datetime_query,datetime,3.66,48000,1,True,SVM_CLOSED_SET,SVM_EXPERIMENTAL,9864f4052799eae1a9a950c92986f1a13abdcf0f3d1f3d1761b7a3633fa27afc,SVM_CLOSED_SET,TRAIN,svm_closed_set_train
5832,dev/453db3f2ccb92c65bef084d89990960f.wav,validation,SVM,vi-VN,5ee49e71f8d19d00098aca3e,exp_svm_spk_0006,Male,27,alexa bật nhạc rock cổ điển,alexa bật [music_genre : nhạc rock cổ điển],['alexa' 'bật' 'nhạc' 'rock' 'cổ' 'điển'],['Other' 'Other' 'music_genre' 'music_genre' 'music_genre' 'music_genre'],45,play_music,play,3.24,48000,1,True,SVM_CLOSED_SET,SVM_EXPERIMENTAL,e663b81e5897004d108cd64c2b8e25558799b69d17728db6e43ae51d274cfdb5,SVM_CLOSED_SET,TRAIN,svm_closed_set_train
4233,dev/28204848fe7eb172d57f214deec612c3.wav,validation,SVM,vi-VN,5ee49e71f8d19d00098aca3e,exp_svm_spk_0006,Male,27,phát bài hát yêu thích của tôi của năm rồi,phát bài hát yêu thích của tôi của [date : năm rồi],['phát' 'bài' 'hát' 'yêu' 'thích' 'của' 'tôi' 'của' 'năm' 'rồi'],"['Other' 'Other' 'Other' 'Other' 'Other' 'Other' 'Other' 'Other' 'date'
 'date']",45,play_music,play,4.02,48000,1,True,SVM_CLOSED_SET,SVM_EXPERIMENTAL,4f208ae7f912c7b2641ec24b58d31a11da8b4cec9d1874b81f5f61f68f11703e,SVM_CLOSED_SET,TRAIN,svm_closed_set_train
534,dev/e932e0ddab7179aa8eb0ff1ea45c9bd3.wav,validation,SVM,vi-VN,5ee49e71f8d19d00098aca3e,exp_svm_spk_0006,Male,27,cài một cuộc gọi báo thức lúc mười giờ sáng,cài một cuộc gọi báo thức lúc [time : mười giờ sáng],['cài' 'một' 'cuộc' 'gọi' 'báo' 'thức' 'lúc' 'mười' 'giờ' 'sáng'],"['Other' 'Other' 'Other' 'Other' 'Other' 'Other' 'Other' 'time' 'time'
 'time']",48,alarm_set,alarm,4.14,48000,1,True,SVM_CLOSED_SET,SVM_EXPERIMENTAL,31451e8a066b629fa78c836eb6e4f19810ed0fe79d23ac9173299e542d5fc781,SVM_CLOSED_SET,TRAIN,svm_closed_set_train
9208,dev/e8aa12baf73916470f59824706c4d0bf.wav,validation,SVM,vi-VN,5ee49e71f8d19d00098aca3e,exp_svm_spk_0006,Male,27,chơi một vài radio,chơi một vài radio,['chơi' 'một' 'vài' 'radio'],['Other' 'Other' 'Other' 'Other'],36,play_radio,play,2.28,48000,1,True,SVM_CLOSED_SET,SVM_EXPERIMENTAL,7e88d4d6bb00172662ba729b0e1b1b01eb3ca8ae98cfd1d43f396e9e970677db,SVM_CLOSED_SET,TRAIN,svm_closed_set_train
10529,dev/8f12feeb5500ce22f8b9054f88f10635.wav,validation,SVM,vi-VN,5ee49e71f8d19d00098aca3e,exp_svm_spk_0006,Male,27,thêm mục này vào danh sách,thêm mục này vào danh sách,['thêm' 'mục' 'này' 'vào' 'danh' 'sách'],['Other' 'Other' 'Other' 'Other' 'Other' 'Other'],21,lists_createoradd,lists,2.16,48000,1,True,SVM_CLOSED_SET,SVM_EXPERIMENTAL,4adb177888ddff17157cf5f72a93e109d27b36c8764a08c91da5cde53a0f6021,SVM_CLOSED_SET,TRAIN,svm_closed_set_train
10925,dev/4975009bdf0fa364fdad955e82271b20.wav,validation,SVM,vi-VN,5ee49e71f8d19d00098aca3e,exp_svm_spk_0006,Male,27,tạo một danh sách mới các hóa đơn chưa thanh toán của tôi,tạo một danh sách mới các [list_name : hóa đơn chưa thanh toán] của tôi,"['tạo' 'một' 'danh' 'sách' 'mới' 'các' 'hóa' 'đơn' 'chưa' 'thanh' 'toán'
 'của' 'tôi']","['Other' 'Other' 'Other' 'Other' 'Other' 'Other' 'list_name' 'list_name'
 'list_name' 'list_name' 'list_name' 'Other' 'Other']",21,lists_createoradd,lists,3.6,48000,1,True,SVM_CLOSED_SET,SVM_EXPERIMENTAL,4a58399e49553a9e6864c7773d1b8604beaa75acb6944db5f03c9932cc848553,SVM_CLOSED_SET,TRAIN,svm_closed_set_train
12706,dev/7eb131e4db4f7b91557e4e9e15677d66.wav,validation,SVM,vi-VN,5ee49e71f8d19d00098aca3e,exp_svm_spk_0006,Male,27,đặt một vé tàu hỏa cho thời điểm này,đặt một vé [transport_type : tàu hỏa] cho thời điểm này,['đặt' 'một' 'vé' 'tàu' 'hỏa' 'cho' 'thời' 'điểm' 'này'],"['Other' 'Other' 'Other' 'transport_type' 'transport_type' 'Other' 'Other'
 'Other' 'Other']",2,transport_ticket,transport,3.36,48000,1,True,SVM_CLOSED_SET,SVM_EXPERIMENTAL,84b0643f156371018ec049cf6ebe19d905b6f41c4ded93b3a2269ac997f9f0a2,SVM_CLOSED_SET,TRAIN,svm_closed_set_train
15516,dev/cc1af346354d418dbbfb0e7880987335.wav,validation,SVM,vi-VN,5ee49e71f8d19d00098aca3e,exp_svm_spk_0006,Male,27,vui lòng tạo một tweet cho công ty dell về dịch vụ lỗi của máy tính xách tay,vui lòng tạo một [media_type : tweet] cho [business_name : công ty dell] về dịch vụ lỗi của máy tính xách tay,"['vui' 'lòng' 'tạo' 'một' 'tweet' 'cho' 'công' 'ty' 'dell' 'về' 'dịch'
 'vụ' 'lỗi' 'của' 'máy' 'tính' 'xách' 'tay']","['Other' 'Other' 'Other' 'Other' 'media_type' 'Other' 'business_name'
 'business_name' 'business_name' 'Other' 'Other' 'Other' 'Other' 'Other'
 'Other' 'Other' 'Other' 'Other']",47,social_post,social,5.04,48000,1,True,SVM_CLOSED_SET,SVM_EXPERIMENTAL,144c5f876f23ef86950751c88a6aa4a69b58797af86e350c5579faacc366f47a,SVM_CLOSED_SET,TRAIN,svm_closed_set_train
11557,dev/404721a7ad9ee1396bf7f06fea16401a.wav,validation,SVM,vi-VN,5ee49e71f8d19d00098aca3e,exp_svm_spk_0006,Male,27,phát tập mới nhất nhất của levin,phát [podcast_descriptor : tập mới nhất] nhất của [podcast_name : levin],['phát' 'tập' 'mới' 'nhất' 'nhất' 'của' 'levin'],"['Other' 'podcast_descriptor' 'podcast_descriptor' 'podcast_descriptor'
 'Other' 'Other' 'podcast_name']",58,play_podcasts,play,2.64,48000,1,True,SVM_CLOSED_SET,SVM_EXPERIMENTAL,a6f92d6772dfd895ebf469fcb113b4c82f89034e4995fb582d324751878b3f0c,SVM_CLOSED_SET,TRAIN,svm_closed_set_train
9677,dev/bbb32d265a453b31c0f502b8cf35b018.wav,validation,SVM,vi-VN,5ee49e71f8d19d00098aca3e,exp_svm_spk_0006,Male,27,bạn có thể phát sách muôn kiếp nhân sinh không,bạn có thể [player_setting : phát] sách [audiobook_name : muôn kiếp nhân sinh] không,['bạn' 'có' 'thể' 'phát' 'sách' 'muôn' 'kiếp' 'nhân' 'sinh' 'không'],"['Other' 'Other' 'Other' 'player_setting' 'Other' 'audiobook_name'
 'audiobook_name' 'audiobook_name' 'audiobook_name' 'Other']",20,play_audiobook,play,4.26,48000,1,True,SVM_CLOSED_SET,SVM_EXPERIMENTAL,85f7026190b3433f2021108d2cb030ef1e263cc6bee9ffed606c188d4625d8d3,SVM_CLOSED_SET,TRAIN,svm_closed_set_train
10557,dev/aaedf7ede57eb222dd96514924ecd613.wav,validation,SVM,vi-VN,5ee49e71f8d19d00098aca3e,exp_svm_spk_0006,Male,27,cho tôi xem danh sách của tôi,cho tôi xem danh sách của tôi,['cho' 'tôi' 'xem' 'danh' 'sách' 'của' 'tôi'],['Other' 'Other' 'Other' 'Other' 'Other' 'Other' 'Other'],59,lists_query,lists,2.76,48000,1,True,SVM_CLOSED_SET,SVM_EXPERIMENTAL,dd073c1432fedb9e3843b06aaa841dceda1d85c01dea2a2c434a0359501beebc,SVM_CLOSED_SET,TRAIN,svm_closed_set_train
7104,dev/2131c719953eb8bc53491658f2f17339.wav,validation,SVM,vi-VN,5ee49e71f8d19d00098aca3e,exp_svm_spk_0006,Male,27,đặt lịch cho bữa lỡ vào buổi sáng thứ bảy này với lâm lan và loan,đặt lịch cho [event_name : bữa lỡ] vào [timeofday : buổi sáng] [date : thứ bảy] này với [person : lâm lan] và [person : loan],"['đặt' 'lịch' 'cho' 'bữa' 'lỡ' 'vào' 'buổi' 'sáng' 'thứ' 'bảy' 'này' 'với'
 'lâm' 'lan' 'và' 'loan']","['Other' 'Other' 'Other' 'event_name' 'event_name' 'Other' 'timeofday'
 'timeofday' 'date' 'date' 'Other' 'Other' 'person' 'person' 'Other'
 'person']",50,calendar_set,calendar,6.12,48000,1,True,SVM_CLOSED_SET,SVM_EXPERIMENTAL,bc7c9b0d4c000fd85b947503a6aa7705fb884b57211efc754842a8964763f86f,SVM_CLOSED_SET,TRAIN,svm_closed_set_train
6271,dev/db8c28947b1c1d71fecd115f2845a29a.wav,validation,SVM,vi-VN,5ee49e71f8d19d00098aca3e,exp_svm_spk_0006,Male,27,hôm nay như thế nào,[date : hôm nay] như thế nào,['hôm' 'nay' 'như' 'thế' 'nào'],['date' 'date' 'Other' 'Other' 'Other'],12,general_quirky,general,1.86,48000,1,True,SVM_CLOSED_SET,SVM_EXPERIMENTAL,ccc30be0f364c07f59c0541900dfa191200d499bc2addbf02b610fcfd5fabb8f,SVM_CLOSED_SET,TRAIN,svm_closed_set_train
657,dev/4cb0c2cc693c6e2863ac6c660a0bf097.wav,validation,SVM,vi-VN,5ee49e71f8d19d00098aca3e,exp_svm_spk_0006,Male,27,thời tiết hiện tại thế nào,thời tiết hiện tại thế nào,['thời' 'tiết' 'hiện' 'tại' 'thế' 'nào'],['Other' 'Other' 'Other' 'Other' 'Other' 'Other'],13,weather_query,weather,3.06,48000,1,True,SVM_CLOSED_SET,SVM_EXPERIMENTAL,205ec083fdccb8a5941eca3f8b0ec9d4e317f78d1d069c38d7e1d27ed67f22ff,SVM_CLOSED_SET,TRAIN,svm_closed_set_train
17093,dev/71ce1ff8c617abb6307ec17667be3321.wav,validation,SVM,vi-VN,5ee49e71f8d19d00098aca3e,exp_svm_spk_0006,Male,27,gửi email đến vy,gửi email đến [person : vy],['gửi' 'email' 'đến' 'vy'],['Other' 'Other' 'Other' 'person'],33,email_sendemail,email,2.22,48000,1,True,SVM_CLOSED_SET,SVM_EXPERIMENTAL,1f05952a258306381b9f699c6760ae4d941d13554cd190d060feeebc8e6007b9,SVM_CLOSED_SET,TRAIN,svm_closed_set_train
2749,dev/cf34fa827b594a470aa18aa52e81118a.wav,validation,SVM,vi-VN,5ee49e71f8d19d00098aca3e,exp_svm_spk_0006,Male,27,khởi động máy pha cà phê,khởi động [device_type : máy pha cà phê],['khởi' 'động' 'máy' 'pha' 'cà' 'phê'],['Other' 'Other' 'device_type' 'device_type' 'device_type' 'device_type'],56,iot_coffee,iot,3.0,48000,1,True,SVM_CLOSED_SET,SVM_EXPERIMENTAL,82b254f5c2879a5411d08cf5fa42cd50f6158bf5b4815479644f9ef3c7c87e1c,SVM_CLOSED_SET,TRAIN,svm_closed_set_train
4579,dev/9974cdf387c39f20adfeb316c240c808.wav,validation,SVM,vi-VN,5ee49e71f8d19d00098aca3e,exp_svm_spk_0006,Male,27,vui lòng tăng âm lượng loa,vui lòng tăng âm lượng loa,['vui' 'lòng' 'tăng' 'âm' 'lượng' 'loa'],['Other' 'Other' 'Other' 'Other' 'Other' 'Other'],14,audio_volume_up,audio,2.94,48000,1,True,SVM_CLOSED_SET,SVM_EXPERIMENTAL,82d21c84a418bb0d0ed03e53f4ecc7c906e6215f368bd424e7e72d96457f28c1,SVM_CLOSED_SET,TRAIN,svm_closed_set_train
12394,dev/9c33cdcedd7709690d9e995276bba035.wav,validation,SVM,vi-VN,5ee49e71f8d19d00098aca3e,exp_svm_spk_0006,Male,27,mua giúp tôi vé tàu hỏa hôm nay đến thành phố nha trang,mua giúp tôi vé [transport_type : tàu hỏa] [date : hôm nay] đến thành phố [place_name : nha trang],"['mua' 'giúp' 'tôi' 'vé' 'tàu' 'hỏa' 'hôm' 'nay' 'đến' 'thành' 'phố' 'nha'
 'trang']","['Other' 'Other' 'Other' 'Other' 'transport_type' 'transport_type' 'date'
 'date' 'Other' 'Other' 'Other' 'place_name' 'place_name']",2,transport_ticket,transport,4.86,48000,1,True,SVM_CLOSED_SET,SVM_EXPERIMENTAL,be5eacdc14e238ca666a06a32f5b9ea6f5ec509b915e2eabe33eec9b55c8a702,SVM_CLOSED_SET,TRAIN,svm_closed_set_train
11406,dev/4376271374caa8b9c7faae7dd5c57f13.wav,validation,SVM,vi-VN,5ee49e71f8d19d00098aca3e,exp_svm_spk_0006,Male,27,dừng chương trình phát thanh này bắt đầu mở f. m.,dừng chương trình phát thanh này bắt đầu mở f. m.,['dừng' 'chương' 'trình' 'phát' 'thanh' 'này' 'bắt' 'đầu' 'mở' 'f.' 'm.'],"['Other' 'Other' 'Other' 'Other' 'Other' 'Other' 'Other' 'Other' 'Other'
 'Other' 'Other']",58,play_podcasts,play,4.26,48000,1,True,SVM_CLOSED_SET,SVM_EXPERIMENTAL,219d3034d941d9ce4b3852bfc7926e637ee6d24544c5a0d18c613bf630d0240c,SVM_CLOSED_SET,TRAIN,svm_closed_set_train
2483,dev/4c152c58124b10c7599474f8d3724ce5.wav,validation,SVM,vi-VN,5ee49e71f8d19d00098aca3e,exp_svm_spk_0006,Male,27,bạn có thể làm mờ tất cả các bóng đèn không,bạn có thể làm mờ tất cả các bóng đèn không,"['bạn' 'có' 'thể' 'làm' 'mờ' 'tất' 'cả' 'các' 'bóng' 'đèn'
 'không']","['Other' 'Other' 'Other' 'Other' 'Other' 'Other' 'Other' 'Other' 'Other'
 'Other' 'Other']",31,iot_hue_lightdim,iot,3.78,48000,1,True,SVM_CLOSED_SET,SVM_EXPERIMENTAL,3053113405b6c49dfde384ee91dc05b8f60677f46e01bf3418153533b7a047d6,SVM_CLOSED_SET,TRAIN,svm_closed_set_train
2790,dev/a5882be4f8b4f90b66bca6c29af4f80f.wav,validation,SVM,vi-VN,5ee49e71f8d19d00098aca3e,exp_svm_spk_0006,Male,27,đội yankees có thắng tối qua không,đội yankees có thắng [date : tối qua] không,['đội' 'yankees' 'có' 'thắng' 'tối' 'qua' 'không'],['Other' 'Other' 'Other' 'Other' 'date' 'date' 'Other'],22,news_query,news,3.12,48000,1,True,SVM_CLOSED_SET,SVM_EXPERIMENTAL,8f005bc9a7d5ec99126e99b41714129edd6cafa70229a5436b59632b6f078269,SVM_CLOSED_SET,TRAIN,svm_closed_set_train
14897,dev/9bec75f4db43a8c5d137245a2dc57d77.wav,validation,SVM,vi-VN,5ee49e71f8d19d00098aca3e,exp_svm_spk_0006,Male,27,vệ tinh nào đầu tiên được phóng bởi nasa,vệ tinh nào đầu tiên được phóng bởi nasa,['vệ' 'tinh' 'nào' 'đầu' 'tiên' 'được' 'phóng' 'bởi' 'nasa'],['Other' 'Other' 'Other' 'Other' 'Other' 'Other' 'Other' 'Other' 'Other'],49,qa_factoid,qa,3.36,48000,1,True,SVM_CLOSED_SET,SVM_EXPERIMENTAL,e101f9883bc9a4cf7d612a6c7803c80d51286f290c483f8dca41582744d0e8f0,SVM_CLOSED_SET,TRAIN,svm_closed_set_train
9733,dev/a7a1c07cd29dc56e30a4f8ee290922b5.wav,validation,SVM,vi-VN,5ee49e71f8d19d00098aca3e,exp_svm_spk_0006,Male,27,mở trần trụi giữa bầy sói chỗ mà tôi đã rời,mở [audiobook_name : trần trụi giữa bầy sói] chỗ mà tôi đã rời,['mở' 'trần' 'trụi' 'giữa' 'bầy' 'sói' 'chỗ' 'mà' 'tôi' 'đã' 'rời'],"['Other' 'audiobook_name' 'audiobook_name' 'audiobook_name'
 'audiobook_name' 'audiobook_name' 'Other' 'Other' 'Other' 'Other' 'Other']",20,play_audiobook,play,4.8,48000,1,True,SVM_CLOSED_SET,SVM_EXPERIMENTAL,7a29a80e040c99c906334fd1d5eef01525696571dd1e9bac01c56903f9dcc1b6,SVM_CLOSED_SET,TRAIN,svm_closed_set_train
8803,dev/48122a72d4908cc6f9a9bf4787517f5e.wav,validation,SVM,vi-VN,5ee49e71f8d19d00098aca3e,exp_svm_spk_0006,Male,27,vui lòng cài báo thức cho,vui lòng cài báo thức cho,['vui' 'lòng' 'cài' 'báo' 'thức' 'cho'],['Other' 'Other' 'Other' 'Other' 'Other' 'Other'],48,alarm_set,alarm,2.76,48000,1,True,SVM_CLOSED_SET,SVM_EXPERIMENTAL,683180dcc6c959d862978a0a0503381185c106b9daba347c1256295d4b582ea7,SVM_CLOSED_SET,TRAIN,svm_closed_set_train
17137,dev/1d1ca151c6ef3ed6f700c2b3680ec4cf.wav,validation,SVM,vi-VN,5ee49e71f8d19d00098aca3e,exp_svm_spk_0006,Male,27,có bao nhiêu tin nhắn tôi nhận được,có bao nhiêu tin nhắn tôi nhận được,['có' 'bao' 'nhiêu' 'tin' 'nhắn' 'tôi' 'nhận' 'được'],['Other' 'Other' 'Other' 'Other' 'Other' 'Other' 'Other' 'Other'],44,email_query,email,3.12,48000,1,True,SVM_CLOSED_SET,SVM_EXPERIMENTAL,14c18578cb97738230dc9b897eaf9b362b2da7edda872e4f1b4b040f97032da7,SVM_CLOSED_SET,TRAIN,svm_closed_set_train
3177,dev/38c918ffc89e926e4e80add9adb49dea.wav,validation,SVM,vi-VN,5ee49e71f8d19d00098aca3e,exp_svm_spk_0006,Male,27,tên ca sĩ chính của ban nhạc này là gì,tên ca sĩ chính của ban nhạc này là gì,['tên' 'ca' 'sĩ' 'chính' 'của' 'ban' 'nhạc' 'này' 'là' 'gì'],"['Other' 'Other' 'Other' 'Other' 'Other' 'Other' 'Other' 'Other' 'Other'
 'Other']",57,music_query,music,3.3,48000,1,True,SVM_CLOSED_SET,SVM_EXPERIMENTAL,b072ab5f3ff98c58d4b76d88c92026772c12ef08cddda9a9f7de85e0551dc1b4,SVM_CLOSED_SET,TRAIN,svm_closed_set_train
11076,dev/2c0e2ec0ee224b334f9cb5a723e12c2c.wav,validation,SVM,vi-VN,5ee49e71f8d19d00098aca3e,exp_svm_spk_0006,Male,27,cái đó trong danh sách là gì,cái đó trong danh sách là gì,['cái' 'đó' 'trong' 'danh' 'sách' 'là' 'gì'],['Other' 'Other' 'Other' 'Other' 'Other' 'Other' 'Other'],59,lists_query,lists,2.28,48000,1,True,SVM_CLOSED_SET,SVM_EXPERIMENTAL,b56dff9908a504ac9a0a48e8a29f23c88de37ec5c5db2cd5835e22297a7e31d1,SVM_CLOSED_SET,TRAIN,svm_closed_set_train
13797,dev/7cc63bf264eb867f9cdedbf5f2119b03.wav,validation,SVM,vi-VN,5ee49e71f8d19d00098aca3e,exp_svm_spk_0006,Male,27,bao nhiêu người sống ở cần thơ,bao nhiêu người sống ở [place_name : cần thơ],['bao' 'nhiêu' 'người' 'sống' 'ở' 'cần' 'thơ'],['Other' 'Other' 'Other' 'Other' 'Other' 'place_name' 'place_name'],49,qa_factoid,qa,2.76,48000,1,True,SVM_CLOSED_SET,SVM_EXPERIMENTAL,5c6c1d7dae131b64e7e0466a17126c8259ed878261c0d410abd11281b71a0ea7,SVM_CLOSED_SET,TRAIN,svm_closed_set_train
10689,dev/4eacd6b02282a75c33967a56e178ebb6.wav,validation,SVM,vi-VN,5ee49e71f8d19d00098aca3e,exp_svm_spk_0006,Male,27,bỏ mục thứ ba,bỏ mục thứ ba,['bỏ' 'mục' 'thứ' 'ba'],['Other' 'Other' 'Other' 'Other'],53,lists_remove,lists,1.98,48000,1,True,SVM_CLOSED_SET,SVM_EXPERIMENTAL,78fa7a942fe5027a756d7024d60d5608f49f35d5546bc1e9dd6849f4ba69e22c,SVM_CLOSED_SET,TRAIN,svm_closed_set_train
13572,dev/a6bcab1d424709fcc131c4c419cbc559.wav,validation,SVM,vi-VN,5ee49e71f8d19d00098aca3e,exp_svm_spk_0006,Male,27,cho tôi biết một sự thật thú vị về điều này,cho tôi biết một sự thật thú vị về điều này,['cho' 'tôi' 'biết' 'một' 'sự' 'thật' 'thú' 'vị' 'về' 'điều' 'này'],"['Other' 'Other' 'Other' 'Other' 'Other' 'Other' 'Other' 'Other' 'Other'
 'Other' 'Other']",12,general_quirky,general,3.72,48000,1,True,SVM_CLOSED_SET,SVM_EXPERIMENTAL,99bc9cec0dd7b0d2126af2f6aaa34ed3421bebff5863072fa6ff2c0e5ba885c2,SVM_CLOSED_SET,TRAIN,svm_closed_set_train
11487,dev/17306b416b668579671293106dec8feb.wav,validation,SVM,vi-VN,5ee49e71f8d19d00098aca3e,exp_svm_spk_0006,Male,27,phát những bài hát cổ điển,phát những bài hát [music_genre : cổ điển],['phát' 'những' 'bài' 'hát' 'cổ' 'điển'],['Other' 'Other' 'Other' 'Other' 'music_genre' 'music_genre'],45,play_music,play,2.7,48000,1,True,SVM_CLOSED_SET,SVM_EXPERIMENTAL,ce16ae0e01a2d835853c574c3fdeb88b53a3ee0ebf4083d807ce50db7f21b5d0,SVM_CLOSED_SET,TRAIN,svm_closed_set_train
6193,dev/e9b76f1899881c72da683f84ca1f002e.wav,validation,SVM,vi-VN,5ee49e71f8d19d00098aca3e,exp_svm_spk_0006,Male,27,bạn có muốn nghe những gì đã xảy ra hôm nay,bạn có muốn nghe những gì đã xảy ra [date : hôm nay],['bạn' 'có' 'muốn' 'nghe' 'những' 'gì' 'đã' 'xảy' 'ra' 'hôm' 'nay'],"['Other' 'Other' 'Other' 'Other' 'Other' 'Other' 'Other' 'Other' 'Other'
 'date' 'date']",12,general_quirky,general,3.9,48000,1,True,SVM_CLOSED_SET,SVM_EXPERIMENTAL,dddd77e13b6859979deeecc89b1fdabf3a34296d4a7e13b3541bd6464cbd8034,SVM_CLOSED_SET,TRAIN,svm_closed_set_train
9978,dev/149f429ee87825e9679a78ad57621f06.wav,validation,SVM,vi-VN,5ee49e71f8d19d00098aca3e,exp_svm_spk_0006,Male,27,bạn có thể vui lòng hiển thị đoạn hướng dẫn nấu đồ ăn ý được không,bạn có thể vui lòng hiển thị [media_type : đoạn hướng dẫn] nấu đồ ăn [food_type : ý] được không,"['bạn' 'có' 'thể' 'vui' 'lòng' 'hiển' 'thị' 'đoạn' 'hướng' 'dẫn' 'nấu'
 'đồ' 'ăn' 'ý' 'được' 'không']","['Other' 'Other' 'Other' 'Other' 'Other' 'Other' 'Other' 'media_type'
 'media_type' 'media_type' 'Other' 'Other' 'Other' 'food_type' 'Other'
 'Other']",9,cooking_recipe,cooking,4.62,48000,1,True,SVM_CLOSED_SET,SVM_EXPERIMENTAL,b1d59eb5be6c66eb2d3a39a159a680bebc0646c925d83646620abb6dbe1c6575,SVM_CLOSED_SET,TRAIN,svm_closed_set_train
13284,dev/bdcbb5d8f008aa82c275a8dd59038dbe.wav,validation,SVM,vi-VN,5ee49e71f8d19d00098aca3e,exp_svm_spk_0006,Male,27,cho tôi biết câu chuyện của ramanujan và hành trình toán học của anh ấy,cho tôi biết câu chuyện của [person : ramanujan] và hành trình toán học của anh ấy,"['cho' 'tôi' 'biết' 'câu' 'chuyện' 'của' 'ramanujan' 'và' 'hành' 'trình'
 'toán' 'học' 'của' 'anh' 'ấy']","['Other' 'Other' 'Other' 'Other' 'Other' 'Other' 'person' 'Other' 'Other'
 'Other' 'Other' 'Other' 'Other' 'Other' 'Other']",49,qa_factoid,qa,5.64,48000,1,True,SVM_CLOSED_SET,SVM_EXPERIMENTAL,0eacd5ccb249338f3eba34831cfbc6a1c7d20a08dab67a3e029a047156c860ad,SVM_CLOSED_SET,TRAIN,svm_closed_set_train
2699,dev/84532ed784ef41f93e319e2137961fab.wav,validation,SVM,vi-VN,5ee49e71f8d19d00098aca3e,exp_svm_spk_0006,Male,27,tôi muốn nghe nhạc rock,tôi muốn nghe nhạc [music_genre : rock],['tôi' 'muốn' 'nghe' 'nhạc' 'rock'],['Other' 'Other' 'Other' 'Other' 'music_genre'],45,play_music,play,2.58,48000,1,True,SVM_CLOSED_SET,SVM_EXPERIMENTAL,7c8de0bff72112cf1fdc11aa65de86f901f32aab12347f059a23a8c7eac335b2,SVM_CLOSED_SET,TRAIN,svm_closed_set_train
7727,dev/76f616f8f4f7008a3c546b02f51e2073.wav,validation,SVM,vi-VN,5ee49e71f8d19d00098aca3e,exp_svm_spk_0006,Male,27,tôi có một buổi sinh nhật vào thứ hai hãy cài đặt sự kiện đó,tôi có một buổi [event_name : sinh nhật] vào [date : thứ hai] hãy cài đặt sự kiện đó,"['tôi' 'có' 'một' 'buổi' 'sinh' 'nhật' 'vào' 'thứ' 'hai' 'hãy' 'cài' 'đặt'
 'sự' 'kiện' 'đó']","['Other' 'Other' 'Other' 'Other' 'event_name' 'event_name' 'Other' 'date'
 'date' 'Other' 'Other' 'Other' 'Other' 'Other' 'Other']",50,calendar_set,calendar,4.32,48000,1,True,SVM_CLOSED_SET,SVM_EXPERIMENTAL,a23cd45a54cb05d551a7b579f5c7a70064d9d3e011cba5a86a9fb3d12bef1524,SVM_CLOSED_SET,TRAIN,svm_closed_set_train
13076,dev/0921a504a2808dc111d2e76fd16cdeb0.wav,validation,SVM,vi-VN,5ee49e71f8d19d00098aca3e,exp_svm_spk_0006,Male,27,nói cho tôi biết tên đệm của tom hanks,nói cho tôi biết tên đệm của [person : tom hanks],['nói' 'cho' 'tôi' 'biết' 'tên' 'đệm' 'của' 'tom' 'hanks'],['Other' 'Other' 'Other' 'Other' 'Other' 'Other' 'Other' 'person' 'person'],49,qa_factoid,qa,3.72,48000,1,True,SVM_CLOSED_SET,SVM_EXPERIMENTAL,4762a6574129aeda523f310bdef5618d57330b1edd5c6ca306f7e0fa7667557f,SVM_CLOSED_SET,TRAIN,svm_closed_set_train
762,dev/44475a02b45737f264a9700577a153dc.wav,validation,SVM,vi-VN,5ee49e71f8d19d00098aca3e,exp_svm_spk_0006,Male,27,thời tiết như thế nào trong tuần này,thời tiết như thế nào trong [date : tuần này],['thời' 'tiết' 'như' 'thế' 'nào' 'trong' 'tuần' 'này'],['Other' 'Other' 'Other' 'Other' 'Other' 'Other' 'date' 'date'],13,weather_query,weather,2.7,48000,1,True,SVM_CLOSED_SET,SVM_EXPERIMENTAL,6b0e7b115b92db86d92a02fae8f84f8ec4cc65c0c8ff02b45b25c737c027b294,SVM_CLOSED_SET,TRAIN,svm_closed_set_train
6107,dev/b7441a57ede00668d6e3111567b607d1.wav,validation,SVM,vi-VN,5ee49e71f8d19d00098aca3e,exp_svm_spk_0006,Male,27,phát cả một trời thương nhớ hồ ngọc hà,phát [song_name : cả một trời thương nhớ] [artist_name : hồ ngọc hà],['phát' 'cả' 'một' 'trời' 'thương' 'nhớ' 'hồ' 'ngọc' 'hà'],"['Other' 'song_name' 'song_name' 'song_name' 'song_name' 'song_name'
 'artist_name' 'artist_name' 'artist_name']",45,play_music,play,2.88,48000,1,True,SVM_CLOSED_SET,SVM_EXPERIMENTAL,1254da6c8c57b85c82c42eb941d90396041e67f5a9a9fe9982244d7af4b660ab,SVM_CLOSED_SET,TRAIN,svm_closed_set_train
516,dev/6dbae472f6e61a138ef889e03a205498.wav,validation,SVM,vi-VN,5ee49e71f8d19d00098aca3e,exp_svm_spk_0006,Male,27,vui lòng tắt tiếng trong một giờ tới,vui lòng tắt tiếng trong [time : một giờ tới],['vui' 'lòng' 'tắt' 'tiếng' 'trong' 'một' 'giờ' 'tới'],['Other' 'Other' 'Other' 'Other' 'Other' 'time' 'time' 'time'],46,audio_volume_mute,audio,2.64,48000,1,True,SVM_CLOSED_SET,SVM_EXPERIMENTAL,faa9cbd6108439db4264f11f6fa6fff9138e35980f548fffb04c9c5c616e8594,SVM_CLOSED_SET,TRAIN,svm_closed_set_train
12923,dev/78f6884689cc8d8fb01b17ee005b1965.wav,validation,SVM,vi-VN,5e4247e718b8910d4a2b9a34,exp_svm_spk_0007,Female,32,tôi có thể bắt được chuyến tàu gần nhất lúc mấy giờ,tôi có thể bắt được [transport_type : chuyến tàu] gần nhất lúc mấy giờ,"['tôi' 'có' 'thể' 'bắt' 'được' 'chuyến' 'tàu' 'gần' 'nhất' 'lúc' 'mấy'
 'giờ']","['Other' 'Other' 'Other' 'Other' 'Other' 'transport_type' 'transport_type'
 'Other' 'Other' 'Other' 'Other' 'Other']",42,transport_query,transport,4.44,48000,1,True,SVM_CLOSED_SET,SVM_EXPERIMENTAL,e745a80ae073e759802c82e3c3827365daf32c04d1a467be2cc0b60832e2f47a,SVM_CLOSED_SET,TRAIN,svm_closed_set_train
9299,dev/da5dd56da4f9cbd14a9aeaeb7755553c.wav,validation,SVM,vi-VN,5e4247e718b8910d4a2b9a34,exp_svm_spk_0007,Female,32,bạn có thể bắt đầu kênh radio f. m. tám trăm chín mươi không,bạn có thể bắt đầu kênh radio [radio_name : f. m. tám trăm chín mươi] không,"['bạn' 'có' 'thể' 'bắt' 'đầu' 'kênh' 'radio' 'f.' 'm.' 'tám' 'trăm'
 'chín' 'mươi' 'không']","['Other' 'Other' 'Other' 'Other' 'Other' 'Other' 'Other' 'radio_name'
 'radio_name' 'radio_name' 'radio_name' 'radio_name' 'radio_name' 'Other']",36,play_radio,play,6.0,48000,1,True,SVM_CLOSED_SET,SVM_EXPERIMENTAL,4fdb62b49a616a860d3bdf2195030ba2b3074079f2c7941b024619904849d3e9,SVM_CLOSED_SET,TRAIN,svm_closed_set_train
4421,dev/8ef9c577c4eac8faf3accef9a42b8c17.wav,validation,SVM,vi-VN,5e4247e718b8910d4a2b9a34,exp_svm_spk_0007,Female,32,tắt tiếng âm thanh,tắt tiếng âm thanh,['tắt' 'tiếng' 'âm' 'thanh'],['Other' 'Other' 'Other' 'Other'],46,audio_volume_mute,audio,2.7,48000,1,True,SVM_CLOSED_SET,SVM_EXPERIMENTAL,deb8a1d59017988ba3319ae24c30258b01deaf6a88dfe36df5844101e4425dac,SVM_CLOSED_SET,TRAIN,svm_closed_set_train
15836,dev/292071b6f205e28e4928fe5192a7c22b.wav,validation,SVM,vi-VN,5e4247e718b8910d4a2b9a34,exp_svm_spk_0007,Female,32,mở thư điện tử gần đây nhất của tôi và trả lời,mở thư điện tử gần đây nhất của tôi và trả lời,['mở' 'thư' 'điện' 'tử' 'gần' 'đây' 'nhất' 'của' 'tôi' 'và' 'trả' 'lời'],"['Other' 'Other' 'Other' 'Other' 'Other' 'Other' 'Other' 'Other' 'Other'
 'Other' 'Other' 'Other']",33,email_sendemail,email,4.98,48000,1,True,SVM_CLOSED_SET,SVM_EXPERIMENTAL,6285ef9b8ed508c23c29cc03afe1f792eb5c8c26d7c111a8002fcbdd8c03ebde,SVM_CLOSED_SET,TRAIN,svm_closed_set_train
15065,dev/106a8128c29238e84d09eb3856a02c93.wav,validation,SVM,vi-VN,5e4247e718b8910d4a2b9a34,exp_svm_spk_0007,Female,32,cho tôi biết brexit sẽ ảnh hưởng đến công dân e. u. thế nào trong dài hạn và trung hạn,cho tôi biết brexit sẽ ảnh hưởng đến công dân e. u. thế nào trong dài hạn và trung hạn,"['cho' 'tôi' 'biết' 'brexit' 'sẽ' 'ảnh' 'hưởng' 'đến' 'công' 'dân' 'e.'
 'u.' 'thế' 'nào' 'trong' 'dài' 'hạn' 'và' 'trung' 'hạn']","['Other' 'Other' 'Other' 'Other' 'Other' 'Other' 'Other' 'Other' 'Other'
 'Other' 'Other' 'Other' 'Other' 'Other' 'Other' 'Other' 'Other' 'Other'
 'Other' 'Other']",49,qa_factoid,qa,7.02,48000,1,True,SVM_CLOSED_SET,SVM_EXPERIMENTAL,08726a65068570a434a5e9960e692e48e90f7fbb82965eb992ad67da7882a70a,SVM_CLOSED_SET,TRAIN,svm_closed_set_train
13756,dev/9cf094f0f347bc9cddb38c829d6f4584.wav,validation,SVM,vi-VN,5e4247e718b8910d4a2b9a34,exp_svm_spk_0007,Female,32,tìm cho tôi thông tin trên,tìm cho tôi thông tin trên,['tìm' 'cho' 'tôi' 'thông' 'tin' 'trên'],['Other' 'Other' 'Other' 'Other' 'Other' 'Other'],26,qa_definition,qa,3.6,48000,1,True,SVM_CLOSED_SET,SVM_EXPERIMENTAL,c971c43b895e184a1c79db34cdfe236dd861bb5536046afda9b87d84c47dbeee,SVM_CLOSED_SET,TRAIN,svm_closed_set_train
13914,dev/efa27c6b581fb425424262be436d37bd.wav,validation,SVM,vi-VN,5e4247e718b8910d4a2b9a34,exp_svm_spk_0007,Female,32,bạn có thể cho tôi biết tỷ giá hối đoái của đồng đô la sang đồng rupee được không,bạn có thể cho tôi biết tỷ giá hối đoái của đồng đô la sang đồng rupee được không,"['bạn' 'có' 'thể' 'cho' 'tôi' 'biết' 'tỷ' 'giá' 'hối' 'đoái' 'của' 'đồng'
 'đô' 'la' 'sang' 'đồng' 'rupee' 'được' 'không']","['Other' 'Other' 'Other' 'Other' 'Other' 'Other' 'Other' 'Other' 'Other'
 'Other' 'Other' 'Other' 'Other' 'Other' 'Other' 'Other' 'Other' 'Other'
 'Other']",49,qa_factoid,qa,6.54,48000,1,True,SVM_CLOSED_SET,SVM_EXPERIMENTAL,2217bbdefe0aa3bf3742cfd23393a39723a4fc65857312f080fc7e220a514ed4,SVM_CLOSED_SET,TRAIN,svm_closed_set_train
6655,dev/8fae2e284a7332280f5d10a102f0cc67.wav,validation,SVM,vi-VN,5e4247e718b8910d4a2b9a34,exp_svm_spk_0007,Female,32,thành phần cần thiết ở tiệm tạp hóa,thành phần cần thiết ở [business_type : tiệm tạp hóa],['thành' 'phần' 'cần' 'thiết' 'ở' 'tiệm' 'tạp' 'hóa'],"['Other' 'Other' 'Other' 'Other' 'Other' 'business_type' 'business_type'
 'business_type']",12,general_quirky,general,3.84,48000,1,True,SVM_CLOSED_SET,SVM_EXPERIMENTAL,2bcd995a2b4028f8b0efdb3c9ee909a64441f214e9489747cba3f7fa2a6b92a4,SVM_CLOSED_SET,TRAIN,svm_closed_set_train
6673,dev/9554b5c7ce75328b338d89f443eb9e34.wav,validation,SVM,vi-VN,5e4247e718b8910d4a2b9a34,exp_svm_spk_0007,Female,32,nó như thế nào rồi,nó như thế nào rồi,['nó' 'như' 'thế' 'nào' 'rồi'],['Other' 'Other' 'Other' 'Other' 'Other'],12,general_quirky,general,3.18,48000,1,True,SVM_CLOSED_SET,SVM_EXPERIMENTAL,92ee7c024995e3e7a5df2755ba012912cc96f7274fdcadb5e550c82d3e1a00de,SVM_CLOSED_SET,TRAIN,svm_closed_set_train
13836,dev/5f491a4df79972de1cb4384101e90397.wav,validation,SVM,vi-VN,5e4247e718b8910d4a2b9a34,exp_svm_spk_0007,Female,32,tôn giáo nào là đúng đắn nhất,tôn giáo nào là đúng đắn nhất,['tôn' 'giáo' 'nào' 'là' 'đúng' 'đắn' 'nhất'],['Other' 'Other' 'Other' 'Other' 'Other' 'Other' 'Other'],12,general_quirky,general,3.6,48000,1,True,SVM_CLOSED_SET,SVM_EXPERIMENTAL,63bddabb5ffcface69af2255cfcd942d0e62d2fa7f2e09cc5d3a4c79470a1c42,SVM_CLOSED_SET,TRAIN,svm_closed_set_train
2392,dev/2698fd0292dff174f3247001ddde0c44.wav,validation,SVM,vi-VN,5e4247e718b8910d4a2b9a34,exp_svm_spk_0007,Female,32,tôi muốn nghe người hãy quên em đi,tôi muốn nghe [song_name : người hãy quên em đi],['tôi' 'muốn' 'nghe' 'người' 'hãy' 'quên' 'em' 'đi'],"['Other' 'Other' 'Other' 'song_name' 'song_name' 'song_name' 'song_name'
 'song_name']",45,play_music,play,3.66,48000,1,True,SVM_CLOSED_SET,SVM_EXPERIMENTAL,7ed56852b7016f39704a5b1146e719da8a40cf44f20659c2c33a5f7e9a408f67,SVM_CLOSED_SET,TRAIN,svm_closed_set_train
1094,dev/bf1de7f955b480fa13d752e0acf6d77b.wav,validation,SVM,vi-VN,5e4247e718b8910d4a2b9a34,exp_svm_spk_0007,Female,32,gửi cho tôi tin tức hiện tại cho hôm nay,gửi cho tôi tin tức hiện tại cho hôm nay,['gửi' 'cho' 'tôi' 'tin' 'tức' 'hiện' 'tại' 'cho' 'hôm' 'nay'],"['Other' 'Other' 'Other' 'Other' 'Other' 'Other' 'Other' 'Other' 'Other'
 'Other']",22,news_query,news,4.56,48000,1,True,SVM_CLOSED_SET,SVM_EXPERIMENTAL,6a877140fa709cb92ceff8b1fa404e25ce259935de6b8f6497d3e202266b5636,SVM_CLOSED_SET,TRAIN,svm_closed_set_train
3637,dev/679f28e6eba8914c7b4ed1f9d87f6fed.wav,validation,SVM,vi-VN,5e4247e718b8910d4a2b9a34,exp_svm_spk_0007,Female,32,olly người hãy quên em đi mỹ tâm,olly [song_name : người hãy quên em đi] [artist_name : mỹ tâm],['olly' 'người' 'hãy' 'quên' 'em' 'đi' 'mỹ' 'tâm'],"['Other' 'song_name' 'song_name' 'song_name' 'song_name' 'song_name'
 'artist_name' 'artist_name']",45,play_music,play,4.38,48000,1,True,SVM_CLOSED_SET,SVM_EXPERIMENTAL,2544375950a50180560855a067c01a4a8bcc2a81a8d62c6a62714dce167ff82b,SVM_CLOSED_SET,TRAIN,svm_closed_set_train
10952,dev/582259fe3c00ddb955087dd774d789a5.wav,validation,SVM,vi-VN,5e4247e718b8910d4a2b9a34,exp_svm_spk_0007,Female,32,vui lòng xóa danh sách có tên gọi mua sắm,vui lòng xóa danh sách có tên gọi [list_name : mua sắm],['vui' 'lòng' 'xóa' 'danh' 'sách' 'có' 'tên' 'gọi' 'mua' 'sắm'],"['Other' 'Other' 'Other' 'Other' 'Other' 'Other' 'Other' 'Other'
 'list_name' 'list_name']",53,lists_remove,lists,4.2,48000,1,True,SVM_CLOSED_SET,SVM_EXPERIMENTAL,3c766f9c0c8e09507b5fdbc292ceea4085e243dd9f1129e7e06eb047f25c2eb3,SVM_CLOSED_SET,TRAIN,svm_closed_set_train
10860,dev/c19cff8791c947fd7a7d1636b81d711b.wav,validation,SVM,vi-VN,5e4247e718b8910d4a2b9a34,exp_svm_spk_0007,Female,32,bỏ nó ra khỏi danh sách,bỏ nó ra khỏi danh sách,['bỏ' 'nó' 'ra' 'khỏi' 'danh' 'sách'],['Other' 'Other' 'Other' 'Other' 'Other' 'Other'],53,lists_remove,lists,3.6,48000,1,True,SVM_CLOSED_SET,SVM_EXPERIMENTAL,fef58e52f34d6533a942708d3ca8b0f8e2e08db09a362f9e415244afdd6340f3,SVM_CLOSED_SET,TRAIN,svm_closed_set_train
16533,dev/d028ba89c69c9f004ccf119e9f42a029.wav,validation,SVM,vi-VN,5e4247e718b8910d4a2b9a34,exp_svm_spk_0007,Female,32,bạn có thể giúp tôi viết một email đến tuấn,bạn có thể giúp tôi viết một email đến [person : tuấn],['bạn' 'có' 'thể' 'giúp' 'tôi' 'viết' 'một' 'email' 'đến' 'tuấn'],"['Other' 'Other' 'Other' 'Other' 'Other' 'Other' 'Other' 'Other' 'Other'
 'person']",33,email_sendemail,email,4.5,48000,1,True,SVM_CLOSED_SET,SVM_EXPERIMENTAL,e1ffda9ef1374e7a5796c80307f4b0732d0e18cdd9a3408ae53a02539a94052e,SVM_CLOSED_SET,TRAIN,svm_closed_set_train
10605,dev/9da300b48205c429e9bd1633d1d2afa5.wav,validation,SVM,vi-VN,5e4247e718b8910d4a2b9a34,exp_svm_spk_0007,Female,32,có bao nhiêu mục thức ăn trong danh sách,có bao nhiêu mục thức ăn trong danh sách,['có' 'bao' 'nhiêu' 'mục' 'thức' 'ăn' 'trong' 'danh' 'sách'],['Other' 'Other' 'Other' 'Other' 'Other' 'Other' 'Other' 'Other' 'Other'],59,lists_query,lists,3.84,48000,1,True,SVM_CLOSED_SET,SVM_EXPERIMENTAL,bfe5f7e2412c1eec7fad3bdc771fb587d03516f1882f5bf994f52bc902caef7c,SVM_CLOSED_SET,TRAIN,svm_closed_set_train
15986,dev/175e7ab1182bfd54dbb428a8b7a7b7e2.wav,validation,SVM,vi-VN,5e4247e718b8910d4a2b9a34,exp_svm_spk_0007,Female,32,lưu email này vào danh bạ,lưu email này vào danh bạ,['lưu' 'email' 'này' 'vào' 'danh' 'bạ'],['Other' 'Other' 'Other' 'Other' 'Other' 'Other'],15,email_addcontact,email,3.3,48000,1,True,SVM_CLOSED_SET,SVM_EXPERIMENTAL,ce9b694a87eb1358752cb4dc4c7134aa4fc92c1cd96618ef2af0c6e3df452b14,SVM_CLOSED_SET,TRAIN,svm_closed_set_train
7043,dev/91a0301ac25c3e26d57fcda26e07b530.wav,validation,SVM,vi-VN,5e4247e718b8910d4a2b9a34,exp_svm_spk_0007,Female,32,vui lòng đặt báo thức trong hai giờ kể từ bây giờ,vui lòng đặt báo thức trong [time : hai giờ kể từ bây giờ],['vui' 'lòng' 'đặt' 'báo' 'thức' 'trong' 'hai' 'giờ' 'kể' 'từ' 'bây' 'giờ'],"['Other' 'Other' 'Other' 'Other' 'Other' 'Other' 'time' 'time' 'time'
 'time' 'time' 'time']",48,alarm_set,alarm,4.26,48000,1,True,SVM_CLOSED_SET,SVM_EXPERIMENTAL,e04eca5e0b9911d06b641c1c0b7bd2301ca8d845167682de75fc02de8ee605b5,SVM_CLOSED_SET,TRAIN,svm_closed_set_train
11020,dev/c3f26909a11ba4cce186666ed817031e.wav,validation,SVM,vi-VN,5e4247e718b8910d4a2b9a34,exp_svm_spk_0007,Female,32,xóa mua sắm tạp hóa khỏi danh sách,xóa mua sắm tạp hóa khỏi danh sách,['xóa' 'mua' 'sắm' 'tạp' 'hóa' 'khỏi' 'danh' 'sách'],['Other' 'Other' 'Other' 'Other' 'Other' 'Other' 'Other' 'Other'],53,lists_remove,lists,4.02,48000,1,True,SVM_CLOSED_SET,SVM_EXPERIMENTAL,aaa961798509dc1ea056374dcafdc0675e3f836db0a848df27a4816c7c7b02c0,SVM_CLOSED_SET,TRAIN,svm_closed_set_train
13737,dev/1860dd0ca8032e6afd8a14531b8e9338.wav,validation,SVM,vi-VN,5e4247e718b8910d4a2b9a34,exp_svm_spk_0007,Female,32,tỉ giá hối đoái giữa mỹ và trung quốc và bao nhiêu,tỉ giá hối đoái giữa [place_name : mỹ] và [place_name : trung quốc] và bao nhiêu,"['tỉ' 'giá' 'hối' 'đoái' 'giữa' 'mỹ' 'và' 'trung' 'quốc' 'và' 'bao'
 'nhiêu']","['Other' 'Other' 'Other' 'Other' 'Other' 'place_name' 'Other' 'place_name'
 'place_name' 'Other' 'Other' 'Other']",10,qa_currency,qa,4.8,48000,1,True,SVM_CLOSED_SET,SVM_EXPERIMENTAL,5ff79941b0fa8d62ef7383f22cafdeb3e0858d1fe93c7db3e5f9bfaa0995d123,SVM_CLOSED_SET,TRAIN,svm_closed_set_train
5183,dev/4e26aa5f432e1aee2e10925a66d024b8.wav,validation,SVM,vi-VN,5e4247e718b8910d4a2b9a34,exp_svm_spk_0007,Female,32,kể một câu chuyện cười,kể một câu chuyện cười,['kể' 'một' 'câu' 'chuyện' 'cười'],['Other' 'Other' 'Other' 'Other' 'Other'],25,general_joke,general,3.12,48000,1,True,SVM_CLOSED_SET,SVM_EXPERIMENTAL,5e2bd8c3fe05f16bcbf4cd8a4a7b30bb0dfe25cb0d5416991d7467238cd4b6e7,SVM_CLOSED_SET,TRAIN,svm_closed_set_train
6792,dev/cf51148cac114e54d0994e29a22028fd.wav,validation,SVM,vi-VN,5e4247e718b8910d4a2b9a34,exp_svm_spk_0007,Female,32,kể cho tôi các sự kiện của tôi,kể cho tôi các sự kiện của tôi,['kể' 'cho' 'tôi' 'các' 'sự' 'kiện' 'của' 'tôi'],['Other' 'Other' 'Other' 'Other' 'Other' 'Other' 'Other' 'Other'],32,calendar_query,calendar,4.14,48000,1,True,SVM_CLOSED_SET,SVM_EXPERIMENTAL,15321a152e2cab37501b2c207de1b0b6065807efdd16d35cc4969b783c219c30,SVM_CLOSED_SET,TRAIN,svm_closed_set_train
1295,dev/3abe628a2e2bb289859178734ce94510.wav,validation,SVM,vi-VN,5e4247e718b8910d4a2b9a34,exp_svm_spk_0007,Female,32,tôi muốn tin tức về giải thưởng học viện,tôi muốn tin tức về [news_topic : giải thưởng học viện],['tôi' 'muốn' 'tin' 'tức' 'về' 'giải' 'thưởng' 'học' 'viện'],"['Other' 'Other' 'Other' 'Other' 'Other' 'news_topic' 'news_topic'
 'news_topic' 'news_topic']",22,news_query,news,3.84,48000,1,True,SVM_CLOSED_SET,SVM_EXPERIMENTAL,56bb878c61591f2f84347a3c94824a79025dbc0d922d974595dbed17273c1b2c,SVM_CLOSED_SET,TRAIN,svm_closed_set_train
10245,dev/b97453668b1d165b4274c77620e7dbf8.wav,validation,SVM,vi-VN,5e4247e718b8910d4a2b9a34,exp_svm_spk_0007,Female,32,alexa chơi cờ vua với tôi,alexa chơi [game_name : cờ vua] với tôi,['alexa' 'chơi' 'cờ' 'vua' 'với' 'tôi'],['Other' 'Other' 'game_name' 'game_name' 'Other' 'Other'],51,play_game,play,3.42,48000,1,True,SVM_CLOSED_SET,SVM_EXPERIMENTAL,e3a67d5d98c91adaf9fe8d2c65ca53303f80ebd4986ebd5167afc04a30e80950,SVM_CLOSED_SET,TRAIN,svm_closed_set_train
10449,dev/7a3303b9ae125118d28348f2ef580aae.wav,validation,SVM,vi-VN,5e4247e718b8910d4a2b9a34,exp_svm_spk_0007,Female,32,tôi muốn hủy chuyến đi đến cần thơ tuần tới,tôi muốn hủy chuyến đi đến cần thơ tuần tới,['tôi' 'muốn' 'hủy' 'chuyến' 'đi' 'đến' 'cần' 'thơ' 'tuần' 'tới'],"['Other' 'Other' 'Other' 'Other' 'Other' 'Other' 'Other' 'Other' 'Other'
 'Other']",53,lists_remove,lists,3.84,48000,1,True,SVM_CLOSED_SET,SVM_EXPERIMENTAL,ba570aa103e798133ffb3eab2e03ab24203e13fc1934ab7e90db66fa67605196,SVM_CLOSED_SET,TRAIN,svm_closed_set_train
17046,dev/fc2b5b97534250b84990eb53c295712a.wav,validation,SVM,vi-VN,5e4247e718b8910d4a2b9a34,exp_svm_spk_0007,Female,32,vui lòng cho tôi biết các email mới của việt,vui lòng cho tôi biết các email mới của [person : việt],['vui' 'lòng' 'cho' 'tôi' 'biết' 'các' 'email' 'mới' 'của' 'việt'],"['Other' 'Other' 'Other' 'Other' 'Other' 'Other' 'Other' 'Other' 'Other'
 'person']",44,email_query,email,4.08,48000,1,True,SVM_CLOSED_SET,SVM_EXPERIMENTAL,924d4f9e3a95e2fb0d72a6a600c389bfbdcb165028304f9d8c4851184759eb03,SVM_CLOSED_SET,TRAIN,svm_closed_set_train
5362,dev/8cb8eb600985cfd088eaec9826dae1b4.wav,validation,SVM,vi-VN,5e4247e718b8910d4a2b9a34,exp_svm_spk_0007,Female,32,ngày hai mươi tư đến vào khi nào trong tuần tới,[date : ngày hai mươi tư] đến vào khi nào trong [date : tuần tới],['ngày' 'hai' 'mươi' 'tư' 'đến' 'vào' 'khi' 'nào' 'trong' 'tuần' 'tới'],"['date' 'date' 'date' 'date' 'Other' 'Other' 'Other' 'Other' 'Other'
 'date' 'date']",0,datetime_query,datetime,4.8,48000,1,True,SVM_CLOSED_SET,SVM_EXPERIMENTAL,8f8903f0abb7c56ce107eced4ec3e0750f900089d7bae3583db33ad7c15fa7ca,SVM_CLOSED_SET,TRAIN,svm_closed_set_train
2158,dev/3d01f30dff006f989df2384e1621f04c.wav,validation,SVM,vi-VN,5e4247e718b8910d4a2b9a34,exp_svm_spk_0007,Female,32,thời tiết của thứ ba,thời tiết của [date : thứ ba],['thời' 'tiết' 'của' 'thứ' 'ba'],['Other' 'Other' 'Other' 'date' 'date'],13,weather_query,weather,3.36,48000,1,True,SVM_CLOSED_SET,SVM_EXPERIMENTAL,63ea52fbadc87b81023aac0ad825a2fa5692e22fb0e3c8b93c96dec99c9899a3,SVM_CLOSED_SET,TRAIN,svm_closed_set_train
7260,dev/46474f5bdc3d69b7e8bae9695bb0c211.wav,validation,SVM,vi-VN,5e4247e718b8910d4a2b9a34,exp_svm_spk_0007,Female,32,đặt lời nhắc cho cuộc họp lúc ba giờ chiều ngày mai,đặt lời nhắc cho [event_name : cuộc họp] lúc [time : ba giờ chiều] [date : ngày mai],"['đặt' 'lời' 'nhắc' 'cho' 'cuộc' 'họp' 'lúc' 'ba' 'giờ' 'chiều' 'ngày'
 'mai']","['Other' 'Other' 'Other' 'Other' 'event_name' 'event_name' 'Other' 'time'
 'time' 'time' 'date' 'date']",50,calendar_set,calendar,4.68,48000,1,True,SVM_CLOSED_SET,SVM_EXPERIMENTAL,af45137426a0fee3b1b8d289dc2de750abbeeb472eca2af1404e16c82ba8f643,SVM_CLOSED_SET,TRAIN,svm_closed_set_train
806,dev/359a7937ed9f04b8fabc602c375b10a3.wav,validation,SVM,vi-VN,5e4247e718b8910d4a2b9a34,exp_svm_spk_0007,Female,32,vui lòng giảm tất cả âm lượng loa,vui lòng giảm tất cả âm lượng loa,['vui' 'lòng' 'giảm' 'tất' 'cả' 'âm' 'lượng' 'loa'],['Other' 'Other' 'Other' 'Other' 'Other' 'Other' 'Other' 'Other'],35,audio_volume_down,audio,4.02,48000,1,True,SVM_CLOSED_SET,SVM_EXPERIMENTAL,8f4371eca69c5acf0b3cba018cc20adc492c50ff13960282dfa19b2ab4e012bb,SVM_CLOSED_SET,TRAIN,svm_closed_set_train
9164,dev/9e75e84743681fee7adc0e77d691ae18.wav,validation,SVM,vi-VN,5e4247e718b8910d4a2b9a34,exp_svm_spk_0007,Female,32,olly tôi có bất kỳ lịch trình sự kiện nào tháng này không,olly tôi có bất kỳ lịch trình sự kiện nào [date : tháng này] không,"['olly' 'tôi' 'có' 'bất' 'kỳ' 'lịch' 'trình' 'sự' 'kiện' 'nào' 'tháng'
 'này' 'không']","['Other' 'Other' 'Other' 'Other' 'Other' 'Other' 'Other' 'Other' 'Other'
 'Other' 'date' 'date' 'Other']",32,calendar_query,calendar,5.1,48000,1,True,SVM_CLOSED_SET,SVM_EXPERIMENTAL,a301718a57a5dcbc74549a9e131efc14d0e74ca8f5204d7212a8dc047f6877fc,SVM_CLOSED_SET,TRAIN,svm_closed_set_train
4292,dev/9cbfcd27f8664e291e2b7617e9656d0a.wav,validation,SVM,vi-VN,5e4247e718b8910d4a2b9a34,exp_svm_spk_0007,Female,32,tôi có thể mặc quần áo ngắn khi đi shopping hôm nay không,tôi có thể mặc [weather_descriptor : quần áo ngắn] khi đi shopping [date : hôm nay] không,"['tôi' 'có' 'thể' 'mặc' 'quần' 'áo' 'ngắn' 'khi' 'đi' 'shopping' 'hôm'
 'nay' 'không']","['Other' 'Other' 'Other' 'Other' 'weather_descriptor' 'weather_descriptor'
 'weather_descriptor' 'Other' 'Other' 'Other' 'date' 'date' 'Other']",13,weather_query,weather,5.22,48000,1,True,SVM_CLOSED_SET,SVM_EXPERIMENTAL,ea7305b16c9cb3048554a0763684751b8ca92d7f0c5126c8c09088551d251707,SVM_CLOSED_SET,TRAIN,svm_closed_set_train
4003,dev/3de2abf074e0f9941bfdf98ee1417f47.wav,validation,SVM,vi-VN,5e4247e718b8910d4a2b9a34,exp_svm_spk_0007,Female,32,đến giờ tôi nghe một chút bích phương rồi,đến giờ tôi nghe một chút [artist_name : bích phương] rồi,['đến' 'giờ' 'tôi' 'nghe' 'một' 'chút' 'bích' 'phương' 'rồi'],"['Other' 'Other' 'Other' 'Other' 'Other' 'Other' 'artist_name'
 'artist_name' 'Other']",45,play_music,play,4.2,48000,1,True,SVM_CLOSED_SET,SVM_EXPERIMENTAL,f275ef4d4fcd61eb9a5716c96ac4a7d40cca3786d874331a82036c94ece289ca,SVM_CLOSED_SET,TRAIN,svm_closed_set_train
2042,dev/266e9747286ac99675250a218a14bd86.wav,validation,SVM,vi-VN,5e4247e718b8910d4a2b9a34,exp_svm_spk_0007,Female,32,cuộc họp được lên lịch vào ngày mai đúng không,[event_name : cuộc họp] được lên lịch vào [date : ngày mai] đúng không,['cuộc' 'họp' 'được' 'lên' 'lịch' 'vào' 'ngày' 'mai' 'đúng' 'không'],"['event_name' 'event_name' 'Other' 'Other' 'Other' 'Other' 'date' 'date'
 'Other' 'Other']",32,calendar_query,calendar,4.26,48000,1,True,SVM_CLOSED_SET,SVM_EXPERIMENTAL,1dfd0dd3bccd5682b974bd093d29a0883721651891fa4a74a57099009a9ee009,SVM_CLOSED_SET,TRAIN,svm_closed_set_train
14604,dev/979c67f4280567f64b9f2447c7f16b69.wav,validation,SVM,vi-VN,5e4247e718b8910d4a2b9a34,exp_svm_spk_0007,Female,32,giải thích,giải thích,['giải' 'thích'],['Other' 'Other'],26,qa_definition,qa,2.46,48000,1,True,SVM_CLOSED_SET,SVM_EXPERIMENTAL,7c913b2e79175c2b28e935b5d8c82a9d565e5f5d2186f79cd87a9c339bfe7de5,SVM_CLOSED_SET,TRAIN,svm_closed_set_train
10904,dev/5290d57a7c774ff2f2f73b0286cd8de1.wav,validation,SVM,vi-VN,5e4247e718b8910d4a2b9a34,exp_svm_spk_0007,Female,32,cho tôi biết về danh sách,cho tôi biết về danh sách,['cho' 'tôi' 'biết' 'về' 'danh' 'sách'],['Other' 'Other' 'Other' 'Other' 'Other' 'Other'],59,lists_query,lists,3.06,48000,1,True,SVM_CLOSED_SET,SVM_EXPERIMENTAL,efd8db1baf5523ecf4d072fb92ff82769d0c6577eb2eeb49cc443acb12053688,SVM_CLOSED_SET,TRAIN,svm_closed_set_train
8549,dev/905dc77241c205e1bcd22b6ce3df37be.wav,validation,SVM,vi-VN,5e4247e718b8910d4a2b9a34,exp_svm_spk_0007,Female,32,huỷ sự kiện tiếp theo trên lịch,huỷ sự kiện tiếp theo trên lịch,['huỷ' 'sự' 'kiện' 'tiếp' 'theo' 'trên' 'lịch'],['Other' 'Other' 'Other' 'Other' 'Other' 'Other' 'Other'],30,calendar_remove,calendar,2.82,48000,1,True,SVM_CLOSED_SET,SVM_EXPERIMENTAL,c406cdf9dc8a4fef03771920a2349ba2a73ecf30c89695c201282e8df2e9a086,SVM_CLOSED_SET,TRAIN,svm_closed_set_train
16881,dev/3bdb37153e6b30233784321c2c39536c.wav,validation,SVM,vi-VN,5e4247e718b8910d4a2b9a34,exp_svm_spk_0007,Female,32,trả lời thư,trả lời thư,['trả' 'lời' 'thư'],['Other' 'Other' 'Other'],33,email_sendemail,email,2.58,48000,1,True,SVM_CLOSED_SET,SVM_EXPERIMENTAL,70d420fa5f97d6e7a6b01dce55aeb453b0670c05ac418efa5cd9b5120cf06ea2,SVM_CLOSED_SET,TRAIN,svm_closed_set_train
13373,dev/9a78179459cf0c9faa89b8ddaa51fda8.wav,validation,SVM,vi-VN,5e4247e718b8910d4a2b9a34,exp_svm_spk_0007,Female,32,top năm cầu thủ ghi bàn nhiều nhất giải ngoại hạng anh,top năm cầu thủ ghi bàn nhiều nhất giải ngoại hạng anh,"['top' 'năm' 'cầu' 'thủ' 'ghi' 'bàn' 'nhiều' 'nhất' 'giải' 'ngoại'
 'hạng' 'anh']","['Other' 'Other' 'Other' 'Other' 'Other' 'Other' 'Other' 'Other' 'Other'
 'Other' 'Other' 'Other']",12,general_quirky,general,5.16,48000,1,True,SVM_CLOSED_SET,SVM_EXPERIMENTAL,1bc89566e58c6ac783349d2a0e4071be093d9305e5c3bf24e26ab966304d6c61,SVM_CLOSED_SET,TRAIN,svm_closed_set_train
14901,dev/c7bb0bf97f9a0678c96f3f9bd7377c66.wav,validation,SVM,vi-VN,5e4247e718b8910d4a2b9a34,exp_svm_spk_0007,Female,32,vui lòng miêu tả con voi cho tôi,vui lòng miêu tả [definition_word : con voi] cho tôi,['vui' 'lòng' 'miêu' 'tả' 'con' 'voi' 'cho' 'tôi'],"['Other' 'Other' 'Other' 'Other' 'definition_word' 'definition_word'
 'Other' 'Other']",26,qa_definition,qa,4.62,48000,1,True,SVM_CLOSED_SET,SVM_EXPERIMENTAL,c9be49031c70c90214d807493e6306c680b46f452a3c9bc034a2153e3177fe8a,SVM_CLOSED_SET,TRAIN,svm_closed_set_train
10896,dev/72736b1cc4aec52b1208cc3f771dfdb1.wav,validation,SVM,vi-VN,5e4247e718b8910d4a2b9a34,exp_svm_spk_0007,Female,32,xóa mục này khỏi danh sách của tôi,xóa mục này khỏi danh sách của tôi,['xóa' 'mục' 'này' 'khỏi' 'danh' 'sách' 'của' 'tôi'],['Other' 'Other' 'Other' 'Other' 'Other' 'Other' 'Other' 'Other'],53,lists_remove,lists,3.48,48000,1,True,SVM_CLOSED_SET,SVM_EXPERIMENTAL,f9d5eb214f26725e9482ba1eddc05cc303c8541e046e42748476fed8f6a489a7,SVM_CLOSED_SET,TRAIN,svm_closed_set_train
3547,dev/8fad8a72ca7bf6184221e391f3e9787c.wav,validation,SVM,vi-VN,5e4247e718b8910d4a2b9a34,exp_svm_spk_0007,Female,32,trời sẽ đẹp trên bãi biển vào thứ sáu phải không,trời sẽ [weather_descriptor : đẹp] trên [place_name : bãi biển] vào [date : thứ sáu] phải không,"['trời' 'sẽ' 'đẹp' 'trên' 'bãi' 'biển' 'vào' 'thứ' 'sáu' 'phải'
 'không']","['Other' 'Other' 'weather_descriptor' 'Other' 'place_name' 'place_name'
 'Other' 'date' 'date' 'Other' 'Other']",13,weather_query,weather,4.86,48000,1,True,SVM_CLOSED_SET,SVM_EXPERIMENTAL,97ad7e7bda4ed7b23faa427faf3a1f3bd08643636027224d77c2b2baa8d899b9,SVM_CLOSED_SET,TRAIN,svm_closed_set_train
5069,dev/b8219108be53006ee934cd0c285b88e4.wav,validation,SVM,vi-VN,5e4247e718b8910d4a2b9a34,exp_svm_spk_0007,Female,32,bật wemo,bật [device_type : wemo],['bật' 'wemo'],['Other' 'device_type'],24,iot_wemo_on,iot,2.64,48000,1,True,SVM_CLOSED_SET,SVM_EXPERIMENTAL,9cb65c75a87ea173306d119c837e6f7931bc4e6b21084c71f3fad3e7a9b702fe,SVM_CLOSED_SET,TRAIN,svm_closed_set_train
11283,dev/b8fe48c21886ddebd342c8864ea95f6b.wav,validation,SVM,vi-VN,5e4247e718b8910d4a2b9a34,exp_svm_spk_0007,Female,32,mở tập kế tiếp,mở [podcast_descriptor : tập kế tiếp],['mở' 'tập' 'kế' 'tiếp'],['Other' 'podcast_descriptor' 'podcast_descriptor' 'podcast_descriptor'],58,play_podcasts,play,3.12,48000,1,True,SVM_CLOSED_SET,SVM_EXPERIMENTAL,a44a3ede1685fa675b4c2f823babb653f2c4a5de7cbc8a7a2ca47a4ad6333c50,SVM_CLOSED_SET,TRAIN,svm_closed_set_train
10554,dev/e5759b9e4815c267b0ae5ed68907f214.wav,validation,SVM,vi-VN,5e4247e718b8910d4a2b9a34,exp_svm_spk_0007,Female,32,tôi đang làm gì hôm nay,tôi đang làm gì [date : hôm nay],['tôi' 'đang' 'làm' 'gì' 'hôm' 'nay'],['Other' 'Other' 'Other' 'Other' 'date' 'date'],12,general_quirky,general,3.18,48000,1,True,SVM_CLOSED_SET,SVM_EXPERIMENTAL,6f19bb77127ffda6b5ae1ad9b70f0f963a7a9136e8dbb93a3fa9d6be7d5c93e9,SVM_CLOSED_SET,TRAIN,svm_closed_set_train
12380,dev/b116e2792218de71f1abda19af8e6fa2.wav,validation,SVM,vi-VN,5e4247e718b8910d4a2b9a34,exp_svm_spk_0007,Female,32,mua lại vé tàu hỏa cuối cùng tới hà nội,mua lại vé [transport_type : tàu hỏa] cuối cùng tới [place_name : hà nội],['mua' 'lại' 'vé' 'tàu' 'hỏa' 'cuối' 'cùng' 'tới' 'hà' 'nội'],"['Other' 'Other' 'Other' 'transport_type' 'transport_type' 'Other' 'Other'
 'Other' 'place_name' 'place_name']",2,transport_ticket,transport,4.26,48000,1,True,SVM_CLOSED_SET,SVM_EXPERIMENTAL,2ce16fb1c844b9ed7cb4246b364287a9ec112a0fa8f317f224028031dd937a5d,SVM_CLOSED_SET,TRAIN,svm_closed_set_train
1558,dev/d5130028310a4119db124af6e3846c27.wav,validation,SVM,vi-VN,5e4247e718b8910d4a2b9a34,exp_svm_spk_0007,Female,32,chơi cho tôi một vài bản nhạc pop,chơi cho tôi một vài bản nhạc [music_genre : pop],['chơi' 'cho' 'tôi' 'một' 'vài' 'bản' 'nhạc' 'pop'],['Other' 'Other' 'Other' 'Other' 'Other' 'Other' 'Other' 'music_genre'],45,play_music,play,4.08,48000,1,True,SVM_CLOSED_SET,SVM_EXPERIMENTAL,db844a3592b88cdda50eb5d9d77ab9a242be1a0a73aad8883d1062e265b8cc54,SVM_CLOSED_SET,TRAIN,svm_closed_set_train
11530,dev/d413f240168b1b2079bae2726ae96af0.wav,validation,SVM,vi-VN,5e4247e718b8910d4a2b9a34,exp_svm_spk_0007,Female,32,chơi danh sách phát nguyễn phú trọng được lưu trong thiết bị,chơi danh sách phát [podcast_name : nguyễn phú trọng] được lưu trong thiết bị,"['chơi' 'danh' 'sách' 'phát' 'nguyễn' 'phú' 'trọng' 'được' 'lưu' 'trong'
 'thiết' 'bị']","['Other' 'Other' 'Other' 'Other' 'podcast_name' 'podcast_name'
 'podcast_name' 'Other' 'Other' 'Other' 'Other' 'Other']",58,play_podcasts,play,5.52,48000,1,True,SVM_CLOSED_SET,SVM_EXPERIMENTAL,78c225d09976bb0614c41e19ac4d14875c8046ed16b8d7040d750b8b11bb69e7,SVM_CLOSED_SET,TRAIN,svm_closed_set_train
2040,dev/2c32e90a9f7e54aca60b39bfb5353981.wav,validation,SVM,vi-VN,5e4247e718b8910d4a2b9a34,exp_svm_spk_0007,Female,32,một ngày nắng là gì,một ngày [weather_descriptor : nắng] là gì,['một' 'ngày' 'nắng' 'là' 'gì'],['Other' 'Other' 'weather_descriptor' 'Other' 'Other'],13,weather_query,weather,2.94,48000,1,True,SVM_CLOSED_SET,SVM_EXPERIMENTAL,7b1f0c4321a41d379f41ffc15252e24e2fcd15e85e929bfefa0fb6edb8ecaf71,SVM_CLOSED_SET,TRAIN,svm_closed_set_train
15572,dev/c542dcb662eea4497740f5c88144eed3.wav,validation,SVM,vi-VN,5e4247e718b8910d4a2b9a34,exp_svm_spk_0007,Female,32,tweet khiếu nại đến quán trà chanh,[media_type : tweet] khiếu nại đến [business_name : quán trà chanh],['tweet' 'khiếu' 'nại' 'đến' 'quán' 'trà' 'chanh'],"['media_type' 'Other' 'Other' 'Other' 'business_name' 'business_name'
 'business_name']",47,social_post,social,3.6,48000,1,True,SVM_CLOSED_SET,SVM_EXPERIMENTAL,960f45ebadc74f9621ba8cc2dce4735e29848b0bb8db81554f2616bf32de5007,SVM_CLOSED_SET,TRAIN,svm_closed_set_train
11693,dev/62587fb4e108ab3480ea30b1a09dd2eb.wav,validation,SVM,vi-VN,5e4247e718b8910d4a2b9a34,exp_svm_spk_0007,Female,32,có bộ phim nào mới hôm nay không,có bộ phim nào mới [date : hôm nay] không,['có' 'bộ' 'phim' 'nào' 'mới' 'hôm' 'nay' 'không'],['Other' 'Other' 'Other' 'Other' 'Other' 'date' 'date' 'Other'],55,recommendation_movies,recommendation,3.6,48000,1,True,SVM_CLOSED_SET,SVM_EXPERIMENTAL,c742ac0be0b09ca9c1d21c5439755abd23a4fcb55451516d46fbb6dbd9eb8208,SVM_CLOSED_SET,TRAIN,svm_closed_set_train
14708,dev/8e55508aeec152c1fdefdef2a7ed419f.wav,validation,SVM,vi-VN,5e4247e718b8910d4a2b9a34,exp_svm_spk_0007,Female,32,cổ phiếu làm ơn,cổ phiếu làm ơn,['cổ' 'phiếu' 'làm' 'ơn'],['Other' 'Other' 'Other' 'Other'],4,qa_stock,qa,3.48,48000,1,True,SVM_CLOSED_SET,SVM_EXPERIMENTAL,62c5ce244b17b61da7169e17ec1c2f6914cf7e4fe828da2cf792e15aa44646f3,SVM_CLOSED_SET,TRAIN,svm_closed_set_train
7066,dev/41d49c5aa8f527f964933cb6c2c9eb2f.wav,validation,SVM,vi-VN,5e4247e718b8910d4a2b9a34,exp_svm_spk_0007,Female,32,sự kiện trong lịch của tôi là gì,sự kiện trong lịch của tôi là gì,['sự' 'kiện' 'trong' 'lịch' 'của' 'tôi' 'là' 'gì'],['Other' 'Other' 'Other' 'Other' 'Other' 'Other' 'Other' 'Other'],32,calendar_query,calendar,4.14,48000,1,True,SVM_CLOSED_SET,SVM_EXPERIMENTAL,a270524fb84c4d28a3ab5b9d0a840e65935c934e02f48c28d40d6061c3bd80b7,SVM_CLOSED_SET,TRAIN,svm_closed_set_train
8753,dev/3f315de56cb9716e9953d6ec2879ba39.wav,validation,SVM,vi-VN,5e4247e718b8910d4a2b9a34,exp_svm_spk_0007,Female,32,lan lên lịch hẹn với bác sĩ vào thứ sáu lúc hai giờ chiều,lan lên lịch [event_name : hẹn với bác sĩ] vào [date : thứ sáu] lúc [time : hai giờ chiều],"['lan' 'lên' 'lịch' 'hẹn' 'với' 'bác' 'sĩ' 'vào' 'thứ' 'sáu' 'lúc' 'hai'
 'giờ' 'chiều']","['Other' 'Other' 'Other' 'event_name' 'event_name' 'event_name'
 'event_name' 'Other' 'date' 'date' 'Other' 'time' 'time' 'time']",50,calendar_set,calendar,5.82,48000,1,True,SVM_CLOSED_SET,SVM_EXPERIMENTAL,156d5eec67f4dd9100fe349f895a61b49b8be89881db117affed87e2f14f19fa,SVM_CLOSED_SET,TRAIN,svm_closed_set_train
13349,dev/8a51f21eb86d71d26d4695229eb258d5.wav,validation,SVM,vi-VN,5e4247e718b8910d4a2b9a34,exp_svm_spk_0007,Female,32,trả lời câu hỏi này con trùm đầu tiên trong trò chơi super mario là ai,trả lời câu hỏi này con trùm đầu tiên trong trò chơi super mario là ai,"['trả' 'lời' 'câu' 'hỏi' 'này' 'con' 'trùm' 'đầu' 'tiên' 'trong'
 'trò' 'chơi' 'super' 'mario' 'là' 'ai']","['Other' 'Other' 'Other' 'Other' 'Other' 'Other' 'Other' 'Other' 'Other'
 'Other' 'Other' 'Other' 'Other' 'Other' 'Other' 'Other']",12,general_quirky,general,6.54,48000,1,True,SVM_CLOSED_SET,SVM_EXPERIMENTAL,27363bb60f113d61762430afefec7000b6638fa2e3a39bc0d696616997b4c72c,SVM_CLOSED_SET,TRAIN,svm_closed_set_train
12947,dev/c3ad8ec2e036e910e507c7f1e1105ab1.wav,validation,SVM,vi-VN,5e4247e718b8910d4a2b9a34,exp_svm_spk_0007,Female,32,ai là tổng thống ba lan,ai là tổng thống [place_name : ba lan],['ai' 'là' 'tổng' 'thống' 'ba' 'lan'],['Other' 'Other' 'Other' 'Other' 'place_name' 'place_name'],49,qa_factoid,qa,3.06,48000,1,True,SVM_CLOSED_SET,SVM_EXPERIMENTAL,cdff0f6c816efc1062eae94976d8d747558b85e2f91e4a45dd17bc2bdf2b3898,SVM_CLOSED_SET,TRAIN,svm_closed_set_train
11256,dev/50a7070ab68e3679e015b008aa2b7e48.wav,validation,SVM,vi-VN,5e4247e718b8910d4a2b9a34,exp_svm_spk_0007,Female,32,kiểm tra danh sách của tôi,kiểm tra danh sách của tôi,['kiểm' 'tra' 'danh' 'sách' 'của' 'tôi'],['Other' 'Other' 'Other' 'Other' 'Other' 'Other'],59,lists_query,lists,3.36,48000,1,True,SVM_CLOSED_SET,SVM_EXPERIMENTAL,3ec8bd449f59824183205af8c748f36866fd3c96a76701e6c997ea74213ac239,SVM_CLOSED_SET,TRAIN,svm_closed_set_train
4360,dev/df9bc60553078f29783ea8f0b7403172.wav,validation,SVM,vi-VN,5e4247e718b8910d4a2b9a34,exp_svm_spk_0007,Female,32,tôi muốn nghe âm nhạc tuyệt vời,tôi muốn nghe âm nhạc tuyệt vời,['tôi' 'muốn' 'nghe' 'âm' 'nhạc' 'tuyệt' 'vời'],['Other' 'Other' 'Other' 'Other' 'Other' 'Other' 'Other'],45,play_music,play,3.3,48000,1,True,SVM_CLOSED_SET,SVM_EXPERIMENTAL,ad302da526e012e77faac8040f56467bd76384d6077e3a3bbf4d97f6d4d27f7a,SVM_CLOSED_SET,TRAIN,svm_closed_set_train
16612,dev/6df33fd285c25a0a75b5f1266251f075.wav,validation,SVM,vi-VN,5e4247e718b8910d4a2b9a34,exp_svm_spk_0007,Female,32,gửi email đến mẹ nói chúc mừng sinh nhật,gửi email đến [relation : mẹ] nói chúc mừng [event_name : sinh nhật],['gửi' 'email' 'đến' 'mẹ' 'nói' 'chúc' 'mừng' 'sinh' 'nhật'],"['Other' 'Other' 'Other' 'relation' 'Other' 'Other' 'Other' 'event_name'
 'event_name']",33,email_sendemail,email,4.44,48000,1,True,SVM_CLOSED_SET,SVM_EXPERIMENTAL,cf58304318d0c9d26a62e248526541c3246d3c40851ffad45cdc1efb37c5dca2,SVM_CLOSED_SET,TRAIN,svm_closed_set_train
99,dev/ff7e9714bc654bfb0896f06823538379.wav,validation,SVM,vi-VN,5e4247e718b8910d4a2b9a34,exp_svm_spk_0007,Female,32,dự báo thời tiết cho tuần là gì,dự báo thời tiết cho [time : tuần] là gì,['dự' 'báo' 'thời' 'tiết' 'cho' 'tuần' 'là' 'gì'],['Other' 'Other' 'Other' 'Other' 'Other' 'time' 'Other' 'Other'],13,weather_query,weather,3.48,48000,1,True,SVM_CLOSED_SET,SVM_EXPERIMENTAL,1437a0da473a5c873601157aed777f51e4dea17d56904270f009e659d437b873,SVM_CLOSED_SET,TRAIN,svm_closed_set_train
8723,dev/d279c5e067a6eddb94099e38fddeb837.wav,validation,SVM,vi-VN,5e4247e718b8910d4a2b9a34,exp_svm_spk_0007,Female,32,theo lịch của tôi thì tôi có rảnh vào ngày một tháng tư năm hai ngàn mười bảy không,theo lịch của tôi thì tôi có rảnh vào [date : ngày một tháng tư năm hai ngàn mười bảy] không,"['theo' 'lịch' 'của' 'tôi' 'thì' 'tôi' 'có' 'rảnh' 'vào' 'ngày' 'một'
 'tháng' 'tư' 'năm' 'hai' 'ngàn' 'mười' 'bảy' 'không']","['Other' 'Other' 'Other' 'Other' 'Other' 'Other' 'Other' 'Other' 'Other'
 'date' 'date' 'date' 'date' 'date' 'date' 'date' 'date' 'date' 'Other']",32,calendar_query,calendar,6.54,48000,1,True,SVM_CLOSED_SET,SVM_EXPERIMENTAL,91c5060b3ce58bd996d3798a514ac6148fe0a14235053bcf0f59722b08a505b3,SVM_CLOSED_SET,TRAIN,svm_closed_set_train
12877,dev/beec36496ebad76d444a05572bb6b934.wav,validation,SVM,vi-VN,5e4247e718b8910d4a2b9a34,exp_svm_spk_0007,Female,32,đặt một chiếc taxi tới đón tôi ở vị trí hiện tại trong một tiếng nữa,đặt một chiếc [transport_type : taxi] tới đón tôi ở vị trí hiện tại trong [time : một tiếng] nữa,"['đặt' 'một' 'chiếc' 'taxi' 'tới' 'đón' 'tôi' 'ở' 'vị' 'trí' 'hiện' 'tại'
 'trong' 'một' 'tiếng' 'nữa']","['Other' 'Other' 'Other' 'transport_type' 'Other' 'Other' 'Other' 'Other'
 'Other' 'Other' 'Other' 'Other' 'Other' 'time' 'time' 'Other']",54,transport_taxi,transport,6.06,48000,1,True,SVM_CLOSED_SET,SVM_EXPERIMENTAL,999fa329fbcc044bd6ced27019f248844ebc8bce9fe80738b731311e499b784c,SVM_CLOSED_SET,TRAIN,svm_closed_set_train
5202,dev/788bcb62d5e4120c710ee9f2ddc438e2.wav,validation,SVM,vi-VN,5e4247e718b8910d4a2b9a34,exp_svm_spk_0007,Female,32,vui lòng tắt đèn phòng khách,vui lòng tắt đèn [house_place : phòng khách],['vui' 'lòng' 'tắt' 'đèn' 'phòng' 'khách'],['Other' 'Other' 'Other' 'Other' 'house_place' 'house_place'],40,iot_hue_lightoff,iot,3.24,48000,1,True,SVM_CLOSED_SET,SVM_EXPERIMENTAL,7d262eaedf917b89e6b34670faf270eaaa3c4b23e1a5c33e9635eba22e4b2815,SVM_CLOSED_SET,TRAIN,svm_closed_set_train
5436,dev/08803544868969e088a4f72777402d12.wav,validation,SVM,vi-VN,604b93f6432ad99bcb4798e8,exp_svm_spk_0009,Male,31,xóa báo thức năm giờ chiều,xóa báo thức [time : năm giờ chiều],['xóa' 'báo' 'thức' 'năm' 'giờ' 'chiều'],['Other' 'Other' 'Other' 'time' 'time' 'time'],52,alarm_remove,alarm,5.857166666666667,48000,1,True,SVM_CLOSED_SET,SVM_EXPERIMENTAL,ab67a9d2f36143905317d46f81b7caf4124fca0f80913a286820ef4108e0aa59,SVM_CLOSED_SET,TRAIN,svm_closed_set_train
14721,dev/ff7b9d4ca38bf0ea6815b08722c332f4.wav,validation,SVM,vi-VN,604b93f6432ad99bcb4798e8,exp_svm_spk_0009,Male,31,tỷ giá hối đoái đô la rupee,tỷ giá hối đoái [currency_name : đô la rupee],['tỷ' 'giá' 'hối' 'đoái' 'đô' 'la' 'rupee'],"['Other' 'Other' 'Other' 'Other' 'currency_name' 'currency_name'
 'currency_name']",10,qa_currency,qa,4.3345,48000,1,True,SVM_CLOSED_SET,SVM_EXPERIMENTAL,8327b98250e217dc8305460fd9d98c9a5c4a640e33d6e320fa9cd0baddd814e1,SVM_CLOSED_SET,TRAIN,svm_closed_set_train
6548,dev/159d8e7a9315d82de810f9af189191fa.wav,validation,SVM,vi-VN,604b93f6432ad99bcb4798e8,exp_svm_spk_0009,Male,31,hôm nay là một ngày mệt mỏi,[date : hôm nay] là một ngày mệt mỏi,['hôm' 'nay' 'là' 'một' 'ngày' 'mệt' 'mỏi'],['date' 'date' 'Other' 'Other' 'Other' 'Other' 'Other'],12,general_quirky,general,5.235833333333333,48000,1,True,SVM_CLOSED_SET,SVM_EXPERIMENTAL,2c744dcadbab3408ffd2cbb5b3b080a79079126fb9bd1afda51f055c4d0919f3,SVM_CLOSED_SET,TRAIN,svm_closed_set_train
5154,dev/03311753afa2e105b6791dbfcf11b5ba.wav,validation,SVM,vi-VN,604b93f6432ad99bcb4798e8,exp_svm_spk_0009,Male,31,ở đây quá sáng bạn có thể vặn một đèn tắt đi không,ở đây quá sáng bạn có thể vặn một đèn tắt đi không,"['ở' 'đây' 'quá' 'sáng' 'bạn' 'có' 'thể' 'vặn' 'một' 'đèn' 'tắt'
 'đi' 'không']","['Other' 'Other' 'Other' 'Other' 'Other' 'Other' 'Other' 'Other' 'Other'
 'Other' 'Other' 'Other' 'Other']",40,iot_hue_lightoff,iot,10.2065,48000,1,True,SVM_CLOSED_SET,SVM_EXPERIMENTAL,b32eddf05d2ae38b0d6f324d2fc7d28f71410267a8e6fe9230d6d273e28f34db,SVM_CLOSED_SET,TRAIN,svm_closed_set_train
11333,dev/7134c4b6ca7ec6cd5ef29a05c4bce5ed.wav,validation,SVM,vi-VN,604b93f6432ad99bcb4798e8,exp_svm_spk_0009,Male,31,sắp xếp và phát tất cả bài hát của mỹ tâm,sắp xếp và phát tất cả bài hát của [artist_name : mỹ tâm],['sắp' 'xếp' 'và' 'phát' 'tất' 'cả' 'bài' 'hát' 'của' 'mỹ' 'tâm'],"['Other' 'Other' 'Other' 'Other' 'Other' 'Other' 'Other' 'Other' 'Other'
 'artist_name' 'artist_name']",45,play_music,play,7.857166666666667,48000,1,True,SVM_CLOSED_SET,SVM_EXPERIMENTAL,ab469c0c3bbf7fcbf57fc4982cd7620e724ac9f696c7e1a0ebcb79ada17a3c69,SVM_CLOSED_SET,TRAIN,svm_closed_set_train
10488,dev/5a22941818974a15441f883e058c2114.wav,validation,SVM,vi-VN,604b93f6432ad99bcb4798e8,exp_svm_spk_0009,Male,31,lập danh sách,lập danh sách,['lập' 'danh' 'sách'],['Other' 'Other' 'Other'],21,lists_createoradd,lists,3.8758333333333335,48000,1,True,SVM_CLOSED_SET,SVM_EXPERIMENTAL,cf567908811a910b59d847550991d7d75d849887944ab2e3034bd1b86eb343e9,SVM_CLOSED_SET,TRAIN,svm_closed_set_train
16396,dev/bac848b6d85f2e343735c7955b07c10b.wav,validation,SVM,vi-VN,604b93f6432ad99bcb4798e8,exp_svm_spk_0009,Male,31,gửi email đến hùng,gửi email đến [person : hùng],['gửi' 'email' 'đến' 'hùng'],['Other' 'Other' 'Other' 'person'],33,email_sendemail,email,3.587833333333333,48000,1,True,SVM_CLOSED_SET,SVM_EXPERIMENTAL,3abccc4b119aba35662ccbfa9cda773e2329917169faad7ec2b2d792d7030594,SVM_CLOSED_SET,TRAIN,svm_closed_set_train
3285,dev/6ac312e81be989aab3bf2a54ebd87790.wav,validation,SVM,vi-VN,604b93f6432ad99bcb4798e8,exp_svm_spk_0009,Male,31,trời sẽ mưa vào ngày mai ở miami phải không,trời sẽ [weather_descriptor : mưa] vào [date : ngày mai] ở [place_name : miami] phải không,['trời' 'sẽ' 'mưa' 'vào' 'ngày' 'mai' 'ở' 'miami' 'phải' 'không'],"['Other' 'Other' 'weather_descriptor' 'Other' 'date' 'date' 'Other'
 'place_name' 'Other' 'Other']",13,weather_query,weather,6.387833333333333,48000,1,True,SVM_CLOSED_SET,SVM_EXPERIMENTAL,c4197824d9ee6a75a7a3a2884b708f75ff5bf930f6aef985b46528745d39fa61,SVM_CLOSED_SET,TRAIN,svm_closed_set_train
30,dev/5efe14e8b6e010c356bade507489a7bd.wav,validation,SVM,vi-VN,604b93f6432ad99bcb4798e8,exp_svm_spk_0009,Male,31,lau dọn là tốt bụi bẩn rất khó chịu bây giờ phép thuật của bạn làm sạch thảm của tôi,lau dọn là tốt bụi bẩn rất khó chịu bây giờ phép thuật của bạn làm sạch [house_place : thảm] của tôi,"['lau' 'dọn' 'là' 'tốt' 'bụi' 'bẩn' 'rất' 'khó' 'chịu' 'bây' 'giờ' 'phép'
 'thuật' 'của' 'bạn' 'làm' 'sạch' 'thảm' 'của' 'tôi']","['Other' 'Other' 'Other' 'Other' 'Other' 'Other' 'Other' 'Other' 'Other'
 'Other' 'Other' 'Other' 'Other' 'Other' 'Other' 'Other' 'Other'
 'house_place' 'Other' 'Other']",34,iot_cleaning,iot,15.955833333333333,48000,1,True,SVM_CLOSED_SET,SVM_EXPERIMENTAL,442eedc465e1d0a58baa85c645c94de8766197a39c29d4797b43d456588633d8,SVM_CLOSED_SET,TRAIN,svm_closed_set_train
13938,dev/8bd1017658485b2b7efa3dec4ef18597.wav,validation,SVM,vi-VN,604b93f6432ad99bcb4798e8,exp_svm_spk_0009,Male,31,tôi có lời mời kết bạn tinder mới không,tôi có lời mời kết bạn tinder mới không,['tôi' 'có' 'lời' 'mời' 'kết' 'bạn' 'tinder' 'mới' 'không'],['Other' 'Other' 'Other' 'Other' 'Other' 'Other' 'Other' 'Other' 'Other'],32,calendar_query,calendar,7.5665,48000,1,True,SVM_CLOSED_SET,SVM_EXPERIMENTAL,c94bb15bfa484e4f9f7c11b1dcb26d652e9d79c4f1041476addc02e008e1d297,SVM_CLOSED_SET,TRAIN,svm_closed_set_train
2259,dev/5c7bf769ede3b39652c999101563be70.wav,validation,SVM,vi-VN,604b93f6432ad99bcb4798e8,exp_svm_spk_0009,Male,31,phát nhạc bức tường,phát nhạc [artist_name : bức tường],['phát' 'nhạc' 'bức' 'tường'],['Other' 'Other' 'artist_name' 'artist_name'],45,play_music,play,3.9158333333333335,48000,1,True,SVM_CLOSED_SET,SVM_EXPERIMENTAL,e24461681922ee0f5cb3d6b46d42a8bfe4ac20a46bc0ae187dea05fc52b30e8f,SVM_CLOSED_SET,TRAIN,svm_closed_set_train
4778,dev/fc9485ada8c282374902466bc8023e23.wav,validation,SVM,vi-VN,604b93f6432ad99bcb4798e8,exp_svm_spk_0009,Male,31,phát lại bài hát trước lần nữa,[player_setting : phát lại] [music_descriptor : bài hát trước] lần nữa,['phát' 'lại' 'bài' 'hát' 'trước' 'lần' 'nữa'],"['player_setting' 'player_setting' 'music_descriptor' 'music_descriptor'
 'music_descriptor' 'Other' 'Other']",28,music_settings,music,6.7265,48000,1,True,SVM_CLOSED_SET,SVM_EXPERIMENTAL,14fb26cfc124f45a4e33f4096d07cb915d1aa3a82a22588967e8d6ca48d3e02f,SVM_CLOSED_SET,TRAIN,svm_closed_set_train
8152,dev/f3f50c95e9d2649e2bc19278622c20cd.wav,validation,SVM,vi-VN,604b93f6432ad99bcb4798e8,exp_svm_spk_0009,Male,31,cung cấp cho tôi thông tin về buổi hòa nhạc vào tối thứ ba,cung cấp cho tôi thông tin về buổi hòa nhạc vào [time : tối] [date : thứ ba],"['cung' 'cấp' 'cho' 'tôi' 'thông' 'tin' 'về' 'buổi' 'hòa' 'nhạc' 'vào'
 'tối' 'thứ' 'ba']","['Other' 'Other' 'Other' 'Other' 'Other' 'Other' 'Other' 'Other' 'Other'
 'Other' 'Other' 'time' 'date' 'date']",32,calendar_query,calendar,8.8385,48000,1,True,SVM_CLOSED_SET,SVM_EXPERIMENTAL,3f85132920e0593b4b3140ff48436f4124749ffffca8a08be0ff66516ded9d5c,SVM_CLOSED_SET,TRAIN,svm_closed_set_train
1225,dev/8bf130abd4c12e6dc7c6f687115d0855.wav,validation,SVM,vi-VN,604b93f6432ad99bcb4798e8,exp_svm_spk_0009,Male,31,ngày mười lăm tháng ba sẽ là ngày nào,ngày [date : mười lăm tháng ba] sẽ là ngày nào,['ngày' 'mười' 'lăm' 'tháng' 'ba' 'sẽ' 'là' 'ngày' 'nào'],['Other' 'date' 'date' 'date' 'date' 'Other' 'Other' 'Other' 'Other'],0,datetime_query,datetime,6.5265,48000,1,True,SVM_CLOSED_SET,SVM_EXPERIMENTAL,57a929cdd15181057088315d7475c42277012c08344ee52ff004686c39adba83,SVM_CLOSED_SET,TRAIN,svm_closed_set_train
4422,dev/fdf64b4f3abaa3f6f3c9b3968980d88b.wav,validation,SVM,vi-VN,604b93f6432ad99bcb4798e8,exp_svm_spk_0009,Male,31,dừng âm thanh,dừng âm thanh,['dừng' 'âm' 'thanh'],['Other' 'Other' 'Other'],46,audio_volume_mute,audio,4.155833333333334,48000,1,True,SVM_CLOSED_SET,SVM_EXPERIMENTAL,344ad5ebe15db025c201a654f9b2ea54f4dbcf8d2aacc4d926e1fcef30172349,SVM_CLOSED_SET,TRAIN,svm_closed_set_train
2992,dev/5f0bc2d546510e105d4e2f2cf001524c.wav,validation,SVM,vi-VN,604b93f6432ad99bcb4798e8,exp_svm_spk_0009,Male,31,tiêu đề công nghệ gần đây,tiêu đề [news_topic : công nghệ] gần đây,['tiêu' 'đề' 'công' 'nghệ' 'gần' 'đây'],['Other' 'Other' 'news_topic' 'news_topic' 'Other' 'Other'],22,news_query,news,3.6465,48000,1,True,SVM_CLOSED_SET,SVM_EXPERIMENTAL,cbc7cadd3357a9e832de2e28ebc1a70be2aef36da1778c53d66a512f7657c509,SVM_CLOSED_SET,TRAIN,svm_closed_set_train
113,dev/3d4585a833e6615780e93cbb1493fe23.wav,validation,SVM,vi-VN,604b93f6432ad99bcb4798e8,exp_svm_spk_0009,Male,31,lặp lại bài hát này,[player_setting : lặp lại] bài hát này,['lặp' 'lại' 'bài' 'hát' 'này'],['player_setting' 'player_setting' 'Other' 'Other' 'Other'],28,music_settings,music,3.6465,48000,1,True,SVM_CLOSED_SET,SVM_EXPERIMENTAL,6d9de4976d6eba4a50fb11d251ad81bff5db09d86a889823a232e52c0ba81243,SVM_CLOSED_SET,TRAIN,svm_closed_set_train
13051,dev/e78de5d55092deafc6e9a5f5a62bf7d5.wav,validation,SVM,vi-VN,604b93f6432ad99bcb4798e8,exp_svm_spk_0009,Male,31,mỹ tâm đến từ thành phố nào,[person : mỹ tâm] đến từ thành phố nào,['mỹ' 'tâm' 'đến' 'từ' 'thành' 'phố' 'nào'],['person' 'person' 'Other' 'Other' 'Other' 'Other' 'Other'],49,qa_factoid,qa,4.8678333333333335,48000,1,True,SVM_CLOSED_SET,SVM_EXPERIMENTAL,e23bf1a4588d2237de73cd9d0906fe2fb66d5563b2c576ca0e5bc15285eb8595,SVM_CLOSED_SET,TRAIN,svm_closed_set_train
4117,dev/1b5c9bbf88bcc123a844d81ede43dffc.wav,validation,SVM,vi-VN,604b93f6432ad99bcb4798e8,exp_svm_spk_0009,Male,31,bạn có thể phát cho tôi một chút nhạc khiêu vũ không,bạn có thể phát cho tôi một chút [music_genre : nhạc khiêu vũ] không,"['bạn' 'có' 'thể' 'phát' 'cho' 'tôi' 'một' 'chút' 'nhạc' 'khiêu' 'vũ'
 'không']","['Other' 'Other' 'Other' 'Other' 'Other' 'Other' 'Other' 'Other'
 'music_genre' 'music_genre' 'music_genre' 'Other']",45,play_music,play,8.0865,48000,1,True,SVM_CLOSED_SET,SVM_EXPERIMENTAL,71a85026231367406133f373ed7683845f3ccbd9dbf4ed468516c5f6a281d28d,SVM_CLOSED_SET,TRAIN,svm_closed_set_train
9926,dev/0291271b95e7caa3608ed74f99a156e3.wav,validation,SVM,vi-VN,604b93f6432ad99bcb4798e8,exp_svm_spk_0009,Male,31,cần bao nhiêu thời gian để nấu nui,cần bao nhiêu thời gian để [cooking_type : nấu] [food_type : nui],['cần' 'bao' 'nhiêu' 'thời' 'gian' 'để' 'nấu' 'nui'],"['Other' 'Other' 'Other' 'Other' 'Other' 'Other' 'cooking_type'
 'food_type']",9,cooking_recipe,cooking,5.297166666666667,48000,1,True,SVM_CLOSED_SET,SVM_EXPERIMENTAL,ec63cf4ac01ace52fb3880f1d8fd57ca5c3c4ab35ba8af6992ff238fbd861bf7,SVM_CLOSED_SET,TRAIN,svm_closed_set_train
11611,dev/21b44c96fb3b6088685f32073f825f6a.wav,validation,SVM,vi-VN,604b93f6432ad99bcb4798e8,exp_svm_spk_0009,Male,31,buổi hòa nhạc nào sắp diễn ra gần đây,[event_name : buổi hòa nhạc] nào [time : sắp diễn ra] gần đây,['buổi' 'hòa' 'nhạc' 'nào' 'sắp' 'diễn' 'ra' 'gần' 'đây'],"['event_name' 'event_name' 'event_name' 'Other' 'time' 'time' 'time'
 'Other' 'Other']",6,recommendation_events,recommendation,5.617166666666667,48000,1,True,SVM_CLOSED_SET,SVM_EXPERIMENTAL,10acd64b987fa732a9ba759df5aec89995fbf1904788351f53f824f62a481917,SVM_CLOSED_SET,TRAIN,svm_closed_set_train
6779,dev/464456a6da7700cc7c66c24f1df05b8f.wav,validation,SVM,vi-VN,604b93f6432ad99bcb4798e8,exp_svm_spk_0009,Male,31,tôi có đặt cái gì ngày mai không,tôi có đặt cái gì [date : ngày mai] không,['tôi' 'có' 'đặt' 'cái' 'gì' 'ngày' 'mai' 'không'],['Other' 'Other' 'Other' 'Other' 'Other' 'date' 'date' 'Other'],32,calendar_query,calendar,5.475833333333333,48000,1,True,SVM_CLOSED_SET,SVM_EXPERIMENTAL,6d45d4ecd0c8a099825b7763444dbabe0783f313bb49213f762c8743dc363573,SVM_CLOSED_SET,TRAIN,svm_closed_set_train
1910,dev/73e48739abe73ccd185c6fe7b9d55379.wav,validation,SVM,vi-VN,604b93f6432ad99bcb4798e8,exp_svm_spk_0009,Male,31,tình trạng đơn đặt hàng của nhà hàng,tình trạng đơn đặt hàng của [business_type : nhà hàng],['tình' 'trạng' 'đơn' 'đặt' 'hàng' 'của' 'nhà' 'hàng'],"['Other' 'Other' 'Other' 'Other' 'Other' 'Other' 'business_type'
 'business_type']",3,takeaway_query,takeaway,5.995833333333334,48000,1,True,SVM_CLOSED_SET,SVM_EXPERIMENTAL,c753ff18ae1028bc0072b0460dc896c9a47fdf6bfec20b56684e0bebb7ddd2de,SVM_CLOSED_SET,TRAIN,svm_closed_set_train
4359,dev/5e08b46b495d3b146d63053551d1aeb9.wav,validation,SVM,vi-VN,604b93f6432ad99bcb4798e8,exp_svm_spk_0009,Male,31,cho tôi nghe một chút nhạc,cho tôi nghe một chút nhạc,['cho' 'tôi' 'nghe' 'một' 'chút' 'nhạc'],['Other' 'Other' 'Other' 'Other' 'Other' 'Other'],45,play_music,play,4.2571666666666665,48000,1,True,SVM_CLOSED_SET,SVM_EXPERIMENTAL,cdd013246824b96f62efa804752e4b07e6838c8da1325b28a370013198441181,SVM_CLOSED_SET,TRAIN,svm_closed_set_train
9391,dev/ca95846542393983de1d014560f1cbea.wav,validation,SVM,vi-VN,604b93f6432ad99bcb4798e8,exp_svm_spk_0009,Male,31,làm ơn mở f. m. radio của tôi và phát chín trăm và tám mươi bảy,làm ơn mở [radio_name : f. m. radio] của tôi và phát [radio_name : chín trăm và tám mươi bảy],"['làm' 'ơn' 'mở' 'f.' 'm.' 'radio' 'của' 'tôi' 'và' 'phát' 'chín'
 'trăm' 'và' 'tám' 'mươi' 'bảy']","['Other' 'Other' 'Other' 'radio_name' 'radio_name' 'radio_name' 'Other'
 'Other' 'Other' 'Other' 'radio_name' 'radio_name' 'radio_name'
 'radio_name' 'radio_name' 'radio_name']",36,play_radio,play,10.8065,48000,1,True,SVM_CLOSED_SET,SVM_EXPERIMENTAL,904d2d04ce3562d09ce72ddcbe5bc63304a3dc7d454291ecb6efaf19a33de905,SVM_CLOSED_SET,TRAIN,svm_closed_set_train
11675,dev/b4b1b4b0f6a3fd8abeb00283a5542b49.wav,validation,SVM,vi-VN,604b93f6432ad99bcb4798e8,exp_svm_spk_0009,Male,31,nhà hàng gần nhất ở đâu,[business_type : nhà hàng] gần nhất ở đâu,['nhà' 'hàng' 'gần' 'nhất' 'ở' 'đâu'],['business_type' 'business_type' 'Other' 'Other' 'Other' 'Other'],19,recommendation_locations,recommendation,5.2945,48000,1,True,SVM_CLOSED_SET,SVM_EXPERIMENTAL,8c67386c32c3bb54500a9f877e83a0ebee5ab0443c163483b9f24248138e81d9,SVM_CLOSED_SET,TRAIN,svm_closed_set_train
12711,dev/dc4d023d03c441647d4058f0b707eece.wav,validation,SVM,vi-VN,604b93f6432ad99bcb4798e8,exp_svm_spk_0009,Male,31,cài đặt grab,cài đặt [transport_agency : grab],['cài' 'đặt' 'grab'],['Other' 'Other' 'transport_agency'],54,transport_taxi,transport,3.2251666666666665,48000,1,True,SVM_CLOSED_SET,SVM_EXPERIMENTAL,42f84693b2328436d6d521fcb574e6a6b0fb08f600f30aaa1cdbb7f642e93ad5,SVM_CLOSED_SET,TRAIN,svm_closed_set_train
5696,dev/6df3fa4e590f48459c51beed901412b6.wav,validation,SVM,vi-VN,604b93f6432ad99bcb4798e8,exp_svm_spk_0009,Male,31,bắt đầu dọn dẹp nhà,bắt đầu [house_place : dọn dẹp nhà],['bắt' 'đầu' 'dọn' 'dẹp' 'nhà'],['Other' 'Other' 'house_place' 'house_place' 'house_place'],34,iot_cleaning,iot,4.337166666666667,48000,1,True,SVM_CLOSED_SET,SVM_EXPERIMENTAL,67c62ceb0e452020a566d8fe0e13fc8f546c30af69ce1808902b56932c37738b,SVM_CLOSED_SET,TRAIN,svm_closed_set_train
8873,dev/c088b225f072acfb2e49d86edbce7300.wav,validation,SVM,vi-VN,604b93f6432ad99bcb4798e8,exp_svm_spk_0009,Male,31,nhớ bữa tối vào thứ năm tại nhà hàng ninh kiều,nhớ [meal_type : bữa tối] vào [date : thứ năm] tại [place_name : nhà hàng ninh kiều],['nhớ' 'bữa' 'tối' 'vào' 'thứ' 'năm' 'tại' 'nhà' 'hàng' 'ninh' 'kiều'],"['Other' 'meal_type' 'meal_type' 'Other' 'date' 'date' 'Other'
 'place_name' 'place_name' 'place_name' 'place_name']",50,calendar_set,calendar,7.4865,48000,1,True,SVM_CLOSED_SET,SVM_EXPERIMENTAL,2cffc42863f559bf6fb020ac35729043d1af5df4527f4b8bababdcec8cf9bd0f,SVM_CLOSED_SET,TRAIN,svm_closed_set_train
13316,dev/542fd3fd19595abe20b083247442a6bc.wav,validation,SVM,vi-VN,604b93f6432ad99bcb4798e8,exp_svm_spk_0009,Male,31,câu hỏi sau đây yêu cầu bạn phân tích các mục tiêu và hành động dự định của giáo viên,câu hỏi sau đây yêu cầu bạn phân tích các mục tiêu và hành động dự định của giáo viên,"['câu' 'hỏi' 'sau' 'đây' 'yêu' 'cầu' 'bạn' 'phân' 'tích' 'các' 'mục'
 'tiêu' 'và' 'hành' 'động' 'dự' 'định' 'của' 'giáo' 'viên']","['Other' 'Other' 'Other' 'Other' 'Other' 'Other' 'Other' 'Other' 'Other'
 'Other' 'Other' 'Other' 'Other' 'Other' 'Other' 'Other' 'Other' 'Other'
 'Other' 'Other']",49,qa_factoid,qa,11.275833333333331,48000,1,True,SVM_CLOSED_SET,SVM_EXPERIMENTAL,cb01c99aca4f7849a7e163c3fc88fc38f48a075efc3699f899f15336501a700f,SVM_CLOSED_SET,TRAIN,svm_closed_set_train
16726,dev/7c4e2650e90e32ac562de3f27f63e092.wav,validation,SVM,vi-VN,604b93f6432ad99bcb4798e8,exp_svm_spk_0009,Male,31,tôi muốn tìm các email của dũng với tiêu đề chứa từ họp,tôi muốn tìm các email của [person : dũng] với tiêu đề chứa từ họp,"['tôi' 'muốn' 'tìm' 'các' 'email' 'của' 'dũng' 'với' 'tiêu' 'đề' 'chứa'
 'từ' 'họp']","['Other' 'Other' 'Other' 'Other' 'Other' 'Other' 'person' 'Other' 'Other'
 'Other' 'Other' 'Other' 'Other']",44,email_query,email,10.635833333333334,48000,1,True,SVM_CLOSED_SET,SVM_EXPERIMENTAL,f5776ca12768e369811d1b36bf3debe7c7ef023ecb1ffed326b48e7b6cad4658,SVM_CLOSED_SET,TRAIN,svm_closed_set_train
9921,dev/46ad786fbd4fa8063f0542ffddb04797.wav,validation,SVM,vi-VN,604b93f6432ad99bcb4798e8,exp_svm_spk_0009,Male,31,chỉ tôi cách làm bánh mì tỏi,chỉ tôi cách làm [food_type : bánh mì tỏi],['chỉ' 'tôi' 'cách' 'làm' 'bánh' 'mì' 'tỏi'],['Other' 'Other' 'Other' 'Other' 'food_type' 'food_type' 'food_type'],9,cooking_recipe,cooking,4.977166666666666,48000,1,True,SVM_CLOSED_SET,SVM_EXPERIMENTAL,b7481c7ba3ea630cee919cd5f912e2c6570b387d762f5ba769d09cd6ac168101,SVM_CLOSED_SET,TRAIN,svm_closed_set_train
11377,dev/d47345a1666571d88d0f0e44070881cb.wav,validation,SVM,vi-VN,604b93f6432ad99bcb4798e8,exp_svm_spk_0009,Male,31,tìm podcast và mở nó,tìm podcast và mở nó,['tìm' 'podcast' 'và' 'mở' 'nó'],['Other' 'Other' 'Other' 'Other' 'Other'],58,play_podcasts,play,3.8971666666666662,48000,1,True,SVM_CLOSED_SET,SVM_EXPERIMENTAL,94193be69370698a28b12017baebf2c2ea09b55e22de8b27cb7bc9927a011de7,SVM_CLOSED_SET,TRAIN,svm_closed_set_train
148,dev/2b5f1729de481668f2ebf8b35753ed46.wav,validation,SVM,vi-VN,604b93f6432ad99bcb4798e8,exp_svm_spk_0009,Male,31,olly tôi thích nghe jazz,olly tôi thích nghe [music_genre : jazz],['olly' 'tôi' 'thích' 'nghe' 'jazz'],['Other' 'Other' 'Other' 'Other' 'music_genre'],45,play_music,play,3.617166666666667,48000,1,True,SVM_CLOSED_SET,SVM_EXPERIMENTAL,71d41caa150f0c5fc033e7d5018a02d3ed95a681e8f721d0f810a8abf26975d1,SVM_CLOSED_SET,TRAIN,svm_closed_set_train
4791,dev/73cac4178af516203009b983555b47ce.wav,validation,SVM,vi-VN,604b93f6432ad99bcb4798e8,exp_svm_spk_0009,Male,31,hôm nay ngày mấy,[date : hôm nay] ngày mấy,['hôm' 'nay' 'ngày' 'mấy'],['date' 'date' 'Other' 'Other'],0,datetime_query,datetime,3.347833333333333,48000,1,True,SVM_CLOSED_SET,SVM_EXPERIMENTAL,e1fe26b33d5711e2184bb8f345dea98829bc4d046d8bf8322e2ddb1a79eff444,SVM_CLOSED_SET,TRAIN,svm_closed_set_train
5453,dev/42bf126449d4074e85c6d27f05e79de3.wav,validation,SVM,vi-VN,604b93f6432ad99bcb4798e8,exp_svm_spk_0009,Male,31,tôi có cần áo khoác sau mười giờ sáng hay không,tôi có cần [weather_descriptor : áo khoác] [time : sau mười giờ sáng] hay không,"['tôi' 'có' 'cần' 'áo' 'khoác' 'sau' 'mười' 'giờ' 'sáng' 'hay'
 'không']","['Other' 'Other' 'Other' 'weather_descriptor' 'weather_descriptor' 'time'
 'time' 'time' 'time' 'Other' 'Other']",13,weather_query,weather,7.0865,48000,1,True,SVM_CLOSED_SET,SVM_EXPERIMENTAL,eb881d23deb8c9b1ee748f97373c66c95c054f26c5489a94c1865948bd41d5db,SVM_CLOSED_SET,TRAIN,svm_closed_set_train
15798,dev/c7080dbec438fa6fcb6ad494dcca5073.wav,validation,SVM,vi-VN,604b93f6432ad99bcb4798e8,exp_svm_spk_0009,Male,31,kiểm tra hộp thư đến,kiểm tra [email_folder : hộp thư] đến,['kiểm' 'tra' 'hộp' 'thư' 'đến'],['Other' 'Other' 'email_folder' 'email_folder' 'Other'],44,email_query,email,3.7985,48000,1,True,SVM_CLOSED_SET,SVM_EXPERIMENTAL,020750d071e0d57e846cab5bdc4c79f0fb0bd8a816a6485a2de5237d92315e84,SVM_CLOSED_SET,TRAIN,svm_closed_set_train
14267,dev/bf7f61d4c9e873762350b5e7cca210d5.wav,validation,SVM,vi-VN,604b93f6432ad99bcb4798e8,exp_svm_spk_0009,Male,31,sáu trừ bốn là bao nhiêu,sáu trừ bốn là bao nhiêu,['sáu' 'trừ' 'bốn' 'là' 'bao' 'nhiêu'],['Other' 'Other' 'Other' 'Other' 'Other' 'Other'],39,qa_maths,qa,4.6865,48000,1,True,SVM_CLOSED_SET,SVM_EXPERIMENTAL,1544c339a423c851b002faae9973866250616efa93513a62092f552ac5a0f854,SVM_CLOSED_SET,TRAIN,svm_closed_set_train
15090,dev/9a4a761b7df59ece7c79de46902d2416.wav,validation,SVM,vi-VN,604b93f6432ad99bcb4798e8,exp_svm_spk_0009,Male,31,vui lòng tra cứu trao đổi giữa hoa kỳ và mexico,vui lòng tra cứu trao đổi giữa hoa kỳ và mexico,['vui' 'lòng' 'tra' 'cứu' 'trao' 'đổi' 'giữa' 'hoa' 'kỳ' 'và' 'mexico'],"['Other' 'Other' 'Other' 'Other' 'Other' 'Other' 'Other' 'Other' 'Other'
 'Other' 'Other']",10,qa_currency,qa,7.377166666666667,48000,1,True,SVM_CLOSED_SET,SVM_EXPERIMENTAL,5a40d66620339384253a660ad148d019943ffb8fc1ac63e7d6b225bf7dc01ece,SVM_CLOSED_SET,TRAIN,svm_closed_set_train
5653,dev/62cf425bf48b7497905e734104b99ba9.wav,validation,SVM,vi-VN,604b93f6432ad99bcb4798e8,exp_svm_spk_0009,Male,31,chuyển đổi ổ cắm rạng đông sang mở,chuyển đổi [device_type : ổ cắm rạng đông] sang mở,['chuyển' 'đổi' 'ổ' 'cắm' 'rạng' 'đông' 'sang' 'mở'],"['Other' 'Other' 'device_type' 'device_type' 'device_type' 'device_type'
 'Other' 'Other']",24,iot_wemo_on,iot,4.2865,48000,1,True,SVM_CLOSED_SET,SVM_EXPERIMENTAL,4097ec0d4e3e1e3cfeeaab914bf67578bcfcc368f2501d863a59f72800c538fc,SVM_CLOSED_SET,TRAIN,svm_closed_set_train
6096,dev/76ce32b25b42b35b3a57f1eda3a74954.wav,validation,SVM,vi-VN,604b93f6432ad99bcb4798e8,exp_svm_spk_0009,Male,31,phát bài hát bởi mây trắng,phát bài hát bởi [artist_name : mây trắng],['phát' 'bài' 'hát' 'bởi' 'mây' 'trắng'],['Other' 'Other' 'Other' 'Other' 'artist_name' 'artist_name'],45,play_music,play,4.417166666666667,48000,1,True,SVM_CLOSED_SET,SVM_EXPERIMENTAL,e0fa060579216b5dbbf34e8e8775d16de68170a343ba0c9551bf9b802eb3bbd8,SVM_CLOSED_SET,TRAIN,svm_closed_set_train
8253,dev/51327bbb42b5420f03cffcd6ec668fd1.wav,validation,SVM,vi-VN,604b93f6432ad99bcb4798e8,exp_svm_spk_0009,Male,31,đặt một lời nhắc rằng tôi cần thức dậy lúc năm giờ mỗi buổi sáng,đặt một lời nhắc rằng tôi cần thức dậy lúc [time : năm giờ] [general_frequency : mỗi buổi sáng],"['đặt' 'một' 'lời' 'nhắc' 'rằng' 'tôi' 'cần' 'thức' 'dậy' 'lúc' 'năm'
 'giờ' 'mỗi' 'buổi' 'sáng']","['Other' 'Other' 'Other' 'Other' 'Other' 'Other' 'Other' 'Other' 'Other'
 'Other' 'time' 'time' 'general_frequency' 'general_frequency'
 'general_frequency']",48,alarm_set,alarm,11.0465,48000,1,True,SVM_CLOSED_SET,SVM_EXPERIMENTAL,b75e179b721c1c17a766d9753af9cfda3e2eb5511a9d249cc0b0622fcaf37ed0,SVM_CLOSED_SET,TRAIN,svm_closed_set_train
15252,dev/c6d41a7a9765be6507dbf4dc036466d1.wav,validation,SVM,vi-VN,604b93f6432ad99bcb4798e8,exp_svm_spk_0009,Male,31,cho tôi xem danh sách nơi mà người thân của tôi đã ở dựa vào những tấm hình của họ,cho tôi xem danh sách nơi mà [relation : người thân] của tôi đã ở dựa vào những tấm hình của họ,"['cho' 'tôi' 'xem' 'danh' 'sách' 'nơi' 'mà' 'người' 'thân' 'của' 'tôi'
 'đã' 'ở' 'dựa' 'vào' 'những' 'tấm' 'hình' 'của' 'họ']","['Other' 'Other' 'Other' 'Other' 'Other' 'Other' 'Other' 'relation'
 'relation' 'Other' 'Other' 'Other' 'Other' 'Other' 'Other' 'Other'
 'Other' 'Other' 'Other' 'Other']",27,social_query,social,13.195833333333333,48000,1,True,SVM_CLOSED_SET,SVM_EXPERIMENTAL,eecbb197c353386370855ec5bd5eb76a9376afbd7a9816c146592fae067579d5,SVM_CLOSED_SET,TRAIN,svm_closed_set_train
1901,dev/1725e56ec19863784d95a4022e9ffe3c.wav,validation,SVM,vi-VN,604b93f6432ad99bcb4798e8,exp_svm_spk_0009,Male,31,cập nhật cho tôi về kết quả bầu cử,cập nhật cho tôi về kết quả [news_topic : bầu cử],['cập' 'nhật' 'cho' 'tôi' 'về' 'kết' 'quả' 'bầu' 'cử'],"['Other' 'Other' 'Other' 'Other' 'Other' 'Other' 'Other' 'news_topic'
 'news_topic']",22,news_query,news,6.417166666666667,48000,1,True,SVM_CLOSED_SET,SVM_EXPERIMENTAL,3a7b76138926fa88cad37942e9ed924a25c5829a0c7cc35dc44d34d42c29e991,SVM_CLOSED_SET,TRAIN,svm_closed_set_train
6381,dev/aa47ac75290b6aa1bcbb5ee0a6d11bcd.wav,validation,SVM,vi-VN,604b93f6432ad99bcb4798e8,exp_svm_spk_0009,Male,31,này có mấy bộ phim hay sắp ra mắt không,này có mấy bộ phim hay sắp ra mắt không,['này' 'có' 'mấy' 'bộ' 'phim' 'hay' 'sắp' 'ra' 'mắt' 'không'],"['Other' 'Other' 'Other' 'Other' 'Other' 'Other' 'Other' 'Other' 'Other'
 'Other']",12,general_quirky,general,7.6065,48000,1,True,SVM_CLOSED_SET,SVM_EXPERIMENTAL,328e0ce0ed00636115a06198edd1aa7f52b6661948b04453e8a49c7623fc335e,SVM_CLOSED_SET,TRAIN,svm_closed_set_train
8373,dev/be6fda01fe9a319baa2b5adf304f85e3.wav,validation,SVM,vi-VN,604b93f6432ad99bcb4798e8,exp_svm_spk_0009,Male,31,thông báo mới về cuộc họp trong hai tiếng,thông báo mới về [event_name : cuộc họp] trong [time : hai tiếng],['thông' 'báo' 'mới' 'về' 'cuộc' 'họp' 'trong' 'hai' 'tiếng'],"['Other' 'Other' 'Other' 'Other' 'event_name' 'event_name' 'Other' 'time'
 'time']",50,calendar_set,calendar,5.9665,48000,1,True,SVM_CLOSED_SET,SVM_EXPERIMENTAL,c4445b251d0cd9afcc458d2f984d84b552eb823d9276ad08737f2540f1fca9a0,SVM_CLOSED_SET,TRAIN,svm_closed_set_train
16615,dev/ad671940492aac378d41fdfd2246f562.wav,validation,SVM,vi-VN,604b93f6432ad99bcb4798e8,exp_svm_spk_0009,Male,31,vui long cho tôi biết nếu cúc gửi tôi bất kỳ email nào,vui long cho tôi biết nếu [person : cúc] gửi tôi bất kỳ email nào,"['vui' 'long' 'cho' 'tôi' 'biết' 'nếu' 'cúc' 'gửi' 'tôi' 'bất' 'kỳ'
 'email' 'nào']","['Other' 'Other' 'Other' 'Other' 'Other' 'Other' 'person' 'Other' 'Other'
 'Other' 'Other' 'Other' 'Other']",44,email_query,email,8.395833333333334,48000,1,True,SVM_CLOSED_SET,SVM_EXPERIMENTAL,50f2427bfac1d222b2197a1940d0c545e80bc868d54131f5ad4181a39817fa45,SVM_CLOSED_SET,TRAIN,svm_closed_set_train
2514,dev/16aba36ffbd73253fae7ab8fc38202ad.wav,validation,SVM,vi-VN,604b93f6432ad99bcb4798e8,exp_svm_spk_0009,Male,31,thời tiết như thế nào trong tuần này,thời tiết như thế nào trong [date : tuần này],['thời' 'tiết' 'như' 'thế' 'nào' 'trong' 'tuần' 'này'],['Other' 'Other' 'Other' 'Other' 'Other' 'Other' 'date' 'date'],13,weather_query,weather,6.665166666666667,48000,1,True,SVM_CLOSED_SET,SVM_EXPERIMENTAL,f674eaf9e6beccaf20fbe8cfaa8340ed282125fc14e6852463ee422308a9dc05,SVM_CLOSED_SET,TRAIN,svm_closed_set_train
7653,dev/7908fb3f6baf26e520d1abf6e88450c2.wav,validation,SVM,vi-VN,604b93f6432ad99bcb4798e8,exp_svm_spk_0009,Male,31,đừng quên nhắc tôi về sinh nhật của anh trai tôi vào ngày hai mươi tháng tư,đừng quên nhắc tôi về [event_name : sinh nhật] của [relation : anh trai] tôi vào [date : ngày hai mươi tháng tư],"['đừng' 'quên' 'nhắc' 'tôi' 'về' 'sinh' 'nhật' 'của' 'anh' 'trai' 'tôi'
 'vào' 'ngày' 'hai' 'mươi' 'tháng' 'tư']","['Other' 'Other' 'Other' 'Other' 'Other' 'event_name' 'event_name' 'Other'
 'relation' 'relation' 'Other' 'Other' 'date' 'date' 'date' 'date' 'date']",50,calendar_set,calendar,13.475833333333334,48000,1,True,SVM_CLOSED_SET,SVM_EXPERIMENTAL,5350c70101df3cfbd2addd8e1e17ca0a9368f996ea6237909ac1eb6f8cc9dd23,SVM_CLOSED_SET,TRAIN,svm_closed_set_train
15973,dev/616c56b441b4bb18b279c55ae7ab8c6c.wav,validation,SVM,vi-VN,604b93f6432ad99bcb4798e8,exp_svm_spk_0009,Male,31,kiểm tra và xem tôi có nhận được bất cứ email nào từ nguyễn văn tuấn liên quan đến ngân sách không,kiểm tra và xem tôi có nhận được bất cứ email nào từ [person : nguyễn văn tuấn] liên quan đến ngân sách không,"['kiểm' 'tra' 'và' 'xem' 'tôi' 'có' 'nhận' 'được' 'bất' 'cứ' 'email' 'nào'
 'từ' 'nguyễn' 'văn' 'tuấn' 'liên' 'quan' 'đến' 'ngân' 'sách' 'không']","['Other' 'Other' 'Other' 'Other' 'Other' 'Other' 'Other' 'Other' 'Other'
 'Other' 'Other' 'Other' 'Other' 'person' 'person' 'person' 'Other'
 'Other' 'Other' 'Other' 'Other' 'Other']",44,email_query,email,14.475833333333334,48000,1,True,SVM_CLOSED_SET,SVM_EXPERIMENTAL,492cb08a341d155fcb41c8eb33c906157e837131ee09fc6ca155f45fe9212d48,SVM_CLOSED_SET,TRAIN,svm_closed_set_train
10806,dev/4ee82ee1211c52c7243bf87d5e2c1f2b.wav,validation,SVM,vi-VN,604b93f6432ad99bcb4798e8,exp_svm_spk_0009,Male,31,vui lòng cho tôi xem danh sách của tôi,vui lòng cho tôi xem danh sách của tôi,['vui' 'lòng' 'cho' 'tôi' 'xem' 'danh' 'sách' 'của' 'tôi'],['Other' 'Other' 'Other' 'Other' 'Other' 'Other' 'Other' 'Other' 'Other'],59,lists_query,lists,7.5665,48000,1,True,SVM_CLOSED_SET,SVM_EXPERIMENTAL,a0dae765113fcfa63f9d90e2d0893d2833997b2c81152697ccc2c657be4f5f32,SVM_CLOSED_SET,TRAIN,svm_closed_set_train
388,dev/6dcf4d689fedc67c07f9a2c726fceb20.wav,validation,SVM,vi-VN,604b93f6432ad99bcb4798e8,exp_svm_spk_0009,Male,31,tắt ổ cắm thông minh,tắt [device_type : ổ cắm thông minh],['tắt' 'ổ' 'cắm' 'thông' 'minh'],['Other' 'device_type' 'device_type' 'device_type' 'device_type'],8,iot_wemo_off,iot,3.9771666666666663,48000,1,True,SVM_CLOSED_SET,SVM_EXPERIMENTAL,b65477c46a91b1c5058771c3471f4b3ffaff99693089de9ebd70ccb0dda432cf,SVM_CLOSED_SET,TRAIN,svm_closed_set_train
14069,dev/d9d13e36afd3415d7c3005307c068503.wav,validation,SVM,vi-VN,604b93f6432ad99bcb4798e8,exp_svm_spk_0009,Male,31,tôi cần giá cổ phiếu của amazon,tôi cần giá cổ phiếu của [business_name : amazon],['tôi' 'cần' 'giá' 'cổ' 'phiếu' 'của' 'amazon'],['Other' 'Other' 'Other' 'Other' 'Other' 'Other' 'business_name'],4,qa_stock,qa,5.1851666666666665,48000,1,True,SVM_CLOSED_SET,SVM_EXPERIMENTAL,81393084ed327df13e6220a417311efb688c5e47de17924456a88b40d3484ba4,SVM_CLOSED_SET,TRAIN,svm_closed_set_train
8928,dev/51a12b89d29233f225a5f51ba371c0e5.wav,validation,SVM,vi-VN,604b93f6432ad99bcb4798e8,exp_svm_spk_0009,Male,31,những cuộc họp là vào khi nào,[event_name : những cuộc họp] là vào khi nào,['những' 'cuộc' 'họp' 'là' 'vào' 'khi' 'nào'],['event_name' 'event_name' 'event_name' 'Other' 'Other' 'Other' 'Other'],32,calendar_query,calendar,5.387833333333333,48000,1,True,SVM_CLOSED_SET,SVM_EXPERIMENTAL,0b75ff3d76f93dd65d561e83a1672b93cbb1d0852e28402739f891af71b6f405,SVM_CLOSED_SET,TRAIN,svm_closed_set_train
3121,dev/d1979ec58b85ee809ac18ca3fd6a5553.wav,validation,SVM,vi-VN,604b93f6432ad99bcb4798e8,exp_svm_spk_0009,Male,31,trời có nắng phải không nhiệt độ phía nam là bao nhiêu,trời có [weather_descriptor : nắng] phải không [weather_descriptor : nhiệt độ] phía nam là bao nhiêu,"['trời' 'có' 'nắng' 'phải' 'không' 'nhiệt' 'độ' 'phía' 'nam' 'là'
 'bao' 'nhiêu']","['Other' 'Other' 'weather_descriptor' 'Other' 'Other' 'weather_descriptor'
 'weather_descriptor' 'Other' 'Other' 'Other' 'Other' 'Other']",13,weather_query,weather,8.355833333333333,48000,1,True,SVM_CLOSED_SET,SVM_EXPERIMENTAL,7a14c7af67962276b89e897cb2200c32deb0b65195ce42ae737e5663ad784447,SVM_CLOSED_SET,TRAIN,svm_closed_set_train
5726,dev/91f3adc4db103da8ca68629d935b4f9e.wav,validation,SVM,vi-VN,604b93f6432ad99bcb4798e8,exp_svm_spk_0009,Male,31,bạn nói to hơn đi,bạn nói to hơn đi,['bạn' 'nói' 'to' 'hơn' 'đi'],['Other' 'Other' 'Other' 'Other' 'Other'],14,audio_volume_up,audio,4.537166666666667,48000,1,True,SVM_CLOSED_SET,SVM_EXPERIMENTAL,e2ca82b6daf4a00b1c1e70981f424e3e3f2681789d060ff346eed0a32ebc4d75,SVM_CLOSED_SET,TRAIN,svm_closed_set_train
3876,dev/be6dba8e904606d996335594ae61892f.wav,validation,SVM,vi-VN,604b93f6432ad99bcb4798e8,exp_svm_spk_0009,Male,31,sẽ sớm có thời tiết bất thường phải không,sẽ sớm có [weather_descriptor : thời tiết bất thường] phải không,['sẽ' 'sớm' 'có' 'thời' 'tiết' 'bất' 'thường' 'phải' 'không'],"['Other' 'Other' 'Other' 'weather_descriptor' 'weather_descriptor'
 'weather_descriptor' 'weather_descriptor' 'Other' 'Other']",13,weather_query,weather,6.0385,48000,1,True,SVM_CLOSED_SET,SVM_EXPERIMENTAL,81d7a475630de964303d066693b4f9e06a00cf7e8ec05e31ec2ef0fd716cd206,SVM_CLOSED_SET,TRAIN,svm_closed_set_train
1334,dev/bcc78e564ad890348243b3e52a02a93f.wav,validation,SVM,vi-VN,604b93f6432ad99bcb4798e8,exp_svm_spk_0009,Male,31,có phải hôm nay sẽ nóng không,có phải [date : hôm nay] sẽ [weather_descriptor : nóng] không,['có' 'phải' 'hôm' 'nay' 'sẽ' 'nóng' 'không'],['Other' 'Other' 'date' 'date' 'Other' 'weather_descriptor' 'Other'],13,weather_query,weather,5.377166666666667,48000,1,True,SVM_CLOSED_SET,SVM_EXPERIMENTAL,ac5c36ec3873fd1299b2b504d8207c6c373a779ab876e2c26e7ae600700b10db,SVM_CLOSED_SET,TRAIN,svm_closed_set_train
5189,dev/734dd07cba0f98d5a31e4b2ceab8168f.wav,validation,SVM,vi-VN,604b93f6432ad99bcb4798e8,exp_svm_spk_0009,Male,31,thời tiết ở khu vực của tôi hôm nay như thế nào,thời tiết ở khu vực của tôi [date : hôm nay] như thế nào,['thời' 'tiết' 'ở' 'khu' 'vực' 'của' 'tôi' 'hôm' 'nay' 'như' 'thế' 'nào'],"['Other' 'Other' 'Other' 'Other' 'Other' 'Other' 'Other' 'date' 'date'
 'Other' 'Other' 'Other']",13,weather_query,weather,9.6865,48000,1,True,SVM_CLOSED_SET,SVM_EXPERIMENTAL,fd4ed43c5dcd8c48e6b579ed7fe3f5c4651180cf1da6a812493a9145b05213e1,SVM_CLOSED_SET,TRAIN,svm_closed_set_train
7780,dev/abef8bc8d83735343086b62a0b4fb796.wav,validation,SVM,vi-VN,604b93f6432ad99bcb4798e8,exp_svm_spk_0009,Male,31,nhắc tôi sinh nhật hoa,nhắc tôi [event_name : sinh nhật] [person : hoa],['nhắc' 'tôi' 'sinh' 'nhật' 'hoa'],['Other' 'Other' 'event_name' 'event_name' 'person'],50,calendar_set,calendar,3.995833333333333,48000,1,True,SVM_CLOSED_SET,SVM_EXPERIMENTAL,e657fb8ba5c41bf295873538b23056f93f88fbd6e54ed1811f0f39a0fcfaf773,SVM_CLOSED_SET,TRAIN,svm_closed_set_train
6169,dev/b9fbdd3da7bda6f1d12ad40a39410952.wav,validation,SVM,vi-VN,604b93f6432ad99bcb4798e8,exp_svm_spk_0009,Male,31,kiểm tra báo cáo thời tiết của tuần này,kiểm tra báo cáo thời tiết [date : của tuần này],['kiểm' 'tra' 'báo' 'cáo' 'thời' 'tiết' 'của' 'tuần' 'này'],['Other' 'Other' 'Other' 'Other' 'Other' 'Other' 'date' 'date' 'date'],13,weather_query,weather,5.9558333333333335,48000,1,True,SVM_CLOSED_SET,SVM_EXPERIMENTAL,bfaf10d632c18f07d4343aa1f6b106e75fbc59294c69af5e45a245206eb8c1ab,SVM_CLOSED_SET,TRAIN,svm_closed_set_train
14343,dev/2a93197fe187f1eceb459976cc6f3662.wav,validation,SVM,vi-VN,604b93f6432ad99bcb4798e8,exp_svm_spk_0009,Male,31,đề cập đến giá cổ phiếu của hdfc,đề cập đến giá cổ phiếu của [business_name : hdfc],['đề' 'cập' 'đến' 'giá' 'cổ' 'phiếu' 'của' 'hdfc'],['Other' 'Other' 'Other' 'Other' 'Other' 'Other' 'Other' 'business_name'],4,qa_stock,qa,8.275833333333333,48000,1,True,SVM_CLOSED_SET,SVM_EXPERIMENTAL,eeb07920fc84208e4aa68395652d6f483aff776d8e92aba28453dfcb3f0e2bbb,SVM_CLOSED_SET,TRAIN,svm_closed_set_train
15538,dev/41af7a4a6ec3d7d8b3df193818e55a82.wav,validation,SVM,vi-VN,604b93f6432ad99bcb4798e8,exp_svm_spk_0009,Male,31,dịch vụ khách hàng tweet than phiền như sau,[business_name : dịch vụ khách hàng] [media_type : tweet] than phiền như sau,['dịch' 'vụ' 'khách' 'hàng' 'tweet' 'than' 'phiền' 'như' 'sau'],"['business_name' 'business_name' 'business_name' 'business_name'
 'media_type' 'Other' 'Other' 'Other' 'Other']",47,social_post,social,7.8065,48000,1,True,SVM_CLOSED_SET,SVM_EXPERIMENTAL,58e4ae18380c0d2f8c5c38d84fcf9b32f3b6aa8f6923e987fc0e751ba083af60,SVM_CLOSED_SET,TRAIN,svm_closed_set_train
12177,dev/0fc7ec709ae09011d7df3558b9c4a4d8.wav,validation,SVM,vi-VN,604b93f6432ad99bcb4798e8,exp_svm_spk_0009,Male,31,đường phố canal đông đúc hơn đúng không,[place_name : đường phố canal] đông đúc hơn đúng không,['đường' 'phố' 'canal' 'đông' 'đúc' 'hơn' 'đúng' 'không'],"['place_name' 'place_name' 'place_name' 'Other' 'Other' 'Other' 'Other'
 'Other']",11,transport_traffic,transport,5.587833333333333,48000,1,True,SVM_CLOSED_SET,SVM_EXPERIMENTAL,cfba2bcaa2d03c20caf991dd48cc5ba9e7dddd33de780910bf4d07ddc9734496,SVM_CLOSED_SET,TRAIN,svm_closed_set_train
8325,dev/cb76bb811f541ed66931b11d48059ec7.wav,validation,SVM,vi-VN,604b93f6432ad99bcb4798e8,exp_svm_spk_0009,Male,31,thêm các cuộc họp ăn trưa vào buổi trưa mỗi ngày trong tuần này,thêm [event_name : các cuộc họp] [meal_type : ăn trưa] vào [timeofday : buổi trưa] [general_frequency : mỗi ngày] trong [date : tuần này],"['thêm' 'các' 'cuộc' 'họp' 'ăn' 'trưa' 'vào' 'buổi' 'trưa' 'mỗi' 'ngày'
 'trong' 'tuần' 'này']","['Other' 'event_name' 'event_name' 'event_name' 'meal_type' 'meal_type'
 'Other' 'timeofday' 'timeofday' 'general_frequency' 'general_frequency'
 'Other' 'date' 'date']",50,calendar_set,calendar,8.795833333333333,48000,1,True,SVM_CLOSED_SET,SVM_EXPERIMENTAL,9c991c3e4683a0418403bbe1d0821df8f04f39a4eca3d96a77411cef70174fc1,SVM_CLOSED_SET,TRAIN,svm_closed_set_train
2303,dev/b4ef0aa96a46cdfaece1fee3b4548fe5.wav,validation,SVM,vi-VN,63cfbea470ab1bba9db30082,exp_svm_spk_0010,Male,21,tôi mãi mai hip hop,tôi mãi mai [music_genre : hip hop],['tôi' 'mãi' 'mai' 'hip' 'hop'],['Other' 'Other' 'Other' 'music_genre' 'music_genre'],43,music_likeness,music,1.98,48000,1,True,SVM_CLOSED_SET,SVM_EXPERIMENTAL,2feb4ee5585380c8891b7defedd8a57900424c58eec35fbaa42195cf934dfdbc,SVM_CLOSED_SET,TRAIN,svm_closed_set_train
15581,dev/4a0961d85ff9ab38ffdc348d21ee8015.wav,validation,SVM,vi-VN,63cfbea470ab1bba9db30082,exp_svm_spk_0010,Male,21,olly gửi một tweet đến công ty,olly gửi một [media_type : tweet] đến công ty,['olly' 'gửi' 'một' 'tweet' 'đến' 'công' 'ty'],['Other' 'Other' 'Other' 'media_type' 'Other' 'Other' 'Other'],47,social_post,social,2.16,48000,1,True,SVM_CLOSED_SET,SVM_EXPERIMENTAL,4c16d123bf909a122a1f1312aface2f90cbf75f7d81c4e4624e46c7df487c466,SVM_CLOSED_SET,TRAIN,svm_closed_set_train
6558,dev/6c3d4943fb953d4f2e21554a0d5c4c1d.wav,validation,SVM,vi-VN,63cfbea470ab1bba9db30082,exp_svm_spk_0010,Male,21,bạn có thích bạn gái của tôi không,bạn có thích [relation : bạn gái] của tôi không,['bạn' 'có' 'thích' 'bạn' 'gái' 'của' 'tôi' 'không'],['Other' 'Other' 'Other' 'relation' 'relation' 'Other' 'Other' 'Other'],12,general_quirky,general,2.88,48000,1,True,SVM_CLOSED_SET,SVM_EXPERIMENTAL,7929ec94d2123278bf0a3f21c325b0857cee6db1dc13b9e3882ccdfe927188fc,SVM_CLOSED_SET,TRAIN,svm_closed_set_train
2834,dev/aa422f1f362ecaa7150d30fbc918188a.wav,validation,SVM,vi-VN,63cfbea470ab1bba9db30082,exp_svm_spk_0010,Male,21,vui lòng hút bụi trong một tiếng,vui lòng [device_type : hút bụi] trong [time : một tiếng],['vui' 'lòng' 'hút' 'bụi' 'trong' 'một' 'tiếng'],['Other' 'Other' 'device_type' 'device_type' 'Other' 'time' 'time'],34,iot_cleaning,iot,3.36,48000,1,True,SVM_CLOSED_SET,SVM_EXPERIMENTAL,5b8ce05f600df446e47d0a49cbfc89a32ad21908937a09deb92b6596c2b368bc,SVM_CLOSED_SET,TRAIN,svm_closed_set_train
9355,dev/6449ca6d9f720aed8087a0b11e263a64.wav,validation,SVM,vi-VN,63cfbea470ab1bba9db30082,exp_svm_spk_0010,Male,21,radio bật,radio bật,['radio' 'bật'],['Other' 'Other'],36,play_radio,play,1.44,48000,1,True,SVM_CLOSED_SET,SVM_EXPERIMENTAL,46598bdec98c53a2ed1e0b400b91d15c569d89637ed7785265a3e102ffe766bb,SVM_CLOSED_SET,TRAIN,svm_closed_set_train
4497,dev/f14b5edd97477516efff0ac6c636851c.wav,validation,SVM,vi-VN,63cfbea470ab1bba9db30082,exp_svm_spk_0010,Male,21,tắt tiếng cài đặt,tắt tiếng cài đặt,['tắt' 'tiếng' 'cài' 'đặt'],['Other' 'Other' 'Other' 'Other'],46,audio_volume_mute,audio,1.8,48000,1,True,SVM_CLOSED_SET,SVM_EXPERIMENTAL,b25f4c09a234bbdde27bfc1bfe1da7238ccd4081a133a7ff4fd46eee82435781,SVM_CLOSED_SET,TRAIN,svm_closed_set_train
13859,dev/a16ae75500e7b0d9b681328d16861116.wav,validation,SVM,vi-VN,63cfbea470ab1bba9db30082,exp_svm_spk_0010,Male,21,đô la mỹ so với ru pi là bao nhiêu,[currency_name : đô la mỹ] so với [currency_name : ru pi] là bao nhiêu,['đô' 'la' 'mỹ' 'so' 'với' 'ru' 'pi' 'là' 'bao' 'nhiêu'],"['currency_name' 'currency_name' 'currency_name' 'Other' 'Other'
 'currency_name' 'currency_name' 'Other' 'Other' 'Other']",10,qa_currency,qa,2.94,48000,1,True,SVM_CLOSED_SET,SVM_EXPERIMENTAL,f23eabf98018bdd6acbe6aa58862bac753558ba63da60b341caad1dea3a34c1f,SVM_CLOSED_SET,TRAIN,svm_closed_set_train
10290,dev/ca3c708697b5100f03783e5c0838097a.wav,validation,SVM,vi-VN,63cfbea470ab1bba9db30082,exp_svm_spk_0010,Male,21,hãy chơi pinball,hãy chơi [game_name : pinball],['hãy' 'chơi' 'pinball'],['Other' 'Other' 'game_name'],51,play_game,play,1.32,48000,1,True,SVM_CLOSED_SET,SVM_EXPERIMENTAL,b42128539b70f177802b14ac6891b7e04fee29b42f04e3da59fb5ca7013850da,SVM_CLOSED_SET,TRAIN,svm_closed_set_train
1222,dev/f3880a046156159d4b0ebb7d5d18267e.wav,validation,SVM,vi-VN,63cfbea470ab1bba9db30082,exp_svm_spk_0010,Male,21,vui lòng phát người hãy quên em đi,vui lòng phát [song_name : người hãy quên em đi],['vui' 'lòng' 'phát' 'người' 'hãy' 'quên' 'em' 'đi'],"['Other' 'Other' 'Other' 'song_name' 'song_name' 'song_name' 'song_name'
 'song_name']",45,play_music,play,2.16,48000,1,True,SVM_CLOSED_SET,SVM_EXPERIMENTAL,b635c902fd93e9733e008a8d17b192e2fdd943901ad159793410b2109989e743,SVM_CLOSED_SET,TRAIN,svm_closed_set_train
6990,dev/92efd117af420f46bef381659d917481.wav,validation,SVM,vi-VN,63cfbea470ab1bba9db30082,exp_svm_spk_0010,Male,21,những sự kiện sắp tới,những sự kiện sắp tới,['những' 'sự' 'kiện' 'sắp' 'tới'],['Other' 'Other' 'Other' 'Other' 'Other'],32,calendar_query,calendar,1.74,48000,1,True,SVM_CLOSED_SET,SVM_EXPERIMENTAL,4a88764a108d28a187f284e2d4912a3e2a4c0a81e81ae8525687133247bf1658,SVM_CLOSED_SET,TRAIN,svm_closed_set_train
6858,dev/ea9fd582dbbe3fc3230e0b38fc75b905.wav,validation,SVM,vi-VN,63cfbea470ab1bba9db30082,exp_svm_spk_0010,Male,21,tạo sự kiện tiếp theo trong lịch với những người sau,tạo sự kiện tiếp theo trong lịch với những người sau,"['tạo' 'sự' 'kiện' 'tiếp' 'theo' 'trong' 'lịch' 'với' 'những' 'người'
 'sau']","['Other' 'Other' 'Other' 'Other' 'Other' 'Other' 'Other' 'Other' 'Other'
 'Other' 'Other']",50,calendar_set,calendar,2.46,48000,1,True,SVM_CLOSED_SET,SVM_EXPERIMENTAL,417f1749278fd1abefd46e128651229fb68147ec74b6d200dc53fb6e41c219f5,SVM_CLOSED_SET,TRAIN,svm_closed_set_train
9375,dev/3541f0d64c3054d8eaa41a1635f6ee03.wav,validation,SVM,vi-VN,63cfbea470ab1bba9db30082,exp_svm_spk_0010,Male,21,phát chín trăm bảy mươi mốt,phát [radio_name : chín trăm bảy mươi mốt],['phát' 'chín' 'trăm' 'bảy' 'mươi' 'mốt'],['Other' 'radio_name' 'radio_name' 'radio_name' 'radio_name' 'radio_name'],36,play_radio,play,1.62,48000,1,True,SVM_CLOSED_SET,SVM_EXPERIMENTAL,c7a2df57ab1f1c4deaf9b48fe574f22d23b12bed6f1c4526c2a714af2d778dc3,SVM_CLOSED_SET,TRAIN,svm_closed_set_train
2971,dev/94237cc0c6c138374678c27ef15a9111.wav,validation,SVM,vi-VN,63cfbea470ab1bba9db30082,exp_svm_spk_0010,Male,21,khởi động máy pha cà phê,khởi động máy pha cà phê,['khởi' 'động' 'máy' 'pha' 'cà' 'phê'],['Other' 'Other' 'Other' 'Other' 'Other' 'Other'],56,iot_coffee,iot,1.68,48000,1,True,SVM_CLOSED_SET,SVM_EXPERIMENTAL,b54b089034e1aa8f8e6ffaa0c94862e7e0ff86cc009f916c9825f5e84ff4e4c6,SVM_CLOSED_SET,TRAIN,svm_closed_set_train
12470,dev/1121182c0ad9c2ff03c124f9923187d1.wav,validation,SVM,vi-VN,63cfbea470ab1bba9db30082,exp_svm_spk_0010,Male,21,đặt một vé khởi hành vào buổi sáng,đặt một vé khởi hành vào [timeofday : buổi sáng],['đặt' 'một' 'vé' 'khởi' 'hành' 'vào' 'buổi' 'sáng'],['Other' 'Other' 'Other' 'Other' 'Other' 'Other' 'timeofday' 'timeofday'],2,transport_ticket,transport,2.52,48000,1,True,SVM_CLOSED_SET,SVM_EXPERIMENTAL,7876c38ca7ebd9f517c52c654de76a8938d4e74e09e288f9b3099283d60b0aa8,SVM_CLOSED_SET,TRAIN,svm_closed_set_train
12478,dev/9fa66c43cf3cd88b334f827ca21c37ba.wav,validation,SVM,vi-VN,63cfbea470ab1bba9db30082,exp_svm_spk_0010,Male,21,tìm một tài xế grab rảnh sau mười giờ tối,tìm một tài xế [transport_agency : grab] rảnh sau [time : mười giờ] tối,['tìm' 'một' 'tài' 'xế' 'grab' 'rảnh' 'sau' 'mười' 'giờ' 'tối'],"['Other' 'Other' 'Other' 'Other' 'transport_agency' 'Other' 'Other' 'time'
 'time' 'Other']",54,transport_taxi,transport,4.02,48000,1,True,SVM_CLOSED_SET,SVM_EXPERIMENTAL,39021b8889383a97c96d3d69b53fcb62e826d70f8c0720c2b6726b30c067f42b,SVM_CLOSED_SET,TRAIN,svm_closed_set_train
9013,dev/f4afc8bd30f00d77231b333a83d99729.wav,validation,SVM,vi-VN,63cfbea470ab1bba9db30082,exp_svm_spk_0010,Male,21,nhắc tôi vào ngày năm tháng tư có một cuộc họp với sếp,nhắc tôi vào [date : ngày năm tháng tư] có một [event_name : cuộc họp] với [relation : sếp],"['nhắc' 'tôi' 'vào' 'ngày' 'năm' 'tháng' 'tư' 'có' 'một' 'cuộc' 'họp'
 'với' 'sếp']","['Other' 'Other' 'Other' 'date' 'date' 'date' 'date' 'Other' 'Other'
 'event_name' 'event_name' 'Other' 'relation']",50,calendar_set,calendar,3.24,48000,1,True,SVM_CLOSED_SET,SVM_EXPERIMENTAL,9f3d558623fb4ad7145b98e226377d8b3eee0b7365573ca3b2e5d9ce6602b24b,SVM_CLOSED_SET,TRAIN,svm_closed_set_train
1726,dev/e7cf5b2baffb7a4d1fc5672a18675c91.wav,validation,SVM,vi-VN,63cfbea470ab1bba9db30082,exp_svm_spk_0010,Male,21,nhiệt độ cao nhất trong tuần tới là bao nhiêu,[weather_descriptor : nhiệt độ] cao nhất trong [date : tuần tới] là bao nhiêu,['nhiệt' 'độ' 'cao' 'nhất' 'trong' 'tuần' 'tới' 'là' 'bao' 'nhiêu'],"['weather_descriptor' 'weather_descriptor' 'Other' 'Other' 'Other' 'date'
 'date' 'Other' 'Other' 'Other']",13,weather_query,weather,2.16,48000,1,True,SVM_CLOSED_SET,SVM_EXPERIMENTAL,fcb77d7c37369bd8207f91a79216c3f2f715b95b9e63d152f00b026737f37ee9,SVM_CLOSED_SET,TRAIN,svm_closed_set_train
2583,dev/d906c83cd45893b7a2ef3cc4e8cbfc76.wav,validation,SVM,vi-VN,63cfbea470ab1bba9db30082,exp_svm_spk_0010,Male,21,tên bài hát là gì,tên bài hát là gì,['tên' 'bài' 'hát' 'là' 'gì'],['Other' 'Other' 'Other' 'Other' 'Other'],57,music_query,music,1.92,48000,1,True,SVM_CLOSED_SET,SVM_EXPERIMENTAL,b18ff810d6ef9c561114795968d395b758c83cf0ea9d76e2f96d176369e6174c,SVM_CLOSED_SET,TRAIN,svm_closed_set_train
16334,dev/07bc37d9fce6799e752f774c762e1233.wav,validation,SVM,vi-VN,63cfbea470ab1bba9db30082,exp_svm_spk_0010,Male,21,tôi có bất kỳ thư điện tử mới nào từ lê hiếu không,tôi có bất kỳ thư điện tử mới nào từ [person : lê hiếu] không,"['tôi' 'có' 'bất' 'kỳ' 'thư' 'điện' 'tử' 'mới' 'nào' 'từ' 'lê' 'hiếu'
 'không']","['Other' 'Other' 'Other' 'Other' 'Other' 'Other' 'Other' 'Other' 'Other'
 'Other' 'person' 'person' 'Other']",44,email_query,email,3.72,48000,1,True,SVM_CLOSED_SET,SVM_EXPERIMENTAL,7a592b7daeaf322c6cb1dd0d04db264a1990e901ea2bf6361cdf89ead7e6bb1b,SVM_CLOSED_SET,TRAIN,svm_closed_set_train
4752,dev/8cfe02a191a48b6b644c43662c9e515d.wav,validation,SVM,vi-VN,63cfbea470ab1bba9db30082,exp_svm_spk_0010,Male,21,tôi có nên mặc quần ngắn hôm nay không,tôi có nên mặc [weather_descriptor : quần ngắn] [date : hôm nay] không,['tôi' 'có' 'nên' 'mặc' 'quần' 'ngắn' 'hôm' 'nay' 'không'],"['Other' 'Other' 'Other' 'Other' 'weather_descriptor' 'weather_descriptor'
 'date' 'date' 'Other']",13,weather_query,weather,1.98,48000,1,True,SVM_CLOSED_SET,SVM_EXPERIMENTAL,6237f869cfe64727d0d30562aaa7ff4b8f7b58594c1e054234afeb4df5831d56,SVM_CLOSED_SET,TRAIN,svm_closed_set_train
7595,dev/66d0add36e2fe49ac091009f4ced5308.wav,validation,SVM,vi-VN,63cfbea470ab1bba9db30082,exp_svm_spk_0010,Male,21,thêm một lời báo trong năm phút về bánh quy,thêm một lời báo trong [time : năm phút] về [event_name : bánh quy],['thêm' 'một' 'lời' 'báo' 'trong' 'năm' 'phút' 'về' 'bánh' 'quy'],"['Other' 'Other' 'Other' 'Other' 'Other' 'time' 'time' 'Other'
 'event_name' 'event_name']",50,calendar_set,calendar,3.06,48000,1,True,SVM_CLOSED_SET,SVM_EXPERIMENTAL,cc646617f6d7a0444e082420893121a991e6125649d607e4b8866d938cbf5c5e,SVM_CLOSED_SET,TRAIN,svm_closed_set_train
6452,dev/8d07d9891666baa39cbc72ecd1a455ed.wav,validation,SVM,vi-VN,63cfbea470ab1bba9db30082,exp_svm_spk_0010,Male,21,giống chó ít gây dị ứng nhất,giống chó ít gây dị ứng nhất,['giống' 'chó' 'ít' 'gây' 'dị' 'ứng' 'nhất'],['Other' 'Other' 'Other' 'Other' 'Other' 'Other' 'Other'],12,general_quirky,general,1.74,48000,1,True,SVM_CLOSED_SET,SVM_EXPERIMENTAL,188f92fded83ce86cf1dc0bf410c9fb1493046331bd492b95141d76c6dd2e823,SVM_CLOSED_SET,TRAIN,svm_closed_set_train
147,dev/757b0a5563b33f3557a112efe02e2419.wav,validation,SVM,vi-VN,63cfbea470ab1bba9db30082,exp_svm_spk_0010,Male,21,tôi muốn nghe jazz,tôi muốn nghe [music_genre : jazz],['tôi' 'muốn' 'nghe' 'jazz'],['Other' 'Other' 'Other' 'music_genre'],45,play_music,play,1.86,48000,1,True,SVM_CLOSED_SET,SVM_EXPERIMENTAL,acf476b68682f80445fcb93ffbc9a578f258a3e5f85963980749ac07076bd13c,SVM_CLOSED_SET,TRAIN,svm_closed_set_train
1241,dev/ae568c45eadc3a66524719afbe03cd43.wav,validation,SVM,vi-VN,63cfbea470ab1bba9db30082,exp_svm_spk_0010,Male,21,nói cho tôi biết mấy giờ rồi,nói cho tôi biết mấy giờ rồi,['nói' 'cho' 'tôi' 'biết' 'mấy' 'giờ' 'rồi'],['Other' 'Other' 'Other' 'Other' 'Other' 'Other' 'Other'],0,datetime_query,datetime,2.58,48000,1,True,SVM_CLOSED_SET,SVM_EXPERIMENTAL,3b817e47178e0fabbfb8718a9655c9f40c480826d5449a58f1c2ef2301d18264,SVM_CLOSED_SET,TRAIN,svm_closed_set_train
16744,dev/b33c93661542cce0867e759dcdde7385.wav,validation,SVM,vi-VN,63cfbea470ab1bba9db30082,exp_svm_spk_0010,Male,21,vui lòng gửi email đến mẹ tôi,vui lòng gửi email đến [relation : mẹ] tôi,['vui' 'lòng' 'gửi' 'email' 'đến' 'mẹ' 'tôi'],['Other' 'Other' 'Other' 'Other' 'Other' 'relation' 'Other'],33,email_sendemail,email,2.16,48000,1,True,SVM_CLOSED_SET,SVM_EXPERIMENTAL,a203bd8050f80b6d5722e046333a568903db684007896a240a56e1d27acd7162,SVM_CLOSED_SET,TRAIN,svm_closed_set_train
2978,dev/08c272c8738859bc8c891db19aac4ebd.wav,validation,SVM,vi-VN,63cfbea470ab1bba9db30082,exp_svm_spk_0010,Male,21,đèn tối hơn,đèn tối hơn,['đèn' 'tối' 'hơn'],['Other' 'Other' 'Other'],31,iot_hue_lightdim,iot,1.8,48000,1,True,SVM_CLOSED_SET,SVM_EXPERIMENTAL,0cae83f971773ef3248123ab75eaec48d7db58e2e3fae48f4a0526d229efc045,SVM_CLOSED_SET,TRAIN,svm_closed_set_train
8778,dev/9d57bc3822eac5e9f27659f1dcfa547f.wav,validation,SVM,vi-VN,63cfbea470ab1bba9db30082,exp_svm_spk_0010,Male,21,đặt thông tin lịch cho đám cưới của anh tú,đặt thông tin lịch cho [event_name : đám cưới của anh tú],['đặt' 'thông' 'tin' 'lịch' 'cho' 'đám' 'cưới' 'của' 'anh' 'tú'],"['Other' 'Other' 'Other' 'Other' 'Other' 'event_name' 'event_name'
 'event_name' 'event_name' 'event_name']",50,calendar_set,calendar,2.88,48000,1,True,SVM_CLOSED_SET,SVM_EXPERIMENTAL,edda4270c15dd3195757701a8b457d192dfb6e97dc4fd6e8b78297b96b9a6d88,SVM_CLOSED_SET,TRAIN,svm_closed_set_train
10521,dev/4e26805c3a2211a39924ba88fb1ecfcb.wav,validation,SVM,vi-VN,63cfbea470ab1bba9db30082,exp_svm_spk_0010,Male,21,xóa danh sách nhạc tiếng anh cũ của tôi,xóa danh sách nhạc [list_name : tiếng anh cũ] của tôi,['xóa' 'danh' 'sách' 'nhạc' 'tiếng' 'anh' 'cũ' 'của' 'tôi'],"['Other' 'Other' 'Other' 'Other' 'list_name' 'list_name' 'list_name'
 'Other' 'Other']",53,lists_remove,lists,2.52,48000,1,True,SVM_CLOSED_SET,SVM_EXPERIMENTAL,e0045a735931ad05cda84676b9ff82d501a04f1fbbbe9cfea3d8614444f9e1c0,SVM_CLOSED_SET,TRAIN,svm_closed_set_train
2246,dev/6d8d4da7f6ca4696f7fa68fb1da9c503.wav,validation,SVM,vi-VN,63cfbea470ab1bba9db30082,exp_svm_spk_0010,Male,21,tắt đèn tủ quần áo,tắt đèn tủ quần áo,['tắt' 'đèn' 'tủ' 'quần' 'áo'],['Other' 'Other' 'Other' 'Other' 'Other'],40,iot_hue_lightoff,iot,1.8,48000,1,True,SVM_CLOSED_SET,SVM_EXPERIMENTAL,ebb30d338429d32bdce07c9f263d364fc2b2355460dc31b7d2c9f9633c75cb98,SVM_CLOSED_SET,TRAIN,svm_closed_set_train
3801,dev/78612e1bbef00d9913da28dd21d14701.wav,validation,SVM,vi-VN,63cfbea470ab1bba9db30082,exp_svm_spk_0010,Male,21,cho tôi biết thời tiết trong một tuần của phố cổ,cho tôi biết thời tiết [date : trong một tuần] của [place_name : phố cổ],['cho' 'tôi' 'biết' 'thời' 'tiết' 'trong' 'một' 'tuần' 'của' 'phố' 'cổ'],"['Other' 'Other' 'Other' 'Other' 'Other' 'date' 'date' 'date' 'Other'
 'place_name' 'place_name']",13,weather_query,weather,2.76,48000,1,True,SVM_CLOSED_SET,SVM_EXPERIMENTAL,073e55649f0a2161427439aa65b86d2cc168e649f80b2838a9591177c659899c,SVM_CLOSED_SET,TRAIN,svm_closed_set_train
7729,dev/0512636c2636d721c4a0218f25e80646.wav,validation,SVM,vi-VN,63cfbea470ab1bba9db30082,exp_svm_spk_0010,Male,21,tôi có một chuyến bay vào ngày mười lăm,tôi có một chuyến bay vào [date : ngày mười lăm],['tôi' 'có' 'một' 'chuyến' 'bay' 'vào' 'ngày' 'mười' 'lăm'],['Other' 'Other' 'Other' 'Other' 'Other' 'Other' 'date' 'date' 'date'],50,calendar_set,calendar,1.98,48000,1,True,SVM_CLOSED_SET,SVM_EXPERIMENTAL,d9e36a2d7032c712d3f0561421d7703247e444c7ef847089b2e97fc16cbc026c,SVM_CLOSED_SET,TRAIN,svm_closed_set_train
10397,dev/cee72c4d31eec40d344907feecf4bf66.wav,validation,SVM,vi-VN,63cfbea470ab1bba9db30082,exp_svm_spk_0010,Male,21,bạn có thể chơi xì phé với tôi không,bạn có thể chơi [game_name : xì phé] với tôi không,['bạn' 'có' 'thể' 'chơi' 'xì' 'phé' 'với' 'tôi' 'không'],"['Other' 'Other' 'Other' 'Other' 'game_name' 'game_name' 'Other' 'Other'
 'Other']",51,play_game,play,2.82,48000,1,True,SVM_CLOSED_SET,SVM_EXPERIMENTAL,a92c51115c274f639f2266dd9a290801acfbee962ac43301006779b8cfa42589,SVM_CLOSED_SET,TRAIN,svm_closed_set_train
14985,dev/4c7e48b063f58fd41e2a7b2063e0f034.wav,validation,SVM,vi-VN,63cfbea470ab1bba9db30082,exp_svm_spk_0010,Male,21,cho tôi biết tỷ giá của mười đô la qua euro,cho tôi biết tỷ giá của mười [currency_name : đô la] qua [currency_name : euro],['cho' 'tôi' 'biết' 'tỷ' 'giá' 'của' 'mười' 'đô' 'la' 'qua' 'euro'],"['Other' 'Other' 'Other' 'Other' 'Other' 'Other' 'Other' 'currency_name'
 'currency_name' 'Other' 'currency_name']",10,qa_currency,qa,2.88,48000,1,True,SVM_CLOSED_SET,SVM_EXPERIMENTAL,e48b0d04ca7a247173619aa550113fd6e96671e7993f64660519f426978fb80e,SVM_CLOSED_SET,TRAIN,svm_closed_set_train
17,dev/84fbd0bf01dd89076c882727bc025566.wav,validation,SVM,vi-VN,63cfbea470ab1bba9db30082,exp_svm_spk_0010,Male,21,làm mờ đèn ở sảnh,làm mờ đèn ở [house_place : sảnh],['làm' 'mờ' 'đèn' 'ở' 'sảnh'],['Other' 'Other' 'Other' 'Other' 'house_place'],31,iot_hue_lightdim,iot,1.56,48000,1,True,SVM_CLOSED_SET,SVM_EXPERIMENTAL,f5c31a970ae8d471f145cc4571465b4c35387b348a713753ea36ddbe0e5243b6,SVM_CLOSED_SET,TRAIN,svm_closed_set_train
6741,dev/191db613fae7d9ebe67b9b8eab637e59.wav,validation,SVM,vi-VN,63cfbea470ab1bba9db30082,exp_svm_spk_0010,Male,21,vui lòng cài lịch thư giãn hằng ngày đến mười giờ sáng,vui lòng cài lịch [event_name : thư giãn] [general_frequency : hằng ngày] đến [time : mười giờ sáng],"['vui' 'lòng' 'cài' 'lịch' 'thư' 'giãn' 'hằng' 'ngày' 'đến' 'mười'
 'giờ' 'sáng']","['Other' 'Other' 'Other' 'Other' 'event_name' 'event_name'
 'general_frequency' 'general_frequency' 'Other' 'time' 'time' 'time']",50,calendar_set,calendar,3.12,48000,1,True,SVM_CLOSED_SET,SVM_EXPERIMENTAL,e1e0710a844efb8c5b1f9051e8fa5eb88d82be446a772186fbda30c2ea1824b7,SVM_CLOSED_SET,TRAIN,svm_closed_set_train
2526,dev/3a2a9049ec7bab602b121e7e0e8ccdb8.wav,validation,SVM,vi-VN,63cfbea470ab1bba9db30082,exp_svm_spk_0010,Male,21,tôi muốn nghe một vài nhạc rock hiện đại,tôi muốn nghe một vài [music_genre : nhạc rock hiện đại],['tôi' 'muốn' 'nghe' 'một' 'vài' 'nhạc' 'rock' 'hiện' 'đại'],"['Other' 'Other' 'Other' 'Other' 'Other' 'music_genre' 'music_genre'
 'music_genre' 'music_genre']",45,play_music,play,3.42,48000,1,True,SVM_CLOSED_SET,SVM_EXPERIMENTAL,e5e28ffb04f3a075cc4ce354f9f37e3aeab49fa2b516b8e42c2fd6161423da61,SVM_CLOSED_SET,TRAIN,svm_closed_set_train
10784,dev/ba79c1d8790e03556ce2b9e5c247291b.wav,validation,SVM,vi-VN,63cfbea470ab1bba9db30082,exp_svm_spk_0010,Male,21,xóa danh sách việc cần làm của tôi,xóa danh sách [list_name : việc cần làm] của tôi,['xóa' 'danh' 'sách' 'việc' 'cần' 'làm' 'của' 'tôi'],"['Other' 'Other' 'Other' 'list_name' 'list_name' 'list_name' 'Other'
 'Other']",53,lists_remove,lists,2.76,48000,1,True,SVM_CLOSED_SET,SVM_EXPERIMENTAL,01b9e029367e06db9f671d9c2014bceee97bc9b07eff5ecabc47aa3491860589,SVM_CLOSED_SET,TRAIN,svm_closed_set_train
2993,dev/06e7d077d3e1ca179bce8907dc3e6be6.wav,validation,SVM,vi-VN,63cfbea470ab1bba9db30082,exp_svm_spk_0010,Male,21,phát bài hát kế tiếp,phát bài hát kế tiếp,['phát' 'bài' 'hát' 'kế' 'tiếp'],['Other' 'Other' 'Other' 'Other' 'Other'],45,play_music,play,1.98,48000,1,True,SVM_CLOSED_SET,SVM_EXPERIMENTAL,d6ef4d2a2d19c584a66114ab51ae5f4c80dc299cceb9ea8466f27733cc6cb436,SVM_CLOSED_SET,TRAIN,svm_closed_set_train
5728,dev/57b0fa71e8ac0a119f91b032646425b5.wav,validation,SVM,vi-VN,63cfbea470ab1bba9db30082,exp_svm_spk_0010,Male,21,tất cả đèn phòng tăng độ sáng,[device_type : tất cả đèn] [house_place : phòng] tăng độ sáng,['tất' 'cả' 'đèn' 'phòng' 'tăng' 'độ' 'sáng'],"['device_type' 'device_type' 'device_type' 'house_place' 'Other' 'Other'
 'Other']",18,iot_hue_lightup,iot,1.5,48000,1,True,SVM_CLOSED_SET,SVM_EXPERIMENTAL,3bedc028dc47b9e508d82fc90477c597190aad91b4cd0d1c186163a6501d805d,SVM_CLOSED_SET,TRAIN,svm_closed_set_train
6808,dev/f7990936bc495974674d38df059ad540.wav,validation,SVM,vi-VN,63cfbea470ab1bba9db30082,exp_svm_spk_0010,Male,21,xoá toàn bộ các sự kiện trong lịch của tôi,xoá toàn bộ các sự kiện trong lịch của tôi,['xoá' 'toàn' 'bộ' 'các' 'sự' 'kiện' 'trong' 'lịch' 'của' 'tôi'],"['Other' 'Other' 'Other' 'Other' 'Other' 'Other' 'Other' 'Other' 'Other'
 'Other']",30,calendar_remove,calendar,2.46,48000,1,True,SVM_CLOSED_SET,SVM_EXPERIMENTAL,76546e158c97d418466d2cb4ad24729acc7d14f3cab247057adfcd3aab1037a7,SVM_CLOSED_SET,TRAIN,svm_closed_set_train
3443,dev/fae935f9e71cccba8f7fffc526d7555a.wav,validation,SVM,vi-VN,63cfbea470ab1bba9db30082,exp_svm_spk_0010,Male,21,ngày nào trong tuần là ngày hai mươi hai của tháng này,ngày nào trong tuần là ngày [date : hai mươi hai] của [date : tháng này],"['ngày' 'nào' 'trong' 'tuần' 'là' 'ngày' 'hai' 'mươi' 'hai' 'của' 'tháng'
 'này']","['Other' 'Other' 'Other' 'Other' 'Other' 'Other' 'date' 'date' 'date'
 'Other' 'date' 'date']",0,datetime_query,datetime,2.64,48000,1,True,SVM_CLOSED_SET,SVM_EXPERIMENTAL,9d1dd460132331d1e4a1c103a319264d95a19e8c8bf7dc9ed39b5dcdba65a6c1,SVM_CLOSED_SET,TRAIN,svm_closed_set_train
14574,dev/616a34db59e4131f7013325d72f1dd60.wav,validation,SVM,vi-VN,63cfbea470ab1bba9db30082,exp_svm_spk_0010,Male,21,ai là tổng thống thứ hai mươi lăm của mỹ,ai là tổng thống thứ hai mươi lăm của [place_name : mỹ],['ai' 'là' 'tổng' 'thống' 'thứ' 'hai' 'mươi' 'lăm' 'của' 'mỹ'],"['Other' 'Other' 'Other' 'Other' 'Other' 'Other' 'Other' 'Other' 'Other'
 'place_name']",49,qa_factoid,qa,2.88,48000,1,True,SVM_CLOSED_SET,SVM_EXPERIMENTAL,c05869c72301f58778869e90421930b6da35de12bbbf30089f1b07ce8d3261dd,SVM_CLOSED_SET,TRAIN,svm_closed_set_train
16066,dev/76d816f19710958f39ffc732659848e9.wav,validation,SVM,vi-VN,63cfbea470ab1bba9db30082,exp_svm_spk_0010,Male,21,gửi một hi to,gửi một hi to,['gửi' 'một' 'hi' 'to'],['Other' 'Other' 'Other' 'Other'],33,email_sendemail,email,1.98,48000,1,True,SVM_CLOSED_SET,SVM_EXPERIMENTAL,fc35a2f56f3530b40eec764ac194e25e60d75a1114266b1f44c4a660a6eae231,SVM_CLOSED_SET,TRAIN,svm_closed_set_train
14062,dev/32a304a4b81d90242b08799eb61e4f45.wav,validation,SVM,vi-VN,63cfbea470ab1bba9db30082,exp_svm_spk_0010,Male,21,lăng bác ở đâu,lăng bác ở đâu,['lăng' 'bác' 'ở' 'đâu'],['Other' 'Other' 'Other' 'Other'],49,qa_factoid,qa,1.26,48000,1,True,SVM_CLOSED_SET,SVM_EXPERIMENTAL,44b0348e96b694dac47ef7a0d5277f15ba7d03f0b9c2155de7ac3812ee30caf7,SVM_CLOSED_SET,TRAIN,svm_closed_set_train
15939,dev/4e2bdcc8094d55e738fa6a70fc1c3c6d.wav,validation,SVM,vi-VN,63cfbea470ab1bba9db30082,exp_svm_spk_0010,Male,21,vui lòng gửi thư điện tử những tin nhắn sau tới số liên lạc này,vui lòng gửi thư điện tử những tin nhắn sau tới số liên lạc này,"['vui' 'lòng' 'gửi' 'thư' 'điện' 'tử' 'những' 'tin' 'nhắn' 'sau' 'tới'
 'số' 'liên' 'lạc' 'này']","['Other' 'Other' 'Other' 'Other' 'Other' 'Other' 'Other' 'Other' 'Other'
 'Other' 'Other' 'Other' 'Other' 'Other' 'Other']",33,email_sendemail,email,3.96,48000,1,True,SVM_CLOSED_SET,SVM_EXPERIMENTAL,6ef246cba2a0cef80e07760d799ac6ea0b73b6f933a6504677c022e107858ef2,SVM_CLOSED_SET,TRAIN,svm_closed_set_train
5884,dev/7024fdbfa31ee9b938da4f83480f7b86.wav,validation,SVM,vi-VN,63cfbea470ab1bba9db30082,exp_svm_spk_0010,Male,21,nghe nhạc,nghe nhạc,['nghe' 'nhạc'],['Other' 'Other'],45,play_music,play,0.84,48000,1,True,SVM_CLOSED_SET,SVM_EXPERIMENTAL,551de1b1d375a9ac7259f4ce0b9f748c4acde50d3ff0869a1b4e99f87304a6ed,SVM_CLOSED_SET,TRAIN,svm_closed_set_train
2360,dev/70b9362ce5a8371d2d09bd5544360be8.wav,validation,SVM,vi-VN,63cfbea470ab1bba9db30082,exp_svm_spk_0010,Male,21,tăng âm lượng,tăng âm lượng,['tăng' 'âm' 'lượng'],['Other' 'Other' 'Other'],14,audio_volume_up,audio,2.64,48000,1,True,SVM_CLOSED_SET,SVM_EXPERIMENTAL,09f1e159ec96226b690abaff7045109c114d549a8d56c2e8d7df13b6dad3ea2e,SVM_CLOSED_SET,TRAIN,svm_closed_set_train
368,dev/70910d7a38ce6446caa45f14b73f1516.wav,validation,SVM,vi-VN,63cfbea470ab1bba9db30082,exp_svm_spk_0010,Male,21,thời tiết như thế nào ở thành phố new york,thời tiết như thế nào ở thành phố [place_name : new york],['thời' 'tiết' 'như' 'thế' 'nào' 'ở' 'thành' 'phố' 'new' 'york'],"['Other' 'Other' 'Other' 'Other' 'Other' 'Other' 'Other' 'Other'
 'place_name' 'place_name']",13,weather_query,weather,2.4,48000,1,True,SVM_CLOSED_SET,SVM_EXPERIMENTAL,aae29f3ff73bddd1c3dc0d30f2d06bf8499b288253417d13e1b7bd67b6c3fb90,SVM_CLOSED_SET,TRAIN,svm_closed_set_train
1625,dev/79017ca2fe2fa389e2099d3afb4b3b40.wav,validation,SVM,vi-VN,63cfbea470ab1bba9db30082,exp_svm_spk_0010,Male,21,sáng hay chiều,sáng hay chiều,['sáng' 'hay' 'chiều'],['Other' 'Other' 'Other'],23,alarm_query,alarm,2.04,48000,1,True,SVM_CLOSED_SET,SVM_EXPERIMENTAL,5e32456bd65b20a1765596dc16231540bdd1404bcea42bbaae1ad4c075cbf947,SVM_CLOSED_SET,TRAIN,svm_closed_set_train
10453,dev/fe09678745ac0e85bc9456ce95dea3e8.wav,validation,SVM,vi-VN,63cfbea470ab1bba9db30082,exp_svm_spk_0010,Male,21,gạch bỏ bánh mì khỏi danh sách mua sắm,gạch bỏ bánh mì khỏi danh sách [list_name : mua sắm],['gạch' 'bỏ' 'bánh' 'mì' 'khỏi' 'danh' 'sách' 'mua' 'sắm'],"['Other' 'Other' 'Other' 'Other' 'Other' 'Other' 'Other' 'list_name'
 'list_name']",53,lists_remove,lists,2.64,48000,1,True,SVM_CLOSED_SET,SVM_EXPERIMENTAL,0cb765e9c8ce6333c756f94379009402d61cdb54fee7878769e3c4debbcaf4df,SVM_CLOSED_SET,TRAIN,svm_closed_set_train
1698,dev/d363055cd6dd068a83a27e5cfc9e1a83.wav,validation,SVM,vi-VN,63cfbea470ab1bba9db30082,exp_svm_spk_0010,Male,21,tôi không thích bài hát này tắt nó đi,tôi không thích bài hát này tắt nó đi,['tôi' 'không' 'thích' 'bài' 'hát' 'này' 'tắt' 'nó' 'đi'],['Other' 'Other' 'Other' 'Other' 'Other' 'Other' 'Other' 'Other' 'Other'],7,music_dislikeness,music,3.12,48000,1,True,SVM_CLOSED_SET,SVM_EXPERIMENTAL,fb019c1cdad2023de0e02a900c423b5208d5afab374e956b7105081fbcd4be70,SVM_CLOSED_SET,TRAIN,svm_closed_set_train
11980,dev/a94032cc68fb5a864c89fdb4c33b13ab.wav,validation,SVM,vi-VN,63cfbea470ab1bba9db30082,exp_svm_spk_0010,Male,21,hiện tất cả các sự kiện đang diễn ra ở hà nội,hiện tất cả các sự kiện đang diễn ra ở [place_name : hà nội],['hiện' 'tất' 'cả' 'các' 'sự' 'kiện' 'đang' 'diễn' 'ra' 'ở' 'hà' 'nội'],"['Other' 'Other' 'Other' 'Other' 'Other' 'Other' 'Other' 'Other' 'Other'
 'Other' 'place_name' 'place_name']",6,recommendation_events,recommendation,3.3,48000,1,True,SVM_CLOSED_SET,SVM_EXPERIMENTAL,9523664a8bee36521755c70327dc378efb3ac662a6171425bd32a7f8f8e0cbc2,SVM_CLOSED_SET,TRAIN,svm_closed_set_train
1012,dev/42dfd27cdcd37123b158c1e5d24ac36b.wav,validation,SVM,vi-VN,63cfbea470ab1bba9db30082,exp_svm_spk_0010,Male,21,đưa tôi đến website của kênh mười bốn,đưa tôi đến website của [media_type : kênh mười bốn],['đưa' 'tôi' 'đến' 'website' 'của' 'kênh' 'mười' 'bốn'],"['Other' 'Other' 'Other' 'Other' 'Other' 'media_type' 'media_type'
 'media_type']",47,social_post,social,2.1,48000,1,True,SVM_CLOSED_SET,SVM_EXPERIMENTAL,4999514bf3fc3e7663d06a75e1e5752bf2ab44ba6bcb64ece7b05563c5270be4,SVM_CLOSED_SET,TRAIN,svm_closed_set_train
24,dev/ef0b88c70894f9fe30f7c4741fa72ca5.wav,validation,SVM,vi-VN,63cfbea470ab1bba9db30082,exp_svm_spk_0010,Male,21,làm cho phòng tối hơn,làm cho [house_place : phòng] tối hơn,['làm' 'cho' 'phòng' 'tối' 'hơn'],['Other' 'Other' 'house_place' 'Other' 'Other'],31,iot_hue_lightdim,iot,2.22,48000,1,True,SVM_CLOSED_SET,SVM_EXPERIMENTAL,49a0d67b5177541528c6198ed4f6e700d15171368734bd91971428bb61afc445,SVM_CLOSED_SET,TRAIN,svm_closed_set_train
13113,dev/f6e1679eb41d3e3ee0dac8926fa6272a.wav,validation,SVM,vi-VN,63cfbea470ab1bba9db30082,exp_svm_spk_0010,Male,21,làm ơn cho tôi thông tin bộ phim tiếp theo của mỹ tâm,làm ơn cho tôi thông tin bộ phim tiếp theo của [person : mỹ tâm],"['làm' 'ơn' 'cho' 'tôi' 'thông' 'tin' 'bộ' 'phim' 'tiếp' 'theo' 'của' 'mỹ'
 'tâm']","['Other' 'Other' 'Other' 'Other' 'Other' 'Other' 'Other' 'Other' 'Other'
 'Other' 'Other' 'person' 'person']",49,qa_factoid,qa,3.36,48000,1,True,SVM_CLOSED_SET,SVM_EXPERIMENTAL,7849bc219bd17be4f2d281fe1fd493adb158943e7170ab8b9b310dfdeaf3dbf3,SVM_CLOSED_SET,TRAIN,svm_closed_set_train
13519,dev/50d591f29bd6c5c040197602b671e09a.wav,validation,SVM,vi-VN,63cfbea470ab1bba9db30082,exp_svm_spk_0010,Male,21,the beatles gồm những ai,the [artist_name : beatles] gồm những ai,['the' 'beatles' 'gồm' 'những' 'ai'],['Other' 'artist_name' 'Other' 'Other' 'Other'],49,qa_factoid,qa,1.56,48000,1,True,SVM_CLOSED_SET,SVM_EXPERIMENTAL,5b97db47c788515dbdc2aece7b1d38ef634fee975c255fd55c8bd1f7d24d7390,SVM_CLOSED_SET,TRAIN,svm_closed_set_train
2544,dev/6241e024c3380fbc5a32742e38dcec68.wav,validation,SVM,vi-VN,63cfbea470ab1bba9db30082,exp_svm_spk_0010,Male,21,ngoài trời như thế nào,ngoài trời như thế nào,['ngoài' 'trời' 'như' 'thế' 'nào'],['Other' 'Other' 'Other' 'Other' 'Other'],13,weather_query,weather,1.32,48000,1,True,SVM_CLOSED_SET,SVM_EXPERIMENTAL,5e3b5117e419a54cf3215d14118ebf82f9fc6efa7547b5c3fb6a89cc0b3fcd15,SVM_CLOSED_SET,TRAIN,svm_closed_set_train
3183,dev/023d6c348ec9b57ca8a9f93ff906f067.wav,validation,SVM,vi-VN,63cfbea470ab1bba9db30082,exp_svm_spk_0010,Male,21,bật máy,bật máy,['bật' 'máy'],['Other' 'Other'],8,iot_wemo_off,iot,1.14,48000,1,True,SVM_CLOSED_SET,SVM_EXPERIMENTAL,5ca62d7d1843b3fe99a879b12d985b6d8f0f06f83d969deef5c5a6ca32b789ff,SVM_CLOSED_SET,TRAIN,svm_closed_set_train
10415,dev/3fc1ecf57e7506d6582bfd6de6127a1e.wav,validation,SVM,vi-VN,63cfbea470ab1bba9db30082,exp_svm_spk_0010,Male,21,hãy chơi tic tac toe,hãy chơi [game_name : tic tac toe],['hãy' 'chơi' 'tic' 'tac' 'toe'],['Other' 'Other' 'game_name' 'game_name' 'game_name'],51,play_game,play,1.8,48000,1,True,SVM_CLOSED_SET,SVM_EXPERIMENTAL,4ba1a179a4c0ad40be407a35db546cd2ac311cc8d270d4995c0a9e262106085b,SVM_CLOSED_SET,TRAIN,svm_closed_set_train
10450,dev/94059975b83342ce144c7e94ffc3cbd5.wav,validation,SVM,vi-VN,63cfbea470ab1bba9db30082,exp_svm_spk_0010,Male,21,có gì trong danh sách mua sắm của tôi hôm nay,có gì trong danh sách [list_name : mua sắm] của tôi [date : hôm nay],['có' 'gì' 'trong' 'danh' 'sách' 'mua' 'sắm' 'của' 'tôi' 'hôm' 'nay'],"['Other' 'Other' 'Other' 'Other' 'Other' 'list_name' 'list_name' 'Other'
 'Other' 'date' 'date']",59,lists_query,lists,2.58,48000,1,True,SVM_CLOSED_SET,SVM_EXPERIMENTAL,86148c2694505c28ca961ebc27f27e1c6f7a993aa89f15ef02e15718735d3656,SVM_CLOSED_SET,TRAIN,svm_closed_set_train
5596,dev/355ce4e835e19ef6d04792983ada7a85.wav,validation,SVM,vi-VN,63cfbea470ab1bba9db30082,exp_svm_spk_0010,Male,21,burger king gần nhất,[business_name : burger king] gần nhất,['burger' 'king' 'gần' 'nhất'],['business_name' 'business_name' 'Other' 'Other'],16,takeaway_order,takeaway,1.5,48000,1,True,SVM_CLOSED_SET,SVM_EXPERIMENTAL,ab2ce25f3213ed7c09dc73ba482ad0a044355c2e940e7a7579c4cf419e41a7eb,SVM_CLOSED_SET,TRAIN,svm_closed_set_train
8333,dev/8a6eb767649a8a1dc9f5294e257329ec.wav,validation,SVM,vi-VN,63cfbea470ab1bba9db30082,exp_svm_spk_0010,Male,21,xoá mọi thứ khỏi lịch,xoá mọi thứ khỏi lịch,['xoá' 'mọi' 'thứ' 'khỏi' 'lịch'],['Other' 'Other' 'Other' 'Other' 'Other'],30,calendar_remove,calendar,1.62,48000,1,True,SVM_CLOSED_SET,SVM_EXPERIMENTAL,c1ffabede652a2d141af0ff08e81f8493d0538b1ad5b96584e8f70144b9ee12b,SVM_CLOSED_SET,TRAIN,svm_closed_set_train
3439,dev/e7bb780a3be25d53b90ed2ecf08f5b52.wav,validation,SVM,vi-VN,63cfbea470ab1bba9db30082,exp_svm_spk_0010,Male,21,bật danh sách phát các bài hát lãng mạn,bật [playlist_name : danh sách phát các bài hát lãng mạn],['bật' 'danh' 'sách' 'phát' 'các' 'bài' 'hát' 'lãng' 'mạn'],"['Other' 'playlist_name' 'playlist_name' 'playlist_name' 'playlist_name'
 'playlist_name' 'playlist_name' 'playlist_name' 'playlist_name']",45,play_music,play,4.26,48000,1,True,SVM_CLOSED_SET,SVM_EXPERIMENTAL,9e47976ae6646006c82c31c6b85da22f567b5eb196d1d7a27ef62351254607d8,SVM_CLOSED_SET,TRAIN,svm_closed_set_train
1216,dev/320ea137cc5060a67278f753c1d79ce9.wav,validation,SVM,vi-VN,63cfbea470ab1bba9db30082,exp_svm_spk_0010,Male,21,chỉnh phòng khách màu xanh dương,chỉnh [house_place : phòng khách] màu [color_type : xanh dương],['chỉnh' 'phòng' 'khách' 'màu' 'xanh' 'dương'],['Other' 'house_place' 'house_place' 'Other' 'color_type' 'color_type'],1,iot_hue_lightchange,iot,2.04,48000,1,True,SVM_CLOSED_SET,SVM_EXPERIMENTAL,f67df42a472c45510e07fe662d60b02c73e9e87eb44bcd8cf8258f19d0eba9ea,SVM_CLOSED_SET,TRAIN,svm_closed_set_train
