audio_id,speaker_id,protocol,split,role,embedding_path,file_exists,embedding_dim,dimension_ok,has_nan,is_zero_vector,l2_norm,l2_norm_ok,latency_ms,latency_ok,valid,issues
15725,exp_svm_spk_0001,SVM_CLOSED_SET,svm_closed_set_enrollment,SVM_EXPERIMENTAL,data/embeddings/v2/svm_closed_set/svm_closed_set_enrollment/15725.npy,true,192,true,false,false,1.00000000,true,813.147,true,true,
8372,exp_svm_spk_0001,SVM_CLOSED_SET,svm_closed_set_enrollment,SVM_EXPERIMENTAL,data/embeddings/v2/svm_closed_set/svm_closed_set_enrollment/8372.npy,true,192,true,false,false,0.99999994,true,1200.153,true,true,
16570,exp_svm_spk_0001,SVM_CLOSED_SET,svm_closed_set_enrollment,SVM_EXPERIMENTAL,data/embeddings/v2/svm_closed_set/svm_closed_set_enrollment/16570.npy,true,192,true,false,false,0.99999994,true,1700.324,true,true,
8072,exp_svm_spk_0001,SVM_CLOSED_SET,svm_closed_set_enrollment,SVM_EXPERIMENTAL,data/embeddings/v2/svm_closed_set/svm_closed_set_enrollment/8072.npy,true,192,true,false,false,0.99999994,true,2050.703,true,true,
13384,exp_svm_spk_0001,SVM_CLOSED_SET,svm_closed_set_enrollment,SVM_EXPERIMENTAL,data/embeddings/v2/svm_closed_set/svm_closed_set_enrollment/13384.npy,true,192,true,false,false,0.99999994,true,1248.854,true,true,
4723,exp_svm_spk_0002,SVM_CLOSED_SET,svm_closed_set_enrollment,SVM_EXPERIMENTAL,data/embeddings/v2/svm_closed_set/svm_closed_set_enrollment/4723.npy,true,192,true,false,false,0.99999988,true,2177.814,true,true,
10666,exp_svm_spk_0002,SVM_CLOSED_SET,svm_closed_set_enrollment,SVM_EXPERIMENTAL,data/embeddings/v2/svm_closed_set/svm_closed_set_enrollment/10666.npy,true,192,true,false,false,1.00000000,true,981.391,true,true,
10924,exp_svm_spk_0002,SVM_CLOSED_SET,svm_closed_set_enrollment,SVM_EXPERIMENTAL,data/embeddings/v2/svm_closed_set/svm_closed_set_enrollment/10924.npy,true,192,true,false,false,1.00000000,true,514.933,true,true,
12352,exp_svm_spk_0002,SVM_CLOSED_SET,svm_closed_set_enrollment,SVM_EXPERIMENTAL,data/embeddings/v2/svm_closed_set/svm_closed_set_enrollment/12352.npy,true,192,true,false,false,1.00000000,true,1133.690,true,true,
12715,exp_svm_spk_0002,SVM_CLOSED_SET,svm_closed_set_enrollment,SVM_EXPERIMENTAL,data/embeddings/v2/svm_closed_set/svm_closed_set_enrollment/12715.npy,true,192,true,false,false,1.00000000,true,521.771,true,true,
5666,exp_svm_spk_0003,SVM_CLOSED_SET,svm_closed_set_enrollment,SVM_EXPERIMENTAL,data/embeddings/v2/svm_closed_set/svm_closed_set_enrollment/5666.npy,true,192,true,false,false,1.00000000,true,3202.117,true,true,
12533,exp_svm_spk_0003,SVM_CLOSED_SET,svm_closed_set_enrollment,SVM_EXPERIMENTAL,data/embeddings/v2/svm_closed_set/svm_closed_set_enrollment/12533.npy,true,192,true,false,false,1.00000000,true,759.819,true,true,
4971,exp_svm_spk_0003,SVM_CLOSED_SET,svm_closed_set_enrollment,SVM_EXPERIMENTAL,data/embeddings/v2/svm_closed_set/svm_closed_set_enrollment/4971.npy,true,192,true,false,false,1.00000000,true,984.096,true,true,
16929,exp_svm_spk_0003,SVM_CLOSED_SET,svm_closed_set_enrollment,SVM_EXPERIMENTAL,data/embeddings/v2/svm_closed_set/svm_closed_set_enrollment/16929.npy,true,192,true,false,false,0.99999994,true,1695.355,true,true,
8788,exp_svm_spk_0003,SVM_CLOSED_SET,svm_closed_set_enrollment,SVM_EXPERIMENTAL,data/embeddings/v2/svm_closed_set/svm_closed_set_enrollment/8788.npy,true,192,true,false,false,1.00000000,true,1963.495,true,true,
3701,exp_svm_spk_0004,SVM_CLOSED_SET,svm_closed_set_enrollment,SVM_EXPERIMENTAL,data/embeddings/v2/svm_closed_set/svm_closed_set_enrollment/3701.npy,true,192,true,false,false,0.99999994,true,974.062,true,true,
8751,exp_svm_spk_0004,SVM_CLOSED_SET,svm_closed_set_enrollment,SVM_EXPERIMENTAL,data/embeddings/v2/svm_closed_set/svm_closed_set_enrollment/8751.npy,true,192,true,false,false,0.99999994,true,608.770,true,true,
2140,exp_svm_spk_0004,SVM_CLOSED_SET,svm_closed_set_enrollment,SVM_EXPERIMENTAL,data/embeddings/v2/svm_closed_set/svm_closed_set_enrollment/2140.npy,true,192,true,false,false,0.99999988,true,3251.800,true,true,
15294,exp_svm_spk_0004,SVM_CLOSED_SET,svm_closed_set_enrollment,SVM_EXPERIMENTAL,data/embeddings/v2/svm_closed_set/svm_closed_set_enrollment/15294.npy,true,192,true,false,false,1.00000000,true,1389.353,true,true,
10293,exp_svm_spk_0004,SVM_CLOSED_SET,svm_closed_set_enrollment,SVM_EXPERIMENTAL,data/embeddings/v2/svm_closed_set/svm_closed_set_enrollment/10293.npy,true,192,true,false,false,1.00000000,true,1046.214,true,true,
9736,exp_svm_spk_0005,SVM_CLOSED_SET,svm_closed_set_enrollment,SVM_EXPERIMENTAL,data/embeddings/v2/svm_closed_set/svm_closed_set_enrollment/9736.npy,true,192,true,false,false,0.99999994,true,908.652,true,true,
708,exp_svm_spk_0005,SVM_CLOSED_SET,svm_closed_set_enrollment,SVM_EXPERIMENTAL,data/embeddings/v2/svm_closed_set/svm_closed_set_enrollment/708.npy,true,192,true,false,false,1.00000000,true,1010.012,true,true,
15897,exp_svm_spk_0005,SVM_CLOSED_SET,svm_closed_set_enrollment,SVM_EXPERIMENTAL,data/embeddings/v2/svm_closed_set/svm_closed_set_enrollment/15897.npy,true,192,true,false,false,1.00000000,true,2317.257,true,true,
6132,exp_svm_spk_0005,SVM_CLOSED_SET,svm_closed_set_enrollment,SVM_EXPERIMENTAL,data/embeddings/v2/svm_closed_set/svm_closed_set_enrollment/6132.npy,true,192,true,false,false,0.99999994,true,1150.319,true,true,
2693,exp_svm_spk_0005,SVM_CLOSED_SET,svm_closed_set_enrollment,SVM_EXPERIMENTAL,data/embeddings/v2/svm_closed_set/svm_closed_set_enrollment/2693.npy,true,192,true,false,false,1.00000000,true,954.923,true,true,
9425,exp_svm_spk_0006,SVM_CLOSED_SET,svm_closed_set_enrollment,SVM_EXPERIMENTAL,data/embeddings/v2/svm_closed_set/svm_closed_set_enrollment/9425.npy,true,192,true,false,false,0.99999994,true,1787.696,true,true,
16840,exp_svm_spk_0006,SVM_CLOSED_SET,svm_closed_set_enrollment,SVM_EXPERIMENTAL,data/embeddings/v2/svm_closed_set/svm_closed_set_enrollment/16840.npy,true,192,true,false,false,1.00000000,true,660.072,true,true,
11608,exp_svm_spk_0006,SVM_CLOSED_SET,svm_closed_set_enrollment,SVM_EXPERIMENTAL,data/embeddings/v2/svm_closed_set/svm_closed_set_enrollment/11608.npy,true,192,true,false,false,1.00000000,true,1456.834,true,true,
2095,exp_svm_spk_0006,SVM_CLOSED_SET,svm_closed_set_enrollment,SVM_EXPERIMENTAL,data/embeddings/v2/svm_closed_set/svm_closed_set_enrollment/2095.npy,true,192,true,false,false,1.00000012,true,1688.073,true,true,
5636,exp_svm_spk_0006,SVM_CLOSED_SET,svm_closed_set_enrollment,SVM_EXPERIMENTAL,data/embeddings/v2/svm_closed_set/svm_closed_set_enrollment/5636.npy,true,192,true,false,false,1.00000000,true,2019.579,true,true,
15625,exp_svm_spk_0007,SVM_CLOSED_SET,svm_closed_set_enrollment,SVM_EXPERIMENTAL,data/embeddings/v2/svm_closed_set/svm_closed_set_enrollment/15625.npy,true,192,true,false,false,0.99999994,true,892.448,true,true,
12108,exp_svm_spk_0007,SVM_CLOSED_SET,svm_closed_set_enrollment,SVM_EXPERIMENTAL,data/embeddings/v2/svm_closed_set/svm_closed_set_enrollment/12108.npy,true,192,true,false,false,0.99999994,true,1965.816,true,true,
16161,exp_svm_spk_0007,SVM_CLOSED_SET,svm_closed_set_enrollment,SVM_EXPERIMENTAL,data/embeddings/v2/svm_closed_set/svm_closed_set_enrollment/16161.npy,true,192,true,false,false,1.00000000,true,1219.503,true,true,
9725,exp_svm_spk_0007,SVM_CLOSED_SET,svm_closed_set_enrollment,SVM_EXPERIMENTAL,data/embeddings/v2/svm_closed_set/svm_closed_set_enrollment/9725.npy,true,192,true,false,false,1.00000000,true,1927.100,true,true,
2520,exp_svm_spk_0007,SVM_CLOSED_SET,svm_closed_set_enrollment,SVM_EXPERIMENTAL,data/embeddings/v2/svm_closed_set/svm_closed_set_enrollment/2520.npy,true,192,true,false,false,0.99999994,true,2441.394,true,true,
271,exp_svm_spk_0009,SVM_CLOSED_SET,svm_closed_set_enrollment,SVM_EXPERIMENTAL,data/embeddings/v2/svm_closed_set/svm_closed_set_enrollment/271.npy,true,192,true,false,false,0.99999994,true,2396.007,true,true,
3973,exp_svm_spk_0009,SVM_CLOSED_SET,svm_closed_set_enrollment,SVM_EXPERIMENTAL,data/embeddings/v2/svm_closed_set/svm_closed_set_enrollment/3973.npy,true,192,true,false,false,1.00000000,true,4904.015,true,true,
14593,exp_svm_spk_0009,SVM_CLOSED_SET,svm_closed_set_enrollment,SVM_EXPERIMENTAL,data/embeddings/v2/svm_closed_set/svm_closed_set_enrollment/14593.npy,true,192,true,false,false,1.00000000,true,2228.143,true,true,
2879,exp_svm_spk_0009,SVM_CLOSED_SET,svm_closed_set_enrollment,SVM_EXPERIMENTAL,data/embeddings/v2/svm_closed_set/svm_closed_set_enrollment/2879.npy,true,192,true,false,false,0.99999994,true,3996.795,true,true,
5113,exp_svm_spk_0009,SVM_CLOSED_SET,svm_closed_set_enrollment,SVM_EXPERIMENTAL,data/embeddings/v2/svm_closed_set/svm_closed_set_enrollment/5113.npy,true,192,true,false,false,0.99999994,true,1519.601,true,true,
4317,exp_svm_spk_0010,SVM_CLOSED_SET,svm_closed_set_enrollment,SVM_EXPERIMENTAL,data/embeddings/v2/svm_closed_set/svm_closed_set_enrollment/4317.npy,true,192,true,false,false,1.00000000,true,1335.746,true,true,
4942,exp_svm_spk_0010,SVM_CLOSED_SET,svm_closed_set_enrollment,SVM_EXPERIMENTAL,data/embeddings/v2/svm_closed_set/svm_closed_set_enrollment/4942.npy,true,192,true,false,false,1.00000000,true,4489.657,true,true,
14868,exp_svm_spk_0010,SVM_CLOSED_SET,svm_closed_set_enrollment,SVM_EXPERIMENTAL,data/embeddings/v2/svm_closed_set/svm_closed_set_enrollment/14868.npy,true,192,true,false,false,1.00000000,true,946.031,true,true,
7893,exp_svm_spk_0010,SVM_CLOSED_SET,svm_closed_set_enrollment,SVM_EXPERIMENTAL,data/embeddings/v2/svm_closed_set/svm_closed_set_enrollment/7893.npy,true,192,true,false,false,0.99999994,true,1830.352,true,true,
1548,exp_svm_spk_0010,SVM_CLOSED_SET,svm_closed_set_enrollment,SVM_EXPERIMENTAL,data/embeddings/v2/svm_closed_set/svm_closed_set_enrollment/1548.npy,true,192,true,false,false,1.00000000,true,4321.159,true,true,
741,exp_svm_spk_0001,SVM_CLOSED_SET,svm_closed_set_train,SVM_EXPERIMENTAL,data/embeddings/v2/svm_closed_set/svm_closed_set_train/741.npy,true,192,true,false,false,0.99999994,true,838.625,true,true,
5015,exp_svm_spk_0001,SVM_CLOSED_SET,svm_closed_set_train,SVM_EXPERIMENTAL,data/embeddings/v2/svm_closed_set/svm_closed_set_train/5015.npy,true,192,true,false,false,1.00000000,true,1198.406,true,true,
12373,exp_svm_spk_0001,SVM_CLOSED_SET,svm_closed_set_train,SVM_EXPERIMENTAL,data/embeddings/v2/svm_closed_set/svm_closed_set_train/12373.npy,true,192,true,false,false,1.00000000,true,1199.202,true,true,
8089,exp_svm_spk_0001,SVM_CLOSED_SET,svm_closed_set_train,SVM_EXPERIMENTAL,data/embeddings/v2/svm_closed_set/svm_closed_set_train/8089.npy,true,192,true,false,false,1.00000000,true,513.608,true,true,
15812,exp_svm_spk_0001,SVM_CLOSED_SET,svm_closed_set_train,SVM_EXPERIMENTAL,data/embeddings/v2/svm_closed_set/svm_closed_set_train/15812.npy,true,192,true,false,false,1.00000000,true,2103.939,true,true,
8729,exp_svm_spk_0001,SVM_CLOSED_SET,svm_closed_set_train,SVM_EXPERIMENTAL,data/embeddings/v2/svm_closed_set/svm_closed_set_train/8729.npy,true,192,true,false,false,0.99999994,true,638.968,true,true,
15545,exp_svm_spk_0001,SVM_CLOSED_SET,svm_closed_set_train,SVM_EXPERIMENTAL,data/embeddings/v2/svm_closed_set/svm_closed_set_train/15545.npy,true,192,true,false,false,1.00000012,true,1699.796,true,true,
16991,exp_svm_spk_0001,SVM_CLOSED_SET,svm_closed_set_train,SVM_EXPERIMENTAL,data/embeddings/v2/svm_closed_set/svm_closed_set_train/16991.npy,true,192,true,false,false,1.00000000,true,1980.184,true,true,
10238,exp_svm_spk_0001,SVM_CLOSED_SET,svm_closed_set_train,SVM_EXPERIMENTAL,data/embeddings/v2/svm_closed_set/svm_closed_set_train/10238.npy,true,192,true,false,false,1.00000000,true,2116.312,true,true,
9215,exp_svm_spk_0001,SVM_CLOSED_SET,svm_closed_set_train,SVM_EXPERIMENTAL,data/embeddings/v2/svm_closed_set/svm_closed_set_train/9215.npy,true,192,true,false,false,1.00000000,true,1134.777,true,true,
12904,exp_svm_spk_0001,SVM_CLOSED_SET,svm_closed_set_train,SVM_EXPERIMENTAL,data/embeddings/v2/svm_closed_set/svm_closed_set_train/12904.npy,true,192,true,false,false,1.00000000,true,2270.620,true,true,
6898,exp_svm_spk_0001,SVM_CLOSED_SET,svm_closed_set_train,SVM_EXPERIMENTAL,data/embeddings/v2/svm_closed_set/svm_closed_set_train/6898.npy,true,192,true,false,false,0.99999994,true,2617.430,true,true,
10058,exp_svm_spk_0001,SVM_CLOSED_SET,svm_closed_set_train,SVM_EXPERIMENTAL,data/embeddings/v2/svm_closed_set/svm_closed_set_train/10058.npy,true,192,true,false,false,1.00000000,true,1070.388,true,true,
5982,exp_svm_spk_0001,SVM_CLOSED_SET,svm_closed_set_train,SVM_EXPERIMENTAL,data/embeddings/v2/svm_closed_set/svm_closed_set_train/5982.npy,true,192,true,false,false,1.00000000,true,1079.767,true,true,
15630,exp_svm_spk_0001,SVM_CLOSED_SET,svm_closed_set_train,SVM_EXPERIMENTAL,data/embeddings/v2/svm_closed_set/svm_closed_set_train/15630.npy,true,192,true,false,false,0.99999994,true,3107.870,true,true,
1211,exp_svm_spk_0001,SVM_CLOSED_SET,svm_closed_set_train,SVM_EXPERIMENTAL,data/embeddings/v2/svm_closed_set/svm_closed_set_train/1211.npy,true,192,true,false,false,1.00000000,true,2438.603,true,true,
2841,exp_svm_spk_0001,SVM_CLOSED_SET,svm_closed_set_train,SVM_EXPERIMENTAL,data/embeddings/v2/svm_closed_set/svm_closed_set_train/2841.npy,true,192,true,false,false,1.00000000,true,3333.351,true,true,
7279,exp_svm_spk_0001,SVM_CLOSED_SET,svm_closed_set_train,SVM_EXPERIMENTAL,data/embeddings/v2/svm_closed_set/svm_closed_set_train/7279.npy,true,192,true,false,false,1.00000000,true,2601.730,true,true,
12055,exp_svm_spk_0001,SVM_CLOSED_SET,svm_closed_set_train,SVM_EXPERIMENTAL,data/embeddings/v2/svm_closed_set/svm_closed_set_train/12055.npy,true,192,true,false,false,1.00000000,true,691.856,true,true,
16232,exp_svm_spk_0001,SVM_CLOSED_SET,svm_closed_set_train,SVM_EXPERIMENTAL,data/embeddings/v2/svm_closed_set/svm_closed_set_train/16232.npy,true,192,true,false,false,1.00000000,true,1936.964,true,true,
1888,exp_svm_spk_0001,SVM_CLOSED_SET,svm_closed_set_train,SVM_EXPERIMENTAL,data/embeddings/v2/svm_closed_set/svm_closed_set_train/1888.npy,true,192,true,false,false,1.00000000,true,1437.918,true,true,
6144,exp_svm_spk_0001,SVM_CLOSED_SET,svm_closed_set_train,SVM_EXPERIMENTAL,data/embeddings/v2/svm_closed_set/svm_closed_set_train/6144.npy,true,192,true,false,false,0.99999994,true,1003.124,true,true,
9965,exp_svm_spk_0001,SVM_CLOSED_SET,svm_closed_set_train,SVM_EXPERIMENTAL,data/embeddings/v2/svm_closed_set/svm_closed_set_train/9965.npy,true,192,true,false,false,0.99999994,true,887.412,true,true,
16322,exp_svm_spk_0001,SVM_CLOSED_SET,svm_closed_set_train,SVM_EXPERIMENTAL,data/embeddings/v2/svm_closed_set/svm_closed_set_train/16322.npy,true,192,true,false,false,1.00000000,true,1894.255,true,true,
12317,exp_svm_spk_0001,SVM_CLOSED_SET,svm_closed_set_train,SVM_EXPERIMENTAL,data/embeddings/v2/svm_closed_set/svm_closed_set_train/12317.npy,true,192,true,false,false,1.00000000,true,3627.681,true,true,
9340,exp_svm_spk_0001,SVM_CLOSED_SET,svm_closed_set_train,SVM_EXPERIMENTAL,data/embeddings/v2/svm_closed_set/svm_closed_set_train/9340.npy,true,192,true,false,false,1.00000000,true,723.999,true,true,
16699,exp_svm_spk_0001,SVM_CLOSED_SET,svm_closed_set_train,SVM_EXPERIMENTAL,data/embeddings/v2/svm_closed_set/svm_closed_set_train/16699.npy,true,192,true,false,false,1.00000000,true,1540.409,true,true,
5520,exp_svm_spk_0001,SVM_CLOSED_SET,svm_closed_set_train,SVM_EXPERIMENTAL,data/embeddings/v2/svm_closed_set/svm_closed_set_train/5520.npy,true,192,true,false,false,0.99999994,true,1324.806,true,true,
9817,exp_svm_spk_0001,SVM_CLOSED_SET,svm_closed_set_train,SVM_EXPERIMENTAL,data/embeddings/v2/svm_closed_set/svm_closed_set_train/9817.npy,true,192,true,false,false,1.00000000,true,1238.250,true,true,
16160,exp_svm_spk_0001,SVM_CLOSED_SET,svm_closed_set_train,SVM_EXPERIMENTAL,data/embeddings/v2/svm_closed_set/svm_closed_set_train/16160.npy,true,192,true,false,false,1.00000000,true,573.612,true,true,
6140,exp_svm_spk_0001,SVM_CLOSED_SET,svm_closed_set_train,SVM_EXPERIMENTAL,data/embeddings/v2/svm_closed_set/svm_closed_set_train/6140.npy,true,192,true,false,false,1.00000000,true,971.903,true,true,
14971,exp_svm_spk_0001,SVM_CLOSED_SET,svm_closed_set_train,SVM_EXPERIMENTAL,data/embeddings/v2/svm_closed_set/svm_closed_set_train/14971.npy,true,192,true,false,false,0.99999994,true,2825.014,true,true,
8463,exp_svm_spk_0001,SVM_CLOSED_SET,svm_closed_set_train,SVM_EXPERIMENTAL,data/embeddings/v2/svm_closed_set/svm_closed_set_train/8463.npy,true,192,true,false,false,0.99999994,true,2892.226,true,true,
5282,exp_svm_spk_0001,SVM_CLOSED_SET,svm_closed_set_train,SVM_EXPERIMENTAL,data/embeddings/v2/svm_closed_set/svm_closed_set_train/5282.npy,true,192,true,false,false,0.99999994,true,994.458,true,true,
1943,exp_svm_spk_0001,SVM_CLOSED_SET,svm_closed_set_train,SVM_EXPERIMENTAL,data/embeddings/v2/svm_closed_set/svm_closed_set_train/1943.npy,true,192,true,false,false,1.00000000,true,1589.560,true,true,
12303,exp_svm_spk_0001,SVM_CLOSED_SET,svm_closed_set_train,SVM_EXPERIMENTAL,data/embeddings/v2/svm_closed_set/svm_closed_set_train/12303.npy,true,192,true,false,false,1.00000000,true,3450.506,true,true,
5526,exp_svm_spk_0001,SVM_CLOSED_SET,svm_closed_set_train,SVM_EXPERIMENTAL,data/embeddings/v2/svm_closed_set/svm_closed_set_train/5526.npy,true,192,true,false,false,1.00000012,true,998.966,true,true,
15219,exp_svm_spk_0001,SVM_CLOSED_SET,svm_closed_set_train,SVM_EXPERIMENTAL,data/embeddings/v2/svm_closed_set/svm_closed_set_train/15219.npy,true,192,true,false,false,1.00000000,true,1260.304,true,true,
12439,exp_svm_spk_0001,SVM_CLOSED_SET,svm_closed_set_train,SVM_EXPERIMENTAL,data/embeddings/v2/svm_closed_set/svm_closed_set_train/12439.npy,true,192,true,false,false,0.99999994,true,1217.820,true,true,
5393,exp_svm_spk_0001,SVM_CLOSED_SET,svm_closed_set_train,SVM_EXPERIMENTAL,data/embeddings/v2/svm_closed_set/svm_closed_set_train/5393.npy,true,192,true,false,false,1.00000000,true,1044.210,true,true,
7201,exp_svm_spk_0001,SVM_CLOSED_SET,svm_closed_set_train,SVM_EXPERIMENTAL,data/embeddings/v2/svm_closed_set/svm_closed_set_train/7201.npy,true,192,true,false,false,0.99999994,true,865.296,true,true,
3528,exp_svm_spk_0001,SVM_CLOSED_SET,svm_closed_set_train,SVM_EXPERIMENTAL,data/embeddings/v2/svm_closed_set/svm_closed_set_train/3528.npy,true,192,true,false,false,1.00000000,true,2874.768,true,true,
13490,exp_svm_spk_0001,SVM_CLOSED_SET,svm_closed_set_train,SVM_EXPERIMENTAL,data/embeddings/v2/svm_closed_set/svm_closed_set_train/13490.npy,true,192,true,false,false,1.00000000,true,1835.347,true,true,
6908,exp_svm_spk_0001,SVM_CLOSED_SET,svm_closed_set_train,SVM_EXPERIMENTAL,data/embeddings/v2/svm_closed_set/svm_closed_set_train/6908.npy,true,192,true,false,false,1.00000000,true,1087.989,true,true,
5943,exp_svm_spk_0001,SVM_CLOSED_SET,svm_closed_set_train,SVM_EXPERIMENTAL,data/embeddings/v2/svm_closed_set/svm_closed_set_train/5943.npy,true,192,true,false,false,1.00000000,true,2203.630,true,true,
4129,exp_svm_spk_0001,SVM_CLOSED_SET,svm_closed_set_train,SVM_EXPERIMENTAL,data/embeddings/v2/svm_closed_set/svm_closed_set_train/4129.npy,true,192,true,false,false,1.00000000,true,1029.360,true,true,
13844,exp_svm_spk_0001,SVM_CLOSED_SET,svm_closed_set_train,SVM_EXPERIMENTAL,data/embeddings/v2/svm_closed_set/svm_closed_set_train/13844.npy,true,192,true,false,false,0.99999994,true,1476.712,true,true,
2851,exp_svm_spk_0001,SVM_CLOSED_SET,svm_closed_set_train,SVM_EXPERIMENTAL,data/embeddings/v2/svm_closed_set/svm_closed_set_train/2851.npy,true,192,true,false,false,1.00000000,true,2727.341,true,true,
15047,exp_svm_spk_0001,SVM_CLOSED_SET,svm_closed_set_train,SVM_EXPERIMENTAL,data/embeddings/v2/svm_closed_set/svm_closed_set_train/15047.npy,true,192,true,false,false,1.00000000,true,842.408,true,true,
10865,exp_svm_spk_0001,SVM_CLOSED_SET,svm_closed_set_train,SVM_EXPERIMENTAL,data/embeddings/v2/svm_closed_set/svm_closed_set_train/10865.npy,true,192,true,false,false,1.00000000,true,610.647,true,true,
2312,exp_svm_spk_0001,SVM_CLOSED_SET,svm_closed_set_train,SVM_EXPERIMENTAL,data/embeddings/v2/svm_closed_set/svm_closed_set_train/2312.npy,true,192,true,false,false,1.00000000,true,1019.561,true,true,
8491,exp_svm_spk_0001,SVM_CLOSED_SET,svm_closed_set_train,SVM_EXPERIMENTAL,data/embeddings/v2/svm_closed_set/svm_closed_set_train/8491.npy,true,192,true,false,false,0.99999994,true,3650.397,true,true,
5541,exp_svm_spk_0001,SVM_CLOSED_SET,svm_closed_set_train,SVM_EXPERIMENTAL,data/embeddings/v2/svm_closed_set/svm_closed_set_train/5541.npy,true,192,true,false,false,1.00000000,true,1006.512,true,true,
15207,exp_svm_spk_0001,SVM_CLOSED_SET,svm_closed_set_train,SVM_EXPERIMENTAL,data/embeddings/v2/svm_closed_set/svm_closed_set_train/15207.npy,true,192,true,false,false,1.00000000,true,853.435,true,true,
711,exp_svm_spk_0001,SVM_CLOSED_SET,svm_closed_set_train,SVM_EXPERIMENTAL,data/embeddings/v2/svm_closed_set/svm_closed_set_train/711.npy,true,192,true,false,false,0.99999994,true,1151.059,true,true,
8207,exp_svm_spk_0001,SVM_CLOSED_SET,svm_closed_set_train,SVM_EXPERIMENTAL,data/embeddings/v2/svm_closed_set/svm_closed_set_train/8207.npy,true,192,true,false,false,1.00000000,true,3418.489,true,true,
3589,exp_svm_spk_0001,SVM_CLOSED_SET,svm_closed_set_train,SVM_EXPERIMENTAL,data/embeddings/v2/svm_closed_set/svm_closed_set_train/3589.npy,true,192,true,false,false,1.00000000,true,838.873,true,true,
3712,exp_svm_spk_0001,SVM_CLOSED_SET,svm_closed_set_train,SVM_EXPERIMENTAL,data/embeddings/v2/svm_closed_set/svm_closed_set_train/3712.npy,true,192,true,false,false,1.00000000,true,2564.275,true,true,
6905,exp_svm_spk_0001,SVM_CLOSED_SET,svm_closed_set_train,SVM_EXPERIMENTAL,data/embeddings/v2/svm_closed_set/svm_closed_set_train/6905.npy,true,192,true,false,false,1.00000000,true,1370.685,true,true,
4822,exp_svm_spk_0001,SVM_CLOSED_SET,svm_closed_set_train,SVM_EXPERIMENTAL,data/embeddings/v2/svm_closed_set/svm_closed_set_train/4822.npy,true,192,true,false,false,1.00000000,true,1915.449,true,true,
13470,exp_svm_spk_0001,SVM_CLOSED_SET,svm_closed_set_train,SVM_EXPERIMENTAL,data/embeddings/v2/svm_closed_set/svm_closed_set_train/13470.npy,true,192,true,false,false,1.00000000,true,4473.356,true,true,
9189,exp_svm_spk_0001,SVM_CLOSED_SET,svm_closed_set_train,SVM_EXPERIMENTAL,data/embeddings/v2/svm_closed_set/svm_closed_set_train/9189.npy,true,192,true,false,false,1.00000000,true,656.677,true,true,
17102,exp_svm_spk_0001,SVM_CLOSED_SET,svm_closed_set_train,SVM_EXPERIMENTAL,data/embeddings/v2/svm_closed_set/svm_closed_set_train/17102.npy,true,192,true,false,false,1.00000000,true,572.814,true,true,
2003,exp_svm_spk_0001,SVM_CLOSED_SET,svm_closed_set_train,SVM_EXPERIMENTAL,data/embeddings/v2/svm_closed_set/svm_closed_set_train/2003.npy,true,192,true,false,false,1.00000000,true,581.245,true,true,
17017,exp_svm_spk_0001,SVM_CLOSED_SET,svm_closed_set_train,SVM_EXPERIMENTAL,data/embeddings/v2/svm_closed_set/svm_closed_set_train/17017.npy,true,192,true,false,false,1.00000000,true,2636.261,true,true,
7999,exp_svm_spk_0001,SVM_CLOSED_SET,svm_closed_set_train,SVM_EXPERIMENTAL,data/embeddings/v2/svm_closed_set/svm_closed_set_train/7999.npy,true,192,true,false,false,0.99999994,true,1634.634,true,true,
12107,exp_svm_spk_0001,SVM_CLOSED_SET,svm_closed_set_train,SVM_EXPERIMENTAL,data/embeddings/v2/svm_closed_set/svm_closed_set_train/12107.npy,true,192,true,false,false,1.00000000,true,3623.549,true,true,
8133,exp_svm_spk_0001,SVM_CLOSED_SET,svm_closed_set_train,SVM_EXPERIMENTAL,data/embeddings/v2/svm_closed_set/svm_closed_set_train/8133.npy,true,192,true,false,false,0.99999988,true,1029.630,true,true,
12950,exp_svm_spk_0001,SVM_CLOSED_SET,svm_closed_set_train,SVM_EXPERIMENTAL,data/embeddings/v2/svm_closed_set/svm_closed_set_train/12950.npy,true,192,true,false,false,1.00000000,true,1604.200,true,true,
11928,exp_svm_spk_0001,SVM_CLOSED_SET,svm_closed_set_train,SVM_EXPERIMENTAL,data/embeddings/v2/svm_closed_set/svm_closed_set_train/11928.npy,true,192,true,false,false,1.00000000,true,3119.117,true,true,
16512,exp_svm_spk_0001,SVM_CLOSED_SET,svm_closed_set_train,SVM_EXPERIMENTAL,data/embeddings/v2/svm_closed_set/svm_closed_set_train/16512.npy,true,192,true,false,false,0.99999988,true,2523.740,true,true,
15558,exp_svm_spk_0001,SVM_CLOSED_SET,svm_closed_set_train,SVM_EXPERIMENTAL,data/embeddings/v2/svm_closed_set/svm_closed_set_train/15558.npy,true,192,true,false,false,0.99999994,true,2056.236,true,true,
5476,exp_svm_spk_0002,SVM_CLOSED_SET,svm_closed_set_train,SVM_EXPERIMENTAL,data/embeddings/v2/svm_closed_set/svm_closed_set_train/5476.npy,true,192,true,false,false,0.99999994,true,618.309,true,true,
7345,exp_svm_spk_0002,SVM_CLOSED_SET,svm_closed_set_train,SVM_EXPERIMENTAL,data/embeddings/v2/svm_closed_set/svm_closed_set_train/7345.npy,true,192,true,false,false,1.00000000,true,1926.580,true,true,
6483,exp_svm_spk_0002,SVM_CLOSED_SET,svm_closed_set_train,SVM_EXPERIMENTAL,data/embeddings/v2/svm_closed_set/svm_closed_set_train/6483.npy,true,192,true,false,false,1.00000000,true,726.392,true,true,
11596,exp_svm_spk_0002,SVM_CLOSED_SET,svm_closed_set_train,SVM_EXPERIMENTAL,data/embeddings/v2/svm_closed_set/svm_closed_set_train/11596.npy,true,192,true,false,false,1.00000012,true,2308.490,true,true,
12593,exp_svm_spk_0002,SVM_CLOSED_SET,svm_closed_set_train,SVM_EXPERIMENTAL,data/embeddings/v2/svm_closed_set/svm_closed_set_train/12593.npy,true,192,true,false,false,1.00000000,true,1028.607,true,true,
12956,exp_svm_spk_0002,SVM_CLOSED_SET,svm_closed_set_train,SVM_EXPERIMENTAL,data/embeddings/v2/svm_closed_set/svm_closed_set_train/12956.npy,true,192,true,false,false,0.99999994,true,871.195,true,true,
11621,exp_svm_spk_0002,SVM_CLOSED_SET,svm_closed_set_train,SVM_EXPERIMENTAL,data/embeddings/v2/svm_closed_set/svm_closed_set_train/11621.npy,true,192,true,false,false,1.00000000,true,831.286,true,true,
13231,exp_svm_spk_0002,SVM_CLOSED_SET,svm_closed_set_train,SVM_EXPERIMENTAL,data/embeddings/v2/svm_closed_set/svm_closed_set_train/13231.npy,true,192,true,false,false,1.00000000,true,3247.387,true,true,
12891,exp_svm_spk_0002,SVM_CLOSED_SET,svm_closed_set_train,SVM_EXPERIMENTAL,data/embeddings/v2/svm_closed_set/svm_closed_set_train/12891.npy,true,192,true,false,false,1.00000012,true,1312.946,true,true,
3602,exp_svm_spk_0002,SVM_CLOSED_SET,svm_closed_set_train,SVM_EXPERIMENTAL,data/embeddings/v2/svm_closed_set/svm_closed_set_train/3602.npy,true,192,true,false,false,1.00000000,true,1600.293,true,true,
737,exp_svm_spk_0002,SVM_CLOSED_SET,svm_closed_set_train,SVM_EXPERIMENTAL,data/embeddings/v2/svm_closed_set/svm_closed_set_train/737.npy,true,192,true,false,false,1.00000000,true,1746.141,true,true,
13510,exp_svm_spk_0002,SVM_CLOSED_SET,svm_closed_set_train,SVM_EXPERIMENTAL,data/embeddings/v2/svm_closed_set/svm_closed_set_train/13510.npy,true,192,true,false,false,0.99999988,true,1782.285,true,true,
16303,exp_svm_spk_0002,SVM_CLOSED_SET,svm_closed_set_train,SVM_EXPERIMENTAL,data/embeddings/v2/svm_closed_set/svm_closed_set_train/16303.npy,true,192,true,false,false,1.00000000,true,1623.871,true,true,
16176,exp_svm_spk_0002,SVM_CLOSED_SET,svm_closed_set_train,SVM_EXPERIMENTAL,data/embeddings/v2/svm_closed_set/svm_closed_set_train/16176.npy,true,192,true,false,false,1.00000000,true,1104.478,true,true,
74,exp_svm_spk_0002,SVM_CLOSED_SET,svm_closed_set_train,SVM_EXPERIMENTAL,data/embeddings/v2/svm_closed_set/svm_closed_set_train/74.npy,true,192,true,false,false,1.00000000,true,1273.383,true,true,
12886,exp_svm_spk_0002,SVM_CLOSED_SET,svm_closed_set_train,SVM_EXPERIMENTAL,data/embeddings/v2/svm_closed_set/svm_closed_set_train/12886.npy,true,192,true,false,false,1.00000000,true,1993.588,true,true,
3865,exp_svm_spk_0002,SVM_CLOSED_SET,svm_closed_set_train,SVM_EXPERIMENTAL,data/embeddings/v2/svm_closed_set/svm_closed_set_train/3865.npy,true,192,true,false,false,1.00000000,true,1179.004,true,true,
8755,exp_svm_spk_0002,SVM_CLOSED_SET,svm_closed_set_train,SVM_EXPERIMENTAL,data/embeddings/v2/svm_closed_set/svm_closed_set_train/8755.npy,true,192,true,false,false,1.00000000,true,2784.717,true,true,
15215,exp_svm_spk_0002,SVM_CLOSED_SET,svm_closed_set_train,SVM_EXPERIMENTAL,data/embeddings/v2/svm_closed_set/svm_closed_set_train/15215.npy,true,192,true,false,false,0.99999994,true,1095.011,true,true,
8446,exp_svm_spk_0002,SVM_CLOSED_SET,svm_closed_set_train,SVM_EXPERIMENTAL,data/embeddings/v2/svm_closed_set/svm_closed_set_train/8446.npy,true,192,true,false,false,1.00000000,true,1915.297,true,true,
11169,exp_svm_spk_0002,SVM_CLOSED_SET,svm_closed_set_train,SVM_EXPERIMENTAL,data/embeddings/v2/svm_closed_set/svm_closed_set_train/11169.npy,true,192,true,false,false,0.99999994,true,1674.927,true,true,
6603,exp_svm_spk_0002,SVM_CLOSED_SET,svm_closed_set_train,SVM_EXPERIMENTAL,data/embeddings/v2/svm_closed_set/svm_closed_set_train/6603.npy,true,192,true,false,false,0.99999994,true,1203.633,true,true,
5064,exp_svm_spk_0002,SVM_CLOSED_SET,svm_closed_set_train,SVM_EXPERIMENTAL,data/embeddings/v2/svm_closed_set/svm_closed_set_train/5064.npy,true,192,true,false,false,1.00000000,true,850.504,true,true,
10412,exp_svm_spk_0002,SVM_CLOSED_SET,svm_closed_set_train,SVM_EXPERIMENTAL,data/embeddings/v2/svm_closed_set/svm_closed_set_train/10412.npy,true,192,true,false,false,0.99999994,true,971.009,true,true,
5684,exp_svm_spk_0002,SVM_CLOSED_SET,svm_closed_set_train,SVM_EXPERIMENTAL,data/embeddings/v2/svm_closed_set/svm_closed_set_train/5684.npy,true,192,true,false,false,1.00000000,true,565.698,true,true,
11699,exp_svm_spk_0002,SVM_CLOSED_SET,svm_closed_set_train,SVM_EXPERIMENTAL,data/embeddings/v2/svm_closed_set/svm_closed_set_train/11699.npy,true,192,true,false,false,1.00000012,true,1815.422,true,true,
1210,exp_svm_spk_0002,SVM_CLOSED_SET,svm_closed_set_train,SVM_EXPERIMENTAL,data/embeddings/v2/svm_closed_set/svm_closed_set_train/1210.npy,true,192,true,false,false,0.99999988,true,747.198,true,true,
5094,exp_svm_spk_0002,SVM_CLOSED_SET,svm_closed_set_train,SVM_EXPERIMENTAL,data/embeddings/v2/svm_closed_set/svm_closed_set_train/5094.npy,true,192,true,false,false,1.00000000,true,549.223,true,true,
16249,exp_svm_spk_0002,SVM_CLOSED_SET,svm_closed_set_train,SVM_EXPERIMENTAL,data/embeddings/v2/svm_closed_set/svm_closed_set_train/16249.npy,true,192,true,false,false,1.00000000,true,1084.154,true,true,
4697,exp_svm_spk_0002,SVM_CLOSED_SET,svm_closed_set_train,SVM_EXPERIMENTAL,data/embeddings/v2/svm_closed_set/svm_closed_set_train/4697.npy,true,192,true,false,false,1.00000000,true,655.572,true,true,
11509,exp_svm_spk_0002,SVM_CLOSED_SET,svm_closed_set_train,SVM_EXPERIMENTAL,data/embeddings/v2/svm_closed_set/svm_closed_set_train/11509.npy,true,192,true,false,false,1.00000000,true,759.756,true,true,
14764,exp_svm_spk_0002,SVM_CLOSED_SET,svm_closed_set_train,SVM_EXPERIMENTAL,data/embeddings/v2/svm_closed_set/svm_closed_set_train/14764.npy,true,192,true,false,false,1.00000000,true,813.023,true,true,
14774,exp_svm_spk_0002,SVM_CLOSED_SET,svm_closed_set_train,SVM_EXPERIMENTAL,data/embeddings/v2/svm_closed_set/svm_closed_set_train/14774.npy,true,192,true,false,false,1.00000000,true,1166.545,true,true,
5990,exp_svm_spk_0002,SVM_CLOSED_SET,svm_closed_set_train,SVM_EXPERIMENTAL,data/embeddings/v2/svm_closed_set/svm_closed_set_train/5990.npy,true,192,true,false,false,0.99999988,true,741.079,true,true,
15301,exp_svm_spk_0002,SVM_CLOSED_SET,svm_closed_set_train,SVM_EXPERIMENTAL,data/embeddings/v2/svm_closed_set/svm_closed_set_train/15301.npy,true,192,true,false,false,1.00000000,true,864.838,true,true,
1327,exp_svm_spk_0002,SVM_CLOSED_SET,svm_closed_set_train,SVM_EXPERIMENTAL,data/embeddings/v2/svm_closed_set/svm_closed_set_train/1327.npy,true,192,true,false,false,0.99999994,true,1936.814,true,true,
6985,exp_svm_spk_0002,SVM_CLOSED_SET,svm_closed_set_train,SVM_EXPERIMENTAL,data/embeddings/v2/svm_closed_set/svm_closed_set_train/6985.npy,true,192,true,false,false,0.99999994,true,2224.010,true,true,
12438,exp_svm_spk_0002,SVM_CLOSED_SET,svm_closed_set_train,SVM_EXPERIMENTAL,data/embeddings/v2/svm_closed_set/svm_closed_set_train/12438.npy,true,192,true,false,false,1.00000000,true,697.724,true,true,
15903,exp_svm_spk_0002,SVM_CLOSED_SET,svm_closed_set_train,SVM_EXPERIMENTAL,data/embeddings/v2/svm_closed_set/svm_closed_set_train/15903.npy,true,192,true,false,false,1.00000000,true,776.122,true,true,
6482,exp_svm_spk_0002,SVM_CLOSED_SET,svm_closed_set_train,SVM_EXPERIMENTAL,data/embeddings/v2/svm_closed_set/svm_closed_set_train/6482.npy,true,192,true,false,false,1.00000000,true,1177.651,true,true,
803,exp_svm_spk_0002,SVM_CLOSED_SET,svm_closed_set_train,SVM_EXPERIMENTAL,data/embeddings/v2/svm_closed_set/svm_closed_set_train/803.npy,true,192,true,false,false,0.99999988,true,721.119,true,true,
10138,exp_svm_spk_0002,SVM_CLOSED_SET,svm_closed_set_train,SVM_EXPERIMENTAL,data/embeddings/v2/svm_closed_set/svm_closed_set_train/10138.npy,true,192,true,false,false,1.00000000,true,1537.182,true,true,
5567,exp_svm_spk_0002,SVM_CLOSED_SET,svm_closed_set_train,SVM_EXPERIMENTAL,data/embeddings/v2/svm_closed_set/svm_closed_set_train/5567.npy,true,192,true,false,false,1.00000000,true,1214.206,true,true,
8938,exp_svm_spk_0002,SVM_CLOSED_SET,svm_closed_set_train,SVM_EXPERIMENTAL,data/embeddings/v2/svm_closed_set/svm_closed_set_train/8938.npy,true,192,true,false,false,1.00000000,true,1051.395,true,true,
12178,exp_svm_spk_0002,SVM_CLOSED_SET,svm_closed_set_train,SVM_EXPERIMENTAL,data/embeddings/v2/svm_closed_set/svm_closed_set_train/12178.npy,true,192,true,false,false,1.00000000,true,1381.771,true,true,
10037,exp_svm_spk_0002,SVM_CLOSED_SET,svm_closed_set_train,SVM_EXPERIMENTAL,data/embeddings/v2/svm_closed_set/svm_closed_set_train/10037.npy,true,192,true,false,false,1.00000000,true,1365.343,true,true,
5968,exp_svm_spk_0002,SVM_CLOSED_SET,svm_closed_set_train,SVM_EXPERIMENTAL,data/embeddings/v2/svm_closed_set/svm_closed_set_train/5968.npy,true,192,true,false,false,1.00000000,true,2668.240,true,true,
16244,exp_svm_spk_0002,SVM_CLOSED_SET,svm_closed_set_train,SVM_EXPERIMENTAL,data/embeddings/v2/svm_closed_set/svm_closed_set_train/16244.npy,true,192,true,false,false,0.99999994,true,784.965,true,true,
15319,exp_svm_spk_0002,SVM_CLOSED_SET,svm_closed_set_train,SVM_EXPERIMENTAL,data/embeddings/v2/svm_closed_set/svm_closed_set_train/15319.npy,true,192,true,false,false,1.00000000,true,431.677,true,true,
15272,exp_svm_spk_0002,SVM_CLOSED_SET,svm_closed_set_train,SVM_EXPERIMENTAL,data/embeddings/v2/svm_closed_set/svm_closed_set_train/15272.npy,true,192,true,false,false,0.99999994,true,1316.847,true,true,
2157,exp_svm_spk_0002,SVM_CLOSED_SET,svm_closed_set_train,SVM_EXPERIMENTAL,data/embeddings/v2/svm_closed_set/svm_closed_set_train/2157.npy,true,192,true,false,false,1.00000000,true,1404.954,true,true,
9325,exp_svm_spk_0002,SVM_CLOSED_SET,svm_closed_set_train,SVM_EXPERIMENTAL,data/embeddings/v2/svm_closed_set/svm_closed_set_train/9325.npy,true,192,true,false,false,0.99999994,true,573.119,true,true,
11849,exp_svm_spk_0002,SVM_CLOSED_SET,svm_closed_set_train,SVM_EXPERIMENTAL,data/embeddings/v2/svm_closed_set/svm_closed_set_train/11849.npy,true,192,true,false,false,0.99999994,true,1057.967,true,true,
4501,exp_svm_spk_0002,SVM_CLOSED_SET,svm_closed_set_train,SVM_EXPERIMENTAL,data/embeddings/v2/svm_closed_set/svm_closed_set_train/4501.npy,true,192,true,false,false,1.00000000,true,1516.738,true,true,
13063,exp_svm_spk_0002,SVM_CLOSED_SET,svm_closed_set_train,SVM_EXPERIMENTAL,data/embeddings/v2/svm_closed_set/svm_closed_set_train/13063.npy,true,192,true,false,false,1.00000000,true,1720.283,true,true,
13139,exp_svm_spk_0002,SVM_CLOSED_SET,svm_closed_set_train,SVM_EXPERIMENTAL,data/embeddings/v2/svm_closed_set/svm_closed_set_train/13139.npy,true,192,true,false,false,0.99999994,true,569.364,true,true,
10627,exp_svm_spk_0002,SVM_CLOSED_SET,svm_closed_set_train,SVM_EXPERIMENTAL,data/embeddings/v2/svm_closed_set/svm_closed_set_train/10627.npy,true,192,true,false,false,1.00000000,true,1111.988,true,true,
13011,exp_svm_spk_0002,SVM_CLOSED_SET,svm_closed_set_train,SVM_EXPERIMENTAL,data/embeddings/v2/svm_closed_set/svm_closed_set_train/13011.npy,true,192,true,false,false,0.99999994,true,1199.232,true,true,
582,exp_svm_spk_0002,SVM_CLOSED_SET,svm_closed_set_train,SVM_EXPERIMENTAL,data/embeddings/v2/svm_closed_set/svm_closed_set_train/582.npy,true,192,true,false,false,0.99999994,true,1048.536,true,true,
16214,exp_svm_spk_0002,SVM_CLOSED_SET,svm_closed_set_train,SVM_EXPERIMENTAL,data/embeddings/v2/svm_closed_set/svm_closed_set_train/16214.npy,true,192,true,false,false,1.00000000,true,1430.677,true,true,
8863,exp_svm_spk_0002,SVM_CLOSED_SET,svm_closed_set_train,SVM_EXPERIMENTAL,data/embeddings/v2/svm_closed_set/svm_closed_set_train/8863.npy,true,192,true,false,false,0.99999994,true,1093.647,true,true,
11332,exp_svm_spk_0002,SVM_CLOSED_SET,svm_closed_set_train,SVM_EXPERIMENTAL,data/embeddings/v2/svm_closed_set/svm_closed_set_train/11332.npy,true,192,true,false,false,0.99999994,true,1170.666,true,true,
15388,exp_svm_spk_0002,SVM_CLOSED_SET,svm_closed_set_train,SVM_EXPERIMENTAL,data/embeddings/v2/svm_closed_set/svm_closed_set_train/15388.npy,true,192,true,false,false,1.00000000,true,776.440,true,true,
11324,exp_svm_spk_0002,SVM_CLOSED_SET,svm_closed_set_train,SVM_EXPERIMENTAL,data/embeddings/v2/svm_closed_set/svm_closed_set_train/11324.npy,true,192,true,false,false,1.00000000,true,535.606,true,true,
15583,exp_svm_spk_0002,SVM_CLOSED_SET,svm_closed_set_train,SVM_EXPERIMENTAL,data/embeddings/v2/svm_closed_set/svm_closed_set_train/15583.npy,true,192,true,false,false,1.00000000,true,1110.776,true,true,
13038,exp_svm_spk_0002,SVM_CLOSED_SET,svm_closed_set_train,SVM_EXPERIMENTAL,data/embeddings/v2/svm_closed_set/svm_closed_set_train/13038.npy,true,192,true,false,false,0.99999994,true,1785.612,true,true,
112,exp_svm_spk_0002,SVM_CLOSED_SET,svm_closed_set_train,SVM_EXPERIMENTAL,data/embeddings/v2/svm_closed_set/svm_closed_set_train/112.npy,true,192,true,false,false,1.00000000,true,1415.984,true,true,
3340,exp_svm_spk_0002,SVM_CLOSED_SET,svm_closed_set_train,SVM_EXPERIMENTAL,data/embeddings/v2/svm_closed_set/svm_closed_set_train/3340.npy,true,192,true,false,false,1.00000012,true,1665.421,true,true,
9778,exp_svm_spk_0002,SVM_CLOSED_SET,svm_closed_set_train,SVM_EXPERIMENTAL,data/embeddings/v2/svm_closed_set/svm_closed_set_train/9778.npy,true,192,true,false,false,1.00000000,true,1477.947,true,true,
8323,exp_svm_spk_0002,SVM_CLOSED_SET,svm_closed_set_train,SVM_EXPERIMENTAL,data/embeddings/v2/svm_closed_set/svm_closed_set_train/8323.npy,true,192,true,false,false,0.99999994,true,664.762,true,true,
15695,exp_svm_spk_0002,SVM_CLOSED_SET,svm_closed_set_train,SVM_EXPERIMENTAL,data/embeddings/v2/svm_closed_set/svm_closed_set_train/15695.npy,true,192,true,false,false,1.00000000,true,1445.468,true,true,
7804,exp_svm_spk_0003,SVM_CLOSED_SET,svm_closed_set_train,SVM_EXPERIMENTAL,data/embeddings/v2/svm_closed_set/svm_closed_set_train/7804.npy,true,192,true,false,false,1.00000000,true,1620.163,true,true,
6675,exp_svm_spk_0003,SVM_CLOSED_SET,svm_closed_set_train,SVM_EXPERIMENTAL,data/embeddings/v2/svm_closed_set/svm_closed_set_train/6675.npy,true,192,true,false,false,1.00000000,true,1834.139,true,true,
10301,exp_svm_spk_0003,SVM_CLOSED_SET,svm_closed_set_train,SVM_EXPERIMENTAL,data/embeddings/v2/svm_closed_set/svm_closed_set_train/10301.npy,true,192,true,false,false,0.99999988,true,1125.850,true,true,
13185,exp_svm_spk_0003,SVM_CLOSED_SET,svm_closed_set_train,SVM_EXPERIMENTAL,data/embeddings/v2/svm_closed_set/svm_closed_set_train/13185.npy,true,192,true,false,false,1.00000000,true,1396.639,true,true,
12872,exp_svm_spk_0003,SVM_CLOSED_SET,svm_closed_set_train,SVM_EXPERIMENTAL,data/embeddings/v2/svm_closed_set/svm_closed_set_train/12872.npy,true,192,true,false,false,1.00000000,true,1435.429,true,true,
3123,exp_svm_spk_0003,SVM_CLOSED_SET,svm_closed_set_train,SVM_EXPERIMENTAL,data/embeddings/v2/svm_closed_set/svm_closed_set_train/3123.npy,true,192,true,false,false,1.00000000,true,941.946,true,true,
1678,exp_svm_spk_0003,SVM_CLOSED_SET,svm_closed_set_train,SVM_EXPERIMENTAL,data/embeddings/v2/svm_closed_set/svm_closed_set_train/1678.npy,true,192,true,false,false,1.00000000,true,2616.545,true,true,
2932,exp_svm_spk_0003,SVM_CLOSED_SET,svm_closed_set_train,SVM_EXPERIMENTAL,data/embeddings/v2/svm_closed_set/svm_closed_set_train/2932.npy,true,192,true,false,false,0.99999994,true,1370.334,true,true,
9593,exp_svm_spk_0003,SVM_CLOSED_SET,svm_closed_set_train,SVM_EXPERIMENTAL,data/embeddings/v2/svm_closed_set/svm_closed_set_train/9593.npy,true,192,true,false,false,1.00000000,true,2166.998,true,true,
9816,exp_svm_spk_0003,SVM_CLOSED_SET,svm_closed_set_train,SVM_EXPERIMENTAL,data/embeddings/v2/svm_closed_set/svm_closed_set_train/9816.npy,true,192,true,false,false,1.00000000,true,1245.953,true,true,
2814,exp_svm_spk_0003,SVM_CLOSED_SET,svm_closed_set_train,SVM_EXPERIMENTAL,data/embeddings/v2/svm_closed_set/svm_closed_set_train/2814.npy,true,192,true,false,false,1.00000000,true,1028.904,true,true,
8802,exp_svm_spk_0003,SVM_CLOSED_SET,svm_closed_set_train,SVM_EXPERIMENTAL,data/embeddings/v2/svm_closed_set/svm_closed_set_train/8802.npy,true,192,true,false,false,1.00000000,true,639.654,true,true,
8046,exp_svm_spk_0003,SVM_CLOSED_SET,svm_closed_set_train,SVM_EXPERIMENTAL,data/embeddings/v2/svm_closed_set/svm_closed_set_train/8046.npy,true,192,true,false,false,1.00000000,true,1815.722,true,true,
7620,exp_svm_spk_0003,SVM_CLOSED_SET,svm_closed_set_train,SVM_EXPERIMENTAL,data/embeddings/v2/svm_closed_set/svm_closed_set_train/7620.npy,true,192,true,false,false,0.99999994,true,1178.735,true,true,
2419,exp_svm_spk_0003,SVM_CLOSED_SET,svm_closed_set_train,SVM_EXPERIMENTAL,data/embeddings/v2/svm_closed_set/svm_closed_set_train/2419.npy,true,192,true,false,false,1.00000000,true,1875.632,true,true,
11740,exp_svm_spk_0003,SVM_CLOSED_SET,svm_closed_set_train,SVM_EXPERIMENTAL,data/embeddings/v2/svm_closed_set/svm_closed_set_train/11740.npy,true,192,true,false,false,0.99999994,true,739.767,true,true,
2467,exp_svm_spk_0003,SVM_CLOSED_SET,svm_closed_set_train,SVM_EXPERIMENTAL,data/embeddings/v2/svm_closed_set/svm_closed_set_train/2467.npy,true,192,true,false,false,1.00000000,true,1704.063,true,true,
3954,exp_svm_spk_0003,SVM_CLOSED_SET,svm_closed_set_train,SVM_EXPERIMENTAL,data/embeddings/v2/svm_closed_set/svm_closed_set_train/3954.npy,true,192,true,false,false,1.00000000,true,1129.350,true,true,
12076,exp_svm_spk_0003,SVM_CLOSED_SET,svm_closed_set_train,SVM_EXPERIMENTAL,data/embeddings/v2/svm_closed_set/svm_closed_set_train/12076.npy,true,192,true,false,false,0.99999994,true,2203.526,true,true,
9004,exp_svm_spk_0003,SVM_CLOSED_SET,svm_closed_set_train,SVM_EXPERIMENTAL,data/embeddings/v2/svm_closed_set/svm_closed_set_train/9004.npy,true,192,true,false,false,1.00000000,true,1540.729,true,true,
9822,exp_svm_spk_0003,SVM_CLOSED_SET,svm_closed_set_train,SVM_EXPERIMENTAL,data/embeddings/v2/svm_closed_set/svm_closed_set_train/9822.npy,true,192,true,false,false,1.00000000,true,1882.344,true,true,
3242,exp_svm_spk_0003,SVM_CLOSED_SET,svm_closed_set_train,SVM_EXPERIMENTAL,data/embeddings/v2/svm_closed_set/svm_closed_set_train/3242.npy,true,192,true,false,false,0.99999994,true,1063.142,true,true,
12505,exp_svm_spk_0003,SVM_CLOSED_SET,svm_closed_set_train,SVM_EXPERIMENTAL,data/embeddings/v2/svm_closed_set/svm_closed_set_train/12505.npy,true,192,true,false,false,1.00000000,true,1771.554,true,true,
10143,exp_svm_spk_0003,SVM_CLOSED_SET,svm_closed_set_train,SVM_EXPERIMENTAL,data/embeddings/v2/svm_closed_set/svm_closed_set_train/10143.npy,true,192,true,false,false,1.00000000,true,1473.983,true,true,
1027,exp_svm_spk_0003,SVM_CLOSED_SET,svm_closed_set_train,SVM_EXPERIMENTAL,data/embeddings/v2/svm_closed_set/svm_closed_set_train/1027.npy,true,192,true,false,false,1.00000000,true,1303.923,true,true,
2009,exp_svm_spk_0003,SVM_CLOSED_SET,svm_closed_set_train,SVM_EXPERIMENTAL,data/embeddings/v2/svm_closed_set/svm_closed_set_train/2009.npy,true,192,true,false,false,1.00000000,true,1820.702,true,true,
8101,exp_svm_spk_0003,SVM_CLOSED_SET,svm_closed_set_train,SVM_EXPERIMENTAL,data/embeddings/v2/svm_closed_set/svm_closed_set_train/8101.npy,true,192,true,false,false,1.00000000,true,1317.294,true,true,
17121,exp_svm_spk_0003,SVM_CLOSED_SET,svm_closed_set_train,SVM_EXPERIMENTAL,data/embeddings/v2/svm_closed_set/svm_closed_set_train/17121.npy,true,192,true,false,false,1.00000000,true,2040.957,true,true,
16709,exp_svm_spk_0003,SVM_CLOSED_SET,svm_closed_set_train,SVM_EXPERIMENTAL,data/embeddings/v2/svm_closed_set/svm_closed_set_train/16709.npy,true,192,true,false,false,1.00000000,true,1712.970,true,true,
14346,exp_svm_spk_0003,SVM_CLOSED_SET,svm_closed_set_train,SVM_EXPERIMENTAL,data/embeddings/v2/svm_closed_set/svm_closed_set_train/14346.npy,true,192,true,false,false,0.99999994,true,1480.653,true,true,
2187,exp_svm_spk_0003,SVM_CLOSED_SET,svm_closed_set_train,SVM_EXPERIMENTAL,data/embeddings/v2/svm_closed_set/svm_closed_set_train/2187.npy,true,192,true,false,false,1.00000000,true,1836.802,true,true,
16723,exp_svm_spk_0003,SVM_CLOSED_SET,svm_closed_set_train,SVM_EXPERIMENTAL,data/embeddings/v2/svm_closed_set/svm_closed_set_train/16723.npy,true,192,true,false,false,1.00000000,true,1583.783,true,true,
14819,exp_svm_spk_0003,SVM_CLOSED_SET,svm_closed_set_train,SVM_EXPERIMENTAL,data/embeddings/v2/svm_closed_set/svm_closed_set_train/14819.npy,true,192,true,false,false,1.00000000,true,1283.042,true,true,
6044,exp_svm_spk_0003,SVM_CLOSED_SET,svm_closed_set_train,SVM_EXPERIMENTAL,data/embeddings/v2/svm_closed_set/svm_closed_set_train/6044.npy,true,192,true,false,false,1.00000000,true,1671.339,true,true,
345,exp_svm_spk_0003,SVM_CLOSED_SET,svm_closed_set_train,SVM_EXPERIMENTAL,data/embeddings/v2/svm_closed_set/svm_closed_set_train/345.npy,true,192,true,false,false,1.00000000,true,1455.174,true,true,
10017,exp_svm_spk_0003,SVM_CLOSED_SET,svm_closed_set_train,SVM_EXPERIMENTAL,data/embeddings/v2/svm_closed_set/svm_closed_set_train/10017.npy,true,192,true,false,false,1.00000000,true,1029.912,true,true,
5782,exp_svm_spk_0003,SVM_CLOSED_SET,svm_closed_set_train,SVM_EXPERIMENTAL,data/embeddings/v2/svm_closed_set/svm_closed_set_train/5782.npy,true,192,true,false,false,1.00000000,true,889.798,true,true,
9968,exp_svm_spk_0003,SVM_CLOSED_SET,svm_closed_set_train,SVM_EXPERIMENTAL,data/embeddings/v2/svm_closed_set/svm_closed_set_train/9968.npy,true,192,true,false,false,0.99999994,true,1942.899,true,true,
4538,exp_svm_spk_0003,SVM_CLOSED_SET,svm_closed_set_train,SVM_EXPERIMENTAL,data/embeddings/v2/svm_closed_set/svm_closed_set_train/4538.npy,true,192,true,false,false,1.00000000,true,1796.729,true,true,
11654,exp_svm_spk_0003,SVM_CLOSED_SET,svm_closed_set_train,SVM_EXPERIMENTAL,data/embeddings/v2/svm_closed_set/svm_closed_set_train/11654.npy,true,192,true,false,false,1.00000000,true,2462.718,true,true,
53,exp_svm_spk_0003,SVM_CLOSED_SET,svm_closed_set_train,SVM_EXPERIMENTAL,data/embeddings/v2/svm_closed_set/svm_closed_set_train/53.npy,true,192,true,false,false,1.00000000,true,2884.861,true,true,
9874,exp_svm_spk_0003,SVM_CLOSED_SET,svm_closed_set_train,SVM_EXPERIMENTAL,data/embeddings/v2/svm_closed_set/svm_closed_set_train/9874.npy,true,192,true,false,false,1.00000000,true,1858.342,true,true,
689,exp_svm_spk_0003,SVM_CLOSED_SET,svm_closed_set_train,SVM_EXPERIMENTAL,data/embeddings/v2/svm_closed_set/svm_closed_set_train/689.npy,true,192,true,false,false,1.00000000,true,1947.572,true,true,
8800,exp_svm_spk_0003,SVM_CLOSED_SET,svm_closed_set_train,SVM_EXPERIMENTAL,data/embeddings/v2/svm_closed_set/svm_closed_set_train/8800.npy,true,192,true,false,false,0.99999994,true,1420.259,true,true,
11906,exp_svm_spk_0003,SVM_CLOSED_SET,svm_closed_set_train,SVM_EXPERIMENTAL,data/embeddings/v2/svm_closed_set/svm_closed_set_train/11906.npy,true,192,true,false,false,1.00000000,true,972.263,true,true,
4603,exp_svm_spk_0003,SVM_CLOSED_SET,svm_closed_set_train,SVM_EXPERIMENTAL,data/embeddings/v2/svm_closed_set/svm_closed_set_train/4603.npy,true,192,true,false,false,0.99999994,true,1186.025,true,true,
15379,exp_svm_spk_0003,SVM_CLOSED_SET,svm_closed_set_train,SVM_EXPERIMENTAL,data/embeddings/v2/svm_closed_set/svm_closed_set_train/15379.npy,true,192,true,false,false,1.00000000,true,1594.479,true,true,
15863,exp_svm_spk_0003,SVM_CLOSED_SET,svm_closed_set_train,SVM_EXPERIMENTAL,data/embeddings/v2/svm_closed_set/svm_closed_set_train/15863.npy,true,192,true,false,false,1.00000000,true,2061.753,true,true,
5672,exp_svm_spk_0003,SVM_CLOSED_SET,svm_closed_set_train,SVM_EXPERIMENTAL,data/embeddings/v2/svm_closed_set/svm_closed_set_train/5672.npy,true,192,true,false,false,1.00000000,true,995.228,true,true,
6613,exp_svm_spk_0003,SVM_CLOSED_SET,svm_closed_set_train,SVM_EXPERIMENTAL,data/embeddings/v2/svm_closed_set/svm_closed_set_train/6613.npy,true,192,true,false,false,0.99999994,true,649.934,true,true,
15533,exp_svm_spk_0003,SVM_CLOSED_SET,svm_closed_set_train,SVM_EXPERIMENTAL,data/embeddings/v2/svm_closed_set/svm_closed_set_train/15533.npy,true,192,true,false,false,0.99999994,true,3805.589,true,true,
5004,exp_svm_spk_0003,SVM_CLOSED_SET,svm_closed_set_train,SVM_EXPERIMENTAL,data/embeddings/v2/svm_closed_set/svm_closed_set_train/5004.npy,true,192,true,false,false,0.99999994,true,891.067,true,true,
7486,exp_svm_spk_0003,SVM_CLOSED_SET,svm_closed_set_train,SVM_EXPERIMENTAL,data/embeddings/v2/svm_closed_set/svm_closed_set_train/7486.npy,true,192,true,false,false,1.00000000,true,1336.208,true,true,
2125,exp_svm_spk_0003,SVM_CLOSED_SET,svm_closed_set_train,SVM_EXPERIMENTAL,data/embeddings/v2/svm_closed_set/svm_closed_set_train/2125.npy,true,192,true,false,false,0.99999994,true,3135.237,true,true,
8609,exp_svm_spk_0003,SVM_CLOSED_SET,svm_closed_set_train,SVM_EXPERIMENTAL,data/embeddings/v2/svm_closed_set/svm_closed_set_train/8609.npy,true,192,true,false,false,1.00000000,true,1137.879,true,true,
13462,exp_svm_spk_0003,SVM_CLOSED_SET,svm_closed_set_train,SVM_EXPERIMENTAL,data/embeddings/v2/svm_closed_set/svm_closed_set_train/13462.npy,true,192,true,false,false,1.00000000,true,674.860,true,true,
14987,exp_svm_spk_0003,SVM_CLOSED_SET,svm_closed_set_train,SVM_EXPERIMENTAL,data/embeddings/v2/svm_closed_set/svm_closed_set_train/14987.npy,true,192,true,false,false,1.00000000,true,2172.587,true,true,
8061,exp_svm_spk_0003,SVM_CLOSED_SET,svm_closed_set_train,SVM_EXPERIMENTAL,data/embeddings/v2/svm_closed_set/svm_closed_set_train/8061.npy,true,192,true,false,false,0.99999994,true,748.440,true,true,
14704,exp_svm_spk_0003,SVM_CLOSED_SET,svm_closed_set_train,SVM_EXPERIMENTAL,data/embeddings/v2/svm_closed_set/svm_closed_set_train/14704.npy,true,192,true,false,false,1.00000000,true,1016.833,true,true,
8752,exp_svm_spk_0003,SVM_CLOSED_SET,svm_closed_set_train,SVM_EXPERIMENTAL,data/embeddings/v2/svm_closed_set/svm_closed_set_train/8752.npy,true,192,true,false,false,1.00000000,true,1403.588,true,true,
3940,exp_svm_spk_0003,SVM_CLOSED_SET,svm_closed_set_train,SVM_EXPERIMENTAL,data/embeddings/v2/svm_closed_set/svm_closed_set_train/3940.npy,true,192,true,false,false,1.00000000,true,1856.788,true,true,
14397,exp_svm_spk_0003,SVM_CLOSED_SET,svm_closed_set_train,SVM_EXPERIMENTAL,data/embeddings/v2/svm_closed_set/svm_closed_set_train/14397.npy,true,192,true,false,false,0.99999994,true,1716.081,true,true,
9453,exp_svm_spk_0003,SVM_CLOSED_SET,svm_closed_set_train,SVM_EXPERIMENTAL,data/embeddings/v2/svm_closed_set/svm_closed_set_train/9453.npy,true,192,true,false,false,0.99999994,true,1775.592,true,true,
11624,exp_svm_spk_0003,SVM_CLOSED_SET,svm_closed_set_train,SVM_EXPERIMENTAL,data/embeddings/v2/svm_closed_set/svm_closed_set_train/11624.npy,true,192,true,false,false,1.00000000,true,2225.930,true,true,
6079,exp_svm_spk_0003,SVM_CLOSED_SET,svm_closed_set_train,SVM_EXPERIMENTAL,data/embeddings/v2/svm_closed_set/svm_closed_set_train/6079.npy,true,192,true,false,false,1.00000000,true,510.334,true,true,
3649,exp_svm_spk_0003,SVM_CLOSED_SET,svm_closed_set_train,SVM_EXPERIMENTAL,data/embeddings/v2/svm_closed_set/svm_closed_set_train/3649.npy,true,192,true,false,false,1.00000000,true,1020.632,true,true,
2323,exp_svm_spk_0003,SVM_CLOSED_SET,svm_closed_set_train,SVM_EXPERIMENTAL,data/embeddings/v2/svm_closed_set/svm_closed_set_train/2323.npy,true,192,true,false,false,1.00000000,true,906.005,true,true,
562,exp_svm_spk_0004,SVM_CLOSED_SET,svm_closed_set_train,SVM_EXPERIMENTAL,data/embeddings/v2/svm_closed_set/svm_closed_set_train/562.npy,true,192,true,false,false,0.99999994,true,1099.263,true,true,
11876,exp_svm_spk_0004,SVM_CLOSED_SET,svm_closed_set_train,SVM_EXPERIMENTAL,data/embeddings/v2/svm_closed_set/svm_closed_set_train/11876.npy,true,192,true,false,false,1.00000000,true,861.480,true,true,
616,exp_svm_spk_0004,SVM_CLOSED_SET,svm_closed_set_train,SVM_EXPERIMENTAL,data/embeddings/v2/svm_closed_set/svm_closed_set_train/616.npy,true,192,true,false,false,0.99999994,true,918.574,true,true,
12119,exp_svm_spk_0004,SVM_CLOSED_SET,svm_closed_set_train,SVM_EXPERIMENTAL,data/embeddings/v2/svm_closed_set/svm_closed_set_train/12119.npy,true,192,true,false,false,1.00000000,true,761.510,true,true,
12768,exp_svm_spk_0004,SVM_CLOSED_SET,svm_closed_set_train,SVM_EXPERIMENTAL,data/embeddings/v2/svm_closed_set/svm_closed_set_train/12768.npy,true,192,true,false,false,1.00000000,true,919.756,true,true,
8697,exp_svm_spk_0004,SVM_CLOSED_SET,svm_closed_set_train,SVM_EXPERIMENTAL,data/embeddings/v2/svm_closed_set/svm_closed_set_train/8697.npy,true,192,true,false,false,1.00000000,true,1129.177,true,true,
16885,exp_svm_spk_0004,SVM_CLOSED_SET,svm_closed_set_train,SVM_EXPERIMENTAL,data/embeddings/v2/svm_closed_set/svm_closed_set_train/16885.npy,true,192,true,false,false,1.00000000,true,1495.312,true,true,
13583,exp_svm_spk_0004,SVM_CLOSED_SET,svm_closed_set_train,SVM_EXPERIMENTAL,data/embeddings/v2/svm_closed_set/svm_closed_set_train/13583.npy,true,192,true,false,false,0.99999994,true,1257.052,true,true,
8808,exp_svm_spk_0004,SVM_CLOSED_SET,svm_closed_set_train,SVM_EXPERIMENTAL,data/embeddings/v2/svm_closed_set/svm_closed_set_train/8808.npy,true,192,true,false,false,1.00000012,true,963.562,true,true,
9614,exp_svm_spk_0004,SVM_CLOSED_SET,svm_closed_set_train,SVM_EXPERIMENTAL,data/embeddings/v2/svm_closed_set/svm_closed_set_train/9614.npy,true,192,true,false,false,1.00000000,true,808.817,true,true,
6035,exp_svm_spk_0004,SVM_CLOSED_SET,svm_closed_set_train,SVM_EXPERIMENTAL,data/embeddings/v2/svm_closed_set/svm_closed_set_train/6035.npy,true,192,true,false,false,0.99999994,true,611.627,true,true,
12484,exp_svm_spk_0004,SVM_CLOSED_SET,svm_closed_set_train,SVM_EXPERIMENTAL,data/embeddings/v2/svm_closed_set/svm_closed_set_train/12484.npy,true,192,true,false,false,0.99999994,true,618.187,true,true,
14039,exp_svm_spk_0004,SVM_CLOSED_SET,svm_closed_set_train,SVM_EXPERIMENTAL,data/embeddings/v2/svm_closed_set/svm_closed_set_train/14039.npy,true,192,true,false,false,1.00000000,true,663.490,true,true,
5449,exp_svm_spk_0004,SVM_CLOSED_SET,svm_closed_set_train,SVM_EXPERIMENTAL,data/embeddings/v2/svm_closed_set/svm_closed_set_train/5449.npy,true,192,true,false,false,0.99999994,true,913.444,true,true,
127,exp_svm_spk_0004,SVM_CLOSED_SET,svm_closed_set_train,SVM_EXPERIMENTAL,data/embeddings/v2/svm_closed_set/svm_closed_set_train/127.npy,true,192,true,false,false,1.00000000,true,919.268,true,true,
9771,exp_svm_spk_0004,SVM_CLOSED_SET,svm_closed_set_train,SVM_EXPERIMENTAL,data/embeddings/v2/svm_closed_set/svm_closed_set_train/9771.npy,true,192,true,false,false,0.99999994,true,1295.261,true,true,
10685,exp_svm_spk_0004,SVM_CLOSED_SET,svm_closed_set_train,SVM_EXPERIMENTAL,data/embeddings/v2/svm_closed_set/svm_closed_set_train/10685.npy,true,192,true,false,false,1.00000000,true,873.091,true,true,
16107,exp_svm_spk_0004,SVM_CLOSED_SET,svm_closed_set_train,SVM_EXPERIMENTAL,data/embeddings/v2/svm_closed_set/svm_closed_set_train/16107.npy,true,192,true,false,false,1.00000000,true,680.608,true,true,
1945,exp_svm_spk_0004,SVM_CLOSED_SET,svm_closed_set_train,SVM_EXPERIMENTAL,data/embeddings/v2/svm_closed_set/svm_closed_set_train/1945.npy,true,192,true,false,false,0.99999994,true,453.203,true,true,
7357,exp_svm_spk_0004,SVM_CLOSED_SET,svm_closed_set_train,SVM_EXPERIMENTAL,data/embeddings/v2/svm_closed_set/svm_closed_set_train/7357.npy,true,192,true,false,false,0.99999994,true,1115.415,true,true,
6356,exp_svm_spk_0004,SVM_CLOSED_SET,svm_closed_set_train,SVM_EXPERIMENTAL,data/embeddings/v2/svm_closed_set/svm_closed_set_train/6356.npy,true,192,true,false,false,1.00000000,true,950.423,true,true,
6490,exp_svm_spk_0004,SVM_CLOSED_SET,svm_closed_set_train,SVM_EXPERIMENTAL,data/embeddings/v2/svm_closed_set/svm_closed_set_train/6490.npy,true,192,true,false,false,0.99999994,true,673.851,true,true,
11795,exp_svm_spk_0004,SVM_CLOSED_SET,svm_closed_set_train,SVM_EXPERIMENTAL,data/embeddings/v2/svm_closed_set/svm_closed_set_train/11795.npy,true,192,true,false,false,1.00000000,true,979.483,true,true,
9228,exp_svm_spk_0004,SVM_CLOSED_SET,svm_closed_set_train,SVM_EXPERIMENTAL,data/embeddings/v2/svm_closed_set/svm_closed_set_train/9228.npy,true,192,true,false,false,1.00000000,true,1219.926,true,true,
7920,exp_svm_spk_0004,SVM_CLOSED_SET,svm_closed_set_train,SVM_EXPERIMENTAL,data/embeddings/v2/svm_closed_set/svm_closed_set_train/7920.npy,true,192,true,false,false,1.00000000,true,923.672,true,true,
8933,exp_svm_spk_0004,SVM_CLOSED_SET,svm_closed_set_train,SVM_EXPERIMENTAL,data/embeddings/v2/svm_closed_set/svm_closed_set_train/8933.npy,true,192,true,false,false,0.99999994,true,860.242,true,true,
4338,exp_svm_spk_0004,SVM_CLOSED_SET,svm_closed_set_train,SVM_EXPERIMENTAL,data/embeddings/v2/svm_closed_set/svm_closed_set_train/4338.npy,true,192,true,false,false,1.00000000,true,708.894,true,true,
13481,exp_svm_spk_0004,SVM_CLOSED_SET,svm_closed_set_train,SVM_EXPERIMENTAL,data/embeddings/v2/svm_closed_set/svm_closed_set_train/13481.npy,true,192,true,false,false,1.00000000,true,739.286,true,true,
4850,exp_svm_spk_0004,SVM_CLOSED_SET,svm_closed_set_train,SVM_EXPERIMENTAL,data/embeddings/v2/svm_closed_set/svm_closed_set_train/4850.npy,true,192,true,false,false,1.00000000,true,787.415,true,true,
6404,exp_svm_spk_0004,SVM_CLOSED_SET,svm_closed_set_train,SVM_EXPERIMENTAL,data/embeddings/v2/svm_closed_set/svm_closed_set_train/6404.npy,true,192,true,false,false,1.00000000,true,639.305,true,true,
13515,exp_svm_spk_0004,SVM_CLOSED_SET,svm_closed_set_train,SVM_EXPERIMENTAL,data/embeddings/v2/svm_closed_set/svm_closed_set_train/13515.npy,true,192,true,false,false,0.99999988,true,544.097,true,true,
14617,exp_svm_spk_0004,SVM_CLOSED_SET,svm_closed_set_train,SVM_EXPERIMENTAL,data/embeddings/v2/svm_closed_set/svm_closed_set_train/14617.npy,true,192,true,false,false,1.00000000,true,1116.926,true,true,
10728,exp_svm_spk_0004,SVM_CLOSED_SET,svm_closed_set_train,SVM_EXPERIMENTAL,data/embeddings/v2/svm_closed_set/svm_closed_set_train/10728.npy,true,192,true,false,false,0.99999994,true,924.140,true,true,
13339,exp_svm_spk_0004,SVM_CLOSED_SET,svm_closed_set_train,SVM_EXPERIMENTAL,data/embeddings/v2/svm_closed_set/svm_closed_set_train/13339.npy,true,192,true,false,false,1.00000012,true,756.353,true,true,
12185,exp_svm_spk_0004,SVM_CLOSED_SET,svm_closed_set_train,SVM_EXPERIMENTAL,data/embeddings/v2/svm_closed_set/svm_closed_set_train/12185.npy,true,192,true,false,false,0.99999994,true,497.280,true,true,
2590,exp_svm_spk_0004,SVM_CLOSED_SET,svm_closed_set_train,SVM_EXPERIMENTAL,data/embeddings/v2/svm_closed_set/svm_closed_set_train/2590.npy,true,192,true,false,false,1.00000000,true,586.363,true,true,
12602,exp_svm_spk_0004,SVM_CLOSED_SET,svm_closed_set_train,SVM_EXPERIMENTAL,data/embeddings/v2/svm_closed_set/svm_closed_set_train/12602.npy,true,192,true,false,false,1.00000012,true,817.717,true,true,
13419,exp_svm_spk_0004,SVM_CLOSED_SET,svm_closed_set_train,SVM_EXPERIMENTAL,data/embeddings/v2/svm_closed_set/svm_closed_set_train/13419.npy,true,192,true,false,false,0.99999994,true,1826.991,true,true,
16289,exp_svm_spk_0004,SVM_CLOSED_SET,svm_closed_set_train,SVM_EXPERIMENTAL,data/embeddings/v2/svm_closed_set/svm_closed_set_train/16289.npy,true,192,true,false,false,1.00000000,true,2453.908,true,true,
6188,exp_svm_spk_0004,SVM_CLOSED_SET,svm_closed_set_train,SVM_EXPERIMENTAL,data/embeddings/v2/svm_closed_set/svm_closed_set_train/6188.npy,true,192,true,false,false,0.99999994,true,1661.343,true,true,
2654,exp_svm_spk_0004,SVM_CLOSED_SET,svm_closed_set_train,SVM_EXPERIMENTAL,data/embeddings/v2/svm_closed_set/svm_closed_set_train/2654.npy,true,192,true,false,false,0.99999994,true,694.101,true,true,
12322,exp_svm_spk_0004,SVM_CLOSED_SET,svm_closed_set_train,SVM_EXPERIMENTAL,data/embeddings/v2/svm_closed_set/svm_closed_set_train/12322.npy,true,192,true,false,false,1.00000000,true,1108.844,true,true,
1818,exp_svm_spk_0004,SVM_CLOSED_SET,svm_closed_set_train,SVM_EXPERIMENTAL,data/embeddings/v2/svm_closed_set/svm_closed_set_train/1818.npy,true,192,true,false,false,1.00000000,true,1074.307,true,true,
5216,exp_svm_spk_0004,SVM_CLOSED_SET,svm_closed_set_train,SVM_EXPERIMENTAL,data/embeddings/v2/svm_closed_set/svm_closed_set_train/5216.npy,true,192,true,false,false,1.00000000,true,721.944,true,true,
375,exp_svm_spk_0004,SVM_CLOSED_SET,svm_closed_set_train,SVM_EXPERIMENTAL,data/embeddings/v2/svm_closed_set/svm_closed_set_train/375.npy,true,192,true,false,false,1.00000000,true,1520.376,true,true,
4899,exp_svm_spk_0004,SVM_CLOSED_SET,svm_closed_set_train,SVM_EXPERIMENTAL,data/embeddings/v2/svm_closed_set/svm_closed_set_train/4899.npy,true,192,true,false,false,1.00000012,true,826.402,true,true,
16903,exp_svm_spk_0004,SVM_CLOSED_SET,svm_closed_set_train,SVM_EXPERIMENTAL,data/embeddings/v2/svm_closed_set/svm_closed_set_train/16903.npy,true,192,true,false,false,1.00000000,true,1855.064,true,true,
15761,exp_svm_spk_0004,SVM_CLOSED_SET,svm_closed_set_train,SVM_EXPERIMENTAL,data/embeddings/v2/svm_closed_set/svm_closed_set_train/15761.npy,true,192,true,false,false,1.00000000,true,772.492,true,true,
16454,exp_svm_spk_0004,SVM_CLOSED_SET,svm_closed_set_train,SVM_EXPERIMENTAL,data/embeddings/v2/svm_closed_set/svm_closed_set_train/16454.npy,true,192,true,false,false,0.99999994,true,768.378,true,true,
11615,exp_svm_spk_0004,SVM_CLOSED_SET,svm_closed_set_train,SVM_EXPERIMENTAL,data/embeddings/v2/svm_closed_set/svm_closed_set_train/11615.npy,true,192,true,false,false,1.00000000,true,816.082,true,true,
16394,exp_svm_spk_0004,SVM_CLOSED_SET,svm_closed_set_train,SVM_EXPERIMENTAL,data/embeddings/v2/svm_closed_set/svm_closed_set_train/16394.npy,true,192,true,false,false,1.00000000,true,1067.004,true,true,
15993,exp_svm_spk_0004,SVM_CLOSED_SET,svm_closed_set_train,SVM_EXPERIMENTAL,data/embeddings/v2/svm_closed_set/svm_closed_set_train/15993.npy,true,192,true,false,false,0.99999994,true,1150.223,true,true,
16685,exp_svm_spk_0004,SVM_CLOSED_SET,svm_closed_set_train,SVM_EXPERIMENTAL,data/embeddings/v2/svm_closed_set/svm_closed_set_train/16685.npy,true,192,true,false,false,0.99999994,true,962.029,true,true,
2221,exp_svm_spk_0004,SVM_CLOSED_SET,svm_closed_set_train,SVM_EXPERIMENTAL,data/embeddings/v2/svm_closed_set/svm_closed_set_train/2221.npy,true,192,true,false,false,1.00000000,true,598.441,true,true,
7801,exp_svm_spk_0004,SVM_CLOSED_SET,svm_closed_set_train,SVM_EXPERIMENTAL,data/embeddings/v2/svm_closed_set/svm_closed_set_train/7801.npy,true,192,true,false,false,1.00000000,true,488.388,true,true,
10791,exp_svm_spk_0004,SVM_CLOSED_SET,svm_closed_set_train,SVM_EXPERIMENTAL,data/embeddings/v2/svm_closed_set/svm_closed_set_train/10791.npy,true,192,true,false,false,0.99999988,true,1116.004,true,true,
3203,exp_svm_spk_0004,SVM_CLOSED_SET,svm_closed_set_train,SVM_EXPERIMENTAL,data/embeddings/v2/svm_closed_set/svm_closed_set_train/3203.npy,true,192,true,false,false,1.00000000,true,902.976,true,true,
7723,exp_svm_spk_0004,SVM_CLOSED_SET,svm_closed_set_train,SVM_EXPERIMENTAL,data/embeddings/v2/svm_closed_set/svm_closed_set_train/7723.npy,true,192,true,false,false,1.00000000,true,828.512,true,true,
2622,exp_svm_spk_0004,SVM_CLOSED_SET,svm_closed_set_train,SVM_EXPERIMENTAL,data/embeddings/v2/svm_closed_set/svm_closed_set_train/2622.npy,true,192,true,false,false,1.00000000,true,847.585,true,true,
7969,exp_svm_spk_0004,SVM_CLOSED_SET,svm_closed_set_train,SVM_EXPERIMENTAL,data/embeddings/v2/svm_closed_set/svm_closed_set_train/7969.npy,true,192,true,false,false,0.99999994,true,710.235,true,true,
595,exp_svm_spk_0004,SVM_CLOSED_SET,svm_closed_set_train,SVM_EXPERIMENTAL,data/embeddings/v2/svm_closed_set/svm_closed_set_train/595.npy,true,192,true,false,false,1.00000000,true,1058.546,true,true,
9712,exp_svm_spk_0004,SVM_CLOSED_SET,svm_closed_set_train,SVM_EXPERIMENTAL,data/embeddings/v2/svm_closed_set/svm_closed_set_train/9712.npy,true,192,true,false,false,1.00000000,true,801.538,true,true,
7676,exp_svm_spk_0004,SVM_CLOSED_SET,svm_closed_set_train,SVM_EXPERIMENTAL,data/embeddings/v2/svm_closed_set/svm_closed_set_train/7676.npy,true,192,true,false,false,0.99999994,true,716.816,true,true,
17006,exp_svm_spk_0004,SVM_CLOSED_SET,svm_closed_set_train,SVM_EXPERIMENTAL,data/embeddings/v2/svm_closed_set/svm_closed_set_train/17006.npy,true,192,true,false,false,1.00000000,true,668.668,true,true,
13806,exp_svm_spk_0004,SVM_CLOSED_SET,svm_closed_set_train,SVM_EXPERIMENTAL,data/embeddings/v2/svm_closed_set/svm_closed_set_train/13806.npy,true,192,true,false,false,1.00000000,true,940.860,true,true,
14906,exp_svm_spk_0004,SVM_CLOSED_SET,svm_closed_set_train,SVM_EXPERIMENTAL,data/embeddings/v2/svm_closed_set/svm_closed_set_train/14906.npy,true,192,true,false,false,1.00000000,true,758.416,true,true,
15370,exp_svm_spk_0004,SVM_CLOSED_SET,svm_closed_set_train,SVM_EXPERIMENTAL,data/embeddings/v2/svm_closed_set/svm_closed_set_train/15370.npy,true,192,true,false,false,1.00000000,true,1020.455,true,true,
8522,exp_svm_spk_0005,SVM_CLOSED_SET,svm_closed_set_train,SVM_EXPERIMENTAL,data/embeddings/v2/svm_closed_set/svm_closed_set_train/8522.npy,true,192,true,false,false,0.99999994,true,751.142,true,true,
511,exp_svm_spk_0005,SVM_CLOSED_SET,svm_closed_set_train,SVM_EXPERIMENTAL,data/embeddings/v2/svm_closed_set/svm_closed_set_train/511.npy,true,192,true,false,false,1.00000000,true,518.958,true,true,
15349,exp_svm_spk_0005,SVM_CLOSED_SET,svm_closed_set_train,SVM_EXPERIMENTAL,data/embeddings/v2/svm_closed_set/svm_closed_set_train/15349.npy,true,192,true,false,false,0.99999994,true,635.763,true,true,
921,exp_svm_spk_0005,SVM_CLOSED_SET,svm_closed_set_train,SVM_EXPERIMENTAL,data/embeddings/v2/svm_closed_set/svm_closed_set_train/921.npy,true,192,true,false,false,0.99999994,true,657.755,true,true,
1687,exp_svm_spk_0005,SVM_CLOSED_SET,svm_closed_set_train,SVM_EXPERIMENTAL,data/embeddings/v2/svm_closed_set/svm_closed_set_train/1687.npy,true,192,true,false,false,1.00000000,true,837.174,true,true,
6723,exp_svm_spk_0005,SVM_CLOSED_SET,svm_closed_set_train,SVM_EXPERIMENTAL,data/embeddings/v2/svm_closed_set/svm_closed_set_train/6723.npy,true,192,true,false,false,1.00000000,true,737.898,true,true,
2668,exp_svm_spk_0005,SVM_CLOSED_SET,svm_closed_set_train,SVM_EXPERIMENTAL,data/embeddings/v2/svm_closed_set/svm_closed_set_train/2668.npy,true,192,true,false,false,1.00000000,true,902.411,true,true,
8594,exp_svm_spk_0005,SVM_CLOSED_SET,svm_closed_set_train,SVM_EXPERIMENTAL,data/embeddings/v2/svm_closed_set/svm_closed_set_train/8594.npy,true,192,true,false,false,0.99999994,true,1088.277,true,true,
5108,exp_svm_spk_0005,SVM_CLOSED_SET,svm_closed_set_train,SVM_EXPERIMENTAL,data/embeddings/v2/svm_closed_set/svm_closed_set_train/5108.npy,true,192,true,false,false,1.00000000,true,677.220,true,true,
7424,exp_svm_spk_0005,SVM_CLOSED_SET,svm_closed_set_train,SVM_EXPERIMENTAL,data/embeddings/v2/svm_closed_set/svm_closed_set_train/7424.npy,true,192,true,false,false,1.00000000,true,536.139,true,true,
14952,exp_svm_spk_0005,SVM_CLOSED_SET,svm_closed_set_train,SVM_EXPERIMENTAL,data/embeddings/v2/svm_closed_set/svm_closed_set_train/14952.npy,true,192,true,false,false,1.00000000,true,535.885,true,true,
6414,exp_svm_spk_0005,SVM_CLOSED_SET,svm_closed_set_train,SVM_EXPERIMENTAL,data/embeddings/v2/svm_closed_set/svm_closed_set_train/6414.npy,true,192,true,false,false,1.00000000,true,561.001,true,true,
5655,exp_svm_spk_0005,SVM_CLOSED_SET,svm_closed_set_train,SVM_EXPERIMENTAL,data/embeddings/v2/svm_closed_set/svm_closed_set_train/5655.npy,true,192,true,false,false,1.00000000,true,830.613,true,true,
4515,exp_svm_spk_0005,SVM_CLOSED_SET,svm_closed_set_train,SVM_EXPERIMENTAL,data/embeddings/v2/svm_closed_set/svm_closed_set_train/4515.npy,true,192,true,false,false,1.00000000,true,480.276,true,true,
8959,exp_svm_spk_0005,SVM_CLOSED_SET,svm_closed_set_train,SVM_EXPERIMENTAL,data/embeddings/v2/svm_closed_set/svm_closed_set_train/8959.npy,true,192,true,false,false,1.00000000,true,555.288,true,true,
9993,exp_svm_spk_0005,SVM_CLOSED_SET,svm_closed_set_train,SVM_EXPERIMENTAL,data/embeddings/v2/svm_closed_set/svm_closed_set_train/9993.npy,true,192,true,false,false,1.00000000,true,921.292,true,true,
10700,exp_svm_spk_0005,SVM_CLOSED_SET,svm_closed_set_train,SVM_EXPERIMENTAL,data/embeddings/v2/svm_closed_set/svm_closed_set_train/10700.npy,true,192,true,false,false,1.00000000,true,609.658,true,true,
7474,exp_svm_spk_0005,SVM_CLOSED_SET,svm_closed_set_train,SVM_EXPERIMENTAL,data/embeddings/v2/svm_closed_set/svm_closed_set_train/7474.npy,true,192,true,false,false,0.99999994,true,1016.736,true,true,
3843,exp_svm_spk_0005,SVM_CLOSED_SET,svm_closed_set_train,SVM_EXPERIMENTAL,data/embeddings/v2/svm_closed_set/svm_closed_set_train/3843.npy,true,192,true,false,false,0.99999994,true,609.232,true,true,
2538,exp_svm_spk_0005,SVM_CLOSED_SET,svm_closed_set_train,SVM_EXPERIMENTAL,data/embeddings/v2/svm_closed_set/svm_closed_set_train/2538.npy,true,192,true,false,false,1.00000000,true,871.609,true,true,
14195,exp_svm_spk_0005,SVM_CLOSED_SET,svm_closed_set_train,SVM_EXPERIMENTAL,data/embeddings/v2/svm_closed_set/svm_closed_set_train/14195.npy,true,192,true,false,false,1.00000000,true,527.146,true,true,
16298,exp_svm_spk_0005,SVM_CLOSED_SET,svm_closed_set_train,SVM_EXPERIMENTAL,data/embeddings/v2/svm_closed_set/svm_closed_set_train/16298.npy,true,192,true,false,false,1.00000000,true,558.529,true,true,
12414,exp_svm_spk_0005,SVM_CLOSED_SET,svm_closed_set_train,SVM_EXPERIMENTAL,data/embeddings/v2/svm_closed_set/svm_closed_set_train/12414.npy,true,192,true,false,false,1.00000000,true,666.038,true,true,
6425,exp_svm_spk_0005,SVM_CLOSED_SET,svm_closed_set_train,SVM_EXPERIMENTAL,data/embeddings/v2/svm_closed_set/svm_closed_set_train/6425.npy,true,192,true,false,false,1.00000000,true,297.480,true,true,
15265,exp_svm_spk_0005,SVM_CLOSED_SET,svm_closed_set_train,SVM_EXPERIMENTAL,data/embeddings/v2/svm_closed_set/svm_closed_set_train/15265.npy,true,192,true,false,false,0.99999994,true,966.451,true,true,
13563,exp_svm_spk_0005,SVM_CLOSED_SET,svm_closed_set_train,SVM_EXPERIMENTAL,data/embeddings/v2/svm_closed_set/svm_closed_set_train/13563.npy,true,192,true,false,false,1.00000000,true,401.001,true,true,
15909,exp_svm_spk_0005,SVM_CLOSED_SET,svm_closed_set_train,SVM_EXPERIMENTAL,data/embeddings/v2/svm_closed_set/svm_closed_set_train/15909.npy,true,192,true,false,false,0.99999994,true,695.565,true,true,
4967,exp_svm_spk_0005,SVM_CLOSED_SET,svm_closed_set_train,SVM_EXPERIMENTAL,data/embeddings/v2/svm_closed_set/svm_closed_set_train/4967.npy,true,192,true,false,false,1.00000000,true,2032.693,true,true,
10154,exp_svm_spk_0005,SVM_CLOSED_SET,svm_closed_set_train,SVM_EXPERIMENTAL,data/embeddings/v2/svm_closed_set/svm_closed_set_train/10154.npy,true,192,true,false,false,1.00000000,true,874.645,true,true,
16030,exp_svm_spk_0005,SVM_CLOSED_SET,svm_closed_set_train,SVM_EXPERIMENTAL,data/embeddings/v2/svm_closed_set/svm_closed_set_train/16030.npy,true,192,true,false,false,1.00000000,true,841.182,true,true,
11800,exp_svm_spk_0005,SVM_CLOSED_SET,svm_closed_set_train,SVM_EXPERIMENTAL,data/embeddings/v2/svm_closed_set/svm_closed_set_train/11800.npy,true,192,true,false,false,1.00000000,true,986.534,true,true,
13892,exp_svm_spk_0005,SVM_CLOSED_SET,svm_closed_set_train,SVM_EXPERIMENTAL,data/embeddings/v2/svm_closed_set/svm_closed_set_train/13892.npy,true,192,true,false,false,0.99999994,true,1139.629,true,true,
13354,exp_svm_spk_0005,SVM_CLOSED_SET,svm_closed_set_train,SVM_EXPERIMENTAL,data/embeddings/v2/svm_closed_set/svm_closed_set_train/13354.npy,true,192,true,false,false,1.00000000,true,569.375,true,true,
7766,exp_svm_spk_0005,SVM_CLOSED_SET,svm_closed_set_train,SVM_EXPERIMENTAL,data/embeddings/v2/svm_closed_set/svm_closed_set_train/7766.npy,true,192,true,false,false,1.00000012,true,1238.890,true,true,
14358,exp_svm_spk_0005,SVM_CLOSED_SET,svm_closed_set_train,SVM_EXPERIMENTAL,data/embeddings/v2/svm_closed_set/svm_closed_set_train/14358.npy,true,192,true,false,false,1.00000000,true,544.163,true,true,
3088,exp_svm_spk_0005,SVM_CLOSED_SET,svm_closed_set_train,SVM_EXPERIMENTAL,data/embeddings/v2/svm_closed_set/svm_closed_set_train/3088.npy,true,192,true,false,false,1.00000000,true,422.263,true,true,
12840,exp_svm_spk_0005,SVM_CLOSED_SET,svm_closed_set_train,SVM_EXPERIMENTAL,data/embeddings/v2/svm_closed_set/svm_closed_set_train/12840.npy,true,192,true,false,false,0.99999994,true,566.694,true,true,
353,exp_svm_spk_0005,SVM_CLOSED_SET,svm_closed_set_train,SVM_EXPERIMENTAL,data/embeddings/v2/svm_closed_set/svm_closed_set_train/353.npy,true,192,true,false,false,1.00000000,true,897.402,true,true,
3056,exp_svm_spk_0005,SVM_CLOSED_SET,svm_closed_set_train,SVM_EXPERIMENTAL,data/embeddings/v2/svm_closed_set/svm_closed_set_train/3056.npy,true,192,true,false,false,1.00000000,true,1454.261,true,true,
5342,exp_svm_spk_0005,SVM_CLOSED_SET,svm_closed_set_train,SVM_EXPERIMENTAL,data/embeddings/v2/svm_closed_set/svm_closed_set_train/5342.npy,true,192,true,false,false,1.00000000,true,1055.145,true,true,
12834,exp_svm_spk_0005,SVM_CLOSED_SET,svm_closed_set_train,SVM_EXPERIMENTAL,data/embeddings/v2/svm_closed_set/svm_closed_set_train/12834.npy,true,192,true,false,false,1.00000000,true,710.539,true,true,
16020,exp_svm_spk_0005,SVM_CLOSED_SET,svm_closed_set_train,SVM_EXPERIMENTAL,data/embeddings/v2/svm_closed_set/svm_closed_set_train/16020.npy,true,192,true,false,false,1.00000000,true,1113.176,true,true,
10070,exp_svm_spk_0005,SVM_CLOSED_SET,svm_closed_set_train,SVM_EXPERIMENTAL,data/embeddings/v2/svm_closed_set/svm_closed_set_train/10070.npy,true,192,true,false,false,1.00000000,true,716.829,true,true,
5565,exp_svm_spk_0005,SVM_CLOSED_SET,svm_closed_set_train,SVM_EXPERIMENTAL,data/embeddings/v2/svm_closed_set/svm_closed_set_train/5565.npy,true,192,true,false,false,0.99999994,true,1436.430,true,true,
6008,exp_svm_spk_0005,SVM_CLOSED_SET,svm_closed_set_train,SVM_EXPERIMENTAL,data/embeddings/v2/svm_closed_set/svm_closed_set_train/6008.npy,true,192,true,false,false,0.99999988,true,638.312,true,true,
7035,exp_svm_spk_0005,SVM_CLOSED_SET,svm_closed_set_train,SVM_EXPERIMENTAL,data/embeddings/v2/svm_closed_set/svm_closed_set_train/7035.npy,true,192,true,false,false,0.99999994,true,503.691,true,true,
14430,exp_svm_spk_0005,SVM_CLOSED_SET,svm_closed_set_train,SVM_EXPERIMENTAL,data/embeddings/v2/svm_closed_set/svm_closed_set_train/14430.npy,true,192,true,false,false,0.99999994,true,893.345,true,true,
13469,exp_svm_spk_0005,SVM_CLOSED_SET,svm_closed_set_train,SVM_EXPERIMENTAL,data/embeddings/v2/svm_closed_set/svm_closed_set_train/13469.npy,true,192,true,false,false,1.00000000,true,422.361,true,true,
6692,exp_svm_spk_0005,SVM_CLOSED_SET,svm_closed_set_train,SVM_EXPERIMENTAL,data/embeddings/v2/svm_closed_set/svm_closed_set_train/6692.npy,true,192,true,false,false,0.99999994,true,498.967,true,true,
12149,exp_svm_spk_0005,SVM_CLOSED_SET,svm_closed_set_train,SVM_EXPERIMENTAL,data/embeddings/v2/svm_closed_set/svm_closed_set_train/12149.npy,true,192,true,false,false,0.99999994,true,1836.884,true,true,
6760,exp_svm_spk_0005,SVM_CLOSED_SET,svm_closed_set_train,SVM_EXPERIMENTAL,data/embeddings/v2/svm_closed_set/svm_closed_set_train/6760.npy,true,192,true,false,false,1.00000000,true,726.230,true,true,
9688,exp_svm_spk_0005,SVM_CLOSED_SET,svm_closed_set_train,SVM_EXPERIMENTAL,data/embeddings/v2/svm_closed_set/svm_closed_set_train/9688.npy,true,192,true,false,false,1.00000000,true,708.969,true,true,
3134,exp_svm_spk_0005,SVM_CLOSED_SET,svm_closed_set_train,SVM_EXPERIMENTAL,data/embeddings/v2/svm_closed_set/svm_closed_set_train/3134.npy,true,192,true,false,false,1.00000000,true,624.410,true,true,
9606,exp_svm_spk_0005,SVM_CLOSED_SET,svm_closed_set_train,SVM_EXPERIMENTAL,data/embeddings/v2/svm_closed_set/svm_closed_set_train/9606.npy,true,192,true,false,false,1.00000000,true,774.793,true,true,
8578,exp_svm_spk_0005,SVM_CLOSED_SET,svm_closed_set_train,SVM_EXPERIMENTAL,data/embeddings/v2/svm_closed_set/svm_closed_set_train/8578.npy,true,192,true,false,false,1.00000000,true,722.969,true,true,
14285,exp_svm_spk_0005,SVM_CLOSED_SET,svm_closed_set_train,SVM_EXPERIMENTAL,data/embeddings/v2/svm_closed_set/svm_closed_set_train/14285.npy,true,192,true,false,false,1.00000000,true,1027.172,true,true,
5182,exp_svm_spk_0005,SVM_CLOSED_SET,svm_closed_set_train,SVM_EXPERIMENTAL,data/embeddings/v2/svm_closed_set/svm_closed_set_train/5182.npy,true,192,true,false,false,1.00000000,true,932.097,true,true,
5180,exp_svm_spk_0005,SVM_CLOSED_SET,svm_closed_set_train,SVM_EXPERIMENTAL,data/embeddings/v2/svm_closed_set/svm_closed_set_train/5180.npy,true,192,true,false,false,0.99999994,true,916.236,true,true,
12258,exp_svm_spk_0005,SVM_CLOSED_SET,svm_closed_set_train,SVM_EXPERIMENTAL,data/embeddings/v2/svm_closed_set/svm_closed_set_train/12258.npy,true,192,true,false,false,1.00000000,true,1042.840,true,true,
6952,exp_svm_spk_0005,SVM_CLOSED_SET,svm_closed_set_train,SVM_EXPERIMENTAL,data/embeddings/v2/svm_closed_set/svm_closed_set_train/6952.npy,true,192,true,false,false,1.00000000,true,795.079,true,true,
4775,exp_svm_spk_0005,SVM_CLOSED_SET,svm_closed_set_train,SVM_EXPERIMENTAL,data/embeddings/v2/svm_closed_set/svm_closed_set_train/4775.npy,true,192,true,false,false,1.00000000,true,712.584,true,true,
10388,exp_svm_spk_0005,SVM_CLOSED_SET,svm_closed_set_train,SVM_EXPERIMENTAL,data/embeddings/v2/svm_closed_set/svm_closed_set_train/10388.npy,true,192,true,false,false,0.99999994,true,1446.020,true,true,
9049,exp_svm_spk_0005,SVM_CLOSED_SET,svm_closed_set_train,SVM_EXPERIMENTAL,data/embeddings/v2/svm_closed_set/svm_closed_set_train/9049.npy,true,192,true,false,false,1.00000000,true,880.705,true,true,
3620,exp_svm_spk_0005,SVM_CLOSED_SET,svm_closed_set_train,SVM_EXPERIMENTAL,data/embeddings/v2/svm_closed_set/svm_closed_set_train/3620.npy,true,192,true,false,false,1.00000000,true,847.907,true,true,
6925,exp_svm_spk_0006,SVM_CLOSED_SET,svm_closed_set_train,SVM_EXPERIMENTAL,data/embeddings/v2/svm_closed_set/svm_closed_set_train/6925.npy,true,192,true,false,false,1.00000000,true,1217.534,true,true,
2665,exp_svm_spk_0006,SVM_CLOSED_SET,svm_closed_set_train,SVM_EXPERIMENTAL,data/embeddings/v2/svm_closed_set/svm_closed_set_train/2665.npy,true,192,true,false,false,1.00000000,true,1292.313,true,true,
1380,exp_svm_spk_0006,SVM_CLOSED_SET,svm_closed_set_train,SVM_EXPERIMENTAL,data/embeddings/v2/svm_closed_set/svm_closed_set_train/1380.npy,true,192,true,false,false,1.00000000,true,1241.032,true,true,
6158,exp_svm_spk_0006,SVM_CLOSED_SET,svm_closed_set_train,SVM_EXPERIMENTAL,data/embeddings/v2/svm_closed_set/svm_closed_set_train/6158.npy,true,192,true,false,false,0.99999994,true,751.141,true,true,
14989,exp_svm_spk_0006,SVM_CLOSED_SET,svm_closed_set_train,SVM_EXPERIMENTAL,data/embeddings/v2/svm_closed_set/svm_closed_set_train/14989.npy,true,192,true,false,false,0.99999994,true,771.197,true,true,
14755,exp_svm_spk_0006,SVM_CLOSED_SET,svm_closed_set_train,SVM_EXPERIMENTAL,data/embeddings/v2/svm_closed_set/svm_closed_set_train/14755.npy,true,192,true,false,false,1.00000000,true,725.705,true,true,
4012,exp_svm_spk_0006,SVM_CLOSED_SET,svm_closed_set_train,SVM_EXPERIMENTAL,data/embeddings/v2/svm_closed_set/svm_closed_set_train/4012.npy,true,192,true,false,false,0.99999994,true,863.130,true,true,
5755,exp_svm_spk_0006,SVM_CLOSED_SET,svm_closed_set_train,SVM_EXPERIMENTAL,data/embeddings/v2/svm_closed_set/svm_closed_set_train/5755.npy,true,192,true,false,false,0.99999994,true,513.532,true,true,
851,exp_svm_spk_0006,SVM_CLOSED_SET,svm_closed_set_train,SVM_EXPERIMENTAL,data/embeddings/v2/svm_closed_set/svm_closed_set_train/851.npy,true,192,true,false,false,0.99999994,true,976.892,true,true,
1223,exp_svm_spk_0006,SVM_CLOSED_SET,svm_closed_set_train,SVM_EXPERIMENTAL,data/embeddings/v2/svm_closed_set/svm_closed_set_train/1223.npy,true,192,true,false,false,0.99999994,true,980.496,true,true,
7703,exp_svm_spk_0006,SVM_CLOSED_SET,svm_closed_set_train,SVM_EXPERIMENTAL,data/embeddings/v2/svm_closed_set/svm_closed_set_train/7703.npy,true,192,true,false,false,0.99999994,true,1189.868,true,true,
11084,exp_svm_spk_0006,SVM_CLOSED_SET,svm_closed_set_train,SVM_EXPERIMENTAL,data/embeddings/v2/svm_closed_set/svm_closed_set_train/11084.npy,true,192,true,false,false,1.00000000,true,911.185,true,true,
14542,exp_svm_spk_0006,SVM_CLOSED_SET,svm_closed_set_train,SVM_EXPERIMENTAL,data/embeddings/v2/svm_closed_set/svm_closed_set_train/14542.npy,true,192,true,false,false,0.99999994,true,950.994,true,true,
12168,exp_svm_spk_0006,SVM_CLOSED_SET,svm_closed_set_train,SVM_EXPERIMENTAL,data/embeddings/v2/svm_closed_set/svm_closed_set_train/12168.npy,true,192,true,false,false,0.99999994,true,1366.198,true,true,
2313,exp_svm_spk_0006,SVM_CLOSED_SET,svm_closed_set_train,SVM_EXPERIMENTAL,data/embeddings/v2/svm_closed_set/svm_closed_set_train/2313.npy,true,192,true,false,false,1.00000000,true,840.582,true,true,
8783,exp_svm_spk_0006,SVM_CLOSED_SET,svm_closed_set_train,SVM_EXPERIMENTAL,data/embeddings/v2/svm_closed_set/svm_closed_set_train/8783.npy,true,192,true,false,false,1.00000000,true,846.184,true,true,
17035,exp_svm_spk_0006,SVM_CLOSED_SET,svm_closed_set_train,SVM_EXPERIMENTAL,data/embeddings/v2/svm_closed_set/svm_closed_set_train/17035.npy,true,192,true,false,false,1.00000000,true,828.885,true,true,
14230,exp_svm_spk_0006,SVM_CLOSED_SET,svm_closed_set_train,SVM_EXPERIMENTAL,data/embeddings/v2/svm_closed_set/svm_closed_set_train/14230.npy,true,192,true,false,false,1.00000000,true,863.221,true,true,
3632,exp_svm_spk_0006,SVM_CLOSED_SET,svm_closed_set_train,SVM_EXPERIMENTAL,data/embeddings/v2/svm_closed_set/svm_closed_set_train/3632.npy,true,192,true,false,false,1.00000000,true,1351.507,true,true,
11214,exp_svm_spk_0006,SVM_CLOSED_SET,svm_closed_set_train,SVM_EXPERIMENTAL,data/embeddings/v2/svm_closed_set/svm_closed_set_train/11214.npy,true,192,true,false,false,0.99999994,true,734.979,true,true,
14012,exp_svm_spk_0006,SVM_CLOSED_SET,svm_closed_set_train,SVM_EXPERIMENTAL,data/embeddings/v2/svm_closed_set/svm_closed_set_train/14012.npy,true,192,true,false,false,1.00000012,true,779.192,true,true,
173,exp_svm_spk_0006,SVM_CLOSED_SET,svm_closed_set_train,SVM_EXPERIMENTAL,data/embeddings/v2/svm_closed_set/svm_closed_set_train/173.npy,true,192,true,false,false,0.99999994,true,987.064,true,true,
4696,exp_svm_spk_0006,SVM_CLOSED_SET,svm_closed_set_train,SVM_EXPERIMENTAL,data/embeddings/v2/svm_closed_set/svm_closed_set_train/4696.npy,true,192,true,false,false,1.00000000,true,836.685,true,true,
15182,exp_svm_spk_0006,SVM_CLOSED_SET,svm_closed_set_train,SVM_EXPERIMENTAL,data/embeddings/v2/svm_closed_set/svm_closed_set_train/15182.npy,true,192,true,false,false,1.00000000,true,1210.522,true,true,
15458,exp_svm_spk_0006,SVM_CLOSED_SET,svm_closed_set_train,SVM_EXPERIMENTAL,data/embeddings/v2/svm_closed_set/svm_closed_set_train/15458.npy,true,192,true,false,false,1.00000000,true,1342.300,true,true,
2553,exp_svm_spk_0006,SVM_CLOSED_SET,svm_closed_set_train,SVM_EXPERIMENTAL,data/embeddings/v2/svm_closed_set/svm_closed_set_train/2553.npy,true,192,true,false,false,0.99999994,true,1024.929,true,true,
5832,exp_svm_spk_0006,SVM_CLOSED_SET,svm_closed_set_train,SVM_EXPERIMENTAL,data/embeddings/v2/svm_closed_set/svm_closed_set_train/5832.npy,true,192,true,false,false,1.00000000,true,2171.044,true,true,
4233,exp_svm_spk_0006,SVM_CLOSED_SET,svm_closed_set_train,SVM_EXPERIMENTAL,data/embeddings/v2/svm_closed_set/svm_closed_set_train/4233.npy,true,192,true,false,false,1.00000000,true,986.460,true,true,
534,exp_svm_spk_0006,SVM_CLOSED_SET,svm_closed_set_train,SVM_EXPERIMENTAL,data/embeddings/v2/svm_closed_set/svm_closed_set_train/534.npy,true,192,true,false,false,1.00000000,true,1188.213,true,true,
9208,exp_svm_spk_0006,SVM_CLOSED_SET,svm_closed_set_train,SVM_EXPERIMENTAL,data/embeddings/v2/svm_closed_set/svm_closed_set_train/9208.npy,true,192,true,false,false,0.99999994,true,1374.982,true,true,
10529,exp_svm_spk_0006,SVM_CLOSED_SET,svm_closed_set_train,SVM_EXPERIMENTAL,data/embeddings/v2/svm_closed_set/svm_closed_set_train/10529.npy,true,192,true,false,false,0.99999994,true,771.468,true,true,
10925,exp_svm_spk_0006,SVM_CLOSED_SET,svm_closed_set_train,SVM_EXPERIMENTAL,data/embeddings/v2/svm_closed_set/svm_closed_set_train/10925.npy,true,192,true,false,false,0.99999994,true,900.711,true,true,
12706,exp_svm_spk_0006,SVM_CLOSED_SET,svm_closed_set_train,SVM_EXPERIMENTAL,data/embeddings/v2/svm_closed_set/svm_closed_set_train/12706.npy,true,192,true,false,false,1.00000000,true,893.170,true,true,
15516,exp_svm_spk_0006,SVM_CLOSED_SET,svm_closed_set_train,SVM_EXPERIMENTAL,data/embeddings/v2/svm_closed_set/svm_closed_set_train/15516.npy,true,192,true,false,false,0.99999994,true,1357.393,true,true,
11557,exp_svm_spk_0006,SVM_CLOSED_SET,svm_closed_set_train,SVM_EXPERIMENTAL,data/embeddings/v2/svm_closed_set/svm_closed_set_train/11557.npy,true,192,true,false,false,0.99999994,true,776.875,true,true,
9677,exp_svm_spk_0006,SVM_CLOSED_SET,svm_closed_set_train,SVM_EXPERIMENTAL,data/embeddings/v2/svm_closed_set/svm_closed_set_train/9677.npy,true,192,true,false,false,1.00000000,true,1121.232,true,true,
10557,exp_svm_spk_0006,SVM_CLOSED_SET,svm_closed_set_train,SVM_EXPERIMENTAL,data/embeddings/v2/svm_closed_set/svm_closed_set_train/10557.npy,true,192,true,false,false,1.00000000,true,887.582,true,true,
7104,exp_svm_spk_0006,SVM_CLOSED_SET,svm_closed_set_train,SVM_EXPERIMENTAL,data/embeddings/v2/svm_closed_set/svm_closed_set_train/7104.npy,true,192,true,false,false,0.99999994,true,1351.566,true,true,
6271,exp_svm_spk_0006,SVM_CLOSED_SET,svm_closed_set_train,SVM_EXPERIMENTAL,data/embeddings/v2/svm_closed_set/svm_closed_set_train/6271.npy,true,192,true,false,false,1.00000000,true,582.221,true,true,
657,exp_svm_spk_0006,SVM_CLOSED_SET,svm_closed_set_train,SVM_EXPERIMENTAL,data/embeddings/v2/svm_closed_set/svm_closed_set_train/657.npy,true,192,true,false,false,1.00000000,true,934.395,true,true,
17093,exp_svm_spk_0006,SVM_CLOSED_SET,svm_closed_set_train,SVM_EXPERIMENTAL,data/embeddings/v2/svm_closed_set/svm_closed_set_train/17093.npy,true,192,true,false,false,1.00000000,true,1009.432,true,true,
2749,exp_svm_spk_0006,SVM_CLOSED_SET,svm_closed_set_train,SVM_EXPERIMENTAL,data/embeddings/v2/svm_closed_set/svm_closed_set_train/2749.npy,true,192,true,false,false,0.99999994,true,1143.699,true,true,
4579,exp_svm_spk_0006,SVM_CLOSED_SET,svm_closed_set_train,SVM_EXPERIMENTAL,data/embeddings/v2/svm_closed_set/svm_closed_set_train/4579.npy,true,192,true,false,false,1.00000000,true,1890.516,true,true,
12394,exp_svm_spk_0006,SVM_CLOSED_SET,svm_closed_set_train,SVM_EXPERIMENTAL,data/embeddings/v2/svm_closed_set/svm_closed_set_train/12394.npy,true,192,true,false,false,0.99999994,true,1537.451,true,true,
11406,exp_svm_spk_0006,SVM_CLOSED_SET,svm_closed_set_train,SVM_EXPERIMENTAL,data/embeddings/v2/svm_closed_set/svm_closed_set_train/11406.npy,true,192,true,false,false,1.00000000,true,1171.051,true,true,
2483,exp_svm_spk_0006,SVM_CLOSED_SET,svm_closed_set_train,SVM_EXPERIMENTAL,data/embeddings/v2/svm_closed_set/svm_closed_set_train/2483.npy,true,192,true,false,false,1.00000000,true,1829.175,true,true,
2790,exp_svm_spk_0006,SVM_CLOSED_SET,svm_closed_set_train,SVM_EXPERIMENTAL,data/embeddings/v2/svm_closed_set/svm_closed_set_train/2790.npy,true,192,true,false,false,1.00000000,true,2197.659,true,true,
14897,exp_svm_spk_0006,SVM_CLOSED_SET,svm_closed_set_train,SVM_EXPERIMENTAL,data/embeddings/v2/svm_closed_set/svm_closed_set_train/14897.npy,true,192,true,false,false,1.00000012,true,1561.498,true,true,
9733,exp_svm_spk_0006,SVM_CLOSED_SET,svm_closed_set_train,SVM_EXPERIMENTAL,data/embeddings/v2/svm_closed_set/svm_closed_set_train/9733.npy,true,192,true,false,false,1.00000000,true,1478.443,true,true,
8803,exp_svm_spk_0006,SVM_CLOSED_SET,svm_closed_set_train,SVM_EXPERIMENTAL,data/embeddings/v2/svm_closed_set/svm_closed_set_train/8803.npy,true,192,true,false,false,1.00000000,true,1728.191,true,true,
17137,exp_svm_spk_0006,SVM_CLOSED_SET,svm_closed_set_train,SVM_EXPERIMENTAL,data/embeddings/v2/svm_closed_set/svm_closed_set_train/17137.npy,true,192,true,false,false,1.00000000,true,2543.583,true,true,
3177,exp_svm_spk_0006,SVM_CLOSED_SET,svm_closed_set_train,SVM_EXPERIMENTAL,data/embeddings/v2/svm_closed_set/svm_closed_set_train/3177.npy,true,192,true,false,false,1.00000000,true,938.911,true,true,
11076,exp_svm_spk_0006,SVM_CLOSED_SET,svm_closed_set_train,SVM_EXPERIMENTAL,data/embeddings/v2/svm_closed_set/svm_closed_set_train/11076.npy,true,192,true,false,false,1.00000000,true,846.264,true,true,
13797,exp_svm_spk_0006,SVM_CLOSED_SET,svm_closed_set_train,SVM_EXPERIMENTAL,data/embeddings/v2/svm_closed_set/svm_closed_set_train/13797.npy,true,192,true,false,false,0.99999994,true,1141.445,true,true,
10689,exp_svm_spk_0006,SVM_CLOSED_SET,svm_closed_set_train,SVM_EXPERIMENTAL,data/embeddings/v2/svm_closed_set/svm_closed_set_train/10689.npy,true,192,true,false,false,1.00000000,true,2136.293,true,true,
13572,exp_svm_spk_0006,SVM_CLOSED_SET,svm_closed_set_train,SVM_EXPERIMENTAL,data/embeddings/v2/svm_closed_set/svm_closed_set_train/13572.npy,true,192,true,false,false,0.99999988,true,1744.052,true,true,
11487,exp_svm_spk_0006,SVM_CLOSED_SET,svm_closed_set_train,SVM_EXPERIMENTAL,data/embeddings/v2/svm_closed_set/svm_closed_set_train/11487.npy,true,192,true,false,false,1.00000000,true,1045.839,true,true,
6193,exp_svm_spk_0006,SVM_CLOSED_SET,svm_closed_set_train,SVM_EXPERIMENTAL,data/embeddings/v2/svm_closed_set/svm_closed_set_train/6193.npy,true,192,true,false,false,1.00000000,true,2176.937,true,true,
9978,exp_svm_spk_0006,SVM_CLOSED_SET,svm_closed_set_train,SVM_EXPERIMENTAL,data/embeddings/v2/svm_closed_set/svm_closed_set_train/9978.npy,true,192,true,false,false,1.00000000,true,1698.385,true,true,
13284,exp_svm_spk_0006,SVM_CLOSED_SET,svm_closed_set_train,SVM_EXPERIMENTAL,data/embeddings/v2/svm_closed_set/svm_closed_set_train/13284.npy,true,192,true,false,false,0.99999988,true,1423.504,true,true,
2699,exp_svm_spk_0006,SVM_CLOSED_SET,svm_closed_set_train,SVM_EXPERIMENTAL,data/embeddings/v2/svm_closed_set/svm_closed_set_train/2699.npy,true,192,true,false,false,1.00000000,true,860.078,true,true,
7727,exp_svm_spk_0006,SVM_CLOSED_SET,svm_closed_set_train,SVM_EXPERIMENTAL,data/embeddings/v2/svm_closed_set/svm_closed_set_train/7727.npy,true,192,true,false,false,1.00000000,true,1486.492,true,true,
13076,exp_svm_spk_0006,SVM_CLOSED_SET,svm_closed_set_train,SVM_EXPERIMENTAL,data/embeddings/v2/svm_closed_set/svm_closed_set_train/13076.npy,true,192,true,false,false,0.99999994,true,881.064,true,true,
762,exp_svm_spk_0006,SVM_CLOSED_SET,svm_closed_set_train,SVM_EXPERIMENTAL,data/embeddings/v2/svm_closed_set/svm_closed_set_train/762.npy,true,192,true,false,false,1.00000000,true,659.635,true,true,
6107,exp_svm_spk_0006,SVM_CLOSED_SET,svm_closed_set_train,SVM_EXPERIMENTAL,data/embeddings/v2/svm_closed_set/svm_closed_set_train/6107.npy,true,192,true,false,false,1.00000000,true,913.558,true,true,
516,exp_svm_spk_0006,SVM_CLOSED_SET,svm_closed_set_train,SVM_EXPERIMENTAL,data/embeddings/v2/svm_closed_set/svm_closed_set_train/516.npy,true,192,true,false,false,1.00000000,true,854.369,true,true,
12923,exp_svm_spk_0007,SVM_CLOSED_SET,svm_closed_set_train,SVM_EXPERIMENTAL,data/embeddings/v2/svm_closed_set/svm_closed_set_train/12923.npy,true,192,true,false,false,1.00000000,true,2303.545,true,true,
9299,exp_svm_spk_0007,SVM_CLOSED_SET,svm_closed_set_train,SVM_EXPERIMENTAL,data/embeddings/v2/svm_closed_set/svm_closed_set_train/9299.npy,true,192,true,false,false,0.99999994,true,1385.336,true,true,
4421,exp_svm_spk_0007,SVM_CLOSED_SET,svm_closed_set_train,SVM_EXPERIMENTAL,data/embeddings/v2/svm_closed_set/svm_closed_set_train/4421.npy,true,192,true,false,false,0.99999994,true,878.878,true,true,
15836,exp_svm_spk_0007,SVM_CLOSED_SET,svm_closed_set_train,SVM_EXPERIMENTAL,data/embeddings/v2/svm_closed_set/svm_closed_set_train/15836.npy,true,192,true,false,false,1.00000000,true,1047.750,true,true,
15065,exp_svm_spk_0007,SVM_CLOSED_SET,svm_closed_set_train,SVM_EXPERIMENTAL,data/embeddings/v2/svm_closed_set/svm_closed_set_train/15065.npy,true,192,true,false,false,1.00000000,true,2540.442,true,true,
13756,exp_svm_spk_0007,SVM_CLOSED_SET,svm_closed_set_train,SVM_EXPERIMENTAL,data/embeddings/v2/svm_closed_set/svm_closed_set_train/13756.npy,true,192,true,false,false,1.00000000,true,942.221,true,true,
13914,exp_svm_spk_0007,SVM_CLOSED_SET,svm_closed_set_train,SVM_EXPERIMENTAL,data/embeddings/v2/svm_closed_set/svm_closed_set_train/13914.npy,true,192,true,false,false,1.00000000,true,1393.942,true,true,
6655,exp_svm_spk_0007,SVM_CLOSED_SET,svm_closed_set_train,SVM_EXPERIMENTAL,data/embeddings/v2/svm_closed_set/svm_closed_set_train/6655.npy,true,192,true,false,false,0.99999994,true,1180.065,true,true,
6673,exp_svm_spk_0007,SVM_CLOSED_SET,svm_closed_set_train,SVM_EXPERIMENTAL,data/embeddings/v2/svm_closed_set/svm_closed_set_train/6673.npy,true,192,true,false,false,1.00000012,true,1200.759,true,true,
13836,exp_svm_spk_0007,SVM_CLOSED_SET,svm_closed_set_train,SVM_EXPERIMENTAL,data/embeddings/v2/svm_closed_set/svm_closed_set_train/13836.npy,true,192,true,false,false,1.00000000,true,1133.830,true,true,
2392,exp_svm_spk_0007,SVM_CLOSED_SET,svm_closed_set_train,SVM_EXPERIMENTAL,data/embeddings/v2/svm_closed_set/svm_closed_set_train/2392.npy,true,192,true,false,false,1.00000000,true,1376.964,true,true,
1094,exp_svm_spk_0007,SVM_CLOSED_SET,svm_closed_set_train,SVM_EXPERIMENTAL,data/embeddings/v2/svm_closed_set/svm_closed_set_train/1094.npy,true,192,true,false,false,0.99999994,true,1356.641,true,true,
3637,exp_svm_spk_0007,SVM_CLOSED_SET,svm_closed_set_train,SVM_EXPERIMENTAL,data/embeddings/v2/svm_closed_set/svm_closed_set_train/3637.npy,true,192,true,false,false,1.00000000,true,1208.313,true,true,
10952,exp_svm_spk_0007,SVM_CLOSED_SET,svm_closed_set_train,SVM_EXPERIMENTAL,data/embeddings/v2/svm_closed_set/svm_closed_set_train/10952.npy,true,192,true,false,false,1.00000000,true,1506.173,true,true,
10860,exp_svm_spk_0007,SVM_CLOSED_SET,svm_closed_set_train,SVM_EXPERIMENTAL,data/embeddings/v2/svm_closed_set/svm_closed_set_train/10860.npy,true,192,true,false,false,1.00000000,true,1279.572,true,true,
16533,exp_svm_spk_0007,SVM_CLOSED_SET,svm_closed_set_train,SVM_EXPERIMENTAL,data/embeddings/v2/svm_closed_set/svm_closed_set_train/16533.npy,true,192,true,false,false,1.00000000,true,1168.220,true,true,
10605,exp_svm_spk_0007,SVM_CLOSED_SET,svm_closed_set_train,SVM_EXPERIMENTAL,data/embeddings/v2/svm_closed_set/svm_closed_set_train/10605.npy,true,192,true,false,false,0.99999994,true,1111.766,true,true,
15986,exp_svm_spk_0007,SVM_CLOSED_SET,svm_closed_set_train,SVM_EXPERIMENTAL,data/embeddings/v2/svm_closed_set/svm_closed_set_train/15986.npy,true,192,true,false,false,1.00000000,true,858.016,true,true,
7043,exp_svm_spk_0007,SVM_CLOSED_SET,svm_closed_set_train,SVM_EXPERIMENTAL,data/embeddings/v2/svm_closed_set/svm_closed_set_train/7043.npy,true,192,true,false,false,1.00000000,true,1453.076,true,true,
11020,exp_svm_spk_0007,SVM_CLOSED_SET,svm_closed_set_train,SVM_EXPERIMENTAL,data/embeddings/v2/svm_closed_set/svm_closed_set_train/11020.npy,true,192,true,false,false,1.00000000,true,915.792,true,true,
13737,exp_svm_spk_0007,SVM_CLOSED_SET,svm_closed_set_train,SVM_EXPERIMENTAL,data/embeddings/v2/svm_closed_set/svm_closed_set_train/13737.npy,true,192,true,false,false,1.00000000,true,2746.014,true,true,
5183,exp_svm_spk_0007,SVM_CLOSED_SET,svm_closed_set_train,SVM_EXPERIMENTAL,data/embeddings/v2/svm_closed_set/svm_closed_set_train/5183.npy,true,192,true,false,false,0.99999994,true,785.387,true,true,
6792,exp_svm_spk_0007,SVM_CLOSED_SET,svm_closed_set_train,SVM_EXPERIMENTAL,data/embeddings/v2/svm_closed_set/svm_closed_set_train/6792.npy,true,192,true,false,false,1.00000000,true,974.516,true,true,
1295,exp_svm_spk_0007,SVM_CLOSED_SET,svm_closed_set_train,SVM_EXPERIMENTAL,data/embeddings/v2/svm_closed_set/svm_closed_set_train/1295.npy,true,192,true,false,false,1.00000000,true,1222.037,true,true,
10245,exp_svm_spk_0007,SVM_CLOSED_SET,svm_closed_set_train,SVM_EXPERIMENTAL,data/embeddings/v2/svm_closed_set/svm_closed_set_train/10245.npy,true,192,true,false,false,0.99999994,true,1531.602,true,true,
10449,exp_svm_spk_0007,SVM_CLOSED_SET,svm_closed_set_train,SVM_EXPERIMENTAL,data/embeddings/v2/svm_closed_set/svm_closed_set_train/10449.npy,true,192,true,false,false,1.00000000,true,2006.193,true,true,
17046,exp_svm_spk_0007,SVM_CLOSED_SET,svm_closed_set_train,SVM_EXPERIMENTAL,data/embeddings/v2/svm_closed_set/svm_closed_set_train/17046.npy,true,192,true,false,false,1.00000000,true,1313.834,true,true,
5362,exp_svm_spk_0007,SVM_CLOSED_SET,svm_closed_set_train,SVM_EXPERIMENTAL,data/embeddings/v2/svm_closed_set/svm_closed_set_train/5362.npy,true,192,true,false,false,0.99999988,true,1500.472,true,true,
2158,exp_svm_spk_0007,SVM_CLOSED_SET,svm_closed_set_train,SVM_EXPERIMENTAL,data/embeddings/v2/svm_closed_set/svm_closed_set_train/2158.npy,true,192,true,false,false,1.00000000,true,2136.670,true,true,
7260,exp_svm_spk_0007,SVM_CLOSED_SET,svm_closed_set_train,SVM_EXPERIMENTAL,data/embeddings/v2/svm_closed_set/svm_closed_set_train/7260.npy,true,192,true,false,false,1.00000000,true,1982.820,true,true,
806,exp_svm_spk_0007,SVM_CLOSED_SET,svm_closed_set_train,SVM_EXPERIMENTAL,data/embeddings/v2/svm_closed_set/svm_closed_set_train/806.npy,true,192,true,false,false,0.99999994,true,1778.964,true,true,
9164,exp_svm_spk_0007,SVM_CLOSED_SET,svm_closed_set_train,SVM_EXPERIMENTAL,data/embeddings/v2/svm_closed_set/svm_closed_set_train/9164.npy,true,192,true,false,false,0.99999994,true,2318.078,true,true,
4292,exp_svm_spk_0007,SVM_CLOSED_SET,svm_closed_set_train,SVM_EXPERIMENTAL,data/embeddings/v2/svm_closed_set/svm_closed_set_train/4292.npy,true,192,true,false,false,1.00000000,true,1790.281,true,true,
4003,exp_svm_spk_0007,SVM_CLOSED_SET,svm_closed_set_train,SVM_EXPERIMENTAL,data/embeddings/v2/svm_closed_set/svm_closed_set_train/4003.npy,true,192,true,false,false,0.99999994,true,1192.900,true,true,
2042,exp_svm_spk_0007,SVM_CLOSED_SET,svm_closed_set_train,SVM_EXPERIMENTAL,data/embeddings/v2/svm_closed_set/svm_closed_set_train/2042.npy,true,192,true,false,false,1.00000000,true,2120.118,true,true,
14604,exp_svm_spk_0007,SVM_CLOSED_SET,svm_closed_set_train,SVM_EXPERIMENTAL,data/embeddings/v2/svm_closed_set/svm_closed_set_train/14604.npy,true,192,true,false,false,1.00000000,true,1311.299,true,true,
10904,exp_svm_spk_0007,SVM_CLOSED_SET,svm_closed_set_train,SVM_EXPERIMENTAL,data/embeddings/v2/svm_closed_set/svm_closed_set_train/10904.npy,true,192,true,false,false,0.99999994,true,1038.343,true,true,
8549,exp_svm_spk_0007,SVM_CLOSED_SET,svm_closed_set_train,SVM_EXPERIMENTAL,data/embeddings/v2/svm_closed_set/svm_closed_set_train/8549.npy,true,192,true,false,false,1.00000000,true,2235.308,true,true,
16881,exp_svm_spk_0007,SVM_CLOSED_SET,svm_closed_set_train,SVM_EXPERIMENTAL,data/embeddings/v2/svm_closed_set/svm_closed_set_train/16881.npy,true,192,true,false,false,1.00000000,true,751.495,true,true,
13373,exp_svm_spk_0007,SVM_CLOSED_SET,svm_closed_set_train,SVM_EXPERIMENTAL,data/embeddings/v2/svm_closed_set/svm_closed_set_train/13373.npy,true,192,true,false,false,0.99999994,true,1074.327,true,true,
14901,exp_svm_spk_0007,SVM_CLOSED_SET,svm_closed_set_train,SVM_EXPERIMENTAL,data/embeddings/v2/svm_closed_set/svm_closed_set_train/14901.npy,true,192,true,false,false,1.00000000,true,1150.879,true,true,
10896,exp_svm_spk_0007,SVM_CLOSED_SET,svm_closed_set_train,SVM_EXPERIMENTAL,data/embeddings/v2/svm_closed_set/svm_closed_set_train/10896.npy,true,192,true,false,false,0.99999994,true,1096.276,true,true,
3547,exp_svm_spk_0007,SVM_CLOSED_SET,svm_closed_set_train,SVM_EXPERIMENTAL,data/embeddings/v2/svm_closed_set/svm_closed_set_train/3547.npy,true,192,true,false,false,0.99999988,true,1405.356,true,true,
5069,exp_svm_spk_0007,SVM_CLOSED_SET,svm_closed_set_train,SVM_EXPERIMENTAL,data/embeddings/v2/svm_closed_set/svm_closed_set_train/5069.npy,true,192,true,false,false,1.00000000,true,1008.851,true,true,
11283,exp_svm_spk_0007,SVM_CLOSED_SET,svm_closed_set_train,SVM_EXPERIMENTAL,data/embeddings/v2/svm_closed_set/svm_closed_set_train/11283.npy,true,192,true,false,false,0.99999994,true,1009.828,true,true,
10554,exp_svm_spk_0007,SVM_CLOSED_SET,svm_closed_set_train,SVM_EXPERIMENTAL,data/embeddings/v2/svm_closed_set/svm_closed_set_train/10554.npy,true,192,true,false,false,1.00000000,true,1235.046,true,true,
12380,exp_svm_spk_0007,SVM_CLOSED_SET,svm_closed_set_train,SVM_EXPERIMENTAL,data/embeddings/v2/svm_closed_set/svm_closed_set_train/12380.npy,true,192,true,false,false,0.99999994,true,1501.987,true,true,
1558,exp_svm_spk_0007,SVM_CLOSED_SET,svm_closed_set_train,SVM_EXPERIMENTAL,data/embeddings/v2/svm_closed_set/svm_closed_set_train/1558.npy,true,192,true,false,false,1.00000000,true,870.652,true,true,
11530,exp_svm_spk_0007,SVM_CLOSED_SET,svm_closed_set_train,SVM_EXPERIMENTAL,data/embeddings/v2/svm_closed_set/svm_closed_set_train/11530.npy,true,192,true,false,false,1.00000000,true,1116.441,true,true,
2040,exp_svm_spk_0007,SVM_CLOSED_SET,svm_closed_set_train,SVM_EXPERIMENTAL,data/embeddings/v2/svm_closed_set/svm_closed_set_train/2040.npy,true,192,true,false,false,1.00000000,true,979.471,true,true,
15572,exp_svm_spk_0007,SVM_CLOSED_SET,svm_closed_set_train,SVM_EXPERIMENTAL,data/embeddings/v2/svm_closed_set/svm_closed_set_train/15572.npy,true,192,true,false,false,1.00000000,true,845.251,true,true,
11693,exp_svm_spk_0007,SVM_CLOSED_SET,svm_closed_set_train,SVM_EXPERIMENTAL,data/embeddings/v2/svm_closed_set/svm_closed_set_train/11693.npy,true,192,true,false,false,1.00000000,true,1503.410,true,true,
14708,exp_svm_spk_0007,SVM_CLOSED_SET,svm_closed_set_train,SVM_EXPERIMENTAL,data/embeddings/v2/svm_closed_set/svm_closed_set_train/14708.npy,true,192,true,false,false,1.00000000,true,832.565,true,true,
7066,exp_svm_spk_0007,SVM_CLOSED_SET,svm_closed_set_train,SVM_EXPERIMENTAL,data/embeddings/v2/svm_closed_set/svm_closed_set_train/7066.npy,true,192,true,false,false,1.00000000,true,1102.176,true,true,
8753,exp_svm_spk_0007,SVM_CLOSED_SET,svm_closed_set_train,SVM_EXPERIMENTAL,data/embeddings/v2/svm_closed_set/svm_closed_set_train/8753.npy,true,192,true,false,false,1.00000000,true,1251.907,true,true,
13349,exp_svm_spk_0007,SVM_CLOSED_SET,svm_closed_set_train,SVM_EXPERIMENTAL,data/embeddings/v2/svm_closed_set/svm_closed_set_train/13349.npy,true,192,true,false,false,1.00000000,true,1495.070,true,true,
12947,exp_svm_spk_0007,SVM_CLOSED_SET,svm_closed_set_train,SVM_EXPERIMENTAL,data/embeddings/v2/svm_closed_set/svm_closed_set_train/12947.npy,true,192,true,false,false,1.00000000,true,779.003,true,true,
11256,exp_svm_spk_0007,SVM_CLOSED_SET,svm_closed_set_train,SVM_EXPERIMENTAL,data/embeddings/v2/svm_closed_set/svm_closed_set_train/11256.npy,true,192,true,false,false,0.99999994,true,933.360,true,true,
4360,exp_svm_spk_0007,SVM_CLOSED_SET,svm_closed_set_train,SVM_EXPERIMENTAL,data/embeddings/v2/svm_closed_set/svm_closed_set_train/4360.npy,true,192,true,false,false,0.99999994,true,1166.457,true,true,
16612,exp_svm_spk_0007,SVM_CLOSED_SET,svm_closed_set_train,SVM_EXPERIMENTAL,data/embeddings/v2/svm_closed_set/svm_closed_set_train/16612.npy,true,192,true,false,false,1.00000000,true,1391.944,true,true,
99,exp_svm_spk_0007,SVM_CLOSED_SET,svm_closed_set_train,SVM_EXPERIMENTAL,data/embeddings/v2/svm_closed_set/svm_closed_set_train/99.npy,true,192,true,false,false,0.99999994,true,966.984,true,true,
8723,exp_svm_spk_0007,SVM_CLOSED_SET,svm_closed_set_train,SVM_EXPERIMENTAL,data/embeddings/v2/svm_closed_set/svm_closed_set_train/8723.npy,true,192,true,false,false,1.00000000,true,1937.196,true,true,
12877,exp_svm_spk_0007,SVM_CLOSED_SET,svm_closed_set_train,SVM_EXPERIMENTAL,data/embeddings/v2/svm_closed_set/svm_closed_set_train/12877.npy,true,192,true,false,false,1.00000000,true,1212.775,true,true,
5202,exp_svm_spk_0007,SVM_CLOSED_SET,svm_closed_set_train,SVM_EXPERIMENTAL,data/embeddings/v2/svm_closed_set/svm_closed_set_train/5202.npy,true,192,true,false,false,1.00000000,true,849.184,true,true,
5436,exp_svm_spk_0009,SVM_CLOSED_SET,svm_closed_set_train,SVM_EXPERIMENTAL,data/embeddings/v2/svm_closed_set/svm_closed_set_train/5436.npy,true,192,true,false,false,0.99999994,true,1274.574,true,true,
14721,exp_svm_spk_0009,SVM_CLOSED_SET,svm_closed_set_train,SVM_EXPERIMENTAL,data/embeddings/v2/svm_closed_set/svm_closed_set_train/14721.npy,true,192,true,false,false,1.00000000,true,1322.850,true,true,
6548,exp_svm_spk_0009,SVM_CLOSED_SET,svm_closed_set_train,SVM_EXPERIMENTAL,data/embeddings/v2/svm_closed_set/svm_closed_set_train/6548.npy,true,192,true,false,false,0.99999994,true,1233.056,true,true,
5154,exp_svm_spk_0009,SVM_CLOSED_SET,svm_closed_set_train,SVM_EXPERIMENTAL,data/embeddings/v2/svm_closed_set/svm_closed_set_train/5154.npy,true,192,true,false,false,0.99999994,true,2071.477,true,true,
11333,exp_svm_spk_0009,SVM_CLOSED_SET,svm_closed_set_train,SVM_EXPERIMENTAL,data/embeddings/v2/svm_closed_set/svm_closed_set_train/11333.npy,true,192,true,false,false,0.99999994,true,1953.969,true,true,
10488,exp_svm_spk_0009,SVM_CLOSED_SET,svm_closed_set_train,SVM_EXPERIMENTAL,data/embeddings/v2/svm_closed_set/svm_closed_set_train/10488.npy,true,192,true,false,false,0.99999994,true,897.817,true,true,
16396,exp_svm_spk_0009,SVM_CLOSED_SET,svm_closed_set_train,SVM_EXPERIMENTAL,data/embeddings/v2/svm_closed_set/svm_closed_set_train/16396.npy,true,192,true,false,false,0.99999994,true,860.355,true,true,
3285,exp_svm_spk_0009,SVM_CLOSED_SET,svm_closed_set_train,SVM_EXPERIMENTAL,data/embeddings/v2/svm_closed_set/svm_closed_set_train/3285.npy,true,192,true,false,false,1.00000000,true,1350.439,true,true,
30,exp_svm_spk_0009,SVM_CLOSED_SET,svm_closed_set_train,SVM_EXPERIMENTAL,data/embeddings/v2/svm_closed_set/svm_closed_set_train/30.npy,true,192,true,false,false,1.00000000,true,3063.769,true,true,
13938,exp_svm_spk_0009,SVM_CLOSED_SET,svm_closed_set_train,SVM_EXPERIMENTAL,data/embeddings/v2/svm_closed_set/svm_closed_set_train/13938.npy,true,192,true,false,false,0.99999994,true,1332.483,true,true,
2259,exp_svm_spk_0009,SVM_CLOSED_SET,svm_closed_set_train,SVM_EXPERIMENTAL,data/embeddings/v2/svm_closed_set/svm_closed_set_train/2259.npy,true,192,true,false,false,1.00000000,true,851.688,true,true,
4778,exp_svm_spk_0009,SVM_CLOSED_SET,svm_closed_set_train,SVM_EXPERIMENTAL,data/embeddings/v2/svm_closed_set/svm_closed_set_train/4778.npy,true,192,true,false,false,0.99999988,true,1582.155,true,true,
8152,exp_svm_spk_0009,SVM_CLOSED_SET,svm_closed_set_train,SVM_EXPERIMENTAL,data/embeddings/v2/svm_closed_set/svm_closed_set_train/8152.npy,true,192,true,false,false,1.00000000,true,1475.253,true,true,
1225,exp_svm_spk_0009,SVM_CLOSED_SET,svm_closed_set_train,SVM_EXPERIMENTAL,data/embeddings/v2/svm_closed_set/svm_closed_set_train/1225.npy,true,192,true,false,false,0.99999994,true,1496.223,true,true,
4422,exp_svm_spk_0009,SVM_CLOSED_SET,svm_closed_set_train,SVM_EXPERIMENTAL,data/embeddings/v2/svm_closed_set/svm_closed_set_train/4422.npy,true,192,true,false,false,1.00000000,true,1693.044,true,true,
2992,exp_svm_spk_0009,SVM_CLOSED_SET,svm_closed_set_train,SVM_EXPERIMENTAL,data/embeddings/v2/svm_closed_set/svm_closed_set_train/2992.npy,true,192,true,false,false,1.00000000,true,1501.791,true,true,
113,exp_svm_spk_0009,SVM_CLOSED_SET,svm_closed_set_train,SVM_EXPERIMENTAL,data/embeddings/v2/svm_closed_set/svm_closed_set_train/113.npy,true,192,true,false,false,1.00000000,true,1481.918,true,true,
13051,exp_svm_spk_0009,SVM_CLOSED_SET,svm_closed_set_train,SVM_EXPERIMENTAL,data/embeddings/v2/svm_closed_set/svm_closed_set_train/13051.npy,true,192,true,false,false,1.00000000,true,1582.078,true,true,
4117,exp_svm_spk_0009,SVM_CLOSED_SET,svm_closed_set_train,SVM_EXPERIMENTAL,data/embeddings/v2/svm_closed_set/svm_closed_set_train/4117.npy,true,192,true,false,false,1.00000000,true,4535.945,true,true,
9926,exp_svm_spk_0009,SVM_CLOSED_SET,svm_closed_set_train,SVM_EXPERIMENTAL,data/embeddings/v2/svm_closed_set/svm_closed_set_train/9926.npy,true,192,true,false,false,0.99999994,true,1817.903,true,true,
11611,exp_svm_spk_0009,SVM_CLOSED_SET,svm_closed_set_train,SVM_EXPERIMENTAL,data/embeddings/v2/svm_closed_set/svm_closed_set_train/11611.npy,true,192,true,false,false,1.00000000,true,3660.822,true,true,
6779,exp_svm_spk_0009,SVM_CLOSED_SET,svm_closed_set_train,SVM_EXPERIMENTAL,data/embeddings/v2/svm_closed_set/svm_closed_set_train/6779.npy,true,192,true,false,false,1.00000000,true,1073.185,true,true,
1910,exp_svm_spk_0009,SVM_CLOSED_SET,svm_closed_set_train,SVM_EXPERIMENTAL,data/embeddings/v2/svm_closed_set/svm_closed_set_train/1910.npy,true,192,true,false,false,1.00000000,true,1661.791,true,true,
4359,exp_svm_spk_0009,SVM_CLOSED_SET,svm_closed_set_train,SVM_EXPERIMENTAL,data/embeddings/v2/svm_closed_set/svm_closed_set_train/4359.npy,true,192,true,false,false,1.00000000,true,1940.367,true,true,
9391,exp_svm_spk_0009,SVM_CLOSED_SET,svm_closed_set_train,SVM_EXPERIMENTAL,data/embeddings/v2/svm_closed_set/svm_closed_set_train/9391.npy,true,192,true,false,false,0.99999994,true,2540.015,true,true,
11675,exp_svm_spk_0009,SVM_CLOSED_SET,svm_closed_set_train,SVM_EXPERIMENTAL,data/embeddings/v2/svm_closed_set/svm_closed_set_train/11675.npy,true,192,true,false,false,1.00000012,true,1447.944,true,true,
12711,exp_svm_spk_0009,SVM_CLOSED_SET,svm_closed_set_train,SVM_EXPERIMENTAL,data/embeddings/v2/svm_closed_set/svm_closed_set_train/12711.npy,true,192,true,false,false,1.00000000,true,1743.879,true,true,
5696,exp_svm_spk_0009,SVM_CLOSED_SET,svm_closed_set_train,SVM_EXPERIMENTAL,data/embeddings/v2/svm_closed_set/svm_closed_set_train/5696.npy,true,192,true,false,false,1.00000000,true,2365.025,true,true,
8873,exp_svm_spk_0009,SVM_CLOSED_SET,svm_closed_set_train,SVM_EXPERIMENTAL,data/embeddings/v2/svm_closed_set/svm_closed_set_train/8873.npy,true,192,true,false,false,1.00000012,true,2495.704,true,true,
13316,exp_svm_spk_0009,SVM_CLOSED_SET,svm_closed_set_train,SVM_EXPERIMENTAL,data/embeddings/v2/svm_closed_set/svm_closed_set_train/13316.npy,true,192,true,false,false,0.99999994,true,2286.380,true,true,
16726,exp_svm_spk_0009,SVM_CLOSED_SET,svm_closed_set_train,SVM_EXPERIMENTAL,data/embeddings/v2/svm_closed_set/svm_closed_set_train/16726.npy,true,192,true,false,false,0.99999994,true,1728.633,true,true,
9921,exp_svm_spk_0009,SVM_CLOSED_SET,svm_closed_set_train,SVM_EXPERIMENTAL,data/embeddings/v2/svm_closed_set/svm_closed_set_train/9921.npy,true,192,true,false,false,1.00000000,true,1304.552,true,true,
11377,exp_svm_spk_0009,SVM_CLOSED_SET,svm_closed_set_train,SVM_EXPERIMENTAL,data/embeddings/v2/svm_closed_set/svm_closed_set_train/11377.npy,true,192,true,false,false,1.00000000,true,1157.509,true,true,
148,exp_svm_spk_0009,SVM_CLOSED_SET,svm_closed_set_train,SVM_EXPERIMENTAL,data/embeddings/v2/svm_closed_set/svm_closed_set_train/148.npy,true,192,true,false,false,1.00000000,true,1238.523,true,true,
4791,exp_svm_spk_0009,SVM_CLOSED_SET,svm_closed_set_train,SVM_EXPERIMENTAL,data/embeddings/v2/svm_closed_set/svm_closed_set_train/4791.npy,true,192,true,false,false,1.00000000,true,909.176,true,true,
5453,exp_svm_spk_0009,SVM_CLOSED_SET,svm_closed_set_train,SVM_EXPERIMENTAL,data/embeddings/v2/svm_closed_set/svm_closed_set_train/5453.npy,true,192,true,false,false,1.00000000,true,1960.180,true,true,
15798,exp_svm_spk_0009,SVM_CLOSED_SET,svm_closed_set_train,SVM_EXPERIMENTAL,data/embeddings/v2/svm_closed_set/svm_closed_set_train/15798.npy,true,192,true,false,false,1.00000000,true,890.703,true,true,
14267,exp_svm_spk_0009,SVM_CLOSED_SET,svm_closed_set_train,SVM_EXPERIMENTAL,data/embeddings/v2/svm_closed_set/svm_closed_set_train/14267.npy,true,192,true,false,false,1.00000000,true,1572.764,true,true,
15090,exp_svm_spk_0009,SVM_CLOSED_SET,svm_closed_set_train,SVM_EXPERIMENTAL,data/embeddings/v2/svm_closed_set/svm_closed_set_train/15090.npy,true,192,true,false,false,1.00000000,true,1883.211,true,true,
5653,exp_svm_spk_0009,SVM_CLOSED_SET,svm_closed_set_train,SVM_EXPERIMENTAL,data/embeddings/v2/svm_closed_set/svm_closed_set_train/5653.npy,true,192,true,false,false,1.00000000,true,3729.093,true,true,
6096,exp_svm_spk_0009,SVM_CLOSED_SET,svm_closed_set_train,SVM_EXPERIMENTAL,data/embeddings/v2/svm_closed_set/svm_closed_set_train/6096.npy,true,192,true,false,false,1.00000000,true,1013.884,true,true,
8253,exp_svm_spk_0009,SVM_CLOSED_SET,svm_closed_set_train,SVM_EXPERIMENTAL,data/embeddings/v2/svm_closed_set/svm_closed_set_train/8253.npy,true,192,true,false,false,1.00000000,true,2217.360,true,true,
15252,exp_svm_spk_0009,SVM_CLOSED_SET,svm_closed_set_train,SVM_EXPERIMENTAL,data/embeddings/v2/svm_closed_set/svm_closed_set_train/15252.npy,true,192,true,false,false,1.00000000,true,3204.056,true,true,
1901,exp_svm_spk_0009,SVM_CLOSED_SET,svm_closed_set_train,SVM_EXPERIMENTAL,data/embeddings/v2/svm_closed_set/svm_closed_set_train/1901.npy,true,192,true,false,false,0.99999994,true,1799.575,true,true,
6381,exp_svm_spk_0009,SVM_CLOSED_SET,svm_closed_set_train,SVM_EXPERIMENTAL,data/embeddings/v2/svm_closed_set/svm_closed_set_train/6381.npy,true,192,true,false,false,1.00000000,true,1243.723,true,true,
8373,exp_svm_spk_0009,SVM_CLOSED_SET,svm_closed_set_train,SVM_EXPERIMENTAL,data/embeddings/v2/svm_closed_set/svm_closed_set_train/8373.npy,true,192,true,false,false,1.00000000,true,1109.864,true,true,
16615,exp_svm_spk_0009,SVM_CLOSED_SET,svm_closed_set_train,SVM_EXPERIMENTAL,data/embeddings/v2/svm_closed_set/svm_closed_set_train/16615.npy,true,192,true,false,false,1.00000000,true,3393.383,true,true,
2514,exp_svm_spk_0009,SVM_CLOSED_SET,svm_closed_set_train,SVM_EXPERIMENTAL,data/embeddings/v2/svm_closed_set/svm_closed_set_train/2514.npy,true,192,true,false,false,1.00000000,true,1377.064,true,true,
7653,exp_svm_spk_0009,SVM_CLOSED_SET,svm_closed_set_train,SVM_EXPERIMENTAL,data/embeddings/v2/svm_closed_set/svm_closed_set_train/7653.npy,true,192,true,false,false,1.00000000,true,4054.272,true,true,
15973,exp_svm_spk_0009,SVM_CLOSED_SET,svm_closed_set_train,SVM_EXPERIMENTAL,data/embeddings/v2/svm_closed_set/svm_closed_set_train/15973.npy,true,192,true,false,false,1.00000000,true,2477.130,true,true,
10806,exp_svm_spk_0009,SVM_CLOSED_SET,svm_closed_set_train,SVM_EXPERIMENTAL,data/embeddings/v2/svm_closed_set/svm_closed_set_train/10806.npy,true,192,true,false,false,0.99999988,true,1914.951,true,true,
388,exp_svm_spk_0009,SVM_CLOSED_SET,svm_closed_set_train,SVM_EXPERIMENTAL,data/embeddings/v2/svm_closed_set/svm_closed_set_train/388.npy,true,192,true,false,false,1.00000000,true,989.817,true,true,
14069,exp_svm_spk_0009,SVM_CLOSED_SET,svm_closed_set_train,SVM_EXPERIMENTAL,data/embeddings/v2/svm_closed_set/svm_closed_set_train/14069.npy,true,192,true,false,false,0.99999994,true,1256.634,true,true,
8928,exp_svm_spk_0009,SVM_CLOSED_SET,svm_closed_set_train,SVM_EXPERIMENTAL,data/embeddings/v2/svm_closed_set/svm_closed_set_train/8928.npy,true,192,true,false,false,0.99999994,true,2470.299,true,true,
3121,exp_svm_spk_0009,SVM_CLOSED_SET,svm_closed_set_train,SVM_EXPERIMENTAL,data/embeddings/v2/svm_closed_set/svm_closed_set_train/3121.npy,true,192,true,false,false,1.00000000,true,1621.420,true,true,
5726,exp_svm_spk_0009,SVM_CLOSED_SET,svm_closed_set_train,SVM_EXPERIMENTAL,data/embeddings/v2/svm_closed_set/svm_closed_set_train/5726.npy,true,192,true,false,false,1.00000000,true,1168.494,true,true,
3876,exp_svm_spk_0009,SVM_CLOSED_SET,svm_closed_set_train,SVM_EXPERIMENTAL,data/embeddings/v2/svm_closed_set/svm_closed_set_train/3876.npy,true,192,true,false,false,1.00000000,true,2182.426,true,true,
1334,exp_svm_spk_0009,SVM_CLOSED_SET,svm_closed_set_train,SVM_EXPERIMENTAL,data/embeddings/v2/svm_closed_set/svm_closed_set_train/1334.npy,true,192,true,false,false,1.00000000,true,2361.605,true,true,
5189,exp_svm_spk_0009,SVM_CLOSED_SET,svm_closed_set_train,SVM_EXPERIMENTAL,data/embeddings/v2/svm_closed_set/svm_closed_set_train/5189.npy,true,192,true,false,false,1.00000000,true,2289.926,true,true,
7780,exp_svm_spk_0009,SVM_CLOSED_SET,svm_closed_set_train,SVM_EXPERIMENTAL,data/embeddings/v2/svm_closed_set/svm_closed_set_train/7780.npy,true,192,true,false,false,1.00000000,true,1735.232,true,true,
6169,exp_svm_spk_0009,SVM_CLOSED_SET,svm_closed_set_train,SVM_EXPERIMENTAL,data/embeddings/v2/svm_closed_set/svm_closed_set_train/6169.npy,true,192,true,false,false,1.00000000,true,1495.808,true,true,
14343,exp_svm_spk_0009,SVM_CLOSED_SET,svm_closed_set_train,SVM_EXPERIMENTAL,data/embeddings/v2/svm_closed_set/svm_closed_set_train/14343.npy,true,192,true,false,false,1.00000000,true,1806.641,true,true,
15538,exp_svm_spk_0009,SVM_CLOSED_SET,svm_closed_set_train,SVM_EXPERIMENTAL,data/embeddings/v2/svm_closed_set/svm_closed_set_train/15538.npy,true,192,true,false,false,0.99999994,true,2983.967,true,true,
12177,exp_svm_spk_0009,SVM_CLOSED_SET,svm_closed_set_train,SVM_EXPERIMENTAL,data/embeddings/v2/svm_closed_set/svm_closed_set_train/12177.npy,true,192,true,false,false,0.99999994,true,752.391,true,true,
8325,exp_svm_spk_0009,SVM_CLOSED_SET,svm_closed_set_train,SVM_EXPERIMENTAL,data/embeddings/v2/svm_closed_set/svm_closed_set_train/8325.npy,true,192,true,false,false,0.99999994,true,1640.993,true,true,
2303,exp_svm_spk_0010,SVM_CLOSED_SET,svm_closed_set_train,SVM_EXPERIMENTAL,data/embeddings/v2/svm_closed_set/svm_closed_set_train/2303.npy,true,192,true,false,false,0.99999994,true,561.603,true,true,
15581,exp_svm_spk_0010,SVM_CLOSED_SET,svm_closed_set_train,SVM_EXPERIMENTAL,data/embeddings/v2/svm_closed_set/svm_closed_set_train/15581.npy,true,192,true,false,false,1.00000000,true,621.377,true,true,
6558,exp_svm_spk_0010,SVM_CLOSED_SET,svm_closed_set_train,SVM_EXPERIMENTAL,data/embeddings/v2/svm_closed_set/svm_closed_set_train/6558.npy,true,192,true,false,false,1.00000000,true,1106.933,true,true,
2834,exp_svm_spk_0010,SVM_CLOSED_SET,svm_closed_set_train,SVM_EXPERIMENTAL,data/embeddings/v2/svm_closed_set/svm_closed_set_train/2834.npy,true,192,true,false,false,1.00000000,true,1022.485,true,true,
9355,exp_svm_spk_0010,SVM_CLOSED_SET,svm_closed_set_train,SVM_EXPERIMENTAL,data/embeddings/v2/svm_closed_set/svm_closed_set_train/9355.npy,true,192,true,false,false,1.00000000,true,721.121,true,true,
4497,exp_svm_spk_0010,SVM_CLOSED_SET,svm_closed_set_train,SVM_EXPERIMENTAL,data/embeddings/v2/svm_closed_set/svm_closed_set_train/4497.npy,true,192,true,false,false,1.00000000,true,770.544,true,true,
13859,exp_svm_spk_0010,SVM_CLOSED_SET,svm_closed_set_train,SVM_EXPERIMENTAL,data/embeddings/v2/svm_closed_set/svm_closed_set_train/13859.npy,true,192,true,false,false,1.00000000,true,840.275,true,true,
10290,exp_svm_spk_0010,SVM_CLOSED_SET,svm_closed_set_train,SVM_EXPERIMENTAL,data/embeddings/v2/svm_closed_set/svm_closed_set_train/10290.npy,true,192,true,false,false,1.00000000,true,1008.261,true,true,
1222,exp_svm_spk_0010,SVM_CLOSED_SET,svm_closed_set_train,SVM_EXPERIMENTAL,data/embeddings/v2/svm_closed_set/svm_closed_set_train/1222.npy,true,192,true,false,false,0.99999994,true,1195.405,true,true,
6990,exp_svm_spk_0010,SVM_CLOSED_SET,svm_closed_set_train,SVM_EXPERIMENTAL,data/embeddings/v2/svm_closed_set/svm_closed_set_train/6990.npy,true,192,true,false,false,1.00000000,true,1070.254,true,true,
6858,exp_svm_spk_0010,SVM_CLOSED_SET,svm_closed_set_train,SVM_EXPERIMENTAL,data/embeddings/v2/svm_closed_set/svm_closed_set_train/6858.npy,true,192,true,false,false,0.99999994,true,666.150,true,true,
9375,exp_svm_spk_0010,SVM_CLOSED_SET,svm_closed_set_train,SVM_EXPERIMENTAL,data/embeddings/v2/svm_closed_set/svm_closed_set_train/9375.npy,true,192,true,false,false,1.00000000,true,509.794,true,true,
2971,exp_svm_spk_0010,SVM_CLOSED_SET,svm_closed_set_train,SVM_EXPERIMENTAL,data/embeddings/v2/svm_closed_set/svm_closed_set_train/2971.npy,true,192,true,false,false,0.99999994,true,747.007,true,true,
12470,exp_svm_spk_0010,SVM_CLOSED_SET,svm_closed_set_train,SVM_EXPERIMENTAL,data/embeddings/v2/svm_closed_set/svm_closed_set_train/12470.npy,true,192,true,false,false,0.99999994,true,927.713,true,true,
12478,exp_svm_spk_0010,SVM_CLOSED_SET,svm_closed_set_train,SVM_EXPERIMENTAL,data/embeddings/v2/svm_closed_set/svm_closed_set_train/12478.npy,true,192,true,false,false,1.00000000,true,1823.678,true,true,
9013,exp_svm_spk_0010,SVM_CLOSED_SET,svm_closed_set_train,SVM_EXPERIMENTAL,data/embeddings/v2/svm_closed_set/svm_closed_set_train/9013.npy,true,192,true,false,false,1.00000000,true,930.453,true,true,
1726,exp_svm_spk_0010,SVM_CLOSED_SET,svm_closed_set_train,SVM_EXPERIMENTAL,data/embeddings/v2/svm_closed_set/svm_closed_set_train/1726.npy,true,192,true,false,false,0.99999994,true,640.164,true,true,
2583,exp_svm_spk_0010,SVM_CLOSED_SET,svm_closed_set_train,SVM_EXPERIMENTAL,data/embeddings/v2/svm_closed_set/svm_closed_set_train/2583.npy,true,192,true,false,false,1.00000000,true,774.538,true,true,
16334,exp_svm_spk_0010,SVM_CLOSED_SET,svm_closed_set_train,SVM_EXPERIMENTAL,data/embeddings/v2/svm_closed_set/svm_closed_set_train/16334.npy,true,192,true,false,false,1.00000000,true,1545.442,true,true,
4752,exp_svm_spk_0010,SVM_CLOSED_SET,svm_closed_set_train,SVM_EXPERIMENTAL,data/embeddings/v2/svm_closed_set/svm_closed_set_train/4752.npy,true,192,true,false,false,0.99999994,true,1086.766,true,true,
7595,exp_svm_spk_0010,SVM_CLOSED_SET,svm_closed_set_train,SVM_EXPERIMENTAL,data/embeddings/v2/svm_closed_set/svm_closed_set_train/7595.npy,true,192,true,false,false,1.00000000,true,932.448,true,true,
6452,exp_svm_spk_0010,SVM_CLOSED_SET,svm_closed_set_train,SVM_EXPERIMENTAL,data/embeddings/v2/svm_closed_set/svm_closed_set_train/6452.npy,true,192,true,false,false,1.00000000,true,1444.527,true,true,
147,exp_svm_spk_0010,SVM_CLOSED_SET,svm_closed_set_train,SVM_EXPERIMENTAL,data/embeddings/v2/svm_closed_set/svm_closed_set_train/147.npy,true,192,true,false,false,1.00000000,true,958.960,true,true,
1241,exp_svm_spk_0010,SVM_CLOSED_SET,svm_closed_set_train,SVM_EXPERIMENTAL,data/embeddings/v2/svm_closed_set/svm_closed_set_train/1241.npy,true,192,true,false,false,1.00000000,true,1098.615,true,true,
16744,exp_svm_spk_0010,SVM_CLOSED_SET,svm_closed_set_train,SVM_EXPERIMENTAL,data/embeddings/v2/svm_closed_set/svm_closed_set_train/16744.npy,true,192,true,false,false,1.00000000,true,702.136,true,true,
2978,exp_svm_spk_0010,SVM_CLOSED_SET,svm_closed_set_train,SVM_EXPERIMENTAL,data/embeddings/v2/svm_closed_set/svm_closed_set_train/2978.npy,true,192,true,false,false,1.00000000,true,1357.799,true,true,
8778,exp_svm_spk_0010,SVM_CLOSED_SET,svm_closed_set_train,SVM_EXPERIMENTAL,data/embeddings/v2/svm_closed_set/svm_closed_set_train/8778.npy,true,192,true,false,false,1.00000000,true,1636.600,true,true,
10521,exp_svm_spk_0010,SVM_CLOSED_SET,svm_closed_set_train,SVM_EXPERIMENTAL,data/embeddings/v2/svm_closed_set/svm_closed_set_train/10521.npy,true,192,true,false,false,1.00000012,true,2092.192,true,true,
2246,exp_svm_spk_0010,SVM_CLOSED_SET,svm_closed_set_train,SVM_EXPERIMENTAL,data/embeddings/v2/svm_closed_set/svm_closed_set_train/2246.npy,true,192,true,false,false,1.00000012,true,1967.404,true,true,
3801,exp_svm_spk_0010,SVM_CLOSED_SET,svm_closed_set_train,SVM_EXPERIMENTAL,data/embeddings/v2/svm_closed_set/svm_closed_set_train/3801.npy,true,192,true,false,false,1.00000000,true,2235.501,true,true,
7729,exp_svm_spk_0010,SVM_CLOSED_SET,svm_closed_set_train,SVM_EXPERIMENTAL,data/embeddings/v2/svm_closed_set/svm_closed_set_train/7729.npy,true,192,true,false,false,0.99999994,true,1210.612,true,true,
10397,exp_svm_spk_0010,SVM_CLOSED_SET,svm_closed_set_train,SVM_EXPERIMENTAL,data/embeddings/v2/svm_closed_set/svm_closed_set_train/10397.npy,true,192,true,false,false,1.00000000,true,798.090,true,true,
14985,exp_svm_spk_0010,SVM_CLOSED_SET,svm_closed_set_train,SVM_EXPERIMENTAL,data/embeddings/v2/svm_closed_set/svm_closed_set_train/14985.npy,true,192,true,false,false,1.00000000,true,893.558,true,true,
17,exp_svm_spk_0010,SVM_CLOSED_SET,svm_closed_set_train,SVM_EXPERIMENTAL,data/embeddings/v2/svm_closed_set/svm_closed_set_train/17.npy,true,192,true,false,false,1.00000000,true,630.362,true,true,
6741,exp_svm_spk_0010,SVM_CLOSED_SET,svm_closed_set_train,SVM_EXPERIMENTAL,data/embeddings/v2/svm_closed_set/svm_closed_set_train/6741.npy,true,192,true,false,false,0.99999988,true,958.175,true,true,
2526,exp_svm_spk_0010,SVM_CLOSED_SET,svm_closed_set_train,SVM_EXPERIMENTAL,data/embeddings/v2/svm_closed_set/svm_closed_set_train/2526.npy,true,192,true,false,false,0.99999994,true,1203.775,true,true,
10784,exp_svm_spk_0010,SVM_CLOSED_SET,svm_closed_set_train,SVM_EXPERIMENTAL,data/embeddings/v2/svm_closed_set/svm_closed_set_train/10784.npy,true,192,true,false,false,1.00000000,true,1711.574,true,true,
2993,exp_svm_spk_0010,SVM_CLOSED_SET,svm_closed_set_train,SVM_EXPERIMENTAL,data/embeddings/v2/svm_closed_set/svm_closed_set_train/2993.npy,true,192,true,false,false,1.00000000,true,836.381,true,true,
5728,exp_svm_spk_0010,SVM_CLOSED_SET,svm_closed_set_train,SVM_EXPERIMENTAL,data/embeddings/v2/svm_closed_set/svm_closed_set_train/5728.npy,true,192,true,false,false,0.99999994,true,581.374,true,true,
6808,exp_svm_spk_0010,SVM_CLOSED_SET,svm_closed_set_train,SVM_EXPERIMENTAL,data/embeddings/v2/svm_closed_set/svm_closed_set_train/6808.npy,true,192,true,false,false,1.00000000,true,1018.526,true,true,
3443,exp_svm_spk_0010,SVM_CLOSED_SET,svm_closed_set_train,SVM_EXPERIMENTAL,data/embeddings/v2/svm_closed_set/svm_closed_set_train/3443.npy,true,192,true,false,false,1.00000000,true,1532.547,true,true,
14574,exp_svm_spk_0010,SVM_CLOSED_SET,svm_closed_set_train,SVM_EXPERIMENTAL,data/embeddings/v2/svm_closed_set/svm_closed_set_train/14574.npy,true,192,true,false,false,1.00000000,true,1280.930,true,true,
16066,exp_svm_spk_0010,SVM_CLOSED_SET,svm_closed_set_train,SVM_EXPERIMENTAL,data/embeddings/v2/svm_closed_set/svm_closed_set_train/16066.npy,true,192,true,false,false,1.00000000,true,777.087,true,true,
14062,exp_svm_spk_0010,SVM_CLOSED_SET,svm_closed_set_train,SVM_EXPERIMENTAL,data/embeddings/v2/svm_closed_set/svm_closed_set_train/14062.npy,true,192,true,false,false,1.00000000,true,618.642,true,true,
15939,exp_svm_spk_0010,SVM_CLOSED_SET,svm_closed_set_train,SVM_EXPERIMENTAL,data/embeddings/v2/svm_closed_set/svm_closed_set_train/15939.npy,true,192,true,false,false,0.99999994,true,1286.456,true,true,
5884,exp_svm_spk_0010,SVM_CLOSED_SET,svm_closed_set_train,SVM_EXPERIMENTAL,data/embeddings/v2/svm_closed_set/svm_closed_set_train/5884.npy,true,192,true,false,false,1.00000000,true,503.246,true,true,
2360,exp_svm_spk_0010,SVM_CLOSED_SET,svm_closed_set_train,SVM_EXPERIMENTAL,data/embeddings/v2/svm_closed_set/svm_closed_set_train/2360.npy,true,192,true,false,false,0.99999994,true,1005.474,true,true,
368,exp_svm_spk_0010,SVM_CLOSED_SET,svm_closed_set_train,SVM_EXPERIMENTAL,data/embeddings/v2/svm_closed_set/svm_closed_set_train/368.npy,true,192,true,false,false,0.99999994,true,1390.097,true,true,
1625,exp_svm_spk_0010,SVM_CLOSED_SET,svm_closed_set_train,SVM_EXPERIMENTAL,data/embeddings/v2/svm_closed_set/svm_closed_set_train/1625.npy,true,192,true,false,false,0.99999994,true,668.982,true,true,
10453,exp_svm_spk_0010,SVM_CLOSED_SET,svm_closed_set_train,SVM_EXPERIMENTAL,data/embeddings/v2/svm_closed_set/svm_closed_set_train/10453.npy,true,192,true,false,false,1.00000000,true,814.423,true,true,
1698,exp_svm_spk_0010,SVM_CLOSED_SET,svm_closed_set_train,SVM_EXPERIMENTAL,data/embeddings/v2/svm_closed_set/svm_closed_set_train/1698.npy,true,192,true,false,false,0.99999994,true,795.335,true,true,
11980,exp_svm_spk_0010,SVM_CLOSED_SET,svm_closed_set_train,SVM_EXPERIMENTAL,data/embeddings/v2/svm_closed_set/svm_closed_set_train/11980.npy,true,192,true,false,false,1.00000000,true,1265.246,true,true,
1012,exp_svm_spk_0010,SVM_CLOSED_SET,svm_closed_set_train,SVM_EXPERIMENTAL,data/embeddings/v2/svm_closed_set/svm_closed_set_train/1012.npy,true,192,true,false,false,1.00000000,true,1299.010,true,true,
24,exp_svm_spk_0010,SVM_CLOSED_SET,svm_closed_set_train,SVM_EXPERIMENTAL,data/embeddings/v2/svm_closed_set/svm_closed_set_train/24.npy,true,192,true,false,false,1.00000000,true,694.350,true,true,
13113,exp_svm_spk_0010,SVM_CLOSED_SET,svm_closed_set_train,SVM_EXPERIMENTAL,data/embeddings/v2/svm_closed_set/svm_closed_set_train/13113.npy,true,192,true,false,false,1.00000000,true,1381.873,true,true,
13519,exp_svm_spk_0010,SVM_CLOSED_SET,svm_closed_set_train,SVM_EXPERIMENTAL,data/embeddings/v2/svm_closed_set/svm_closed_set_train/13519.npy,true,192,true,false,false,1.00000000,true,1209.237,true,true,
2544,exp_svm_spk_0010,SVM_CLOSED_SET,svm_closed_set_train,SVM_EXPERIMENTAL,data/embeddings/v2/svm_closed_set/svm_closed_set_train/2544.npy,true,192,true,false,false,1.00000000,true,1208.183,true,true,
3183,exp_svm_spk_0010,SVM_CLOSED_SET,svm_closed_set_train,SVM_EXPERIMENTAL,data/embeddings/v2/svm_closed_set/svm_closed_set_train/3183.npy,true,192,true,false,false,1.00000000,true,1947.515,true,true,
10415,exp_svm_spk_0010,SVM_CLOSED_SET,svm_closed_set_train,SVM_EXPERIMENTAL,data/embeddings/v2/svm_closed_set/svm_closed_set_train/10415.npy,true,192,true,false,false,0.99999994,true,687.144,true,true,
10450,exp_svm_spk_0010,SVM_CLOSED_SET,svm_closed_set_train,SVM_EXPERIMENTAL,data/embeddings/v2/svm_closed_set/svm_closed_set_train/10450.npy,true,192,true,false,false,1.00000000,true,733.670,true,true,
5596,exp_svm_spk_0010,SVM_CLOSED_SET,svm_closed_set_train,SVM_EXPERIMENTAL,data/embeddings/v2/svm_closed_set/svm_closed_set_train/5596.npy,true,192,true,false,false,1.00000000,true,513.216,true,true,
8333,exp_svm_spk_0010,SVM_CLOSED_SET,svm_closed_set_train,SVM_EXPERIMENTAL,data/embeddings/v2/svm_closed_set/svm_closed_set_train/8333.npy,true,192,true,false,false,0.99999994,true,541.533,true,true,
3439,exp_svm_spk_0010,SVM_CLOSED_SET,svm_closed_set_train,SVM_EXPERIMENTAL,data/embeddings/v2/svm_closed_set/svm_closed_set_train/3439.npy,true,192,true,false,false,0.99999994,true,1630.523,true,true,
1216,exp_svm_spk_0010,SVM_CLOSED_SET,svm_closed_set_train,SVM_EXPERIMENTAL,data/embeddings/v2/svm_closed_set/svm_closed_set_train/1216.npy,true,192,true,false,false,1.00000000,true,1239.904,true,true,
4481,exp_svm_spk_0001,SVM_CLOSED_SET,svm_closed_set_validation,SVM_EXPERIMENTAL,data/embeddings/v2/svm_closed_set/svm_closed_set_validation/4481.npy,true,192,true,false,false,1.00000000,true,1359.400,true,true,
9123,exp_svm_spk_0001,SVM_CLOSED_SET,svm_closed_set_validation,SVM_EXPERIMENTAL,data/embeddings/v2/svm_closed_set/svm_closed_set_validation/9123.npy,true,192,true,false,false,1.00000000,true,681.657,true,true,
13499,exp_svm_spk_0001,SVM_CLOSED_SET,svm_closed_set_validation,SVM_EXPERIMENTAL,data/embeddings/v2/svm_closed_set/svm_closed_set_validation/13499.npy,true,192,true,false,false,1.00000000,true,837.240,true,true,
14775,exp_svm_spk_0001,SVM_CLOSED_SET,svm_closed_set_validation,SVM_EXPERIMENTAL,data/embeddings/v2/svm_closed_set/svm_closed_set_validation/14775.npy,true,192,true,false,false,0.99999994,true,742.285,true,true,
7675,exp_svm_spk_0001,SVM_CLOSED_SET,svm_closed_set_validation,SVM_EXPERIMENTAL,data/embeddings/v2/svm_closed_set/svm_closed_set_validation/7675.npy,true,192,true,false,false,1.00000000,true,1342.998,true,true,
12651,exp_svm_spk_0001,SVM_CLOSED_SET,svm_closed_set_validation,SVM_EXPERIMENTAL,data/embeddings/v2/svm_closed_set/svm_closed_set_validation/12651.npy,true,192,true,false,false,1.00000000,true,1055.309,true,true,
610,exp_svm_spk_0001,SVM_CLOSED_SET,svm_closed_set_validation,SVM_EXPERIMENTAL,data/embeddings/v2/svm_closed_set/svm_closed_set_validation/610.npy,true,192,true,false,false,1.00000000,true,912.036,true,true,
11070,exp_svm_spk_0001,SVM_CLOSED_SET,svm_closed_set_validation,SVM_EXPERIMENTAL,data/embeddings/v2/svm_closed_set/svm_closed_set_validation/11070.npy,true,192,true,false,false,0.99999994,true,1267.545,true,true,
5651,exp_svm_spk_0001,SVM_CLOSED_SET,svm_closed_set_validation,SVM_EXPERIMENTAL,data/embeddings/v2/svm_closed_set/svm_closed_set_validation/5651.npy,true,192,true,false,false,0.99999994,true,696.969,true,true,
2161,exp_svm_spk_0001,SVM_CLOSED_SET,svm_closed_set_validation,SVM_EXPERIMENTAL,data/embeddings/v2/svm_closed_set/svm_closed_set_validation/2161.npy,true,192,true,false,false,1.00000000,true,908.426,true,true,
11122,exp_svm_spk_0001,SVM_CLOSED_SET,svm_closed_set_validation,SVM_EXPERIMENTAL,data/embeddings/v2/svm_closed_set/svm_closed_set_validation/11122.npy,true,192,true,false,false,1.00000000,true,801.694,true,true,
13710,exp_svm_spk_0001,SVM_CLOSED_SET,svm_closed_set_validation,SVM_EXPERIMENTAL,data/embeddings/v2/svm_closed_set/svm_closed_set_validation/13710.npy,true,192,true,false,false,1.00000000,true,1092.585,true,true,
11762,exp_svm_spk_0001,SVM_CLOSED_SET,svm_closed_set_validation,SVM_EXPERIMENTAL,data/embeddings/v2/svm_closed_set/svm_closed_set_validation/11762.npy,true,192,true,false,false,1.00000000,true,1364.805,true,true,
13919,exp_svm_spk_0001,SVM_CLOSED_SET,svm_closed_set_validation,SVM_EXPERIMENTAL,data/embeddings/v2/svm_closed_set/svm_closed_set_validation/13919.npy,true,192,true,false,false,1.00000000,true,1129.866,true,true,
1988,exp_svm_spk_0001,SVM_CLOSED_SET,svm_closed_set_validation,SVM_EXPERIMENTAL,data/embeddings/v2/svm_closed_set/svm_closed_set_validation/1988.npy,true,192,true,false,false,1.00000000,true,1742.486,true,true,
1569,exp_svm_spk_0001,SVM_CLOSED_SET,svm_closed_set_validation,SVM_EXPERIMENTAL,data/embeddings/v2/svm_closed_set/svm_closed_set_validation/1569.npy,true,192,true,false,false,0.99999994,true,2147.394,true,true,
8329,exp_svm_spk_0002,SVM_CLOSED_SET,svm_closed_set_validation,SVM_EXPERIMENTAL,data/embeddings/v2/svm_closed_set/svm_closed_set_validation/8329.npy,true,192,true,false,false,0.99999994,true,1279.980,true,true,
4582,exp_svm_spk_0002,SVM_CLOSED_SET,svm_closed_set_validation,SVM_EXPERIMENTAL,data/embeddings/v2/svm_closed_set/svm_closed_set_validation/4582.npy,true,192,true,false,false,1.00000000,true,1294.487,true,true,
15632,exp_svm_spk_0002,SVM_CLOSED_SET,svm_closed_set_validation,SVM_EXPERIMENTAL,data/embeddings/v2/svm_closed_set/svm_closed_set_validation/15632.npy,true,192,true,false,false,0.99999994,true,1866.849,true,true,
15193,exp_svm_spk_0002,SVM_CLOSED_SET,svm_closed_set_validation,SVM_EXPERIMENTAL,data/embeddings/v2/svm_closed_set/svm_closed_set_validation/15193.npy,true,192,true,false,false,1.00000000,true,699.078,true,true,
13271,exp_svm_spk_0002,SVM_CLOSED_SET,svm_closed_set_validation,SVM_EXPERIMENTAL,data/embeddings/v2/svm_closed_set/svm_closed_set_validation/13271.npy,true,192,true,false,false,1.00000000,true,760.645,true,true,
11079,exp_svm_spk_0002,SVM_CLOSED_SET,svm_closed_set_validation,SVM_EXPERIMENTAL,data/embeddings/v2/svm_closed_set/svm_closed_set_validation/11079.npy,true,192,true,false,false,1.00000000,true,943.847,true,true,
10526,exp_svm_spk_0002,SVM_CLOSED_SET,svm_closed_set_validation,SVM_EXPERIMENTAL,data/embeddings/v2/svm_closed_set/svm_closed_set_validation/10526.npy,true,192,true,false,false,1.00000012,true,1259.742,true,true,
10374,exp_svm_spk_0002,SVM_CLOSED_SET,svm_closed_set_validation,SVM_EXPERIMENTAL,data/embeddings/v2/svm_closed_set/svm_closed_set_validation/10374.npy,true,192,true,false,false,1.00000000,true,804.928,true,true,
11372,exp_svm_spk_0002,SVM_CLOSED_SET,svm_closed_set_validation,SVM_EXPERIMENTAL,data/embeddings/v2/svm_closed_set/svm_closed_set_validation/11372.npy,true,192,true,false,false,1.00000000,true,750.001,true,true,
15245,exp_svm_spk_0002,SVM_CLOSED_SET,svm_closed_set_validation,SVM_EXPERIMENTAL,data/embeddings/v2/svm_closed_set/svm_closed_set_validation/15245.npy,true,192,true,false,false,1.00000000,true,1125.340,true,true,
9171,exp_svm_spk_0002,SVM_CLOSED_SET,svm_closed_set_validation,SVM_EXPERIMENTAL,data/embeddings/v2/svm_closed_set/svm_closed_set_validation/9171.npy,true,192,true,false,false,0.99999994,true,1822.838,true,true,
12302,exp_svm_spk_0002,SVM_CLOSED_SET,svm_closed_set_validation,SVM_EXPERIMENTAL,data/embeddings/v2/svm_closed_set/svm_closed_set_validation/12302.npy,true,192,true,false,false,1.00000000,true,903.377,true,true,
1466,exp_svm_spk_0002,SVM_CLOSED_SET,svm_closed_set_validation,SVM_EXPERIMENTAL,data/embeddings/v2/svm_closed_set/svm_closed_set_validation/1466.npy,true,192,true,false,false,1.00000000,true,2050.607,true,true,
2621,exp_svm_spk_0002,SVM_CLOSED_SET,svm_closed_set_validation,SVM_EXPERIMENTAL,data/embeddings/v2/svm_closed_set/svm_closed_set_validation/2621.npy,true,192,true,false,false,1.00000000,true,3456.359,true,true,
3863,exp_svm_spk_0002,SVM_CLOSED_SET,svm_closed_set_validation,SVM_EXPERIMENTAL,data/embeddings/v2/svm_closed_set/svm_closed_set_validation/3863.npy,true,192,true,false,false,0.99999988,true,2432.313,true,true,
11583,exp_svm_spk_0002,SVM_CLOSED_SET,svm_closed_set_validation,SVM_EXPERIMENTAL,data/embeddings/v2/svm_closed_set/svm_closed_set_validation/11583.npy,true,192,true,false,false,1.00000000,true,1313.376,true,true,
230,exp_svm_spk_0003,SVM_CLOSED_SET,svm_closed_set_validation,SVM_EXPERIMENTAL,data/embeddings/v2/svm_closed_set/svm_closed_set_validation/230.npy,true,192,true,false,false,0.99999994,true,994.327,true,true,
415,exp_svm_spk_0003,SVM_CLOSED_SET,svm_closed_set_validation,SVM_EXPERIMENTAL,data/embeddings/v2/svm_closed_set/svm_closed_set_validation/415.npy,true,192,true,false,false,1.00000000,true,2214.366,true,true,
1224,exp_svm_spk_0003,SVM_CLOSED_SET,svm_closed_set_validation,SVM_EXPERIMENTAL,data/embeddings/v2/svm_closed_set/svm_closed_set_validation/1224.npy,true,192,true,false,false,1.00000000,true,951.045,true,true,
13875,exp_svm_spk_0003,SVM_CLOSED_SET,svm_closed_set_validation,SVM_EXPERIMENTAL,data/embeddings/v2/svm_closed_set/svm_closed_set_validation/13875.npy,true,192,true,false,false,1.00000000,true,1198.452,true,true,
12247,exp_svm_spk_0003,SVM_CLOSED_SET,svm_closed_set_validation,SVM_EXPERIMENTAL,data/embeddings/v2/svm_closed_set/svm_closed_set_validation/12247.npy,true,192,true,false,false,1.00000000,true,1625.037,true,true,
4198,exp_svm_spk_0003,SVM_CLOSED_SET,svm_closed_set_validation,SVM_EXPERIMENTAL,data/embeddings/v2/svm_closed_set/svm_closed_set_validation/4198.npy,true,192,true,false,false,1.00000000,true,1160.194,true,true,
6422,exp_svm_spk_0003,SVM_CLOSED_SET,svm_closed_set_validation,SVM_EXPERIMENTAL,data/embeddings/v2/svm_closed_set/svm_closed_set_validation/6422.npy,true,192,true,false,false,1.00000000,true,896.153,true,true,
6775,exp_svm_spk_0003,SVM_CLOSED_SET,svm_closed_set_validation,SVM_EXPERIMENTAL,data/embeddings/v2/svm_closed_set/svm_closed_set_validation/6775.npy,true,192,true,false,false,1.00000000,true,817.642,true,true,
4440,exp_svm_spk_0003,SVM_CLOSED_SET,svm_closed_set_validation,SVM_EXPERIMENTAL,data/embeddings/v2/svm_closed_set/svm_closed_set_validation/4440.npy,true,192,true,false,false,0.99999994,true,1032.474,true,true,
13022,exp_svm_spk_0003,SVM_CLOSED_SET,svm_closed_set_validation,SVM_EXPERIMENTAL,data/embeddings/v2/svm_closed_set/svm_closed_set_validation/13022.npy,true,192,true,false,false,0.99999994,true,1753.761,true,true,
1271,exp_svm_spk_0003,SVM_CLOSED_SET,svm_closed_set_validation,SVM_EXPERIMENTAL,data/embeddings/v2/svm_closed_set/svm_closed_set_validation/1271.npy,true,192,true,false,false,0.99999994,true,958.047,true,true,
9369,exp_svm_spk_0003,SVM_CLOSED_SET,svm_closed_set_validation,SVM_EXPERIMENTAL,data/embeddings/v2/svm_closed_set/svm_closed_set_validation/9369.npy,true,192,true,false,false,0.99999994,true,907.954,true,true,
10929,exp_svm_spk_0003,SVM_CLOSED_SET,svm_closed_set_validation,SVM_EXPERIMENTAL,data/embeddings/v2/svm_closed_set/svm_closed_set_validation/10929.npy,true,192,true,false,false,1.00000000,true,1017.004,true,true,
9849,exp_svm_spk_0003,SVM_CLOSED_SET,svm_closed_set_validation,SVM_EXPERIMENTAL,data/embeddings/v2/svm_closed_set/svm_closed_set_validation/9849.npy,true,192,true,false,false,1.00000000,true,1652.771,true,true,
12980,exp_svm_spk_0004,SVM_CLOSED_SET,svm_closed_set_validation,SVM_EXPERIMENTAL,data/embeddings/v2/svm_closed_set/svm_closed_set_validation/12980.npy,true,192,true,false,false,1.00000000,true,912.080,true,true,
13645,exp_svm_spk_0004,SVM_CLOSED_SET,svm_closed_set_validation,SVM_EXPERIMENTAL,data/embeddings/v2/svm_closed_set/svm_closed_set_validation/13645.npy,true,192,true,false,false,0.99999994,true,1922.200,true,true,
8384,exp_svm_spk_0004,SVM_CLOSED_SET,svm_closed_set_validation,SVM_EXPERIMENTAL,data/embeddings/v2/svm_closed_set/svm_closed_set_validation/8384.npy,true,192,true,false,false,1.00000000,true,868.564,true,true,
15374,exp_svm_spk_0004,SVM_CLOSED_SET,svm_closed_set_validation,SVM_EXPERIMENTAL,data/embeddings/v2/svm_closed_set/svm_closed_set_validation/15374.npy,true,192,true,false,false,1.00000000,true,684.931,true,true,
16448,exp_svm_spk_0004,SVM_CLOSED_SET,svm_closed_set_validation,SVM_EXPERIMENTAL,data/embeddings/v2/svm_closed_set/svm_closed_set_validation/16448.npy,true,192,true,false,false,1.00000000,true,951.844,true,true,
15421,exp_svm_spk_0004,SVM_CLOSED_SET,svm_closed_set_validation,SVM_EXPERIMENTAL,data/embeddings/v2/svm_closed_set/svm_closed_set_validation/15421.npy,true,192,true,false,false,0.99999994,true,677.264,true,true,
16132,exp_svm_spk_0004,SVM_CLOSED_SET,svm_closed_set_validation,SVM_EXPERIMENTAL,data/embeddings/v2/svm_closed_set/svm_closed_set_validation/16132.npy,true,192,true,false,false,1.00000000,true,861.268,true,true,
10291,exp_svm_spk_0004,SVM_CLOSED_SET,svm_closed_set_validation,SVM_EXPERIMENTAL,data/embeddings/v2/svm_closed_set/svm_closed_set_validation/10291.npy,true,192,true,false,false,1.00000000,true,538.370,true,true,
6135,exp_svm_spk_0004,SVM_CLOSED_SET,svm_closed_set_validation,SVM_EXPERIMENTAL,data/embeddings/v2/svm_closed_set/svm_closed_set_validation/6135.npy,true,192,true,false,false,0.99999994,true,767.460,true,true,
5632,exp_svm_spk_0004,SVM_CLOSED_SET,svm_closed_set_validation,SVM_EXPERIMENTAL,data/embeddings/v2/svm_closed_set/svm_closed_set_validation/5632.npy,true,192,true,false,false,1.00000000,true,1608.435,true,true,
5382,exp_svm_spk_0004,SVM_CLOSED_SET,svm_closed_set_validation,SVM_EXPERIMENTAL,data/embeddings/v2/svm_closed_set/svm_closed_set_validation/5382.npy,true,192,true,false,false,1.00000000,true,1295.415,true,true,
626,exp_svm_spk_0004,SVM_CLOSED_SET,svm_closed_set_validation,SVM_EXPERIMENTAL,data/embeddings/v2/svm_closed_set/svm_closed_set_validation/626.npy,true,192,true,false,false,0.99999994,true,734.700,true,true,
4814,exp_svm_spk_0004,SVM_CLOSED_SET,svm_closed_set_validation,SVM_EXPERIMENTAL,data/embeddings/v2/svm_closed_set/svm_closed_set_validation/4814.npy,true,192,true,false,false,1.00000000,true,1099.254,true,true,
12318,exp_svm_spk_0004,SVM_CLOSED_SET,svm_closed_set_validation,SVM_EXPERIMENTAL,data/embeddings/v2/svm_closed_set/svm_closed_set_validation/12318.npy,true,192,true,false,false,0.99999994,true,1345.630,true,true,
10941,exp_svm_spk_0005,SVM_CLOSED_SET,svm_closed_set_validation,SVM_EXPERIMENTAL,data/embeddings/v2/svm_closed_set/svm_closed_set_validation/10941.npy,true,192,true,false,false,1.00000000,true,1522.085,true,true,
896,exp_svm_spk_0005,SVM_CLOSED_SET,svm_closed_set_validation,SVM_EXPERIMENTAL,data/embeddings/v2/svm_closed_set/svm_closed_set_validation/896.npy,true,192,true,false,false,1.00000000,true,1105.132,true,true,
3166,exp_svm_spk_0005,SVM_CLOSED_SET,svm_closed_set_validation,SVM_EXPERIMENTAL,data/embeddings/v2/svm_closed_set/svm_closed_set_validation/3166.npy,true,192,true,false,false,0.99999994,true,2434.171,true,true,
5793,exp_svm_spk_0005,SVM_CLOSED_SET,svm_closed_set_validation,SVM_EXPERIMENTAL,data/embeddings/v2/svm_closed_set/svm_closed_set_validation/5793.npy,true,192,true,false,false,1.00000000,true,985.821,true,true,
3840,exp_svm_spk_0005,SVM_CLOSED_SET,svm_closed_set_validation,SVM_EXPERIMENTAL,data/embeddings/v2/svm_closed_set/svm_closed_set_validation/3840.npy,true,192,true,false,false,1.00000000,true,523.271,true,true,
15297,exp_svm_spk_0005,SVM_CLOSED_SET,svm_closed_set_validation,SVM_EXPERIMENTAL,data/embeddings/v2/svm_closed_set/svm_closed_set_validation/15297.npy,true,192,true,false,false,1.00000000,true,947.321,true,true,
8039,exp_svm_spk_0005,SVM_CLOSED_SET,svm_closed_set_validation,SVM_EXPERIMENTAL,data/embeddings/v2/svm_closed_set/svm_closed_set_validation/8039.npy,true,192,true,false,false,1.00000000,true,1022.845,true,true,
4694,exp_svm_spk_0005,SVM_CLOSED_SET,svm_closed_set_validation,SVM_EXPERIMENTAL,data/embeddings/v2/svm_closed_set/svm_closed_set_validation/4694.npy,true,192,true,false,false,1.00000000,true,858.957,true,true,
14421,exp_svm_spk_0005,SVM_CLOSED_SET,svm_closed_set_validation,SVM_EXPERIMENTAL,data/embeddings/v2/svm_closed_set/svm_closed_set_validation/14421.npy,true,192,true,false,false,1.00000000,true,868.608,true,true,
1333,exp_svm_spk_0005,SVM_CLOSED_SET,svm_closed_set_validation,SVM_EXPERIMENTAL,data/embeddings/v2/svm_closed_set/svm_closed_set_validation/1333.npy,true,192,true,false,false,0.99999994,true,1568.638,true,true,
15342,exp_svm_spk_0005,SVM_CLOSED_SET,svm_closed_set_validation,SVM_EXPERIMENTAL,data/embeddings/v2/svm_closed_set/svm_closed_set_validation/15342.npy,true,192,true,false,false,0.99999988,true,1523.469,true,true,
5107,exp_svm_spk_0005,SVM_CLOSED_SET,svm_closed_set_validation,SVM_EXPERIMENTAL,data/embeddings/v2/svm_closed_set/svm_closed_set_validation/5107.npy,true,192,true,false,false,1.00000000,true,589.385,true,true,
10475,exp_svm_spk_0005,SVM_CLOSED_SET,svm_closed_set_validation,SVM_EXPERIMENTAL,data/embeddings/v2/svm_closed_set/svm_closed_set_validation/10475.npy,true,192,true,false,false,1.00000000,true,869.477,true,true,
7184,exp_svm_spk_0005,SVM_CLOSED_SET,svm_closed_set_validation,SVM_EXPERIMENTAL,data/embeddings/v2/svm_closed_set/svm_closed_set_validation/7184.npy,true,192,true,false,false,1.00000000,true,1872.256,true,true,
5854,exp_svm_spk_0006,SVM_CLOSED_SET,svm_closed_set_validation,SVM_EXPERIMENTAL,data/embeddings/v2/svm_closed_set/svm_closed_set_validation/5854.npy,true,192,true,false,false,1.00000000,true,2677.947,true,true,
7016,exp_svm_spk_0006,SVM_CLOSED_SET,svm_closed_set_validation,SVM_EXPERIMENTAL,data/embeddings/v2/svm_closed_set/svm_closed_set_validation/7016.npy,true,192,true,false,false,0.99999994,true,1162.082,true,true,
5621,exp_svm_spk_0006,SVM_CLOSED_SET,svm_closed_set_validation,SVM_EXPERIMENTAL,data/embeddings/v2/svm_closed_set/svm_closed_set_validation/5621.npy,true,192,true,false,false,1.00000000,true,623.260,true,true,
10746,exp_svm_spk_0006,SVM_CLOSED_SET,svm_closed_set_validation,SVM_EXPERIMENTAL,data/embeddings/v2/svm_closed_set/svm_closed_set_validation/10746.npy,true,192,true,false,false,1.00000000,true,917.633,true,true,
536,exp_svm_spk_0006,SVM_CLOSED_SET,svm_closed_set_validation,SVM_EXPERIMENTAL,data/embeddings/v2/svm_closed_set/svm_closed_set_validation/536.npy,true,192,true,false,false,1.00000000,true,1917.794,true,true,
8829,exp_svm_spk_0006,SVM_CLOSED_SET,svm_closed_set_validation,SVM_EXPERIMENTAL,data/embeddings/v2/svm_closed_set/svm_closed_set_validation/8829.npy,true,192,true,false,false,1.00000000,true,1386.821,true,true,
9811,exp_svm_spk_0006,SVM_CLOSED_SET,svm_closed_set_validation,SVM_EXPERIMENTAL,data/embeddings/v2/svm_closed_set/svm_closed_set_validation/9811.npy,true,192,true,false,false,1.00000000,true,1295.914,true,true,
10327,exp_svm_spk_0006,SVM_CLOSED_SET,svm_closed_set_validation,SVM_EXPERIMENTAL,data/embeddings/v2/svm_closed_set/svm_closed_set_validation/10327.npy,true,192,true,false,false,0.99999994,true,1024.671,true,true,
10767,exp_svm_spk_0006,SVM_CLOSED_SET,svm_closed_set_validation,SVM_EXPERIMENTAL,data/embeddings/v2/svm_closed_set/svm_closed_set_validation/10767.npy,true,192,true,false,false,0.99999994,true,1253.432,true,true,
11553,exp_svm_spk_0006,SVM_CLOSED_SET,svm_closed_set_validation,SVM_EXPERIMENTAL,data/embeddings/v2/svm_closed_set/svm_closed_set_validation/11553.npy,true,192,true,false,false,1.00000000,true,817.477,true,true,
13530,exp_svm_spk_0006,SVM_CLOSED_SET,svm_closed_set_validation,SVM_EXPERIMENTAL,data/embeddings/v2/svm_closed_set/svm_closed_set_validation/13530.npy,true,192,true,false,false,1.00000000,true,1076.271,true,true,
3676,exp_svm_spk_0006,SVM_CLOSED_SET,svm_closed_set_validation,SVM_EXPERIMENTAL,data/embeddings/v2/svm_closed_set/svm_closed_set_validation/3676.npy,true,192,true,false,false,0.99999994,true,1145.392,true,true,
12740,exp_svm_spk_0006,SVM_CLOSED_SET,svm_closed_set_validation,SVM_EXPERIMENTAL,data/embeddings/v2/svm_closed_set/svm_closed_set_validation/12740.npy,true,192,true,false,false,1.00000000,true,1131.342,true,true,
16493,exp_svm_spk_0006,SVM_CLOSED_SET,svm_closed_set_validation,SVM_EXPERIMENTAL,data/embeddings/v2/svm_closed_set/svm_closed_set_validation/16493.npy,true,192,true,false,false,1.00000000,true,1704.108,true,true,
13720,exp_svm_spk_0007,SVM_CLOSED_SET,svm_closed_set_validation,SVM_EXPERIMENTAL,data/embeddings/v2/svm_closed_set/svm_closed_set_validation/13720.npy,true,192,true,false,false,0.99999988,true,936.999,true,true,
12464,exp_svm_spk_0007,SVM_CLOSED_SET,svm_closed_set_validation,SVM_EXPERIMENTAL,data/embeddings/v2/svm_closed_set/svm_closed_set_validation/12464.npy,true,192,true,false,false,1.00000000,true,1147.174,true,true,
6875,exp_svm_spk_0007,SVM_CLOSED_SET,svm_closed_set_validation,SVM_EXPERIMENTAL,data/embeddings/v2/svm_closed_set/svm_closed_set_validation/6875.npy,true,192,true,false,false,0.99999994,true,1288.124,true,true,
16848,exp_svm_spk_0007,SVM_CLOSED_SET,svm_closed_set_validation,SVM_EXPERIMENTAL,data/embeddings/v2/svm_closed_set/svm_closed_set_validation/16848.npy,true,192,true,false,false,0.99999994,true,1650.476,true,true,
5937,exp_svm_spk_0007,SVM_CLOSED_SET,svm_closed_set_validation,SVM_EXPERIMENTAL,data/embeddings/v2/svm_closed_set/svm_closed_set_validation/5937.npy,true,192,true,false,false,1.00000012,true,1294.024,true,true,
7470,exp_svm_spk_0007,SVM_CLOSED_SET,svm_closed_set_validation,SVM_EXPERIMENTAL,data/embeddings/v2/svm_closed_set/svm_closed_set_validation/7470.npy,true,192,true,false,false,1.00000000,true,1730.070,true,true,
5035,exp_svm_spk_0007,SVM_CLOSED_SET,svm_closed_set_validation,SVM_EXPERIMENTAL,data/embeddings/v2/svm_closed_set/svm_closed_set_validation/5035.npy,true,192,true,false,false,1.00000000,true,2230.228,true,true,
1827,exp_svm_spk_0007,SVM_CLOSED_SET,svm_closed_set_validation,SVM_EXPERIMENTAL,data/embeddings/v2/svm_closed_set/svm_closed_set_validation/1827.npy,true,192,true,false,false,0.99999988,true,1490.035,true,true,
2431,exp_svm_spk_0007,SVM_CLOSED_SET,svm_closed_set_validation,SVM_EXPERIMENTAL,data/embeddings/v2/svm_closed_set/svm_closed_set_validation/2431.npy,true,192,true,false,false,1.00000000,true,1085.951,true,true,
1858,exp_svm_spk_0007,SVM_CLOSED_SET,svm_closed_set_validation,SVM_EXPERIMENTAL,data/embeddings/v2/svm_closed_set/svm_closed_set_validation/1858.npy,true,192,true,false,false,0.99999994,true,1699.516,true,true,
10218,exp_svm_spk_0007,SVM_CLOSED_SET,svm_closed_set_validation,SVM_EXPERIMENTAL,data/embeddings/v2/svm_closed_set/svm_closed_set_validation/10218.npy,true,192,true,false,false,0.99999994,true,1188.821,true,true,
11358,exp_svm_spk_0007,SVM_CLOSED_SET,svm_closed_set_validation,SVM_EXPERIMENTAL,data/embeddings/v2/svm_closed_set/svm_closed_set_validation/11358.npy,true,192,true,false,false,1.00000000,true,931.267,true,true,
9673,exp_svm_spk_0007,SVM_CLOSED_SET,svm_closed_set_validation,SVM_EXPERIMENTAL,data/embeddings/v2/svm_closed_set/svm_closed_set_validation/9673.npy,true,192,true,false,false,1.00000000,true,1515.743,true,true,
8258,exp_svm_spk_0009,SVM_CLOSED_SET,svm_closed_set_validation,SVM_EXPERIMENTAL,data/embeddings/v2/svm_closed_set/svm_closed_set_validation/8258.npy,true,192,true,false,false,0.99999994,true,1633.028,true,true,
12441,exp_svm_spk_0009,SVM_CLOSED_SET,svm_closed_set_validation,SVM_EXPERIMENTAL,data/embeddings/v2/svm_closed_set/svm_closed_set_validation/12441.npy,true,192,true,false,false,1.00000000,true,2642.188,true,true,
11721,exp_svm_spk_0009,SVM_CLOSED_SET,svm_closed_set_validation,SVM_EXPERIMENTAL,data/embeddings/v2/svm_closed_set/svm_closed_set_validation/11721.npy,true,192,true,false,false,0.99999994,true,1732.981,true,true,
9834,exp_svm_spk_0009,SVM_CLOSED_SET,svm_closed_set_validation,SVM_EXPERIMENTAL,data/embeddings/v2/svm_closed_set/svm_closed_set_validation/9834.npy,true,192,true,false,false,1.00000000,true,3633.565,true,true,
318,exp_svm_spk_0009,SVM_CLOSED_SET,svm_closed_set_validation,SVM_EXPERIMENTAL,data/embeddings/v2/svm_closed_set/svm_closed_set_validation/318.npy,true,192,true,false,false,0.99999994,true,1431.468,true,true,
8668,exp_svm_spk_0009,SVM_CLOSED_SET,svm_closed_set_validation,SVM_EXPERIMENTAL,data/embeddings/v2/svm_closed_set/svm_closed_set_validation/8668.npy,true,192,true,false,false,0.99999994,true,2003.922,true,true,
3768,exp_svm_spk_0009,SVM_CLOSED_SET,svm_closed_set_validation,SVM_EXPERIMENTAL,data/embeddings/v2/svm_closed_set/svm_closed_set_validation/3768.npy,true,192,true,false,false,1.00000000,true,1791.097,true,true,
2710,exp_svm_spk_0009,SVM_CLOSED_SET,svm_closed_set_validation,SVM_EXPERIMENTAL,data/embeddings/v2/svm_closed_set/svm_closed_set_validation/2710.npy,true,192,true,false,false,0.99999994,true,2196.658,true,true,
15753,exp_svm_spk_0009,SVM_CLOSED_SET,svm_closed_set_validation,SVM_EXPERIMENTAL,data/embeddings/v2/svm_closed_set/svm_closed_set_validation/15753.npy,true,192,true,false,false,1.00000000,true,2885.418,true,true,
2179,exp_svm_spk_0009,SVM_CLOSED_SET,svm_closed_set_validation,SVM_EXPERIMENTAL,data/embeddings/v2/svm_closed_set/svm_closed_set_validation/2179.npy,true,192,true,false,false,1.00000000,true,2838.374,true,true,
16779,exp_svm_spk_0009,SVM_CLOSED_SET,svm_closed_set_validation,SVM_EXPERIMENTAL,data/embeddings/v2/svm_closed_set/svm_closed_set_validation/16779.npy,true,192,true,false,false,1.00000000,true,2116.921,true,true,
6939,exp_svm_spk_0009,SVM_CLOSED_SET,svm_closed_set_validation,SVM_EXPERIMENTAL,data/embeddings/v2/svm_closed_set/svm_closed_set_validation/6939.npy,true,192,true,false,false,1.00000000,true,1764.385,true,true,
13275,exp_svm_spk_0009,SVM_CLOSED_SET,svm_closed_set_validation,SVM_EXPERIMENTAL,data/embeddings/v2/svm_closed_set/svm_closed_set_validation/13275.npy,true,192,true,false,false,0.99999994,true,1977.569,true,true,
7682,exp_svm_spk_0009,SVM_CLOSED_SET,svm_closed_set_validation,SVM_EXPERIMENTAL,data/embeddings/v2/svm_closed_set/svm_closed_set_validation/7682.npy,true,192,true,false,false,1.00000000,true,2760.792,true,true,
15541,exp_svm_spk_0010,SVM_CLOSED_SET,svm_closed_set_validation,SVM_EXPERIMENTAL,data/embeddings/v2/svm_closed_set/svm_closed_set_validation/15541.npy,true,192,true,false,false,1.00000000,true,968.072,true,true,
16769,exp_svm_spk_0010,SVM_CLOSED_SET,svm_closed_set_validation,SVM_EXPERIMENTAL,data/embeddings/v2/svm_closed_set/svm_closed_set_validation/16769.npy,true,192,true,false,false,1.00000000,true,1138.088,true,true,
14384,exp_svm_spk_0010,SVM_CLOSED_SET,svm_closed_set_validation,SVM_EXPERIMENTAL,data/embeddings/v2/svm_closed_set/svm_closed_set_validation/14384.npy,true,192,true,false,false,1.00000000,true,1265.105,true,true,
9876,exp_svm_spk_0010,SVM_CLOSED_SET,svm_closed_set_validation,SVM_EXPERIMENTAL,data/embeddings/v2/svm_closed_set/svm_closed_set_validation/9876.npy,true,192,true,false,false,1.00000000,true,1256.549,true,true,
6827,exp_svm_spk_0010,SVM_CLOSED_SET,svm_closed_set_validation,SVM_EXPERIMENTAL,data/embeddings/v2/svm_closed_set/svm_closed_set_validation/6827.npy,true,192,true,false,false,0.99999988,true,1735.852,true,true,
8493,exp_svm_spk_0010,SVM_CLOSED_SET,svm_closed_set_validation,SVM_EXPERIMENTAL,data/embeddings/v2/svm_closed_set/svm_closed_set_validation/8493.npy,true,192,true,false,false,1.00000000,true,1587.917,true,true,
975,exp_svm_spk_0010,SVM_CLOSED_SET,svm_closed_set_validation,SVM_EXPERIMENTAL,data/embeddings/v2/svm_closed_set/svm_closed_set_validation/975.npy,true,192,true,false,false,1.00000000,true,1571.420,true,true,
12488,exp_svm_spk_0010,SVM_CLOSED_SET,svm_closed_set_validation,SVM_EXPERIMENTAL,data/embeddings/v2/svm_closed_set/svm_closed_set_validation/12488.npy,true,192,true,false,false,1.00000000,true,1552.277,true,true,
10844,exp_svm_spk_0010,SVM_CLOSED_SET,svm_closed_set_validation,SVM_EXPERIMENTAL,data/embeddings/v2/svm_closed_set/svm_closed_set_validation/10844.npy,true,192,true,false,false,1.00000000,true,2100.573,true,true,
12952,exp_svm_spk_0010,SVM_CLOSED_SET,svm_closed_set_validation,SVM_EXPERIMENTAL,data/embeddings/v2/svm_closed_set/svm_closed_set_validation/12952.npy,true,192,true,false,false,0.99999994,true,953.891,true,true,
14872,exp_svm_spk_0010,SVM_CLOSED_SET,svm_closed_set_validation,SVM_EXPERIMENTAL,data/embeddings/v2/svm_closed_set/svm_closed_set_validation/14872.npy,true,192,true,false,false,1.00000000,true,1374.235,true,true,
6089,exp_svm_spk_0010,SVM_CLOSED_SET,svm_closed_set_validation,SVM_EXPERIMENTAL,data/embeddings/v2/svm_closed_set/svm_closed_set_validation/6089.npy,true,192,true,false,false,0.99999994,true,1463.888,true,true,
14152,exp_svm_spk_0010,SVM_CLOSED_SET,svm_closed_set_validation,SVM_EXPERIMENTAL,data/embeddings/v2/svm_closed_set/svm_closed_set_validation/14152.npy,true,192,true,false,false,1.00000000,true,726.546,true,true,
392,exp_svm_spk_0010,SVM_CLOSED_SET,svm_closed_set_validation,SVM_EXPERIMENTAL,data/embeddings/v2/svm_closed_set/svm_closed_set_validation/392.npy,true,192,true,false,false,1.00000000,true,764.134,true,true,
6136,exp_svm_spk_0001,SVM_CLOSED_SET,svm_closed_set_test,SVM_EXPERIMENTAL,data/embeddings/v2/svm_closed_set/svm_closed_set_test/6136.npy,true,192,true,false,false,1.00000000,true,804.357,true,true,
237,exp_svm_spk_0001,SVM_CLOSED_SET,svm_closed_set_test,SVM_EXPERIMENTAL,data/embeddings/v2/svm_closed_set/svm_closed_set_test/237.npy,true,192,true,false,false,0.99999994,true,1441.351,true,true,
9840,exp_svm_spk_0001,SVM_CLOSED_SET,svm_closed_set_test,SVM_EXPERIMENTAL,data/embeddings/v2/svm_closed_set/svm_closed_set_test/9840.npy,true,192,true,false,false,1.00000000,true,900.577,true,true,
1877,exp_svm_spk_0001,SVM_CLOSED_SET,svm_closed_set_test,SVM_EXPERIMENTAL,data/embeddings/v2/svm_closed_set/svm_closed_set_test/1877.npy,true,192,true,false,false,1.00000000,true,937.637,true,true,
5561,exp_svm_spk_0001,SVM_CLOSED_SET,svm_closed_set_test,SVM_EXPERIMENTAL,data/embeddings/v2/svm_closed_set/svm_closed_set_test/5561.npy,true,192,true,false,false,0.99999994,true,689.469,true,true,
16007,exp_svm_spk_0001,SVM_CLOSED_SET,svm_closed_set_test,SVM_EXPERIMENTAL,data/embeddings/v2/svm_closed_set/svm_closed_set_test/16007.npy,true,192,true,false,false,0.99999994,true,1540.151,true,true,
2420,exp_svm_spk_0001,SVM_CLOSED_SET,svm_closed_set_test,SVM_EXPERIMENTAL,data/embeddings/v2/svm_closed_set/svm_closed_set_test/2420.npy,true,192,true,false,false,1.00000000,true,637.836,true,true,
14596,exp_svm_spk_0001,SVM_CLOSED_SET,svm_closed_set_test,SVM_EXPERIMENTAL,data/embeddings/v2/svm_closed_set/svm_closed_set_test/14596.npy,true,192,true,false,false,1.00000000,true,1001.007,true,true,
406,exp_svm_spk_0001,SVM_CLOSED_SET,svm_closed_set_test,SVM_EXPERIMENTAL,data/embeddings/v2/svm_closed_set/svm_closed_set_test/406.npy,true,192,true,false,false,0.99999994,true,793.526,true,true,
11450,exp_svm_spk_0001,SVM_CLOSED_SET,svm_closed_set_test,SVM_EXPERIMENTAL,data/embeddings/v2/svm_closed_set/svm_closed_set_test/11450.npy,true,192,true,false,false,1.00000000,true,1109.277,true,true,
17082,exp_svm_spk_0001,SVM_CLOSED_SET,svm_closed_set_test,SVM_EXPERIMENTAL,data/embeddings/v2/svm_closed_set/svm_closed_set_test/17082.npy,true,192,true,false,false,0.99999994,true,1563.262,true,true,
11131,exp_svm_spk_0001,SVM_CLOSED_SET,svm_closed_set_test,SVM_EXPERIMENTAL,data/embeddings/v2/svm_closed_set/svm_closed_set_test/11131.npy,true,192,true,false,false,1.00000000,true,1335.527,true,true,
1058,exp_svm_spk_0001,SVM_CLOSED_SET,svm_closed_set_test,SVM_EXPERIMENTAL,data/embeddings/v2/svm_closed_set/svm_closed_set_test/1058.npy,true,192,true,false,false,1.00000000,true,1427.514,true,true,
1209,exp_svm_spk_0001,SVM_CLOSED_SET,svm_closed_set_test,SVM_EXPERIMENTAL,data/embeddings/v2/svm_closed_set/svm_closed_set_test/1209.npy,true,192,true,false,false,1.00000000,true,1885.091,true,true,
15466,exp_svm_spk_0001,SVM_CLOSED_SET,svm_closed_set_test,SVM_EXPERIMENTAL,data/embeddings/v2/svm_closed_set/svm_closed_set_test/15466.npy,true,192,true,false,false,1.00000000,true,804.667,true,true,
5604,exp_svm_spk_0002,SVM_CLOSED_SET,svm_closed_set_test,SVM_EXPERIMENTAL,data/embeddings/v2/svm_closed_set/svm_closed_set_test/5604.npy,true,192,true,false,false,0.99999994,true,1057.324,true,true,
3464,exp_svm_spk_0002,SVM_CLOSED_SET,svm_closed_set_test,SVM_EXPERIMENTAL,data/embeddings/v2/svm_closed_set/svm_closed_set_test/3464.npy,true,192,true,false,false,0.99999994,true,830.091,true,true,
10186,exp_svm_spk_0002,SVM_CLOSED_SET,svm_closed_set_test,SVM_EXPERIMENTAL,data/embeddings/v2/svm_closed_set/svm_closed_set_test/10186.npy,true,192,true,false,false,0.99999994,true,725.927,true,true,
12267,exp_svm_spk_0002,SVM_CLOSED_SET,svm_closed_set_test,SVM_EXPERIMENTAL,data/embeddings/v2/svm_closed_set/svm_closed_set_test/12267.npy,true,192,true,false,false,1.00000000,true,877.070,true,true,
13788,exp_svm_spk_0002,SVM_CLOSED_SET,svm_closed_set_test,SVM_EXPERIMENTAL,data/embeddings/v2/svm_closed_set/svm_closed_set_test/13788.npy,true,192,true,false,false,1.00000000,true,776.576,true,true,
12408,exp_svm_spk_0002,SVM_CLOSED_SET,svm_closed_set_test,SVM_EXPERIMENTAL,data/embeddings/v2/svm_closed_set/svm_closed_set_test/12408.npy,true,192,true,false,false,0.99999994,true,2414.096,true,true,
15562,exp_svm_spk_0002,SVM_CLOSED_SET,svm_closed_set_test,SVM_EXPERIMENTAL,data/embeddings/v2/svm_closed_set/svm_closed_set_test/15562.npy,true,192,true,false,false,1.00000000,true,849.964,true,true,
2955,exp_svm_spk_0002,SVM_CLOSED_SET,svm_closed_set_test,SVM_EXPERIMENTAL,data/embeddings/v2/svm_closed_set/svm_closed_set_test/2955.npy,true,192,true,false,false,1.00000000,true,858.716,true,true,
7373,exp_svm_spk_0002,SVM_CLOSED_SET,svm_closed_set_test,SVM_EXPERIMENTAL,data/embeddings/v2/svm_closed_set/svm_closed_set_test/7373.npy,true,192,true,false,false,1.00000000,true,786.831,true,true,
12550,exp_svm_spk_0002,SVM_CLOSED_SET,svm_closed_set_test,SVM_EXPERIMENTAL,data/embeddings/v2/svm_closed_set/svm_closed_set_test/12550.npy,true,192,true,false,false,1.00000000,true,1238.700,true,true,
10973,exp_svm_spk_0002,SVM_CLOSED_SET,svm_closed_set_test,SVM_EXPERIMENTAL,data/embeddings/v2/svm_closed_set/svm_closed_set_test/10973.npy,true,192,true,false,false,0.99999994,true,1122.733,true,true,
2518,exp_svm_spk_0002,SVM_CLOSED_SET,svm_closed_set_test,SVM_EXPERIMENTAL,data/embeddings/v2/svm_closed_set/svm_closed_set_test/2518.npy,true,192,true,false,false,0.99999988,true,3212.338,true,true,
2563,exp_svm_spk_0002,SVM_CLOSED_SET,svm_closed_set_test,SVM_EXPERIMENTAL,data/embeddings/v2/svm_closed_set/svm_closed_set_test/2563.npy,true,192,true,false,false,1.00000000,true,1326.888,true,true,
9999,exp_svm_spk_0002,SVM_CLOSED_SET,svm_closed_set_test,SVM_EXPERIMENTAL,data/embeddings/v2/svm_closed_set/svm_closed_set_test/9999.npy,true,192,true,false,false,1.00000000,true,2707.255,true,true,
14227,exp_svm_spk_0002,SVM_CLOSED_SET,svm_closed_set_test,SVM_EXPERIMENTAL,data/embeddings/v2/svm_closed_set/svm_closed_set_test/14227.npy,true,192,true,false,false,0.99999994,true,1467.801,true,true,
8063,exp_svm_spk_0003,SVM_CLOSED_SET,svm_closed_set_test,SVM_EXPERIMENTAL,data/embeddings/v2/svm_closed_set/svm_closed_set_test/8063.npy,true,192,true,false,false,0.99999994,true,1062.702,true,true,
2464,exp_svm_spk_0003,SVM_CLOSED_SET,svm_closed_set_test,SVM_EXPERIMENTAL,data/embeddings/v2/svm_closed_set/svm_closed_set_test/2464.npy,true,192,true,false,false,0.99999994,true,1352.368,true,true,
8707,exp_svm_spk_0003,SVM_CLOSED_SET,svm_closed_set_test,SVM_EXPERIMENTAL,data/embeddings/v2/svm_closed_set/svm_closed_set_test/8707.npy,true,192,true,false,false,0.99999994,true,1372.503,true,true,
2115,exp_svm_spk_0003,SVM_CLOSED_SET,svm_closed_set_test,SVM_EXPERIMENTAL,data/embeddings/v2/svm_closed_set/svm_closed_set_test/2115.npy,true,192,true,false,false,1.00000000,true,620.503,true,true,
7738,exp_svm_spk_0003,SVM_CLOSED_SET,svm_closed_set_test,SVM_EXPERIMENTAL,data/embeddings/v2/svm_closed_set/svm_closed_set_test/7738.npy,true,192,true,false,false,1.00000000,true,1654.683,true,true,
16423,exp_svm_spk_0003,SVM_CLOSED_SET,svm_closed_set_test,SVM_EXPERIMENTAL,data/embeddings/v2/svm_closed_set/svm_closed_set_test/16423.npy,true,192,true,false,false,1.00000000,true,4039.985,true,true,
2810,exp_svm_spk_0003,SVM_CLOSED_SET,svm_closed_set_test,SVM_EXPERIMENTAL,data/embeddings/v2/svm_closed_set/svm_closed_set_test/2810.npy,true,192,true,false,false,0.99999994,true,848.502,true,true,
1637,exp_svm_spk_0003,SVM_CLOSED_SET,svm_closed_set_test,SVM_EXPERIMENTAL,data/embeddings/v2/svm_closed_set/svm_closed_set_test/1637.npy,true,192,true,false,false,1.00000000,true,1060.186,true,true,
14808,exp_svm_spk_0003,SVM_CLOSED_SET,svm_closed_set_test,SVM_EXPERIMENTAL,data/embeddings/v2/svm_closed_set/svm_closed_set_test/14808.npy,true,192,true,false,false,1.00000000,true,2614.211,true,true,
6778,exp_svm_spk_0003,SVM_CLOSED_SET,svm_closed_set_test,SVM_EXPERIMENTAL,data/embeddings/v2/svm_closed_set/svm_closed_set_test/6778.npy,true,192,true,false,false,1.00000012,true,1436.279,true,true,
12977,exp_svm_spk_0003,SVM_CLOSED_SET,svm_closed_set_test,SVM_EXPERIMENTAL,data/embeddings/v2/svm_closed_set/svm_closed_set_test/12977.npy,true,192,true,false,false,1.00000000,true,650.839,true,true,
4318,exp_svm_spk_0003,SVM_CLOSED_SET,svm_closed_set_test,SVM_EXPERIMENTAL,data/embeddings/v2/svm_closed_set/svm_closed_set_test/4318.npy,true,192,true,false,false,1.00000000,true,1863.857,true,true,
10551,exp_svm_spk_0003,SVM_CLOSED_SET,svm_closed_set_test,SVM_EXPERIMENTAL,data/embeddings/v2/svm_closed_set/svm_closed_set_test/10551.npy,true,192,true,false,false,1.00000000,true,1942.015,true,true,
11617,exp_svm_spk_0003,SVM_CLOSED_SET,svm_closed_set_test,SVM_EXPERIMENTAL,data/embeddings/v2/svm_closed_set/svm_closed_set_test/11617.npy,true,192,true,false,false,1.00000000,true,1283.362,true,true,
12783,exp_svm_spk_0004,SVM_CLOSED_SET,svm_closed_set_test,SVM_EXPERIMENTAL,data/embeddings/v2/svm_closed_set/svm_closed_set_test/12783.npy,true,192,true,false,false,0.99999994,true,2213.438,true,true,
617,exp_svm_spk_0004,SVM_CLOSED_SET,svm_closed_set_test,SVM_EXPERIMENTAL,data/embeddings/v2/svm_closed_set/svm_closed_set_test/617.npy,true,192,true,false,false,0.99999994,true,4980.239,true,true,
15858,exp_svm_spk_0004,SVM_CLOSED_SET,svm_closed_set_test,SVM_EXPERIMENTAL,data/embeddings/v2/svm_closed_set/svm_closed_set_test/15858.npy,true,192,true,false,false,1.00000012,true,3704.144,true,true,
13549,exp_svm_spk_0004,SVM_CLOSED_SET,svm_closed_set_test,SVM_EXPERIMENTAL,data/embeddings/v2/svm_closed_set/svm_closed_set_test/13549.npy,true,192,true,false,false,0.99999994,true,5194.954,true,true,
8418,exp_svm_spk_0004,SVM_CLOSED_SET,svm_closed_set_test,SVM_EXPERIMENTAL,data/embeddings/v2/svm_closed_set/svm_closed_set_test/8418.npy,true,192,true,false,false,0.99999994,true,908.703,true,true,
7108,exp_svm_spk_0004,SVM_CLOSED_SET,svm_closed_set_test,SVM_EXPERIMENTAL,data/embeddings/v2/svm_closed_set/svm_closed_set_test/7108.npy,true,192,true,false,false,0.99999994,true,4124.743,true,true,
5479,exp_svm_spk_0004,SVM_CLOSED_SET,svm_closed_set_test,SVM_EXPERIMENTAL,data/embeddings/v2/svm_closed_set/svm_closed_set_test/5479.npy,true,192,true,false,false,1.00000000,true,2155.522,true,true,
12504,exp_svm_spk_0004,SVM_CLOSED_SET,svm_closed_set_test,SVM_EXPERIMENTAL,data/embeddings/v2/svm_closed_set/svm_closed_set_test/12504.npy,true,192,true,false,false,0.99999994,true,1067.196,true,true,
1257,exp_svm_spk_0004,SVM_CLOSED_SET,svm_closed_set_test,SVM_EXPERIMENTAL,data/embeddings/v2/svm_closed_set/svm_closed_set_test/1257.npy,true,192,true,false,false,1.00000012,true,1298.066,true,true,
14018,exp_svm_spk_0004,SVM_CLOSED_SET,svm_closed_set_test,SVM_EXPERIMENTAL,data/embeddings/v2/svm_closed_set/svm_closed_set_test/14018.npy,true,192,true,false,false,1.00000000,true,2183.089,true,true,
3045,exp_svm_spk_0004,SVM_CLOSED_SET,svm_closed_set_test,SVM_EXPERIMENTAL,data/embeddings/v2/svm_closed_set/svm_closed_set_test/3045.npy,true,192,true,false,false,1.00000000,true,970.891,true,true,
15097,exp_svm_spk_0004,SVM_CLOSED_SET,svm_closed_set_test,SVM_EXPERIMENTAL,data/embeddings/v2/svm_closed_set/svm_closed_set_test/15097.npy,true,192,true,false,false,0.99999994,true,877.433,true,true,
15093,exp_svm_spk_0004,SVM_CLOSED_SET,svm_closed_set_test,SVM_EXPERIMENTAL,data/embeddings/v2/svm_closed_set/svm_closed_set_test/15093.npy,true,192,true,false,false,1.00000000,true,2387.076,true,true,
10532,exp_svm_spk_0004,SVM_CLOSED_SET,svm_closed_set_test,SVM_EXPERIMENTAL,data/embeddings/v2/svm_closed_set/svm_closed_set_test/10532.npy,true,192,true,false,false,1.00000000,true,831.992,true,true,
6259,exp_svm_spk_0005,SVM_CLOSED_SET,svm_closed_set_test,SVM_EXPERIMENTAL,data/embeddings/v2/svm_closed_set/svm_closed_set_test/6259.npy,true,192,true,false,false,1.00000000,true,748.867,true,true,
14635,exp_svm_spk_0005,SVM_CLOSED_SET,svm_closed_set_test,SVM_EXPERIMENTAL,data/embeddings/v2/svm_closed_set/svm_closed_set_test/14635.npy,true,192,true,false,false,1.00000000,true,1823.353,true,true,
835,exp_svm_spk_0005,SVM_CLOSED_SET,svm_closed_set_test,SVM_EXPERIMENTAL,data/embeddings/v2/svm_closed_set/svm_closed_set_test/835.npy,true,192,true,false,false,1.00000000,true,2709.490,true,true,
3151,exp_svm_spk_0005,SVM_CLOSED_SET,svm_closed_set_test,SVM_EXPERIMENTAL,data/embeddings/v2/svm_closed_set/svm_closed_set_test/3151.npy,true,192,true,false,false,1.00000000,true,674.077,true,true,
10751,exp_svm_spk_0005,SVM_CLOSED_SET,svm_closed_set_test,SVM_EXPERIMENTAL,data/embeddings/v2/svm_closed_set/svm_closed_set_test/10751.npy,true,192,true,false,false,1.00000000,true,392.286,true,true,
3754,exp_svm_spk_0005,SVM_CLOSED_SET,svm_closed_set_test,SVM_EXPERIMENTAL,data/embeddings/v2/svm_closed_set/svm_closed_set_test/3754.npy,true,192,true,false,false,1.00000000,true,1395.948,true,true,
6648,exp_svm_spk_0005,SVM_CLOSED_SET,svm_closed_set_test,SVM_EXPERIMENTAL,data/embeddings/v2/svm_closed_set/svm_closed_set_test/6648.npy,true,192,true,false,false,1.00000000,true,2273.428,true,true,
13870,exp_svm_spk_0005,SVM_CLOSED_SET,svm_closed_set_test,SVM_EXPERIMENTAL,data/embeddings/v2/svm_closed_set/svm_closed_set_test/13870.npy,true,192,true,false,false,1.00000000,true,1962.650,true,true,
11857,exp_svm_spk_0005,SVM_CLOSED_SET,svm_closed_set_test,SVM_EXPERIMENTAL,data/embeddings/v2/svm_closed_set/svm_closed_set_test/11857.npy,true,192,true,false,false,0.99999994,true,2772.230,true,true,
6920,exp_svm_spk_0005,SVM_CLOSED_SET,svm_closed_set_test,SVM_EXPERIMENTAL,data/embeddings/v2/svm_closed_set/svm_closed_set_test/6920.npy,true,192,true,false,false,0.99999994,true,1926.802,true,true,
16487,exp_svm_spk_0005,SVM_CLOSED_SET,svm_closed_set_test,SVM_EXPERIMENTAL,data/embeddings/v2/svm_closed_set/svm_closed_set_test/16487.npy,true,192,true,false,false,0.99999994,true,961.016,true,true,
14010,exp_svm_spk_0005,SVM_CLOSED_SET,svm_closed_set_test,SVM_EXPERIMENTAL,data/embeddings/v2/svm_closed_set/svm_closed_set_test/14010.npy,true,192,true,false,false,1.00000000,true,1019.373,true,true,
8270,exp_svm_spk_0005,SVM_CLOSED_SET,svm_closed_set_test,SVM_EXPERIMENTAL,data/embeddings/v2/svm_closed_set/svm_closed_set_test/8270.npy,true,192,true,false,false,0.99999994,true,1372.590,true,true,
16774,exp_svm_spk_0005,SVM_CLOSED_SET,svm_closed_set_test,SVM_EXPERIMENTAL,data/embeddings/v2/svm_closed_set/svm_closed_set_test/16774.npy,true,192,true,false,false,0.99999994,true,1819.816,true,true,
13724,exp_svm_spk_0006,SVM_CLOSED_SET,svm_closed_set_test,SVM_EXPERIMENTAL,data/embeddings/v2/svm_closed_set/svm_closed_set_test/13724.npy,true,192,true,false,false,1.00000000,true,1906.162,true,true,
9534,exp_svm_spk_0006,SVM_CLOSED_SET,svm_closed_set_test,SVM_EXPERIMENTAL,data/embeddings/v2/svm_closed_set/svm_closed_set_test/9534.npy,true,192,true,false,false,0.99999994,true,1361.432,true,true,
7305,exp_svm_spk_0006,SVM_CLOSED_SET,svm_closed_set_test,SVM_EXPERIMENTAL,data/embeddings/v2/svm_closed_set/svm_closed_set_test/7305.npy,true,192,true,false,false,1.00000000,true,3256.246,true,true,
11,exp_svm_spk_0006,SVM_CLOSED_SET,svm_closed_set_test,SVM_EXPERIMENTAL,data/embeddings/v2/svm_closed_set/svm_closed_set_test/11.npy,true,192,true,false,false,1.00000000,true,885.931,true,true,
16184,exp_svm_spk_0006,SVM_CLOSED_SET,svm_closed_set_test,SVM_EXPERIMENTAL,data/embeddings/v2/svm_closed_set/svm_closed_set_test/16184.npy,true,192,true,false,false,0.99999994,true,926.324,true,true,
2073,exp_svm_spk_0006,SVM_CLOSED_SET,svm_closed_set_test,SVM_EXPERIMENTAL,data/embeddings/v2/svm_closed_set/svm_closed_set_test/2073.npy,true,192,true,false,false,0.99999994,true,2912.483,true,true,
2625,exp_svm_spk_0006,SVM_CLOSED_SET,svm_closed_set_test,SVM_EXPERIMENTAL,data/embeddings/v2/svm_closed_set/svm_closed_set_test/2625.npy,true,192,true,false,false,1.00000000,true,1597.193,true,true,
13540,exp_svm_spk_0006,SVM_CLOSED_SET,svm_closed_set_test,SVM_EXPERIMENTAL,data/embeddings/v2/svm_closed_set/svm_closed_set_test/13540.npy,true,192,true,false,false,1.00000000,true,1509.970,true,true,
13382,exp_svm_spk_0006,SVM_CLOSED_SET,svm_closed_set_test,SVM_EXPERIMENTAL,data/embeddings/v2/svm_closed_set/svm_closed_set_test/13382.npy,true,192,true,false,false,1.00000000,true,1598.840,true,true,
6638,exp_svm_spk_0006,SVM_CLOSED_SET,svm_closed_set_test,SVM_EXPERIMENTAL,data/embeddings/v2/svm_closed_set/svm_closed_set_test/6638.npy,true,192,true,false,false,0.99999994,true,839.014,true,true,
14621,exp_svm_spk_0006,SVM_CLOSED_SET,svm_closed_set_test,SVM_EXPERIMENTAL,data/embeddings/v2/svm_closed_set/svm_closed_set_test/14621.npy,true,192,true,false,false,0.99999994,true,2363.259,true,true,
7930,exp_svm_spk_0006,SVM_CLOSED_SET,svm_closed_set_test,SVM_EXPERIMENTAL,data/embeddings/v2/svm_closed_set/svm_closed_set_test/7930.npy,true,192,true,false,false,0.99999994,true,1430.328,true,true,
2478,exp_svm_spk_0006,SVM_CLOSED_SET,svm_closed_set_test,SVM_EXPERIMENTAL,data/embeddings/v2/svm_closed_set/svm_closed_set_test/2478.npy,true,192,true,false,false,0.99999994,true,667.607,true,true,
5184,exp_svm_spk_0006,SVM_CLOSED_SET,svm_closed_set_test,SVM_EXPERIMENTAL,data/embeddings/v2/svm_closed_set/svm_closed_set_test/5184.npy,true,192,true,false,false,1.00000000,true,1684.182,true,true,
9253,exp_svm_spk_0007,SVM_CLOSED_SET,svm_closed_set_test,SVM_EXPERIMENTAL,data/embeddings/v2/svm_closed_set/svm_closed_set_test/9253.npy,true,192,true,false,false,1.00000000,true,950.160,true,true,
7341,exp_svm_spk_0007,SVM_CLOSED_SET,svm_closed_set_test,SVM_EXPERIMENTAL,data/embeddings/v2/svm_closed_set/svm_closed_set_test/7341.npy,true,192,true,false,false,1.00000000,true,1171.552,true,true,
3194,exp_svm_spk_0007,SVM_CLOSED_SET,svm_closed_set_test,SVM_EXPERIMENTAL,data/embeddings/v2/svm_closed_set/svm_closed_set_test/3194.npy,true,192,true,false,false,0.99999994,true,2289.199,true,true,
6115,exp_svm_spk_0007,SVM_CLOSED_SET,svm_closed_set_test,SVM_EXPERIMENTAL,data/embeddings/v2/svm_closed_set/svm_closed_set_test/6115.npy,true,192,true,false,false,1.00000000,true,1121.314,true,true,
17076,exp_svm_spk_0007,SVM_CLOSED_SET,svm_closed_set_test,SVM_EXPERIMENTAL,data/embeddings/v2/svm_closed_set/svm_closed_set_test/17076.npy,true,192,true,false,false,1.00000000,true,1264.339,true,true,
14882,exp_svm_spk_0007,SVM_CLOSED_SET,svm_closed_set_test,SVM_EXPERIMENTAL,data/embeddings/v2/svm_closed_set/svm_closed_set_test/14882.npy,true,192,true,false,false,1.00000000,true,3111.235,true,true,
11182,exp_svm_spk_0007,SVM_CLOSED_SET,svm_closed_set_test,SVM_EXPERIMENTAL,data/embeddings/v2/svm_closed_set/svm_closed_set_test/11182.npy,true,192,true,false,false,0.99999994,true,1240.583,true,true,
14207,exp_svm_spk_0007,SVM_CLOSED_SET,svm_closed_set_test,SVM_EXPERIMENTAL,data/embeddings/v2/svm_closed_set/svm_closed_set_test/14207.npy,true,192,true,false,false,0.99999994,true,922.865,true,true,
9633,exp_svm_spk_0007,SVM_CLOSED_SET,svm_closed_set_test,SVM_EXPERIMENTAL,data/embeddings/v2/svm_closed_set/svm_closed_set_test/9633.npy,true,192,true,false,false,1.00000000,true,1743.813,true,true,
4483,exp_svm_spk_0007,SVM_CLOSED_SET,svm_closed_set_test,SVM_EXPERIMENTAL,data/embeddings/v2/svm_closed_set/svm_closed_set_test/4483.npy,true,192,true,false,false,0.99999994,true,1681.035,true,true,
5494,exp_svm_spk_0007,SVM_CLOSED_SET,svm_closed_set_test,SVM_EXPERIMENTAL,data/embeddings/v2/svm_closed_set/svm_closed_set_test/5494.npy,true,192,true,false,false,1.00000000,true,2442.812,true,true,
9783,exp_svm_spk_0007,SVM_CLOSED_SET,svm_closed_set_test,SVM_EXPERIMENTAL,data/embeddings/v2/svm_closed_set/svm_closed_set_test/9783.npy,true,192,true,false,false,0.99999994,true,1551.312,true,true,
14645,exp_svm_spk_0007,SVM_CLOSED_SET,svm_closed_set_test,SVM_EXPERIMENTAL,data/embeddings/v2/svm_closed_set/svm_closed_set_test/14645.npy,true,192,true,false,false,0.99999994,true,1935.914,true,true,
6823,exp_svm_spk_0007,SVM_CLOSED_SET,svm_closed_set_test,SVM_EXPERIMENTAL,data/embeddings/v2/svm_closed_set/svm_closed_set_test/6823.npy,true,192,true,false,false,0.99999994,true,2113.546,true,true,
13643,exp_svm_spk_0009,SVM_CLOSED_SET,svm_closed_set_test,SVM_EXPERIMENTAL,data/embeddings/v2/svm_closed_set/svm_closed_set_test/13643.npy,true,192,true,false,false,1.00000000,true,1382.858,true,true,
2757,exp_svm_spk_0009,SVM_CLOSED_SET,svm_closed_set_test,SVM_EXPERIMENTAL,data/embeddings/v2/svm_closed_set/svm_closed_set_test/2757.npy,true,192,true,false,false,1.00000000,true,2194.968,true,true,
4175,exp_svm_spk_0009,SVM_CLOSED_SET,svm_closed_set_test,SVM_EXPERIMENTAL,data/embeddings/v2/svm_closed_set/svm_closed_set_test/4175.npy,true,192,true,false,false,0.99999994,true,2193.072,true,true,
538,exp_svm_spk_0009,SVM_CLOSED_SET,svm_closed_set_test,SVM_EXPERIMENTAL,data/embeddings/v2/svm_closed_set/svm_closed_set_test/538.npy,true,192,true,false,false,1.00000000,true,3103.008,true,true,
14175,exp_svm_spk_0009,SVM_CLOSED_SET,svm_closed_set_test,SVM_EXPERIMENTAL,data/embeddings/v2/svm_closed_set/svm_closed_set_test/14175.npy,true,192,true,false,false,1.00000000,true,1036.562,true,true,
5336,exp_svm_spk_0009,SVM_CLOSED_SET,svm_closed_set_test,SVM_EXPERIMENTAL,data/embeddings/v2/svm_closed_set/svm_closed_set_test/5336.npy,true,192,true,false,false,0.99999994,true,2366.070,true,true,
15171,exp_svm_spk_0009,SVM_CLOSED_SET,svm_closed_set_test,SVM_EXPERIMENTAL,data/embeddings/v2/svm_closed_set/svm_closed_set_test/15171.npy,true,192,true,false,false,0.99999994,true,2680.893,true,true,
8612,exp_svm_spk_0009,SVM_CLOSED_SET,svm_closed_set_test,SVM_EXPERIMENTAL,data/embeddings/v2/svm_closed_set/svm_closed_set_test/8612.npy,true,192,true,false,false,1.00000012,true,1716.211,true,true,
15786,exp_svm_spk_0009,SVM_CLOSED_SET,svm_closed_set_test,SVM_EXPERIMENTAL,data/embeddings/v2/svm_closed_set/svm_closed_set_test/15786.npy,true,192,true,false,false,1.00000000,true,2889.883,true,true,
16653,exp_svm_spk_0009,SVM_CLOSED_SET,svm_closed_set_test,SVM_EXPERIMENTAL,data/embeddings/v2/svm_closed_set/svm_closed_set_test/16653.npy,true,192,true,false,false,0.99999994,true,2096.476,true,true,
11552,exp_svm_spk_0009,SVM_CLOSED_SET,svm_closed_set_test,SVM_EXPERIMENTAL,data/embeddings/v2/svm_closed_set/svm_closed_set_test/11552.npy,true,192,true,false,false,1.00000000,true,1819.896,true,true,
12741,exp_svm_spk_0009,SVM_CLOSED_SET,svm_closed_set_test,SVM_EXPERIMENTAL,data/embeddings/v2/svm_closed_set/svm_closed_set_test/12741.npy,true,192,true,false,false,0.99999994,true,2223.070,true,true,
1823,exp_svm_spk_0009,SVM_CLOSED_SET,svm_closed_set_test,SVM_EXPERIMENTAL,data/embeddings/v2/svm_closed_set/svm_closed_set_test/1823.npy,true,192,true,false,false,0.99999994,true,1700.387,true,true,
6881,exp_svm_spk_0009,SVM_CLOSED_SET,svm_closed_set_test,SVM_EXPERIMENTAL,data/embeddings/v2/svm_closed_set/svm_closed_set_test/6881.npy,true,192,true,false,false,1.00000000,true,1988.499,true,true,
14390,exp_svm_spk_0010,SVM_CLOSED_SET,svm_closed_set_test,SVM_EXPERIMENTAL,data/embeddings/v2/svm_closed_set/svm_closed_set_test/14390.npy,true,192,true,false,false,1.00000000,true,1419.663,true,true,
4287,exp_svm_spk_0010,SVM_CLOSED_SET,svm_closed_set_test,SVM_EXPERIMENTAL,data/embeddings/v2/svm_closed_set/svm_closed_set_test/4287.npy,true,192,true,false,false,1.00000012,true,931.591,true,true,
14827,exp_svm_spk_0010,SVM_CLOSED_SET,svm_closed_set_test,SVM_EXPERIMENTAL,data/embeddings/v2/svm_closed_set/svm_closed_set_test/14827.npy,true,192,true,false,false,0.99999994,true,2312.146,true,true,
4941,exp_svm_spk_0010,SVM_CLOSED_SET,svm_closed_set_test,SVM_EXPERIMENTAL,data/embeddings/v2/svm_closed_set/svm_closed_set_test/4941.npy,true,192,true,false,false,1.00000000,true,1447.171,true,true,
9249,exp_svm_spk_0010,SVM_CLOSED_SET,svm_closed_set_test,SVM_EXPERIMENTAL,data/embeddings/v2/svm_closed_set/svm_closed_set_test/9249.npy,true,192,true,false,false,1.00000000,true,1102.483,true,true,
2701,exp_svm_spk_0010,SVM_CLOSED_SET,svm_closed_set_test,SVM_EXPERIMENTAL,data/embeddings/v2/svm_closed_set/svm_closed_set_test/2701.npy,true,192,true,false,false,0.99999994,true,1644.880,true,true,
12854,exp_svm_spk_0010,SVM_CLOSED_SET,svm_closed_set_test,SVM_EXPERIMENTAL,data/embeddings/v2/svm_closed_set/svm_closed_set_test/12854.npy,true,192,true,false,false,1.00000000,true,1384.257,true,true,
11962,exp_svm_spk_0010,SVM_CLOSED_SET,svm_closed_set_test,SVM_EXPERIMENTAL,data/embeddings/v2/svm_closed_set/svm_closed_set_test/11962.npy,true,192,true,false,false,0.99999994,true,924.171,true,true,
3148,exp_svm_spk_0010,SVM_CLOSED_SET,svm_closed_set_test,SVM_EXPERIMENTAL,data/embeddings/v2/svm_closed_set/svm_closed_set_test/3148.npy,true,192,true,false,false,1.00000000,true,1318.366,true,true,
3261,exp_svm_spk_0010,SVM_CLOSED_SET,svm_closed_set_test,SVM_EXPERIMENTAL,data/embeddings/v2/svm_closed_set/svm_closed_set_test/3261.npy,true,192,true,false,false,0.99999994,true,2633.183,true,true,
7755,exp_svm_spk_0010,SVM_CLOSED_SET,svm_closed_set_test,SVM_EXPERIMENTAL,data/embeddings/v2/svm_closed_set/svm_closed_set_test/7755.npy,true,192,true,false,false,0.99999994,true,1823.434,true,true,
387,exp_svm_spk_0010,SVM_CLOSED_SET,svm_closed_set_test,SVM_EXPERIMENTAL,data/embeddings/v2/svm_closed_set/svm_closed_set_test/387.npy,true,192,true,false,false,1.00000000,true,1640.050,true,true,
4573,exp_svm_spk_0010,SVM_CLOSED_SET,svm_closed_set_test,SVM_EXPERIMENTAL,data/embeddings/v2/svm_closed_set/svm_closed_set_test/4573.npy,true,192,true,false,false,1.00000000,true,1202.354,true,true,
3956,exp_svm_spk_0010,SVM_CLOSED_SET,svm_closed_set_test,SVM_EXPERIMENTAL,data/embeddings/v2/svm_closed_set/svm_closed_set_test/3956.npy,true,192,true,false,false,1.00000000,true,2196.850,true,true,
15134,v2_test_enrolled_spk_0001,COSINE_TEST,cosine_test_enrollment,ENROLLED,data/embeddings/v2/cosine_test/cosine_test_enrollment/15134.npy,true,192,true,false,false,1.00000000,true,1046.410,true,true,
5763,v2_test_enrolled_spk_0001,COSINE_TEST,cosine_test_enrollment,ENROLLED,data/embeddings/v2/cosine_test/cosine_test_enrollment/5763.npy,true,192,true,false,false,1.00000000,true,1464.549,true,true,
984,v2_test_enrolled_spk_0001,COSINE_TEST,cosine_test_enrollment,ENROLLED,data/embeddings/v2/cosine_test/cosine_test_enrollment/984.npy,true,192,true,false,false,1.00000000,true,2661.307,true,true,
9343,v2_test_enrolled_spk_0001,COSINE_TEST,cosine_test_enrollment,ENROLLED,data/embeddings/v2/cosine_test/cosine_test_enrollment/9343.npy,true,192,true,false,false,1.00000000,true,2255.169,true,true,
6001,v2_test_enrolled_spk_0001,COSINE_TEST,cosine_test_enrollment,ENROLLED,data/embeddings/v2/cosine_test/cosine_test_enrollment/6001.npy,true,192,true,false,false,1.00000000,true,2155.167,true,true,
5404,v2_test_enrolled_spk_0002,COSINE_TEST,cosine_test_enrollment,ENROLLED,data/embeddings/v2/cosine_test/cosine_test_enrollment/5404.npy,true,192,true,false,false,1.00000000,true,3782.304,true,true,
8192,v2_test_enrolled_spk_0002,COSINE_TEST,cosine_test_enrollment,ENROLLED,data/embeddings/v2/cosine_test/cosine_test_enrollment/8192.npy,true,192,true,false,false,1.00000000,true,1742.475,true,true,
10741,v2_test_enrolled_spk_0002,COSINE_TEST,cosine_test_enrollment,ENROLLED,data/embeddings/v2/cosine_test/cosine_test_enrollment/10741.npy,true,192,true,false,false,1.00000000,true,2978.359,true,true,
11160,v2_test_enrolled_spk_0002,COSINE_TEST,cosine_test_enrollment,ENROLLED,data/embeddings/v2/cosine_test/cosine_test_enrollment/11160.npy,true,192,true,false,false,1.00000000,true,1462.285,true,true,
1051,v2_test_enrolled_spk_0002,COSINE_TEST,cosine_test_enrollment,ENROLLED,data/embeddings/v2/cosine_test/cosine_test_enrollment/1051.npy,true,192,true,false,false,0.99999994,true,1969.565,true,true,
15588,v2_test_enrolled_spk_0003,COSINE_TEST,cosine_test_enrollment,ENROLLED,data/embeddings/v2/cosine_test/cosine_test_enrollment/15588.npy,true,192,true,false,false,1.00000012,true,2230.532,true,true,
2935,v2_test_enrolled_spk_0003,COSINE_TEST,cosine_test_enrollment,ENROLLED,data/embeddings/v2/cosine_test/cosine_test_enrollment/2935.npy,true,192,true,false,false,1.00000000,true,3231.739,true,true,
10589,v2_test_enrolled_spk_0003,COSINE_TEST,cosine_test_enrollment,ENROLLED,data/embeddings/v2/cosine_test/cosine_test_enrollment/10589.npy,true,192,true,false,false,1.00000000,true,3425.034,true,true,
817,v2_test_enrolled_spk_0003,COSINE_TEST,cosine_test_enrollment,ENROLLED,data/embeddings/v2/cosine_test/cosine_test_enrollment/817.npy,true,192,true,false,false,1.00000000,true,1125.387,true,true,
12253,v2_test_enrolled_spk_0003,COSINE_TEST,cosine_test_enrollment,ENROLLED,data/embeddings/v2/cosine_test/cosine_test_enrollment/12253.npy,true,192,true,false,false,1.00000000,true,1800.304,true,true,
10928,v2_test_enrolled_spk_0004,COSINE_TEST,cosine_test_enrollment,ENROLLED,data/embeddings/v2/cosine_test/cosine_test_enrollment/10928.npy,true,192,true,false,false,0.99999994,true,2292.274,true,true,
12575,v2_test_enrolled_spk_0004,COSINE_TEST,cosine_test_enrollment,ENROLLED,data/embeddings/v2/cosine_test/cosine_test_enrollment/12575.npy,true,192,true,false,false,1.00000000,true,3455.884,true,true,
9002,v2_test_enrolled_spk_0004,COSINE_TEST,cosine_test_enrollment,ENROLLED,data/embeddings/v2/cosine_test/cosine_test_enrollment/9002.npy,true,192,true,false,false,1.00000012,true,2362.736,true,true,
10496,v2_test_enrolled_spk_0004,COSINE_TEST,cosine_test_enrollment,ENROLLED,data/embeddings/v2/cosine_test/cosine_test_enrollment/10496.npy,true,192,true,false,false,1.00000000,true,1567.261,true,true,
9136,v2_test_enrolled_spk_0004,COSINE_TEST,cosine_test_enrollment,ENROLLED,data/embeddings/v2/cosine_test/cosine_test_enrollment/9136.npy,true,192,true,false,false,0.99999994,true,3139.620,true,true,
14460,v2_test_enrolled_spk_0005,COSINE_TEST,cosine_test_enrollment,ENROLLED,data/embeddings/v2/cosine_test/cosine_test_enrollment/14460.npy,true,192,true,false,false,1.00000000,true,1129.216,true,true,
17153,v2_test_enrolled_spk_0005,COSINE_TEST,cosine_test_enrollment,ENROLLED,data/embeddings/v2/cosine_test/cosine_test_enrollment/17153.npy,true,192,true,false,false,0.99999994,true,1160.550,true,true,
14450,v2_test_enrolled_spk_0005,COSINE_TEST,cosine_test_enrollment,ENROLLED,data/embeddings/v2/cosine_test/cosine_test_enrollment/14450.npy,true,192,true,false,false,1.00000000,true,3184.719,true,true,
552,v2_test_enrolled_spk_0005,COSINE_TEST,cosine_test_enrollment,ENROLLED,data/embeddings/v2/cosine_test/cosine_test_enrollment/552.npy,true,192,true,false,false,1.00000000,true,942.534,true,true,
14273,v2_test_enrolled_spk_0005,COSINE_TEST,cosine_test_enrollment,ENROLLED,data/embeddings/v2/cosine_test/cosine_test_enrollment/14273.npy,true,192,true,false,false,0.99999994,true,647.238,true,true,
4779,v2_test_enrolled_spk_0006,COSINE_TEST,cosine_test_enrollment,ENROLLED,data/embeddings/v2/cosine_test/cosine_test_enrollment/4779.npy,true,192,true,false,false,1.00000000,true,2208.917,true,true,
6367,v2_test_enrolled_spk_0006,COSINE_TEST,cosine_test_enrollment,ENROLLED,data/embeddings/v2/cosine_test/cosine_test_enrollment/6367.npy,true,192,true,false,false,0.99999994,true,2173.652,true,true,
8479,v2_test_enrolled_spk_0006,COSINE_TEST,cosine_test_enrollment,ENROLLED,data/embeddings/v2/cosine_test/cosine_test_enrollment/8479.npy,true,192,true,false,false,1.00000000,true,3124.029,true,true,
16825,v2_test_enrolled_spk_0006,COSINE_TEST,cosine_test_enrollment,ENROLLED,data/embeddings/v2/cosine_test/cosine_test_enrollment/16825.npy,true,192,true,false,false,1.00000000,true,1472.433,true,true,
1791,v2_test_enrolled_spk_0006,COSINE_TEST,cosine_test_enrollment,ENROLLED,data/embeddings/v2/cosine_test/cosine_test_enrollment/1791.npy,true,192,true,false,false,1.00000000,true,1082.261,true,true,
8315,v2_test_enrolled_spk_0007,COSINE_TEST,cosine_test_enrollment,ENROLLED,data/embeddings/v2/cosine_test/cosine_test_enrollment/8315.npy,true,192,true,false,false,1.00000000,true,2917.100,true,true,
6640,v2_test_enrolled_spk_0007,COSINE_TEST,cosine_test_enrollment,ENROLLED,data/embeddings/v2/cosine_test/cosine_test_enrollment/6640.npy,true,192,true,false,false,1.00000000,true,477.324,true,true,
1234,v2_test_enrolled_spk_0007,COSINE_TEST,cosine_test_enrollment,ENROLLED,data/embeddings/v2/cosine_test/cosine_test_enrollment/1234.npy,true,192,true,false,false,1.00000000,true,899.456,true,true,
13988,v2_test_enrolled_spk_0007,COSINE_TEST,cosine_test_enrollment,ENROLLED,data/embeddings/v2/cosine_test/cosine_test_enrollment/13988.npy,true,192,true,false,false,1.00000000,true,647.166,true,true,
9144,v2_test_enrolled_spk_0007,COSINE_TEST,cosine_test_enrollment,ENROLLED,data/embeddings/v2/cosine_test/cosine_test_enrollment/9144.npy,true,192,true,false,false,1.00000000,true,2736.809,true,true,
3046,v2_test_enrolled_spk_0008,COSINE_TEST,cosine_test_enrollment,ENROLLED,data/embeddings/v2/cosine_test/cosine_test_enrollment/3046.npy,true,192,true,false,false,1.00000000,true,2249.954,true,true,
13924,v2_test_enrolled_spk_0008,COSINE_TEST,cosine_test_enrollment,ENROLLED,data/embeddings/v2/cosine_test/cosine_test_enrollment/13924.npy,true,192,true,false,false,0.99999994,true,1650.017,true,true,
1189,v2_test_enrolled_spk_0008,COSINE_TEST,cosine_test_enrollment,ENROLLED,data/embeddings/v2/cosine_test/cosine_test_enrollment/1189.npy,true,192,true,false,false,1.00000012,true,1875.614,true,true,
15559,v2_test_enrolled_spk_0008,COSINE_TEST,cosine_test_enrollment,ENROLLED,data/embeddings/v2/cosine_test/cosine_test_enrollment/15559.npy,true,192,true,false,false,1.00000000,true,2198.830,true,true,
1894,v2_test_enrolled_spk_0008,COSINE_TEST,cosine_test_enrollment,ENROLLED,data/embeddings/v2/cosine_test/cosine_test_enrollment/1894.npy,true,192,true,false,false,1.00000000,true,2802.254,true,true,
943,v2_test_enrolled_spk_0001,COSINE_TEST,cosine_test_query,ENROLLED,data/embeddings/v2/cosine_test/cosine_test_query/943.npy,true,192,true,false,false,0.99999994,true,11739.160,true,true,
15639,v2_test_enrolled_spk_0001,COSINE_TEST,cosine_test_query,ENROLLED,data/embeddings/v2/cosine_test/cosine_test_query/15639.npy,true,192,true,false,false,1.00000000,true,7162.141,true,true,
4243,v2_test_enrolled_spk_0001,COSINE_TEST,cosine_test_query,ENROLLED,data/embeddings/v2/cosine_test/cosine_test_query/4243.npy,true,192,true,false,false,1.00000000,true,1572.879,true,true,
10468,v2_test_enrolled_spk_0001,COSINE_TEST,cosine_test_query,ENROLLED,data/embeddings/v2/cosine_test/cosine_test_query/10468.npy,true,192,true,false,false,1.00000000,true,3107.237,true,true,
17080,v2_test_enrolled_spk_0001,COSINE_TEST,cosine_test_query,ENROLLED,data/embeddings/v2/cosine_test/cosine_test_query/17080.npy,true,192,true,false,false,1.00000000,true,1224.882,true,true,
937,v2_test_enrolled_spk_0001,COSINE_TEST,cosine_test_query,ENROLLED,data/embeddings/v2/cosine_test/cosine_test_query/937.npy,true,192,true,false,false,0.99999994,true,371.251,true,true,
6677,v2_test_enrolled_spk_0001,COSINE_TEST,cosine_test_query,ENROLLED,data/embeddings/v2/cosine_test/cosine_test_query/6677.npy,true,192,true,false,false,1.00000000,true,546.304,true,true,
14408,v2_test_enrolled_spk_0001,COSINE_TEST,cosine_test_query,ENROLLED,data/embeddings/v2/cosine_test/cosine_test_query/14408.npy,true,192,true,false,false,0.99999994,true,1010.802,true,true,
13211,v2_test_enrolled_spk_0001,COSINE_TEST,cosine_test_query,ENROLLED,data/embeddings/v2/cosine_test/cosine_test_query/13211.npy,true,192,true,false,false,1.00000000,true,10791.267,true,true,
1925,v2_test_enrolled_spk_0001,COSINE_TEST,cosine_test_query,ENROLLED,data/embeddings/v2/cosine_test/cosine_test_query/1925.npy,true,192,true,false,false,1.00000000,true,3664.050,true,true,
4674,v2_test_enrolled_spk_0001,COSINE_TEST,cosine_test_query,ENROLLED,data/embeddings/v2/cosine_test/cosine_test_query/4674.npy,true,192,true,false,false,1.00000000,true,6739.873,true,true,
10817,v2_test_enrolled_spk_0001,COSINE_TEST,cosine_test_query,ENROLLED,data/embeddings/v2/cosine_test/cosine_test_query/10817.npy,true,192,true,false,false,0.99999994,true,5445.735,true,true,
4623,v2_test_enrolled_spk_0001,COSINE_TEST,cosine_test_query,ENROLLED,data/embeddings/v2/cosine_test/cosine_test_query/4623.npy,true,192,true,false,false,1.00000000,true,3492.549,true,true,
6520,v2_test_enrolled_spk_0001,COSINE_TEST,cosine_test_query,ENROLLED,data/embeddings/v2/cosine_test/cosine_test_query/6520.npy,true,192,true,false,false,0.99999994,true,874.080,true,true,
15043,v2_test_enrolled_spk_0001,COSINE_TEST,cosine_test_query,ENROLLED,data/embeddings/v2/cosine_test/cosine_test_query/15043.npy,true,192,true,false,false,0.99999994,true,3702.833,true,true,
13125,v2_test_enrolled_spk_0001,COSINE_TEST,cosine_test_query,ENROLLED,data/embeddings/v2/cosine_test/cosine_test_query/13125.npy,true,192,true,false,false,0.99999994,true,3737.713,true,true,
3665,v2_test_enrolled_spk_0001,COSINE_TEST,cosine_test_query,ENROLLED,data/embeddings/v2/cosine_test/cosine_test_query/3665.npy,true,192,true,false,false,0.99999994,true,2472.785,true,true,
678,v2_test_enrolled_spk_0001,COSINE_TEST,cosine_test_query,ENROLLED,data/embeddings/v2/cosine_test/cosine_test_query/678.npy,true,192,true,false,false,1.00000000,true,1611.435,true,true,
12827,v2_test_enrolled_spk_0001,COSINE_TEST,cosine_test_query,ENROLLED,data/embeddings/v2/cosine_test/cosine_test_query/12827.npy,true,192,true,false,false,1.00000000,true,2871.868,true,true,
2946,v2_test_enrolled_spk_0001,COSINE_TEST,cosine_test_query,ENROLLED,data/embeddings/v2/cosine_test/cosine_test_query/2946.npy,true,192,true,false,false,1.00000000,true,3283.894,true,true,
16288,v2_test_enrolled_spk_0001,COSINE_TEST,cosine_test_query,ENROLLED,data/embeddings/v2/cosine_test/cosine_test_query/16288.npy,true,192,true,false,false,1.00000000,true,1223.123,true,true,
2058,v2_test_enrolled_spk_0001,COSINE_TEST,cosine_test_query,ENROLLED,data/embeddings/v2/cosine_test/cosine_test_query/2058.npy,true,192,true,false,false,1.00000000,true,2870.056,true,true,
2499,v2_test_enrolled_spk_0001,COSINE_TEST,cosine_test_query,ENROLLED,data/embeddings/v2/cosine_test/cosine_test_query/2499.npy,true,192,true,false,false,0.99999994,true,1554.231,true,true,
895,v2_test_enrolled_spk_0001,COSINE_TEST,cosine_test_query,ENROLLED,data/embeddings/v2/cosine_test/cosine_test_query/895.npy,true,192,true,false,false,0.99999994,true,2654.160,true,true,
15512,v2_test_enrolled_spk_0001,COSINE_TEST,cosine_test_query,ENROLLED,data/embeddings/v2/cosine_test/cosine_test_query/15512.npy,true,192,true,false,false,1.00000000,true,2669.480,true,true,
14361,v2_test_enrolled_spk_0002,COSINE_TEST,cosine_test_query,ENROLLED,data/embeddings/v2/cosine_test/cosine_test_query/14361.npy,true,192,true,false,false,1.00000000,true,1823.763,true,true,
11086,v2_test_enrolled_spk_0002,COSINE_TEST,cosine_test_query,ENROLLED,data/embeddings/v2/cosine_test/cosine_test_query/11086.npy,true,192,true,false,false,1.00000000,true,2388.009,true,true,
2428,v2_test_enrolled_spk_0002,COSINE_TEST,cosine_test_query,ENROLLED,data/embeddings/v2/cosine_test/cosine_test_query/2428.npy,true,192,true,false,false,1.00000000,true,2209.438,true,true,
4693,v2_test_enrolled_spk_0002,COSINE_TEST,cosine_test_query,ENROLLED,data/embeddings/v2/cosine_test/cosine_test_query/4693.npy,true,192,true,false,false,1.00000000,true,1677.129,true,true,
6131,v2_test_enrolled_spk_0002,COSINE_TEST,cosine_test_query,ENROLLED,data/embeddings/v2/cosine_test/cosine_test_query/6131.npy,true,192,true,false,false,0.99999994,true,2281.681,true,true,
16393,v2_test_enrolled_spk_0002,COSINE_TEST,cosine_test_query,ENROLLED,data/embeddings/v2/cosine_test/cosine_test_query/16393.npy,true,192,true,false,false,1.00000000,true,2565.250,true,true,
7530,v2_test_enrolled_spk_0002,COSINE_TEST,cosine_test_query,ENROLLED,data/embeddings/v2/cosine_test/cosine_test_query/7530.npy,true,192,true,false,false,1.00000000,true,2665.338,true,true,
58,v2_test_enrolled_spk_0002,COSINE_TEST,cosine_test_query,ENROLLED,data/embeddings/v2/cosine_test/cosine_test_query/58.npy,true,192,true,false,false,1.00000000,true,1656.547,true,true,
10458,v2_test_enrolled_spk_0002,COSINE_TEST,cosine_test_query,ENROLLED,data/embeddings/v2/cosine_test/cosine_test_query/10458.npy,true,192,true,false,false,1.00000000,true,752.680,true,true,
8059,v2_test_enrolled_spk_0002,COSINE_TEST,cosine_test_query,ENROLLED,data/embeddings/v2/cosine_test/cosine_test_query/8059.npy,true,192,true,false,false,1.00000000,true,1932.732,true,true,
17048,v2_test_enrolled_spk_0002,COSINE_TEST,cosine_test_query,ENROLLED,data/embeddings/v2/cosine_test/cosine_test_query/17048.npy,true,192,true,false,false,1.00000000,true,2010.494,true,true,
4191,v2_test_enrolled_spk_0002,COSINE_TEST,cosine_test_query,ENROLLED,data/embeddings/v2/cosine_test/cosine_test_query/4191.npy,true,192,true,false,false,0.99999988,true,1663.941,true,true,
697,v2_test_enrolled_spk_0002,COSINE_TEST,cosine_test_query,ENROLLED,data/embeddings/v2/cosine_test/cosine_test_query/697.npy,true,192,true,false,false,1.00000000,true,2783.160,true,true,
541,v2_test_enrolled_spk_0002,COSINE_TEST,cosine_test_query,ENROLLED,data/embeddings/v2/cosine_test/cosine_test_query/541.npy,true,192,true,false,false,0.99999994,true,1257.556,true,true,
15180,v2_test_enrolled_spk_0002,COSINE_TEST,cosine_test_query,ENROLLED,data/embeddings/v2/cosine_test/cosine_test_query/15180.npy,true,192,true,false,false,0.99999994,true,1468.257,true,true,
16525,v2_test_enrolled_spk_0002,COSINE_TEST,cosine_test_query,ENROLLED,data/embeddings/v2/cosine_test/cosine_test_query/16525.npy,true,192,true,false,false,1.00000000,true,2202.855,true,true,
4387,v2_test_enrolled_spk_0002,COSINE_TEST,cosine_test_query,ENROLLED,data/embeddings/v2/cosine_test/cosine_test_query/4387.npy,true,192,true,false,false,0.99999994,true,1307.257,true,true,
4796,v2_test_enrolled_spk_0002,COSINE_TEST,cosine_test_query,ENROLLED,data/embeddings/v2/cosine_test/cosine_test_query/4796.npy,true,192,true,false,false,1.00000000,true,556.969,true,true,
4339,v2_test_enrolled_spk_0002,COSINE_TEST,cosine_test_query,ENROLLED,data/embeddings/v2/cosine_test/cosine_test_query/4339.npy,true,192,true,false,false,1.00000000,true,843.548,true,true,
7877,v2_test_enrolled_spk_0002,COSINE_TEST,cosine_test_query,ENROLLED,data/embeddings/v2/cosine_test/cosine_test_query/7877.npy,true,192,true,false,false,0.99999994,true,1442.326,true,true,
9211,v2_test_enrolled_spk_0002,COSINE_TEST,cosine_test_query,ENROLLED,data/embeddings/v2/cosine_test/cosine_test_query/9211.npy,true,192,true,false,false,1.00000000,true,1379.118,true,true,
532,v2_test_enrolled_spk_0002,COSINE_TEST,cosine_test_query,ENROLLED,data/embeddings/v2/cosine_test/cosine_test_query/532.npy,true,192,true,false,false,1.00000000,true,1392.507,true,true,
7239,v2_test_enrolled_spk_0002,COSINE_TEST,cosine_test_query,ENROLLED,data/embeddings/v2/cosine_test/cosine_test_query/7239.npy,true,192,true,false,false,1.00000000,true,1576.416,true,true,
9872,v2_test_enrolled_spk_0002,COSINE_TEST,cosine_test_query,ENROLLED,data/embeddings/v2/cosine_test/cosine_test_query/9872.npy,true,192,true,false,false,1.00000000,true,2001.536,true,true,
5249,v2_test_enrolled_spk_0002,COSINE_TEST,cosine_test_query,ENROLLED,data/embeddings/v2/cosine_test/cosine_test_query/5249.npy,true,192,true,false,false,1.00000000,true,3126.346,true,true,
2562,v2_test_enrolled_spk_0003,COSINE_TEST,cosine_test_query,ENROLLED,data/embeddings/v2/cosine_test/cosine_test_query/2562.npy,true,192,true,false,false,0.99999994,true,2085.521,true,true,
2835,v2_test_enrolled_spk_0003,COSINE_TEST,cosine_test_query,ENROLLED,data/embeddings/v2/cosine_test/cosine_test_query/2835.npy,true,192,true,false,false,1.00000000,true,1476.236,true,true,
4033,v2_test_enrolled_spk_0003,COSINE_TEST,cosine_test_query,ENROLLED,data/embeddings/v2/cosine_test/cosine_test_query/4033.npy,true,192,true,false,false,0.99999994,true,2511.151,true,true,
6607,v2_test_enrolled_spk_0003,COSINE_TEST,cosine_test_query,ENROLLED,data/embeddings/v2/cosine_test/cosine_test_query/6607.npy,true,192,true,false,false,1.00000000,true,3320.382,true,true,
3941,v2_test_enrolled_spk_0003,COSINE_TEST,cosine_test_query,ENROLLED,data/embeddings/v2/cosine_test/cosine_test_query/3941.npy,true,192,true,false,false,1.00000000,true,1893.683,true,true,
7174,v2_test_enrolled_spk_0003,COSINE_TEST,cosine_test_query,ENROLLED,data/embeddings/v2/cosine_test/cosine_test_query/7174.npy,true,192,true,false,false,1.00000000,true,2778.063,true,true,
14301,v2_test_enrolled_spk_0003,COSINE_TEST,cosine_test_query,ENROLLED,data/embeddings/v2/cosine_test/cosine_test_query/14301.npy,true,192,true,false,false,0.99999994,true,1809.871,true,true,
1201,v2_test_enrolled_spk_0003,COSINE_TEST,cosine_test_query,ENROLLED,data/embeddings/v2/cosine_test/cosine_test_query/1201.npy,true,192,true,false,false,1.00000000,true,2632.628,true,true,
109,v2_test_enrolled_spk_0003,COSINE_TEST,cosine_test_query,ENROLLED,data/embeddings/v2/cosine_test/cosine_test_query/109.npy,true,192,true,false,false,0.99999994,true,2480.018,true,true,
9442,v2_test_enrolled_spk_0003,COSINE_TEST,cosine_test_query,ENROLLED,data/embeddings/v2/cosine_test/cosine_test_query/9442.npy,true,192,true,false,false,0.99999994,true,3333.538,true,true,
6493,v2_test_enrolled_spk_0003,COSINE_TEST,cosine_test_query,ENROLLED,data/embeddings/v2/cosine_test/cosine_test_query/6493.npy,true,192,true,false,false,0.99999988,true,773.397,true,true,
13522,v2_test_enrolled_spk_0003,COSINE_TEST,cosine_test_query,ENROLLED,data/embeddings/v2/cosine_test/cosine_test_query/13522.npy,true,192,true,false,false,1.00000000,true,1561.005,true,true,
925,v2_test_enrolled_spk_0003,COSINE_TEST,cosine_test_query,ENROLLED,data/embeddings/v2/cosine_test/cosine_test_query/925.npy,true,192,true,false,false,1.00000000,true,1803.053,true,true,
6317,v2_test_enrolled_spk_0003,COSINE_TEST,cosine_test_query,ENROLLED,data/embeddings/v2/cosine_test/cosine_test_query/6317.npy,true,192,true,false,false,1.00000000,true,2322.239,true,true,
15531,v2_test_enrolled_spk_0003,COSINE_TEST,cosine_test_query,ENROLLED,data/embeddings/v2/cosine_test/cosine_test_query/15531.npy,true,192,true,false,false,1.00000000,true,2342.414,true,true,
5743,v2_test_enrolled_spk_0003,COSINE_TEST,cosine_test_query,ENROLLED,data/embeddings/v2/cosine_test/cosine_test_query/5743.npy,true,192,true,false,false,1.00000000,true,1837.661,true,true,
9051,v2_test_enrolled_spk_0003,COSINE_TEST,cosine_test_query,ENROLLED,data/embeddings/v2/cosine_test/cosine_test_query/9051.npy,true,192,true,false,false,0.99999994,true,2076.079,true,true,
6499,v2_test_enrolled_spk_0003,COSINE_TEST,cosine_test_query,ENROLLED,data/embeddings/v2/cosine_test/cosine_test_query/6499.npy,true,192,true,false,false,1.00000000,true,1338.181,true,true,
1259,v2_test_enrolled_spk_0003,COSINE_TEST,cosine_test_query,ENROLLED,data/embeddings/v2/cosine_test/cosine_test_query/1259.npy,true,192,true,false,false,0.99999988,true,2752.775,true,true,
16305,v2_test_enrolled_spk_0003,COSINE_TEST,cosine_test_query,ENROLLED,data/embeddings/v2/cosine_test/cosine_test_query/16305.npy,true,192,true,false,false,1.00000000,true,1780.012,true,true,
14677,v2_test_enrolled_spk_0003,COSINE_TEST,cosine_test_query,ENROLLED,data/embeddings/v2/cosine_test/cosine_test_query/14677.npy,true,192,true,false,false,0.99999994,true,2781.402,true,true,
12627,v2_test_enrolled_spk_0003,COSINE_TEST,cosine_test_query,ENROLLED,data/embeddings/v2/cosine_test/cosine_test_query/12627.npy,true,192,true,false,false,1.00000000,true,2126.171,true,true,
6883,v2_test_enrolled_spk_0003,COSINE_TEST,cosine_test_query,ENROLLED,data/embeddings/v2/cosine_test/cosine_test_query/6883.npy,true,192,true,false,false,0.99999994,true,1526.071,true,true,
13502,v2_test_enrolled_spk_0003,COSINE_TEST,cosine_test_query,ENROLLED,data/embeddings/v2/cosine_test/cosine_test_query/13502.npy,true,192,true,false,false,1.00000000,true,2215.966,true,true,
1771,v2_test_enrolled_spk_0003,COSINE_TEST,cosine_test_query,ENROLLED,data/embeddings/v2/cosine_test/cosine_test_query/1771.npy,true,192,true,false,false,0.99999994,true,1361.373,true,true,
9521,v2_test_enrolled_spk_0004,COSINE_TEST,cosine_test_query,ENROLLED,data/embeddings/v2/cosine_test/cosine_test_query/9521.npy,true,192,true,false,false,0.99999994,true,2379.560,true,true,
707,v2_test_enrolled_spk_0004,COSINE_TEST,cosine_test_query,ENROLLED,data/embeddings/v2/cosine_test/cosine_test_query/707.npy,true,192,true,false,false,1.00000000,true,2149.064,true,true,
10697,v2_test_enrolled_spk_0004,COSINE_TEST,cosine_test_query,ENROLLED,data/embeddings/v2/cosine_test/cosine_test_query/10697.npy,true,192,true,false,false,1.00000000,true,1664.786,true,true,
7782,v2_test_enrolled_spk_0004,COSINE_TEST,cosine_test_query,ENROLLED,data/embeddings/v2/cosine_test/cosine_test_query/7782.npy,true,192,true,false,false,1.00000000,true,1529.169,true,true,
7665,v2_test_enrolled_spk_0004,COSINE_TEST,cosine_test_query,ENROLLED,data/embeddings/v2/cosine_test/cosine_test_query/7665.npy,true,192,true,false,false,1.00000000,true,2511.377,true,true,
14173,v2_test_enrolled_spk_0004,COSINE_TEST,cosine_test_query,ENROLLED,data/embeddings/v2/cosine_test/cosine_test_query/14173.npy,true,192,true,false,false,0.99999994,true,2152.363,true,true,
14861,v2_test_enrolled_spk_0004,COSINE_TEST,cosine_test_query,ENROLLED,data/embeddings/v2/cosine_test/cosine_test_query/14861.npy,true,192,true,false,false,1.00000000,true,2502.465,true,true,
13230,v2_test_enrolled_spk_0004,COSINE_TEST,cosine_test_query,ENROLLED,data/embeddings/v2/cosine_test/cosine_test_query/13230.npy,true,192,true,false,false,1.00000000,true,1123.416,true,true,
15057,v2_test_enrolled_spk_0004,COSINE_TEST,cosine_test_query,ENROLLED,data/embeddings/v2/cosine_test/cosine_test_query/15057.npy,true,192,true,false,false,1.00000000,true,1202.603,true,true,
3803,v2_test_enrolled_spk_0004,COSINE_TEST,cosine_test_query,ENROLLED,data/embeddings/v2/cosine_test/cosine_test_query/3803.npy,true,192,true,false,false,1.00000000,true,1162.799,true,true,
10295,v2_test_enrolled_spk_0004,COSINE_TEST,cosine_test_query,ENROLLED,data/embeddings/v2/cosine_test/cosine_test_query/10295.npy,true,192,true,false,false,0.99999994,true,2078.925,true,true,
3880,v2_test_enrolled_spk_0004,COSINE_TEST,cosine_test_query,ENROLLED,data/embeddings/v2/cosine_test/cosine_test_query/3880.npy,true,192,true,false,false,1.00000000,true,2792.041,true,true,
8626,v2_test_enrolled_spk_0004,COSINE_TEST,cosine_test_query,ENROLLED,data/embeddings/v2/cosine_test/cosine_test_query/8626.npy,true,192,true,false,false,1.00000000,true,1994.118,true,true,
10965,v2_test_enrolled_spk_0004,COSINE_TEST,cosine_test_query,ENROLLED,data/embeddings/v2/cosine_test/cosine_test_query/10965.npy,true,192,true,false,false,0.99999994,true,2079.539,true,true,
6120,v2_test_enrolled_spk_0004,COSINE_TEST,cosine_test_query,ENROLLED,data/embeddings/v2/cosine_test/cosine_test_query/6120.npy,true,192,true,false,false,0.99999994,true,2919.609,true,true,
14263,v2_test_enrolled_spk_0004,COSINE_TEST,cosine_test_query,ENROLLED,data/embeddings/v2/cosine_test/cosine_test_query/14263.npy,true,192,true,false,false,0.99999994,true,1774.686,true,true,
16611,v2_test_enrolled_spk_0004,COSINE_TEST,cosine_test_query,ENROLLED,data/embeddings/v2/cosine_test/cosine_test_query/16611.npy,true,192,true,false,false,1.00000000,true,1195.148,true,true,
6164,v2_test_enrolled_spk_0004,COSINE_TEST,cosine_test_query,ENROLLED,data/embeddings/v2/cosine_test/cosine_test_query/6164.npy,true,192,true,false,false,1.00000000,true,1720.021,true,true,
8953,v2_test_enrolled_spk_0004,COSINE_TEST,cosine_test_query,ENROLLED,data/embeddings/v2/cosine_test/cosine_test_query/8953.npy,true,192,true,false,false,1.00000000,true,2656.581,true,true,
3804,v2_test_enrolled_spk_0004,COSINE_TEST,cosine_test_query,ENROLLED,data/embeddings/v2/cosine_test/cosine_test_query/3804.npy,true,192,true,false,false,1.00000000,true,1352.808,true,true,
13387,v2_test_enrolled_spk_0004,COSINE_TEST,cosine_test_query,ENROLLED,data/embeddings/v2/cosine_test/cosine_test_query/13387.npy,true,192,true,false,false,1.00000000,true,2387.450,true,true,
3704,v2_test_enrolled_spk_0004,COSINE_TEST,cosine_test_query,ENROLLED,data/embeddings/v2/cosine_test/cosine_test_query/3704.npy,true,192,true,false,false,1.00000000,true,3116.547,true,true,
1599,v2_test_enrolled_spk_0004,COSINE_TEST,cosine_test_query,ENROLLED,data/embeddings/v2/cosine_test/cosine_test_query/1599.npy,true,192,true,false,false,0.99999994,true,1216.766,true,true,
12729,v2_test_enrolled_spk_0004,COSINE_TEST,cosine_test_query,ENROLLED,data/embeddings/v2/cosine_test/cosine_test_query/12729.npy,true,192,true,false,false,1.00000000,true,1078.239,true,true,
1902,v2_test_enrolled_spk_0004,COSINE_TEST,cosine_test_query,ENROLLED,data/embeddings/v2/cosine_test/cosine_test_query/1902.npy,true,192,true,false,false,1.00000000,true,3213.923,true,true,
4558,v2_test_enrolled_spk_0005,COSINE_TEST,cosine_test_query,ENROLLED,data/embeddings/v2/cosine_test/cosine_test_query/4558.npy,true,192,true,false,false,1.00000000,true,856.350,true,true,
12232,v2_test_enrolled_spk_0005,COSINE_TEST,cosine_test_query,ENROLLED,data/embeddings/v2/cosine_test/cosine_test_query/12232.npy,true,192,true,false,false,1.00000000,true,1169.565,true,true,
4545,v2_test_enrolled_spk_0005,COSINE_TEST,cosine_test_query,ENROLLED,data/embeddings/v2/cosine_test/cosine_test_query/4545.npy,true,192,true,false,false,1.00000000,true,3607.322,true,true,
2118,v2_test_enrolled_spk_0005,COSINE_TEST,cosine_test_query,ENROLLED,data/embeddings/v2/cosine_test/cosine_test_query/2118.npy,true,192,true,false,false,1.00000000,true,648.724,true,true,
12712,v2_test_enrolled_spk_0005,COSINE_TEST,cosine_test_query,ENROLLED,data/embeddings/v2/cosine_test/cosine_test_query/12712.npy,true,192,true,false,false,1.00000000,true,1070.019,true,true,
15064,v2_test_enrolled_spk_0005,COSINE_TEST,cosine_test_query,ENROLLED,data/embeddings/v2/cosine_test/cosine_test_query/15064.npy,true,192,true,false,false,1.00000000,true,1524.304,true,true,
12345,v2_test_enrolled_spk_0005,COSINE_TEST,cosine_test_query,ENROLLED,data/embeddings/v2/cosine_test/cosine_test_query/12345.npy,true,192,true,false,false,1.00000000,true,1265.006,true,true,
11666,v2_test_enrolled_spk_0005,COSINE_TEST,cosine_test_query,ENROLLED,data/embeddings/v2/cosine_test/cosine_test_query/11666.npy,true,192,true,false,false,1.00000000,true,3177.858,true,true,
11281,v2_test_enrolled_spk_0005,COSINE_TEST,cosine_test_query,ENROLLED,data/embeddings/v2/cosine_test/cosine_test_query/11281.npy,true,192,true,false,false,1.00000000,true,1250.607,true,true,
10797,v2_test_enrolled_spk_0005,COSINE_TEST,cosine_test_query,ENROLLED,data/embeddings/v2/cosine_test/cosine_test_query/10797.npy,true,192,true,false,false,0.99999994,true,1714.815,true,true,
1196,v2_test_enrolled_spk_0005,COSINE_TEST,cosine_test_query,ENROLLED,data/embeddings/v2/cosine_test/cosine_test_query/1196.npy,true,192,true,false,false,1.00000000,true,3779.904,true,true,
15100,v2_test_enrolled_spk_0005,COSINE_TEST,cosine_test_query,ENROLLED,data/embeddings/v2/cosine_test/cosine_test_query/15100.npy,true,192,true,false,false,1.00000000,true,1715.390,true,true,
1953,v2_test_enrolled_spk_0005,COSINE_TEST,cosine_test_query,ENROLLED,data/embeddings/v2/cosine_test/cosine_test_query/1953.npy,true,192,true,false,false,1.00000000,true,1903.073,true,true,
9067,v2_test_enrolled_spk_0005,COSINE_TEST,cosine_test_query,ENROLLED,data/embeddings/v2/cosine_test/cosine_test_query/9067.npy,true,192,true,false,false,1.00000000,true,1527.179,true,true,
7945,v2_test_enrolled_spk_0005,COSINE_TEST,cosine_test_query,ENROLLED,data/embeddings/v2/cosine_test/cosine_test_query/7945.npy,true,192,true,false,false,1.00000000,true,2338.516,true,true,
14950,v2_test_enrolled_spk_0005,COSINE_TEST,cosine_test_query,ENROLLED,data/embeddings/v2/cosine_test/cosine_test_query/14950.npy,true,192,true,false,false,0.99999994,true,3820.751,true,true,
14073,v2_test_enrolled_spk_0005,COSINE_TEST,cosine_test_query,ENROLLED,data/embeddings/v2/cosine_test/cosine_test_query/14073.npy,true,192,true,false,false,0.99999994,true,1402.750,true,true,
9459,v2_test_enrolled_spk_0005,COSINE_TEST,cosine_test_query,ENROLLED,data/embeddings/v2/cosine_test/cosine_test_query/9459.npy,true,192,true,false,false,1.00000000,true,5258.963,true,true,
107,v2_test_enrolled_spk_0005,COSINE_TEST,cosine_test_query,ENROLLED,data/embeddings/v2/cosine_test/cosine_test_query/107.npy,true,192,true,false,false,1.00000000,true,3533.923,true,true,
15514,v2_test_enrolled_spk_0005,COSINE_TEST,cosine_test_query,ENROLLED,data/embeddings/v2/cosine_test/cosine_test_query/15514.npy,true,192,true,false,false,1.00000000,true,3420.958,true,true,
16330,v2_test_enrolled_spk_0005,COSINE_TEST,cosine_test_query,ENROLLED,data/embeddings/v2/cosine_test/cosine_test_query/16330.npy,true,192,true,false,false,1.00000000,true,1532.842,true,true,
1566,v2_test_enrolled_spk_0005,COSINE_TEST,cosine_test_query,ENROLLED,data/embeddings/v2/cosine_test/cosine_test_query/1566.npy,true,192,true,false,false,1.00000000,true,5601.131,true,true,
10267,v2_test_enrolled_spk_0005,COSINE_TEST,cosine_test_query,ENROLLED,data/embeddings/v2/cosine_test/cosine_test_query/10267.npy,true,192,true,false,false,0.99999994,true,3870.207,true,true,
776,v2_test_enrolled_spk_0005,COSINE_TEST,cosine_test_query,ENROLLED,data/embeddings/v2/cosine_test/cosine_test_query/776.npy,true,192,true,false,false,1.00000000,true,5071.862,true,true,
14479,v2_test_enrolled_spk_0005,COSINE_TEST,cosine_test_query,ENROLLED,data/embeddings/v2/cosine_test/cosine_test_query/14479.npy,true,192,true,false,false,1.00000000,true,4054.681,true,true,
2672,v2_test_enrolled_spk_0006,COSINE_TEST,cosine_test_query,ENROLLED,data/embeddings/v2/cosine_test/cosine_test_query/2672.npy,true,192,true,false,false,1.00000000,true,5101.860,true,true,
16850,v2_test_enrolled_spk_0006,COSINE_TEST,cosine_test_query,ENROLLED,data/embeddings/v2/cosine_test/cosine_test_query/16850.npy,true,192,true,false,false,1.00000000,true,1357.396,true,true,
12974,v2_test_enrolled_spk_0006,COSINE_TEST,cosine_test_query,ENROLLED,data/embeddings/v2/cosine_test/cosine_test_query/12974.npy,true,192,true,false,false,1.00000000,true,3212.928,true,true,
4911,v2_test_enrolled_spk_0006,COSINE_TEST,cosine_test_query,ENROLLED,data/embeddings/v2/cosine_test/cosine_test_query/4911.npy,true,192,true,false,false,1.00000000,true,1110.589,true,true,
6389,v2_test_enrolled_spk_0006,COSINE_TEST,cosine_test_query,ENROLLED,data/embeddings/v2/cosine_test/cosine_test_query/6389.npy,true,192,true,false,false,0.99999994,true,4979.189,true,true,
12045,v2_test_enrolled_spk_0006,COSINE_TEST,cosine_test_query,ENROLLED,data/embeddings/v2/cosine_test/cosine_test_query/12045.npy,true,192,true,false,false,0.99999994,true,3072.767,true,true,
11181,v2_test_enrolled_spk_0006,COSINE_TEST,cosine_test_query,ENROLLED,data/embeddings/v2/cosine_test/cosine_test_query/11181.npy,true,192,true,false,false,1.00000000,true,2748.713,true,true,
13647,v2_test_enrolled_spk_0006,COSINE_TEST,cosine_test_query,ENROLLED,data/embeddings/v2/cosine_test/cosine_test_query/13647.npy,true,192,true,false,false,1.00000000,true,3907.074,true,true,
10520,v2_test_enrolled_spk_0006,COSINE_TEST,cosine_test_query,ENROLLED,data/embeddings/v2/cosine_test/cosine_test_query/10520.npy,true,192,true,false,false,1.00000000,true,1338.018,true,true,
6364,v2_test_enrolled_spk_0006,COSINE_TEST,cosine_test_query,ENROLLED,data/embeddings/v2/cosine_test/cosine_test_query/6364.npy,true,192,true,false,false,0.99999994,true,2571.213,true,true,
1446,v2_test_enrolled_spk_0006,COSINE_TEST,cosine_test_query,ENROLLED,data/embeddings/v2/cosine_test/cosine_test_query/1446.npy,true,192,true,false,false,1.00000000,true,5311.967,true,true,
7381,v2_test_enrolled_spk_0006,COSINE_TEST,cosine_test_query,ENROLLED,data/embeddings/v2/cosine_test/cosine_test_query/7381.npy,true,192,true,false,false,1.00000000,true,3840.678,true,true,
6052,v2_test_enrolled_spk_0006,COSINE_TEST,cosine_test_query,ENROLLED,data/embeddings/v2/cosine_test/cosine_test_query/6052.npy,true,192,true,false,false,1.00000000,true,2020.623,true,true,
3200,v2_test_enrolled_spk_0006,COSINE_TEST,cosine_test_query,ENROLLED,data/embeddings/v2/cosine_test/cosine_test_query/3200.npy,true,192,true,false,false,1.00000000,true,3755.542,true,true,
11745,v2_test_enrolled_spk_0006,COSINE_TEST,cosine_test_query,ENROLLED,data/embeddings/v2/cosine_test/cosine_test_query/11745.npy,true,192,true,false,false,0.99999994,true,2272.514,true,true,
16078,v2_test_enrolled_spk_0006,COSINE_TEST,cosine_test_query,ENROLLED,data/embeddings/v2/cosine_test/cosine_test_query/16078.npy,true,192,true,false,false,0.99999994,true,2803.684,true,true,
10361,v2_test_enrolled_spk_0006,COSINE_TEST,cosine_test_query,ENROLLED,data/embeddings/v2/cosine_test/cosine_test_query/10361.npy,true,192,true,false,false,1.00000000,true,2639.067,true,true,
9863,v2_test_enrolled_spk_0006,COSINE_TEST,cosine_test_query,ENROLLED,data/embeddings/v2/cosine_test/cosine_test_query/9863.npy,true,192,true,false,false,0.99999994,true,2588.925,true,true,
12885,v2_test_enrolled_spk_0006,COSINE_TEST,cosine_test_query,ENROLLED,data/embeddings/v2/cosine_test/cosine_test_query/12885.npy,true,192,true,false,false,1.00000000,true,1613.989,true,true,
5867,v2_test_enrolled_spk_0006,COSINE_TEST,cosine_test_query,ENROLLED,data/embeddings/v2/cosine_test/cosine_test_query/5867.npy,true,192,true,false,false,0.99999994,true,2680.758,true,true,
4278,v2_test_enrolled_spk_0006,COSINE_TEST,cosine_test_query,ENROLLED,data/embeddings/v2/cosine_test/cosine_test_query/4278.npy,true,192,true,false,false,0.99999994,true,2223.010,true,true,
5516,v2_test_enrolled_spk_0006,COSINE_TEST,cosine_test_query,ENROLLED,data/embeddings/v2/cosine_test/cosine_test_query/5516.npy,true,192,true,false,false,0.99999994,true,2738.046,true,true,
13842,v2_test_enrolled_spk_0006,COSINE_TEST,cosine_test_query,ENROLLED,data/embeddings/v2/cosine_test/cosine_test_query/13842.npy,true,192,true,false,false,1.00000000,true,2611.530,true,true,
7034,v2_test_enrolled_spk_0006,COSINE_TEST,cosine_test_query,ENROLLED,data/embeddings/v2/cosine_test/cosine_test_query/7034.npy,true,192,true,false,false,0.99999994,true,1584.589,true,true,
11716,v2_test_enrolled_spk_0006,COSINE_TEST,cosine_test_query,ENROLLED,data/embeddings/v2/cosine_test/cosine_test_query/11716.npy,true,192,true,false,false,1.00000000,true,3732.805,true,true,
11463,v2_test_enrolled_spk_0007,COSINE_TEST,cosine_test_query,ENROLLED,data/embeddings/v2/cosine_test/cosine_test_query/11463.npy,true,192,true,false,false,0.99999994,true,1416.706,true,true,
4046,v2_test_enrolled_spk_0007,COSINE_TEST,cosine_test_query,ENROLLED,data/embeddings/v2/cosine_test/cosine_test_query/4046.npy,true,192,true,false,false,1.00000000,true,1747.207,true,true,
2149,v2_test_enrolled_spk_0007,COSINE_TEST,cosine_test_query,ENROLLED,data/embeddings/v2/cosine_test/cosine_test_query/2149.npy,true,192,true,false,false,1.00000000,true,1690.853,true,true,
11743,v2_test_enrolled_spk_0007,COSINE_TEST,cosine_test_query,ENROLLED,data/embeddings/v2/cosine_test/cosine_test_query/11743.npy,true,192,true,false,false,1.00000000,true,3234.272,true,true,
4127,v2_test_enrolled_spk_0007,COSINE_TEST,cosine_test_query,ENROLLED,data/embeddings/v2/cosine_test/cosine_test_query/4127.npy,true,192,true,false,false,1.00000000,true,1181.810,true,true,
11004,v2_test_enrolled_spk_0007,COSINE_TEST,cosine_test_query,ENROLLED,data/embeddings/v2/cosine_test/cosine_test_query/11004.npy,true,192,true,false,false,1.00000000,true,2258.676,true,true,
1085,v2_test_enrolled_spk_0007,COSINE_TEST,cosine_test_query,ENROLLED,data/embeddings/v2/cosine_test/cosine_test_query/1085.npy,true,192,true,false,false,1.00000000,true,1239.579,true,true,
2144,v2_test_enrolled_spk_0007,COSINE_TEST,cosine_test_query,ENROLLED,data/embeddings/v2/cosine_test/cosine_test_query/2144.npy,true,192,true,false,false,0.99999994,true,1840.803,true,true,
3377,v2_test_enrolled_spk_0007,COSINE_TEST,cosine_test_query,ENROLLED,data/embeddings/v2/cosine_test/cosine_test_query/3377.npy,true,192,true,false,false,1.00000000,true,1558.014,true,true,
7007,v2_test_enrolled_spk_0007,COSINE_TEST,cosine_test_query,ENROLLED,data/embeddings/v2/cosine_test/cosine_test_query/7007.npy,true,192,true,false,false,1.00000000,true,2024.440,true,true,
6240,v2_test_enrolled_spk_0007,COSINE_TEST,cosine_test_query,ENROLLED,data/embeddings/v2/cosine_test/cosine_test_query/6240.npy,true,192,true,false,false,1.00000000,true,2112.053,true,true,
3713,v2_test_enrolled_spk_0007,COSINE_TEST,cosine_test_query,ENROLLED,data/embeddings/v2/cosine_test/cosine_test_query/3713.npy,true,192,true,false,false,1.00000000,true,1951.776,true,true,
14654,v2_test_enrolled_spk_0007,COSINE_TEST,cosine_test_query,ENROLLED,data/embeddings/v2/cosine_test/cosine_test_query/14654.npy,true,192,true,false,false,1.00000000,true,3023.588,true,true,
12022,v2_test_enrolled_spk_0007,COSINE_TEST,cosine_test_query,ENROLLED,data/embeddings/v2/cosine_test/cosine_test_query/12022.npy,true,192,true,false,false,0.99999988,true,1403.784,true,true,
10830,v2_test_enrolled_spk_0007,COSINE_TEST,cosine_test_query,ENROLLED,data/embeddings/v2/cosine_test/cosine_test_query/10830.npy,true,192,true,false,false,0.99999994,true,2063.516,true,true,
167,v2_test_enrolled_spk_0007,COSINE_TEST,cosine_test_query,ENROLLED,data/embeddings/v2/cosine_test/cosine_test_query/167.npy,true,192,true,false,false,1.00000000,true,1015.118,true,true,
13465,v2_test_enrolled_spk_0007,COSINE_TEST,cosine_test_query,ENROLLED,data/embeddings/v2/cosine_test/cosine_test_query/13465.npy,true,192,true,false,false,0.99999994,true,2050.494,true,true,
5824,v2_test_enrolled_spk_0007,COSINE_TEST,cosine_test_query,ENROLLED,data/embeddings/v2/cosine_test/cosine_test_query/5824.npy,true,192,true,false,false,1.00000000,true,3282.980,true,true,
13588,v2_test_enrolled_spk_0007,COSINE_TEST,cosine_test_query,ENROLLED,data/embeddings/v2/cosine_test/cosine_test_query/13588.npy,true,192,true,false,false,0.99999994,true,1117.015,true,true,
4114,v2_test_enrolled_spk_0007,COSINE_TEST,cosine_test_query,ENROLLED,data/embeddings/v2/cosine_test/cosine_test_query/4114.npy,true,192,true,false,false,0.99999994,true,4501.458,true,true,
4228,v2_test_enrolled_spk_0007,COSINE_TEST,cosine_test_query,ENROLLED,data/embeddings/v2/cosine_test/cosine_test_query/4228.npy,true,192,true,false,false,1.00000000,true,1610.750,true,true,
12625,v2_test_enrolled_spk_0007,COSINE_TEST,cosine_test_query,ENROLLED,data/embeddings/v2/cosine_test/cosine_test_query/12625.npy,true,192,true,false,false,0.99999994,true,3286.011,true,true,
14731,v2_test_enrolled_spk_0007,COSINE_TEST,cosine_test_query,ENROLLED,data/embeddings/v2/cosine_test/cosine_test_query/14731.npy,true,192,true,false,false,1.00000000,true,538.318,true,true,
13682,v2_test_enrolled_spk_0007,COSINE_TEST,cosine_test_query,ENROLLED,data/embeddings/v2/cosine_test/cosine_test_query/13682.npy,true,192,true,false,false,1.00000000,true,1086.796,true,true,
16386,v2_test_enrolled_spk_0007,COSINE_TEST,cosine_test_query,ENROLLED,data/embeddings/v2/cosine_test/cosine_test_query/16386.npy,true,192,true,false,false,1.00000000,true,2259.651,true,true,
15258,v2_test_enrolled_spk_0008,COSINE_TEST,cosine_test_query,ENROLLED,data/embeddings/v2/cosine_test/cosine_test_query/15258.npy,true,192,true,false,false,1.00000000,true,3102.643,true,true,
8896,v2_test_enrolled_spk_0008,COSINE_TEST,cosine_test_query,ENROLLED,data/embeddings/v2/cosine_test/cosine_test_query/8896.npy,true,192,true,false,false,1.00000000,true,2219.123,true,true,
13355,v2_test_enrolled_spk_0008,COSINE_TEST,cosine_test_query,ENROLLED,data/embeddings/v2/cosine_test/cosine_test_query/13355.npy,true,192,true,false,false,1.00000000,true,2996.709,true,true,
7947,v2_test_enrolled_spk_0008,COSINE_TEST,cosine_test_query,ENROLLED,data/embeddings/v2/cosine_test/cosine_test_query/7947.npy,true,192,true,false,false,1.00000012,true,3669.821,true,true,
1615,v2_test_enrolled_spk_0008,COSINE_TEST,cosine_test_query,ENROLLED,data/embeddings/v2/cosine_test/cosine_test_query/1615.npy,true,192,true,false,false,0.99999994,true,3777.655,true,true,
8068,v2_test_enrolled_spk_0008,COSINE_TEST,cosine_test_query,ENROLLED,data/embeddings/v2/cosine_test/cosine_test_query/8068.npy,true,192,true,false,false,0.99999994,true,5040.520,true,true,
4687,v2_test_enrolled_spk_0008,COSINE_TEST,cosine_test_query,ENROLLED,data/embeddings/v2/cosine_test/cosine_test_query/4687.npy,true,192,true,false,false,1.00000000,true,2903.145,true,true,
4745,v2_test_enrolled_spk_0008,COSINE_TEST,cosine_test_query,ENROLLED,data/embeddings/v2/cosine_test/cosine_test_query/4745.npy,true,192,true,false,false,1.00000000,true,2903.854,true,true,
1179,v2_test_enrolled_spk_0008,COSINE_TEST,cosine_test_query,ENROLLED,data/embeddings/v2/cosine_test/cosine_test_query/1179.npy,true,192,true,false,false,1.00000000,true,3562.805,true,true,
6183,v2_test_enrolled_spk_0008,COSINE_TEST,cosine_test_query,ENROLLED,data/embeddings/v2/cosine_test/cosine_test_query/6183.npy,true,192,true,false,false,1.00000000,true,3265.088,true,true,
5232,v2_test_enrolled_spk_0008,COSINE_TEST,cosine_test_query,ENROLLED,data/embeddings/v2/cosine_test/cosine_test_query/5232.npy,true,192,true,false,false,1.00000000,true,3435.282,true,true,
1023,v2_test_enrolled_spk_0008,COSINE_TEST,cosine_test_query,ENROLLED,data/embeddings/v2/cosine_test/cosine_test_query/1023.npy,true,192,true,false,false,1.00000000,true,2342.476,true,true,
5735,v2_test_enrolled_spk_0008,COSINE_TEST,cosine_test_query,ENROLLED,data/embeddings/v2/cosine_test/cosine_test_query/5735.npy,true,192,true,false,false,1.00000000,true,1800.730,true,true,
13100,v2_test_enrolled_spk_0008,COSINE_TEST,cosine_test_query,ENROLLED,data/embeddings/v2/cosine_test/cosine_test_query/13100.npy,true,192,true,false,false,0.99999994,true,1090.904,true,true,
3551,v2_test_enrolled_spk_0008,COSINE_TEST,cosine_test_query,ENROLLED,data/embeddings/v2/cosine_test/cosine_test_query/3551.npy,true,192,true,false,false,1.00000000,true,2870.153,true,true,
6821,v2_test_enrolled_spk_0008,COSINE_TEST,cosine_test_query,ENROLLED,data/embeddings/v2/cosine_test/cosine_test_query/6821.npy,true,192,true,false,false,1.00000000,true,2031.620,true,true,
8069,v2_test_enrolled_spk_0008,COSINE_TEST,cosine_test_query,ENROLLED,data/embeddings/v2/cosine_test/cosine_test_query/8069.npy,true,192,true,false,false,1.00000000,true,3789.778,true,true,
16241,v2_test_enrolled_spk_0008,COSINE_TEST,cosine_test_query,ENROLLED,data/embeddings/v2/cosine_test/cosine_test_query/16241.npy,true,192,true,false,false,0.99999994,true,1815.186,true,true,
5699,v2_test_enrolled_spk_0008,COSINE_TEST,cosine_test_query,ENROLLED,data/embeddings/v2/cosine_test/cosine_test_query/5699.npy,true,192,true,false,false,1.00000012,true,1024.916,true,true,
2576,v2_test_enrolled_spk_0008,COSINE_TEST,cosine_test_query,ENROLLED,data/embeddings/v2/cosine_test/cosine_test_query/2576.npy,true,192,true,false,false,0.99999994,true,2850.216,true,true,
1696,v2_test_enrolled_spk_0008,COSINE_TEST,cosine_test_query,ENROLLED,data/embeddings/v2/cosine_test/cosine_test_query/1696.npy,true,192,true,false,false,1.00000000,true,1934.878,true,true,
11819,v2_test_enrolled_spk_0008,COSINE_TEST,cosine_test_query,ENROLLED,data/embeddings/v2/cosine_test/cosine_test_query/11819.npy,true,192,true,false,false,1.00000000,true,995.391,true,true,
7769,v2_test_enrolled_spk_0008,COSINE_TEST,cosine_test_query,ENROLLED,data/embeddings/v2/cosine_test/cosine_test_query/7769.npy,true,192,true,false,false,1.00000000,true,7276.579,true,true,
5609,v2_test_enrolled_spk_0008,COSINE_TEST,cosine_test_query,ENROLLED,data/embeddings/v2/cosine_test/cosine_test_query/5609.npy,true,192,true,false,false,0.99999994,true,3867.716,true,true,
2863,v2_test_enrolled_spk_0008,COSINE_TEST,cosine_test_query,ENROLLED,data/embeddings/v2/cosine_test/cosine_test_query/2863.npy,true,192,true,false,false,0.99999988,true,4464.325,true,true,
9679,v2_test_unknown_spk_0001,COSINE_TEST,cosine_test_unknown,UNKNOWN,data/embeddings/v2/cosine_test/cosine_test_unknown/9679.npy,true,192,true,false,false,0.99999988,true,2201.287,true,true,
2900,v2_test_unknown_spk_0001,COSINE_TEST,cosine_test_unknown,UNKNOWN,data/embeddings/v2/cosine_test/cosine_test_unknown/2900.npy,true,192,true,false,false,1.00000000,true,3972.337,true,true,
11291,v2_test_unknown_spk_0001,COSINE_TEST,cosine_test_unknown,UNKNOWN,data/embeddings/v2/cosine_test/cosine_test_unknown/11291.npy,true,192,true,false,false,1.00000000,true,4347.450,true,true,
6768,v2_test_unknown_spk_0001,COSINE_TEST,cosine_test_unknown,UNKNOWN,data/embeddings/v2/cosine_test/cosine_test_unknown/6768.npy,true,192,true,false,false,1.00000000,true,2074.806,true,true,
12175,v2_test_unknown_spk_0001,COSINE_TEST,cosine_test_unknown,UNKNOWN,data/embeddings/v2/cosine_test/cosine_test_unknown/12175.npy,true,192,true,false,false,0.99999988,true,4791.382,true,true,
8393,v2_test_unknown_spk_0001,COSINE_TEST,cosine_test_unknown,UNKNOWN,data/embeddings/v2/cosine_test/cosine_test_unknown/8393.npy,true,192,true,false,false,0.99999994,true,1169.081,true,true,
12314,v2_test_unknown_spk_0001,COSINE_TEST,cosine_test_unknown,UNKNOWN,data/embeddings/v2/cosine_test/cosine_test_unknown/12314.npy,true,192,true,false,false,0.99999994,true,1277.929,true,true,
1339,v2_test_unknown_spk_0001,COSINE_TEST,cosine_test_unknown,UNKNOWN,data/embeddings/v2/cosine_test/cosine_test_unknown/1339.npy,true,192,true,false,false,1.00000000,true,1109.122,true,true,
5173,v2_test_unknown_spk_0001,COSINE_TEST,cosine_test_unknown,UNKNOWN,data/embeddings/v2/cosine_test/cosine_test_unknown/5173.npy,true,192,true,false,false,1.00000000,true,1778.517,true,true,
16193,v2_test_unknown_spk_0001,COSINE_TEST,cosine_test_unknown,UNKNOWN,data/embeddings/v2/cosine_test/cosine_test_unknown/16193.npy,true,192,true,false,false,1.00000000,true,2181.753,true,true,
16541,v2_test_unknown_spk_0001,COSINE_TEST,cosine_test_unknown,UNKNOWN,data/embeddings/v2/cosine_test/cosine_test_unknown/16541.npy,true,192,true,false,false,0.99999994,true,1876.933,true,true,
11946,v2_test_unknown_spk_0001,COSINE_TEST,cosine_test_unknown,UNKNOWN,data/embeddings/v2/cosine_test/cosine_test_unknown/11946.npy,true,192,true,false,false,1.00000000,true,2379.805,true,true,
395,v2_test_unknown_spk_0001,COSINE_TEST,cosine_test_unknown,UNKNOWN,data/embeddings/v2/cosine_test/cosine_test_unknown/395.npy,true,192,true,false,false,1.00000000,true,6422.520,true,true,
633,v2_test_unknown_spk_0001,COSINE_TEST,cosine_test_unknown,UNKNOWN,data/embeddings/v2/cosine_test/cosine_test_unknown/633.npy,true,192,true,false,false,0.99999994,true,3522.855,true,true,
10249,v2_test_unknown_spk_0001,COSINE_TEST,cosine_test_unknown,UNKNOWN,data/embeddings/v2/cosine_test/cosine_test_unknown/10249.npy,true,192,true,false,false,1.00000000,true,2562.832,true,true,
10502,v2_test_unknown_spk_0001,COSINE_TEST,cosine_test_unknown,UNKNOWN,data/embeddings/v2/cosine_test/cosine_test_unknown/10502.npy,true,192,true,false,false,0.99999994,true,1845.194,true,true,
1889,v2_test_unknown_spk_0001,COSINE_TEST,cosine_test_unknown,UNKNOWN,data/embeddings/v2/cosine_test/cosine_test_unknown/1889.npy,true,192,true,false,false,1.00000000,true,1992.540,true,true,
5164,v2_test_unknown_spk_0001,COSINE_TEST,cosine_test_unknown,UNKNOWN,data/embeddings/v2/cosine_test/cosine_test_unknown/5164.npy,true,192,true,false,false,0.99999994,true,1077.575,true,true,
1521,v2_test_unknown_spk_0001,COSINE_TEST,cosine_test_unknown,UNKNOWN,data/embeddings/v2/cosine_test/cosine_test_unknown/1521.npy,true,192,true,false,false,0.99999994,true,1406.743,true,true,
16274,v2_test_unknown_spk_0001,COSINE_TEST,cosine_test_unknown,UNKNOWN,data/embeddings/v2/cosine_test/cosine_test_unknown/16274.npy,true,192,true,false,false,0.99999994,true,1337.229,true,true,
9702,v2_test_unknown_spk_0002,COSINE_TEST,cosine_test_unknown,UNKNOWN,data/embeddings/v2/cosine_test/cosine_test_unknown/9702.npy,true,192,true,false,false,0.99999994,true,1598.640,true,true,
3854,v2_test_unknown_spk_0002,COSINE_TEST,cosine_test_unknown,UNKNOWN,data/embeddings/v2/cosine_test/cosine_test_unknown/3854.npy,true,192,true,false,false,1.00000000,true,1709.589,true,true,
15768,v2_test_unknown_spk_0002,COSINE_TEST,cosine_test_unknown,UNKNOWN,data/embeddings/v2/cosine_test/cosine_test_unknown/15768.npy,true,192,true,false,false,0.99999994,true,2173.180,true,true,
1813,v2_test_unknown_spk_0002,COSINE_TEST,cosine_test_unknown,UNKNOWN,data/embeddings/v2/cosine_test/cosine_test_unknown/1813.npy,true,192,true,false,false,1.00000000,true,1308.900,true,true,
867,v2_test_unknown_spk_0002,COSINE_TEST,cosine_test_unknown,UNKNOWN,data/embeddings/v2/cosine_test/cosine_test_unknown/867.npy,true,192,true,false,false,0.99999994,true,791.242,true,true,
10246,v2_test_unknown_spk_0002,COSINE_TEST,cosine_test_unknown,UNKNOWN,data/embeddings/v2/cosine_test/cosine_test_unknown/10246.npy,true,192,true,false,false,1.00000000,true,751.060,true,true,
5314,v2_test_unknown_spk_0002,COSINE_TEST,cosine_test_unknown,UNKNOWN,data/embeddings/v2/cosine_test/cosine_test_unknown/5314.npy,true,192,true,false,false,0.99999988,true,810.554,true,true,
35,v2_test_unknown_spk_0002,COSINE_TEST,cosine_test_unknown,UNKNOWN,data/embeddings/v2/cosine_test/cosine_test_unknown/35.npy,true,192,true,false,false,0.99999994,true,921.796,true,true,
808,v2_test_unknown_spk_0002,COSINE_TEST,cosine_test_unknown,UNKNOWN,data/embeddings/v2/cosine_test/cosine_test_unknown/808.npy,true,192,true,false,false,1.00000000,true,967.333,true,true,
5389,v2_test_unknown_spk_0002,COSINE_TEST,cosine_test_unknown,UNKNOWN,data/embeddings/v2/cosine_test/cosine_test_unknown/5389.npy,true,192,true,false,false,1.00000000,true,715.398,true,true,
13574,v2_test_unknown_spk_0002,COSINE_TEST,cosine_test_unknown,UNKNOWN,data/embeddings/v2/cosine_test/cosine_test_unknown/13574.npy,true,192,true,false,false,0.99999994,true,1879.897,true,true,
12746,v2_test_unknown_spk_0002,COSINE_TEST,cosine_test_unknown,UNKNOWN,data/embeddings/v2/cosine_test/cosine_test_unknown/12746.npy,true,192,true,false,false,1.00000000,true,1339.921,true,true,
275,v2_test_unknown_spk_0002,COSINE_TEST,cosine_test_unknown,UNKNOWN,data/embeddings/v2/cosine_test/cosine_test_unknown/275.npy,true,192,true,false,false,1.00000000,true,1187.446,true,true,
13082,v2_test_unknown_spk_0002,COSINE_TEST,cosine_test_unknown,UNKNOWN,data/embeddings/v2/cosine_test/cosine_test_unknown/13082.npy,true,192,true,false,false,1.00000000,true,1461.992,true,true,
7124,v2_test_unknown_spk_0002,COSINE_TEST,cosine_test_unknown,UNKNOWN,data/embeddings/v2/cosine_test/cosine_test_unknown/7124.npy,true,192,true,false,false,1.00000000,true,955.868,true,true,
13289,v2_test_unknown_spk_0002,COSINE_TEST,cosine_test_unknown,UNKNOWN,data/embeddings/v2/cosine_test/cosine_test_unknown/13289.npy,true,192,true,false,false,0.99999994,true,1221.056,true,true,
6794,v2_test_unknown_spk_0002,COSINE_TEST,cosine_test_unknown,UNKNOWN,data/embeddings/v2/cosine_test/cosine_test_unknown/6794.npy,true,192,true,false,false,0.99999994,true,1221.499,true,true,
11008,v2_test_unknown_spk_0002,COSINE_TEST,cosine_test_unknown,UNKNOWN,data/embeddings/v2/cosine_test/cosine_test_unknown/11008.npy,true,192,true,false,false,1.00000000,true,996.192,true,true,
498,v2_test_unknown_spk_0002,COSINE_TEST,cosine_test_unknown,UNKNOWN,data/embeddings/v2/cosine_test/cosine_test_unknown/498.npy,true,192,true,false,false,0.99999994,true,1193.648,true,true,
11956,v2_test_unknown_spk_0002,COSINE_TEST,cosine_test_unknown,UNKNOWN,data/embeddings/v2/cosine_test/cosine_test_unknown/11956.npy,true,192,true,false,false,0.99999994,true,5317.005,true,true,
12190,v2_test_unknown_spk_0003,COSINE_TEST,cosine_test_unknown,UNKNOWN,data/embeddings/v2/cosine_test/cosine_test_unknown/12190.npy,true,192,true,false,false,1.00000000,true,3872.894,true,true,
11765,v2_test_unknown_spk_0003,COSINE_TEST,cosine_test_unknown,UNKNOWN,data/embeddings/v2/cosine_test/cosine_test_unknown/11765.npy,true,192,true,false,false,1.00000000,true,3368.768,true,true,
833,v2_test_unknown_spk_0003,COSINE_TEST,cosine_test_unknown,UNKNOWN,data/embeddings/v2/cosine_test/cosine_test_unknown/833.npy,true,192,true,false,false,1.00000000,true,4988.848,true,true,
693,v2_test_unknown_spk_0003,COSINE_TEST,cosine_test_unknown,UNKNOWN,data/embeddings/v2/cosine_test/cosine_test_unknown/693.npy,true,192,true,false,false,0.99999994,true,3698.271,true,true,
7290,v2_test_unknown_spk_0003,COSINE_TEST,cosine_test_unknown,UNKNOWN,data/embeddings/v2/cosine_test/cosine_test_unknown/7290.npy,true,192,true,false,false,0.99999994,true,4137.813,true,true,
14210,v2_test_unknown_spk_0003,COSINE_TEST,cosine_test_unknown,UNKNOWN,data/embeddings/v2/cosine_test/cosine_test_unknown/14210.npy,true,192,true,false,false,1.00000000,true,3410.423,true,true,
5572,v2_test_unknown_spk_0003,COSINE_TEST,cosine_test_unknown,UNKNOWN,data/embeddings/v2/cosine_test/cosine_test_unknown/5572.npy,true,192,true,false,false,1.00000000,true,4341.134,true,true,
129,v2_test_unknown_spk_0003,COSINE_TEST,cosine_test_unknown,UNKNOWN,data/embeddings/v2/cosine_test/cosine_test_unknown/129.npy,true,192,true,false,false,1.00000000,true,3054.929,true,true,
4100,v2_test_unknown_spk_0003,COSINE_TEST,cosine_test_unknown,UNKNOWN,data/embeddings/v2/cosine_test/cosine_test_unknown/4100.npy,true,192,true,false,false,0.99999988,true,3072.722,true,true,
6671,v2_test_unknown_spk_0003,COSINE_TEST,cosine_test_unknown,UNKNOWN,data/embeddings/v2/cosine_test/cosine_test_unknown/6671.npy,true,192,true,false,false,1.00000000,true,2581.007,true,true,
2939,v2_test_unknown_spk_0003,COSINE_TEST,cosine_test_unknown,UNKNOWN,data/embeddings/v2/cosine_test/cosine_test_unknown/2939.npy,true,192,true,false,false,1.00000000,true,4229.950,true,true,
343,v2_test_unknown_spk_0003,COSINE_TEST,cosine_test_unknown,UNKNOWN,data/embeddings/v2/cosine_test/cosine_test_unknown/343.npy,true,192,true,false,false,1.00000000,true,3173.661,true,true,
192,v2_test_unknown_spk_0003,COSINE_TEST,cosine_test_unknown,UNKNOWN,data/embeddings/v2/cosine_test/cosine_test_unknown/192.npy,true,192,true,false,false,1.00000000,true,2232.310,true,true,
213,v2_test_unknown_spk_0003,COSINE_TEST,cosine_test_unknown,UNKNOWN,data/embeddings/v2/cosine_test/cosine_test_unknown/213.npy,true,192,true,false,false,1.00000000,true,2655.937,true,true,
10008,v2_test_unknown_spk_0003,COSINE_TEST,cosine_test_unknown,UNKNOWN,data/embeddings/v2/cosine_test/cosine_test_unknown/10008.npy,true,192,true,false,false,0.99999994,true,3771.108,true,true,
7961,v2_test_unknown_spk_0003,COSINE_TEST,cosine_test_unknown,UNKNOWN,data/embeddings/v2/cosine_test/cosine_test_unknown/7961.npy,true,192,true,false,false,1.00000000,true,3684.844,true,true,
15316,v2_test_unknown_spk_0003,COSINE_TEST,cosine_test_unknown,UNKNOWN,data/embeddings/v2/cosine_test/cosine_test_unknown/15316.npy,true,192,true,false,false,0.99999988,true,3363.124,true,true,
214,v2_test_unknown_spk_0003,COSINE_TEST,cosine_test_unknown,UNKNOWN,data/embeddings/v2/cosine_test/cosine_test_unknown/214.npy,true,192,true,false,false,1.00000000,true,3356.911,true,true,
787,v2_test_unknown_spk_0003,COSINE_TEST,cosine_test_unknown,UNKNOWN,data/embeddings/v2/cosine_test/cosine_test_unknown/787.npy,true,192,true,false,false,0.99999994,true,4579.648,true,true,
1075,v2_test_unknown_spk_0003,COSINE_TEST,cosine_test_unknown,UNKNOWN,data/embeddings/v2/cosine_test/cosine_test_unknown/1075.npy,true,192,true,false,false,1.00000000,true,7516.537,true,true,
10820,v2_test_unknown_spk_0004,COSINE_TEST,cosine_test_unknown,UNKNOWN,data/embeddings/v2/cosine_test/cosine_test_unknown/10820.npy,true,192,true,false,false,1.00000000,true,2210.429,true,true,
9671,v2_test_unknown_spk_0004,COSINE_TEST,cosine_test_unknown,UNKNOWN,data/embeddings/v2/cosine_test/cosine_test_unknown/9671.npy,true,192,true,false,false,0.99999994,true,4955.428,true,true,
14089,v2_test_unknown_spk_0004,COSINE_TEST,cosine_test_unknown,UNKNOWN,data/embeddings/v2/cosine_test/cosine_test_unknown/14089.npy,true,192,true,false,false,1.00000000,true,766.313,true,true,
2287,v2_test_unknown_spk_0004,COSINE_TEST,cosine_test_unknown,UNKNOWN,data/embeddings/v2/cosine_test/cosine_test_unknown/2287.npy,true,192,true,false,false,1.00000000,true,949.053,true,true,
16307,v2_test_unknown_spk_0004,COSINE_TEST,cosine_test_unknown,UNKNOWN,data/embeddings/v2/cosine_test/cosine_test_unknown/16307.npy,true,192,true,false,false,0.99999994,true,1248.014,true,true,
15772,v2_test_unknown_spk_0004,COSINE_TEST,cosine_test_unknown,UNKNOWN,data/embeddings/v2/cosine_test/cosine_test_unknown/15772.npy,true,192,true,false,false,0.99999994,true,2362.834,true,true,
949,v2_test_unknown_spk_0004,COSINE_TEST,cosine_test_unknown,UNKNOWN,data/embeddings/v2/cosine_test/cosine_test_unknown/949.npy,true,192,true,false,false,1.00000000,true,3578.785,true,true,
5056,v2_test_unknown_spk_0004,COSINE_TEST,cosine_test_unknown,UNKNOWN,data/embeddings/v2/cosine_test/cosine_test_unknown/5056.npy,true,192,true,false,false,1.00000000,true,2093.893,true,true,
8852,v2_test_unknown_spk_0004,COSINE_TEST,cosine_test_unknown,UNKNOWN,data/embeddings/v2/cosine_test/cosine_test_unknown/8852.npy,true,192,true,false,false,1.00000000,true,3219.862,true,true,
1344,v2_test_unknown_spk_0004,COSINE_TEST,cosine_test_unknown,UNKNOWN,data/embeddings/v2/cosine_test/cosine_test_unknown/1344.npy,true,192,true,false,false,1.00000000,true,3667.087,true,true,
11635,v2_test_unknown_spk_0004,COSINE_TEST,cosine_test_unknown,UNKNOWN,data/embeddings/v2/cosine_test/cosine_test_unknown/11635.npy,true,192,true,false,false,0.99999994,true,3263.020,true,true,
4269,v2_test_unknown_spk_0004,COSINE_TEST,cosine_test_unknown,UNKNOWN,data/embeddings/v2/cosine_test/cosine_test_unknown/4269.npy,true,192,true,false,false,0.99999994,true,3524.618,true,true,
6084,v2_test_unknown_spk_0004,COSINE_TEST,cosine_test_unknown,UNKNOWN,data/embeddings/v2/cosine_test/cosine_test_unknown/6084.npy,true,192,true,false,false,1.00000000,true,1545.613,true,true,
11323,v2_test_unknown_spk_0004,COSINE_TEST,cosine_test_unknown,UNKNOWN,data/embeddings/v2/cosine_test/cosine_test_unknown/11323.npy,true,192,true,false,false,0.99999994,true,3489.071,true,true,
121,v2_test_unknown_spk_0004,COSINE_TEST,cosine_test_unknown,UNKNOWN,data/embeddings/v2/cosine_test/cosine_test_unknown/121.npy,true,192,true,false,false,1.00000000,true,2168.288,true,true,
13488,v2_test_unknown_spk_0004,COSINE_TEST,cosine_test_unknown,UNKNOWN,data/embeddings/v2/cosine_test/cosine_test_unknown/13488.npy,true,192,true,false,false,1.00000000,true,5713.286,true,true,
11985,v2_test_unknown_spk_0004,COSINE_TEST,cosine_test_unknown,UNKNOWN,data/embeddings/v2/cosine_test/cosine_test_unknown/11985.npy,true,192,true,false,false,1.00000000,true,1220.559,true,true,
1986,v2_test_unknown_spk_0004,COSINE_TEST,cosine_test_unknown,UNKNOWN,data/embeddings/v2/cosine_test/cosine_test_unknown/1986.npy,true,192,true,false,false,1.00000000,true,3148.788,true,true,
10883,v2_test_unknown_spk_0005,COSINE_TEST,cosine_test_unknown,UNKNOWN,data/embeddings/v2/cosine_test/cosine_test_unknown/10883.npy,true,192,true,false,false,1.00000000,true,3638.246,true,true,
2069,v2_test_unknown_spk_0005,COSINE_TEST,cosine_test_unknown,UNKNOWN,data/embeddings/v2/cosine_test/cosine_test_unknown/2069.npy,true,192,true,false,false,1.00000000,true,1688.810,true,true,
13667,v2_test_unknown_spk_0005,COSINE_TEST,cosine_test_unknown,UNKNOWN,data/embeddings/v2/cosine_test/cosine_test_unknown/13667.npy,true,192,true,false,false,1.00000000,true,3904.578,true,true,
7830,v2_test_unknown_spk_0005,COSINE_TEST,cosine_test_unknown,UNKNOWN,data/embeddings/v2/cosine_test/cosine_test_unknown/7830.npy,true,192,true,false,false,1.00000000,true,1698.927,true,true,
6522,v2_test_unknown_spk_0005,COSINE_TEST,cosine_test_unknown,UNKNOWN,data/embeddings/v2/cosine_test/cosine_test_unknown/6522.npy,true,192,true,false,false,1.00000000,true,1131.663,true,true,
15174,v2_test_unknown_spk_0005,COSINE_TEST,cosine_test_unknown,UNKNOWN,data/embeddings/v2/cosine_test/cosine_test_unknown/15174.npy,true,192,true,false,false,1.00000000,true,1914.899,true,true,
12307,v2_test_unknown_spk_0005,COSINE_TEST,cosine_test_unknown,UNKNOWN,data/embeddings/v2/cosine_test/cosine_test_unknown/12307.npy,true,192,true,false,false,0.99999994,true,906.355,true,true,
9069,v2_test_unknown_spk_0005,COSINE_TEST,cosine_test_unknown,UNKNOWN,data/embeddings/v2/cosine_test/cosine_test_unknown/9069.npy,true,192,true,false,false,1.00000000,true,728.493,true,true,
4823,v2_test_unknown_spk_0005,COSINE_TEST,cosine_test_unknown,UNKNOWN,data/embeddings/v2/cosine_test/cosine_test_unknown/4823.npy,true,192,true,false,false,1.00000000,true,1712.201,true,true,
14918,v2_test_unknown_spk_0005,COSINE_TEST,cosine_test_unknown,UNKNOWN,data/embeddings/v2/cosine_test/cosine_test_unknown/14918.npy,true,192,true,false,false,1.00000012,true,4941.870,true,true,
14803,v2_test_unknown_spk_0005,COSINE_TEST,cosine_test_unknown,UNKNOWN,data/embeddings/v2/cosine_test/cosine_test_unknown/14803.npy,true,192,true,false,false,0.99999994,true,2195.379,true,true,
7101,v2_test_unknown_spk_0005,COSINE_TEST,cosine_test_unknown,UNKNOWN,data/embeddings/v2/cosine_test/cosine_test_unknown/7101.npy,true,192,true,false,false,0.99999994,true,3940.734,true,true,
6303,v2_test_unknown_spk_0005,COSINE_TEST,cosine_test_unknown,UNKNOWN,data/embeddings/v2/cosine_test/cosine_test_unknown/6303.npy,true,192,true,false,false,1.00000000,true,2335.872,true,true,
10732,v2_test_unknown_spk_0005,COSINE_TEST,cosine_test_unknown,UNKNOWN,data/embeddings/v2/cosine_test/cosine_test_unknown/10732.npy,true,192,true,false,false,1.00000000,true,3734.921,true,true,
7445,v2_test_unknown_spk_0005,COSINE_TEST,cosine_test_unknown,UNKNOWN,data/embeddings/v2/cosine_test/cosine_test_unknown/7445.npy,true,192,true,false,false,1.00000000,true,1512.354,true,true,
6771,v2_test_unknown_spk_0005,COSINE_TEST,cosine_test_unknown,UNKNOWN,data/embeddings/v2/cosine_test/cosine_test_unknown/6771.npy,true,192,true,false,false,0.99999994,true,862.796,true,true,
12791,v2_test_unknown_spk_0005,COSINE_TEST,cosine_test_unknown,UNKNOWN,data/embeddings/v2/cosine_test/cosine_test_unknown/12791.npy,true,192,true,false,false,1.00000000,true,1224.135,true,true,
4600,v2_test_unknown_spk_0005,COSINE_TEST,cosine_test_unknown,UNKNOWN,data/embeddings/v2/cosine_test/cosine_test_unknown/4600.npy,true,192,true,false,false,0.99999994,true,967.485,true,true,
2889,v2_test_unknown_spk_0006,COSINE_TEST,cosine_test_unknown,UNKNOWN,data/embeddings/v2/cosine_test/cosine_test_unknown/2889.npy,true,192,true,false,false,0.99999994,true,1475.887,true,true,
10775,v2_test_unknown_spk_0006,COSINE_TEST,cosine_test_unknown,UNKNOWN,data/embeddings/v2/cosine_test/cosine_test_unknown/10775.npy,true,192,true,false,false,0.99999994,true,2980.322,true,true,
15795,v2_test_unknown_spk_0006,COSINE_TEST,cosine_test_unknown,UNKNOWN,data/embeddings/v2/cosine_test/cosine_test_unknown/15795.npy,true,192,true,false,false,1.00000000,true,1274.342,true,true,
16090,v2_test_unknown_spk_0006,COSINE_TEST,cosine_test_unknown,UNKNOWN,data/embeddings/v2/cosine_test/cosine_test_unknown/16090.npy,true,192,true,false,false,0.99999994,true,6026.507,true,true,
10020,v2_test_unknown_spk_0006,COSINE_TEST,cosine_test_unknown,UNKNOWN,data/embeddings/v2/cosine_test/cosine_test_unknown/10020.npy,true,192,true,false,false,0.99999994,true,1759.263,true,true,
2844,v2_test_unknown_spk_0006,COSINE_TEST,cosine_test_unknown,UNKNOWN,data/embeddings/v2/cosine_test/cosine_test_unknown/2844.npy,true,192,true,false,false,1.00000000,true,4087.745,true,true,
8602,v2_test_unknown_spk_0006,COSINE_TEST,cosine_test_unknown,UNKNOWN,data/embeddings/v2/cosine_test/cosine_test_unknown/8602.npy,true,192,true,false,false,1.00000000,true,5098.699,true,true,
7747,v2_test_unknown_spk_0006,COSINE_TEST,cosine_test_unknown,UNKNOWN,data/embeddings/v2/cosine_test/cosine_test_unknown/7747.npy,true,192,true,false,false,1.00000000,true,3752.901,true,true,
14719,v2_test_unknown_spk_0006,COSINE_TEST,cosine_test_unknown,UNKNOWN,data/embeddings/v2/cosine_test/cosine_test_unknown/14719.npy,true,192,true,false,false,1.00000000,true,3918.305,true,true,
4381,v2_test_unknown_spk_0007,COSINE_TEST,cosine_test_unknown,UNKNOWN,data/embeddings/v2/cosine_test/cosine_test_unknown/4381.npy,true,192,true,false,false,1.00000000,true,1419.950,true,true,
1471,v2_test_unknown_spk_0007,COSINE_TEST,cosine_test_unknown,UNKNOWN,data/embeddings/v2/cosine_test/cosine_test_unknown/1471.npy,true,192,true,false,false,0.99999994,true,3361.857,true,true,
3641,v2_test_unknown_spk_0007,COSINE_TEST,cosine_test_unknown,UNKNOWN,data/embeddings/v2/cosine_test/cosine_test_unknown/3641.npy,true,192,true,false,false,1.00000000,true,840.789,true,true,
2827,v2_test_unknown_spk_0008,COSINE_TEST,cosine_test_unknown,UNKNOWN,data/embeddings/v2/cosine_test/cosine_test_unknown/2827.npy,true,192,true,false,false,1.00000000,true,1059.877,true,true,
