audio_id,speaker_id,protocol,split,role,embedding_path,embedding_dim,l2_norm,latency_ms
15725,exp_svm_spk_0001,SVM_CLOSED_SET,svm_closed_set_enrollment,SVM_EXPERIMENTAL,data/embeddings/v2/svm_closed_set/svm_closed_set_enrollment/15725.npy,192,1.00000000,813.147
8372,exp_svm_spk_0001,SVM_CLOSED_SET,svm_closed_set_enrollment,SVM_EXPERIMENTAL,data/embeddings/v2/svm_closed_set/svm_closed_set_enrollment/8372.npy,192,0.99999994,1200.153
16570,exp_svm_spk_0001,SVM_CLOSED_SET,svm_closed_set_enrollment,SVM_EXPERIMENTAL,data/embeddings/v2/svm_closed_set/svm_closed_set_enrollment/16570.npy,192,0.99999994,1700.324
8072,exp_svm_spk_0001,SVM_CLOSED_SET,svm_closed_set_enrollment,SVM_EXPERIMENTAL,data/embeddings/v2/svm_closed_set/svm_closed_set_enrollment/8072.npy,192,0.99999994,2050.703
13384,exp_svm_spk_0001,SVM_CLOSED_SET,svm_closed_set_enrollment,SVM_EXPERIMENTAL,data/embeddings/v2/svm_closed_set/svm_closed_set_enrollment/13384.npy,192,0.99999994,1248.854
4723,exp_svm_spk_0002,SVM_CLOSED_SET,svm_closed_set_enrollment,SVM_EXPERIMENTAL,data/embeddings/v2/svm_closed_set/svm_closed_set_enrollment/4723.npy,192,0.99999988,2177.814
10666,exp_svm_spk_0002,SVM_CLOSED_SET,svm_closed_set_enrollment,SVM_EXPERIMENTAL,data/embeddings/v2/svm_closed_set/svm_closed_set_enrollment/10666.npy,192,1.00000000,981.391
10924,exp_svm_spk_0002,SVM_CLOSED_SET,svm_closed_set_enrollment,SVM_EXPERIMENTAL,data/embeddings/v2/svm_closed_set/svm_closed_set_enrollment/10924.npy,192,1.00000000,514.933
12352,exp_svm_spk_0002,SVM_CLOSED_SET,svm_closed_set_enrollment,SVM_EXPERIMENTAL,data/embeddings/v2/svm_closed_set/svm_closed_set_enrollment/12352.npy,192,1.00000000,1133.690
12715,exp_svm_spk_0002,SVM_CLOSED_SET,svm_closed_set_enrollment,SVM_EXPERIMENTAL,data/embeddings/v2/svm_closed_set/svm_closed_set_enrollment/12715.npy,192,1.00000000,521.771
5666,exp_svm_spk_0003,SVM_CLOSED_SET,svm_closed_set_enrollment,SVM_EXPERIMENTAL,data/embeddings/v2/svm_closed_set/svm_closed_set_enrollment/5666.npy,192,1.00000000,3202.117
12533,exp_svm_spk_0003,SVM_CLOSED_SET,svm_closed_set_enrollment,SVM_EXPERIMENTAL,data/embeddings/v2/svm_closed_set/svm_closed_set_enrollment/12533.npy,192,1.00000000,759.819
4971,exp_svm_spk_0003,SVM_CLOSED_SET,svm_closed_set_enrollment,SVM_EXPERIMENTAL,data/embeddings/v2/svm_closed_set/svm_closed_set_enrollment/4971.npy,192,1.00000000,984.096
16929,exp_svm_spk_0003,SVM_CLOSED_SET,svm_closed_set_enrollment,SVM_EXPERIMENTAL,data/embeddings/v2/svm_closed_set/svm_closed_set_enrollment/16929.npy,192,0.99999994,1695.355
8788,exp_svm_spk_0003,SVM_CLOSED_SET,svm_closed_set_enrollment,SVM_EXPERIMENTAL,data/embeddings/v2/svm_closed_set/svm_closed_set_enrollment/8788.npy,192,1.00000000,1963.495
3701,exp_svm_spk_0004,SVM_CLOSED_SET,svm_closed_set_enrollment,SVM_EXPERIMENTAL,data/embeddings/v2/svm_closed_set/svm_closed_set_enrollment/3701.npy,192,0.99999994,974.062
8751,exp_svm_spk_0004,SVM_CLOSED_SET,svm_closed_set_enrollment,SVM_EXPERIMENTAL,data/embeddings/v2/svm_closed_set/svm_closed_set_enrollment/8751.npy,192,0.99999994,608.770
2140,exp_svm_spk_0004,SVM_CLOSED_SET,svm_closed_set_enrollment,SVM_EXPERIMENTAL,data/embeddings/v2/svm_closed_set/svm_closed_set_enrollment/2140.npy,192,0.99999988,3251.800
15294,exp_svm_spk_0004,SVM_CLOSED_SET,svm_closed_set_enrollment,SVM_EXPERIMENTAL,data/embeddings/v2/svm_closed_set/svm_closed_set_enrollment/15294.npy,192,1.00000000,1389.353
10293,exp_svm_spk_0004,SVM_CLOSED_SET,svm_closed_set_enrollment,SVM_EXPERIMENTAL,data/embeddings/v2/svm_closed_set/svm_closed_set_enrollment/10293.npy,192,1.00000000,1046.214
9736,exp_svm_spk_0005,SVM_CLOSED_SET,svm_closed_set_enrollment,SVM_EXPERIMENTAL,data/embeddings/v2/svm_closed_set/svm_closed_set_enrollment/9736.npy,192,0.99999994,908.652
708,exp_svm_spk_0005,SVM_CLOSED_SET,svm_closed_set_enrollment,SVM_EXPERIMENTAL,data/embeddings/v2/svm_closed_set/svm_closed_set_enrollment/708.npy,192,1.00000000,1010.012
15897,exp_svm_spk_0005,SVM_CLOSED_SET,svm_closed_set_enrollment,SVM_EXPERIMENTAL,data/embeddings/v2/svm_closed_set/svm_closed_set_enrollment/15897.npy,192,1.00000000,2317.257
6132,exp_svm_spk_0005,SVM_CLOSED_SET,svm_closed_set_enrollment,SVM_EXPERIMENTAL,data/embeddings/v2/svm_closed_set/svm_closed_set_enrollment/6132.npy,192,0.99999994,1150.319
2693,exp_svm_spk_0005,SVM_CLOSED_SET,svm_closed_set_enrollment,SVM_EXPERIMENTAL,data/embeddings/v2/svm_closed_set/svm_closed_set_enrollment/2693.npy,192,1.00000000,954.923
9425,exp_svm_spk_0006,SVM_CLOSED_SET,svm_closed_set_enrollment,SVM_EXPERIMENTAL,data/embeddings/v2/svm_closed_set/svm_closed_set_enrollment/9425.npy,192,0.99999994,1787.696
16840,exp_svm_spk_0006,SVM_CLOSED_SET,svm_closed_set_enrollment,SVM_EXPERIMENTAL,data/embeddings/v2/svm_closed_set/svm_closed_set_enrollment/16840.npy,192,1.00000000,660.072
11608,exp_svm_spk_0006,SVM_CLOSED_SET,svm_closed_set_enrollment,SVM_EXPERIMENTAL,data/embeddings/v2/svm_closed_set/svm_closed_set_enrollment/11608.npy,192,1.00000000,1456.834
2095,exp_svm_spk_0006,SVM_CLOSED_SET,svm_closed_set_enrollment,SVM_EXPERIMENTAL,data/embeddings/v2/svm_closed_set/svm_closed_set_enrollment/2095.npy,192,1.00000012,1688.073
5636,exp_svm_spk_0006,SVM_CLOSED_SET,svm_closed_set_enrollment,SVM_EXPERIMENTAL,data/embeddings/v2/svm_closed_set/svm_closed_set_enrollment/5636.npy,192,1.00000000,2019.579
15625,exp_svm_spk_0007,SVM_CLOSED_SET,svm_closed_set_enrollment,SVM_EXPERIMENTAL,data/embeddings/v2/svm_closed_set/svm_closed_set_enrollment/15625.npy,192,0.99999994,892.448
12108,exp_svm_spk_0007,SVM_CLOSED_SET,svm_closed_set_enrollment,SVM_EXPERIMENTAL,data/embeddings/v2/svm_closed_set/svm_closed_set_enrollment/12108.npy,192,0.99999994,1965.816
16161,exp_svm_spk_0007,SVM_CLOSED_SET,svm_closed_set_enrollment,SVM_EXPERIMENTAL,data/embeddings/v2/svm_closed_set/svm_closed_set_enrollment/16161.npy,192,1.00000000,1219.503
9725,exp_svm_spk_0007,SVM_CLOSED_SET,svm_closed_set_enrollment,SVM_EXPERIMENTAL,data/embeddings/v2/svm_closed_set/svm_closed_set_enrollment/9725.npy,192,1.00000000,1927.100
2520,exp_svm_spk_0007,SVM_CLOSED_SET,svm_closed_set_enrollment,SVM_EXPERIMENTAL,data/embeddings/v2/svm_closed_set/svm_closed_set_enrollment/2520.npy,192,0.99999994,2441.394
271,exp_svm_spk_0009,SVM_CLOSED_SET,svm_closed_set_enrollment,SVM_EXPERIMENTAL,data/embeddings/v2/svm_closed_set/svm_closed_set_enrollment/271.npy,192,0.99999994,2396.007
3973,exp_svm_spk_0009,SVM_CLOSED_SET,svm_closed_set_enrollment,SVM_EXPERIMENTAL,data/embeddings/v2/svm_closed_set/svm_closed_set_enrollment/3973.npy,192,1.00000000,4904.015
14593,exp_svm_spk_0009,SVM_CLOSED_SET,svm_closed_set_enrollment,SVM_EXPERIMENTAL,data/embeddings/v2/svm_closed_set/svm_closed_set_enrollment/14593.npy,192,1.00000000,2228.143
2879,exp_svm_spk_0009,SVM_CLOSED_SET,svm_closed_set_enrollment,SVM_EXPERIMENTAL,data/embeddings/v2/svm_closed_set/svm_closed_set_enrollment/2879.npy,192,0.99999994,3996.795
5113,exp_svm_spk_0009,SVM_CLOSED_SET,svm_closed_set_enrollment,SVM_EXPERIMENTAL,data/embeddings/v2/svm_closed_set/svm_closed_set_enrollment/5113.npy,192,0.99999994,1519.601
4317,exp_svm_spk_0010,SVM_CLOSED_SET,svm_closed_set_enrollment,SVM_EXPERIMENTAL,data/embeddings/v2/svm_closed_set/svm_closed_set_enrollment/4317.npy,192,1.00000000,1335.746
4942,exp_svm_spk_0010,SVM_CLOSED_SET,svm_closed_set_enrollment,SVM_EXPERIMENTAL,data/embeddings/v2/svm_closed_set/svm_closed_set_enrollment/4942.npy,192,1.00000000,4489.657
14868,exp_svm_spk_0010,SVM_CLOSED_SET,svm_closed_set_enrollment,SVM_EXPERIMENTAL,data/embeddings/v2/svm_closed_set/svm_closed_set_enrollment/14868.npy,192,1.00000000,946.031
7893,exp_svm_spk_0010,SVM_CLOSED_SET,svm_closed_set_enrollment,SVM_EXPERIMENTAL,data/embeddings/v2/svm_closed_set/svm_closed_set_enrollment/7893.npy,192,0.99999994,1830.352
1548,exp_svm_spk_0010,SVM_CLOSED_SET,svm_closed_set_enrollment,SVM_EXPERIMENTAL,data/embeddings/v2/svm_closed_set/svm_closed_set_enrollment/1548.npy,192,1.00000000,4321.159
741,exp_svm_spk_0001,SVM_CLOSED_SET,svm_closed_set_train,SVM_EXPERIMENTAL,data/embeddings/v2/svm_closed_set/svm_closed_set_train/741.npy,192,0.99999994,838.625
5015,exp_svm_spk_0001,SVM_CLOSED_SET,svm_closed_set_train,SVM_EXPERIMENTAL,data/embeddings/v2/svm_closed_set/svm_closed_set_train/5015.npy,192,1.00000000,1198.406
12373,exp_svm_spk_0001,SVM_CLOSED_SET,svm_closed_set_train,SVM_EXPERIMENTAL,data/embeddings/v2/svm_closed_set/svm_closed_set_train/12373.npy,192,1.00000000,1199.202
8089,exp_svm_spk_0001,SVM_CLOSED_SET,svm_closed_set_train,SVM_EXPERIMENTAL,data/embeddings/v2/svm_closed_set/svm_closed_set_train/8089.npy,192,1.00000000,513.608
15812,exp_svm_spk_0001,SVM_CLOSED_SET,svm_closed_set_train,SVM_EXPERIMENTAL,data/embeddings/v2/svm_closed_set/svm_closed_set_train/15812.npy,192,1.00000000,2103.939
8729,exp_svm_spk_0001,SVM_CLOSED_SET,svm_closed_set_train,SVM_EXPERIMENTAL,data/embeddings/v2/svm_closed_set/svm_closed_set_train/8729.npy,192,0.99999994,638.968
15545,exp_svm_spk_0001,SVM_CLOSED_SET,svm_closed_set_train,SVM_EXPERIMENTAL,data/embeddings/v2/svm_closed_set/svm_closed_set_train/15545.npy,192,1.00000012,1699.796
16991,exp_svm_spk_0001,SVM_CLOSED_SET,svm_closed_set_train,SVM_EXPERIMENTAL,data/embeddings/v2/svm_closed_set/svm_closed_set_train/16991.npy,192,1.00000000,1980.184
10238,exp_svm_spk_0001,SVM_CLOSED_SET,svm_closed_set_train,SVM_EXPERIMENTAL,data/embeddings/v2/svm_closed_set/svm_closed_set_train/10238.npy,192,1.00000000,2116.312
9215,exp_svm_spk_0001,SVM_CLOSED_SET,svm_closed_set_train,SVM_EXPERIMENTAL,data/embeddings/v2/svm_closed_set/svm_closed_set_train/9215.npy,192,1.00000000,1134.777
12904,exp_svm_spk_0001,SVM_CLOSED_SET,svm_closed_set_train,SVM_EXPERIMENTAL,data/embeddings/v2/svm_closed_set/svm_closed_set_train/12904.npy,192,1.00000000,2270.620
6898,exp_svm_spk_0001,SVM_CLOSED_SET,svm_closed_set_train,SVM_EXPERIMENTAL,data/embeddings/v2/svm_closed_set/svm_closed_set_train/6898.npy,192,0.99999994,2617.430
10058,exp_svm_spk_0001,SVM_CLOSED_SET,svm_closed_set_train,SVM_EXPERIMENTAL,data/embeddings/v2/svm_closed_set/svm_closed_set_train/10058.npy,192,1.00000000,1070.388
5982,exp_svm_spk_0001,SVM_CLOSED_SET,svm_closed_set_train,SVM_EXPERIMENTAL,data/embeddings/v2/svm_closed_set/svm_closed_set_train/5982.npy,192,1.00000000,1079.767
15630,exp_svm_spk_0001,SVM_CLOSED_SET,svm_closed_set_train,SVM_EXPERIMENTAL,data/embeddings/v2/svm_closed_set/svm_closed_set_train/15630.npy,192,0.99999994,3107.870
1211,exp_svm_spk_0001,SVM_CLOSED_SET,svm_closed_set_train,SVM_EXPERIMENTAL,data/embeddings/v2/svm_closed_set/svm_closed_set_train/1211.npy,192,1.00000000,2438.603
2841,exp_svm_spk_0001,SVM_CLOSED_SET,svm_closed_set_train,SVM_EXPERIMENTAL,data/embeddings/v2/svm_closed_set/svm_closed_set_train/2841.npy,192,1.00000000,3333.351
7279,exp_svm_spk_0001,SVM_CLOSED_SET,svm_closed_set_train,SVM_EXPERIMENTAL,data/embeddings/v2/svm_closed_set/svm_closed_set_train/7279.npy,192,1.00000000,2601.730
12055,exp_svm_spk_0001,SVM_CLOSED_SET,svm_closed_set_train,SVM_EXPERIMENTAL,data/embeddings/v2/svm_closed_set/svm_closed_set_train/12055.npy,192,1.00000000,691.856
16232,exp_svm_spk_0001,SVM_CLOSED_SET,svm_closed_set_train,SVM_EXPERIMENTAL,data/embeddings/v2/svm_closed_set/svm_closed_set_train/16232.npy,192,1.00000000,1936.964
1888,exp_svm_spk_0001,SVM_CLOSED_SET,svm_closed_set_train,SVM_EXPERIMENTAL,data/embeddings/v2/svm_closed_set/svm_closed_set_train/1888.npy,192,1.00000000,1437.918
6144,exp_svm_spk_0001,SVM_CLOSED_SET,svm_closed_set_train,SVM_EXPERIMENTAL,data/embeddings/v2/svm_closed_set/svm_closed_set_train/6144.npy,192,0.99999994,1003.124
9965,exp_svm_spk_0001,SVM_CLOSED_SET,svm_closed_set_train,SVM_EXPERIMENTAL,data/embeddings/v2/svm_closed_set/svm_closed_set_train/9965.npy,192,0.99999994,887.412
16322,exp_svm_spk_0001,SVM_CLOSED_SET,svm_closed_set_train,SVM_EXPERIMENTAL,data/embeddings/v2/svm_closed_set/svm_closed_set_train/16322.npy,192,1.00000000,1894.255
12317,exp_svm_spk_0001,SVM_CLOSED_SET,svm_closed_set_train,SVM_EXPERIMENTAL,data/embeddings/v2/svm_closed_set/svm_closed_set_train/12317.npy,192,1.00000000,3627.681
9340,exp_svm_spk_0001,SVM_CLOSED_SET,svm_closed_set_train,SVM_EXPERIMENTAL,data/embeddings/v2/svm_closed_set/svm_closed_set_train/9340.npy,192,1.00000000,723.999
16699,exp_svm_spk_0001,SVM_CLOSED_SET,svm_closed_set_train,SVM_EXPERIMENTAL,data/embeddings/v2/svm_closed_set/svm_closed_set_train/16699.npy,192,1.00000000,1540.409
5520,exp_svm_spk_0001,SVM_CLOSED_SET,svm_closed_set_train,SVM_EXPERIMENTAL,data/embeddings/v2/svm_closed_set/svm_closed_set_train/5520.npy,192,0.99999994,1324.806
9817,exp_svm_spk_0001,SVM_CLOSED_SET,svm_closed_set_train,SVM_EXPERIMENTAL,data/embeddings/v2/svm_closed_set/svm_closed_set_train/9817.npy,192,1.00000000,1238.250
16160,exp_svm_spk_0001,SVM_CLOSED_SET,svm_closed_set_train,SVM_EXPERIMENTAL,data/embeddings/v2/svm_closed_set/svm_closed_set_train/16160.npy,192,1.00000000,573.612
6140,exp_svm_spk_0001,SVM_CLOSED_SET,svm_closed_set_train,SVM_EXPERIMENTAL,data/embeddings/v2/svm_closed_set/svm_closed_set_train/6140.npy,192,1.00000000,971.903
14971,exp_svm_spk_0001,SVM_CLOSED_SET,svm_closed_set_train,SVM_EXPERIMENTAL,data/embeddings/v2/svm_closed_set/svm_closed_set_train/14971.npy,192,0.99999994,2825.014
8463,exp_svm_spk_0001,SVM_CLOSED_SET,svm_closed_set_train,SVM_EXPERIMENTAL,data/embeddings/v2/svm_closed_set/svm_closed_set_train/8463.npy,192,0.99999994,2892.226
5282,exp_svm_spk_0001,SVM_CLOSED_SET,svm_closed_set_train,SVM_EXPERIMENTAL,data/embeddings/v2/svm_closed_set/svm_closed_set_train/5282.npy,192,0.99999994,994.458
1943,exp_svm_spk_0001,SVM_CLOSED_SET,svm_closed_set_train,SVM_EXPERIMENTAL,data/embeddings/v2/svm_closed_set/svm_closed_set_train/1943.npy,192,1.00000000,1589.560
12303,exp_svm_spk_0001,SVM_CLOSED_SET,svm_closed_set_train,SVM_EXPERIMENTAL,data/embeddings/v2/svm_closed_set/svm_closed_set_train/12303.npy,192,1.00000000,3450.506
5526,exp_svm_spk_0001,SVM_CLOSED_SET,svm_closed_set_train,SVM_EXPERIMENTAL,data/embeddings/v2/svm_closed_set/svm_closed_set_train/5526.npy,192,1.00000012,998.966
15219,exp_svm_spk_0001,SVM_CLOSED_SET,svm_closed_set_train,SVM_EXPERIMENTAL,data/embeddings/v2/svm_closed_set/svm_closed_set_train/15219.npy,192,1.00000000,1260.304
12439,exp_svm_spk_0001,SVM_CLOSED_SET,svm_closed_set_train,SVM_EXPERIMENTAL,data/embeddings/v2/svm_closed_set/svm_closed_set_train/12439.npy,192,0.99999994,1217.820
5393,exp_svm_spk_0001,SVM_CLOSED_SET,svm_closed_set_train,SVM_EXPERIMENTAL,data/embeddings/v2/svm_closed_set/svm_closed_set_train/5393.npy,192,1.00000000,1044.210
7201,exp_svm_spk_0001,SVM_CLOSED_SET,svm_closed_set_train,SVM_EXPERIMENTAL,data/embeddings/v2/svm_closed_set/svm_closed_set_train/7201.npy,192,0.99999994,865.296
3528,exp_svm_spk_0001,SVM_CLOSED_SET,svm_closed_set_train,SVM_EXPERIMENTAL,data/embeddings/v2/svm_closed_set/svm_closed_set_train/3528.npy,192,1.00000000,2874.768
13490,exp_svm_spk_0001,SVM_CLOSED_SET,svm_closed_set_train,SVM_EXPERIMENTAL,data/embeddings/v2/svm_closed_set/svm_closed_set_train/13490.npy,192,1.00000000,1835.347
6908,exp_svm_spk_0001,SVM_CLOSED_SET,svm_closed_set_train,SVM_EXPERIMENTAL,data/embeddings/v2/svm_closed_set/svm_closed_set_train/6908.npy,192,1.00000000,1087.989
5943,exp_svm_spk_0001,SVM_CLOSED_SET,svm_closed_set_train,SVM_EXPERIMENTAL,data/embeddings/v2/svm_closed_set/svm_closed_set_train/5943.npy,192,1.00000000,2203.630
4129,exp_svm_spk_0001,SVM_CLOSED_SET,svm_closed_set_train,SVM_EXPERIMENTAL,data/embeddings/v2/svm_closed_set/svm_closed_set_train/4129.npy,192,1.00000000,1029.360
13844,exp_svm_spk_0001,SVM_CLOSED_SET,svm_closed_set_train,SVM_EXPERIMENTAL,data/embeddings/v2/svm_closed_set/svm_closed_set_train/13844.npy,192,0.99999994,1476.712
2851,exp_svm_spk_0001,SVM_CLOSED_SET,svm_closed_set_train,SVM_EXPERIMENTAL,data/embeddings/v2/svm_closed_set/svm_closed_set_train/2851.npy,192,1.00000000,2727.341
15047,exp_svm_spk_0001,SVM_CLOSED_SET,svm_closed_set_train,SVM_EXPERIMENTAL,data/embeddings/v2/svm_closed_set/svm_closed_set_train/15047.npy,192,1.00000000,842.408
10865,exp_svm_spk_0001,SVM_CLOSED_SET,svm_closed_set_train,SVM_EXPERIMENTAL,data/embeddings/v2/svm_closed_set/svm_closed_set_train/10865.npy,192,1.00000000,610.647
2312,exp_svm_spk_0001,SVM_CLOSED_SET,svm_closed_set_train,SVM_EXPERIMENTAL,data/embeddings/v2/svm_closed_set/svm_closed_set_train/2312.npy,192,1.00000000,1019.561
8491,exp_svm_spk_0001,SVM_CLOSED_SET,svm_closed_set_train,SVM_EXPERIMENTAL,data/embeddings/v2/svm_closed_set/svm_closed_set_train/8491.npy,192,0.99999994,3650.397
5541,exp_svm_spk_0001,SVM_CLOSED_SET,svm_closed_set_train,SVM_EXPERIMENTAL,data/embeddings/v2/svm_closed_set/svm_closed_set_train/5541.npy,192,1.00000000,1006.512
15207,exp_svm_spk_0001,SVM_CLOSED_SET,svm_closed_set_train,SVM_EXPERIMENTAL,data/embeddings/v2/svm_closed_set/svm_closed_set_train/15207.npy,192,1.00000000,853.435
711,exp_svm_spk_0001,SVM_CLOSED_SET,svm_closed_set_train,SVM_EXPERIMENTAL,data/embeddings/v2/svm_closed_set/svm_closed_set_train/711.npy,192,0.99999994,1151.059
8207,exp_svm_spk_0001,SVM_CLOSED_SET,svm_closed_set_train,SVM_EXPERIMENTAL,data/embeddings/v2/svm_closed_set/svm_closed_set_train/8207.npy,192,1.00000000,3418.489
3589,exp_svm_spk_0001,SVM_CLOSED_SET,svm_closed_set_train,SVM_EXPERIMENTAL,data/embeddings/v2/svm_closed_set/svm_closed_set_train/3589.npy,192,1.00000000,838.873
3712,exp_svm_spk_0001,SVM_CLOSED_SET,svm_closed_set_train,SVM_EXPERIMENTAL,data/embeddings/v2/svm_closed_set/svm_closed_set_train/3712.npy,192,1.00000000,2564.275
6905,exp_svm_spk_0001,SVM_CLOSED_SET,svm_closed_set_train,SVM_EXPERIMENTAL,data/embeddings/v2/svm_closed_set/svm_closed_set_train/6905.npy,192,1.00000000,1370.685
4822,exp_svm_spk_0001,SVM_CLOSED_SET,svm_closed_set_train,SVM_EXPERIMENTAL,data/embeddings/v2/svm_closed_set/svm_closed_set_train/4822.npy,192,1.00000000,1915.449
13470,exp_svm_spk_0001,SVM_CLOSED_SET,svm_closed_set_train,SVM_EXPERIMENTAL,data/embeddings/v2/svm_closed_set/svm_closed_set_train/13470.npy,192,1.00000000,4473.356
9189,exp_svm_spk_0001,SVM_CLOSED_SET,svm_closed_set_train,SVM_EXPERIMENTAL,data/embeddings/v2/svm_closed_set/svm_closed_set_train/9189.npy,192,1.00000000,656.677
17102,exp_svm_spk_0001,SVM_CLOSED_SET,svm_closed_set_train,SVM_EXPERIMENTAL,data/embeddings/v2/svm_closed_set/svm_closed_set_train/17102.npy,192,1.00000000,572.814
2003,exp_svm_spk_0001,SVM_CLOSED_SET,svm_closed_set_train,SVM_EXPERIMENTAL,data/embeddings/v2/svm_closed_set/svm_closed_set_train/2003.npy,192,1.00000000,581.245
17017,exp_svm_spk_0001,SVM_CLOSED_SET,svm_closed_set_train,SVM_EXPERIMENTAL,data/embeddings/v2/svm_closed_set/svm_closed_set_train/17017.npy,192,1.00000000,2636.261
7999,exp_svm_spk_0001,SVM_CLOSED_SET,svm_closed_set_train,SVM_EXPERIMENTAL,data/embeddings/v2/svm_closed_set/svm_closed_set_train/7999.npy,192,0.99999994,1634.634
12107,exp_svm_spk_0001,SVM_CLOSED_SET,svm_closed_set_train,SVM_EXPERIMENTAL,data/embeddings/v2/svm_closed_set/svm_closed_set_train/12107.npy,192,1.00000000,3623.549
8133,exp_svm_spk_0001,SVM_CLOSED_SET,svm_closed_set_train,SVM_EXPERIMENTAL,data/embeddings/v2/svm_closed_set/svm_closed_set_train/8133.npy,192,0.99999988,1029.630
12950,exp_svm_spk_0001,SVM_CLOSED_SET,svm_closed_set_train,SVM_EXPERIMENTAL,data/embeddings/v2/svm_closed_set/svm_closed_set_train/12950.npy,192,1.00000000,1604.200
11928,exp_svm_spk_0001,SVM_CLOSED_SET,svm_closed_set_train,SVM_EXPERIMENTAL,data/embeddings/v2/svm_closed_set/svm_closed_set_train/11928.npy,192,1.00000000,3119.117
16512,exp_svm_spk_0001,SVM_CLOSED_SET,svm_closed_set_train,SVM_EXPERIMENTAL,data/embeddings/v2/svm_closed_set/svm_closed_set_train/16512.npy,192,0.99999988,2523.740
15558,exp_svm_spk_0001,SVM_CLOSED_SET,svm_closed_set_train,SVM_EXPERIMENTAL,data/embeddings/v2/svm_closed_set/svm_closed_set_train/15558.npy,192,0.99999994,2056.236
5476,exp_svm_spk_0002,SVM_CLOSED_SET,svm_closed_set_train,SVM_EXPERIMENTAL,data/embeddings/v2/svm_closed_set/svm_closed_set_train/5476.npy,192,0.99999994,618.309
7345,exp_svm_spk_0002,SVM_CLOSED_SET,svm_closed_set_train,SVM_EXPERIMENTAL,data/embeddings/v2/svm_closed_set/svm_closed_set_train/7345.npy,192,1.00000000,1926.580
6483,exp_svm_spk_0002,SVM_CLOSED_SET,svm_closed_set_train,SVM_EXPERIMENTAL,data/embeddings/v2/svm_closed_set/svm_closed_set_train/6483.npy,192,1.00000000,726.392
11596,exp_svm_spk_0002,SVM_CLOSED_SET,svm_closed_set_train,SVM_EXPERIMENTAL,data/embeddings/v2/svm_closed_set/svm_closed_set_train/11596.npy,192,1.00000012,2308.490
12593,exp_svm_spk_0002,SVM_CLOSED_SET,svm_closed_set_train,SVM_EXPERIMENTAL,data/embeddings/v2/svm_closed_set/svm_closed_set_train/12593.npy,192,1.00000000,1028.607
12956,exp_svm_spk_0002,SVM_CLOSED_SET,svm_closed_set_train,SVM_EXPERIMENTAL,data/embeddings/v2/svm_closed_set/svm_closed_set_train/12956.npy,192,0.99999994,871.195
11621,exp_svm_spk_0002,SVM_CLOSED_SET,svm_closed_set_train,SVM_EXPERIMENTAL,data/embeddings/v2/svm_closed_set/svm_closed_set_train/11621.npy,192,1.00000000,831.286
13231,exp_svm_spk_0002,SVM_CLOSED_SET,svm_closed_set_train,SVM_EXPERIMENTAL,data/embeddings/v2/svm_closed_set/svm_closed_set_train/13231.npy,192,1.00000000,3247.387
12891,exp_svm_spk_0002,SVM_CLOSED_SET,svm_closed_set_train,SVM_EXPERIMENTAL,data/embeddings/v2/svm_closed_set/svm_closed_set_train/12891.npy,192,1.00000012,1312.946
3602,exp_svm_spk_0002,SVM_CLOSED_SET,svm_closed_set_train,SVM_EXPERIMENTAL,data/embeddings/v2/svm_closed_set/svm_closed_set_train/3602.npy,192,1.00000000,1600.293
737,exp_svm_spk_0002,SVM_CLOSED_SET,svm_closed_set_train,SVM_EXPERIMENTAL,data/embeddings/v2/svm_closed_set/svm_closed_set_train/737.npy,192,1.00000000,1746.141
13510,exp_svm_spk_0002,SVM_CLOSED_SET,svm_closed_set_train,SVM_EXPERIMENTAL,data/embeddings/v2/svm_closed_set/svm_closed_set_train/13510.npy,192,0.99999988,1782.285
16303,exp_svm_spk_0002,SVM_CLOSED_SET,svm_closed_set_train,SVM_EXPERIMENTAL,data/embeddings/v2/svm_closed_set/svm_closed_set_train/16303.npy,192,1.00000000,1623.871
16176,exp_svm_spk_0002,SVM_CLOSED_SET,svm_closed_set_train,SVM_EXPERIMENTAL,data/embeddings/v2/svm_closed_set/svm_closed_set_train/16176.npy,192,1.00000000,1104.478
74,exp_svm_spk_0002,SVM_CLOSED_SET,svm_closed_set_train,SVM_EXPERIMENTAL,data/embeddings/v2/svm_closed_set/svm_closed_set_train/74.npy,192,1.00000000,1273.383
12886,exp_svm_spk_0002,SVM_CLOSED_SET,svm_closed_set_train,SVM_EXPERIMENTAL,data/embeddings/v2/svm_closed_set/svm_closed_set_train/12886.npy,192,1.00000000,1993.588
3865,exp_svm_spk_0002,SVM_CLOSED_SET,svm_closed_set_train,SVM_EXPERIMENTAL,data/embeddings/v2/svm_closed_set/svm_closed_set_train/3865.npy,192,1.00000000,1179.004
8755,exp_svm_spk_0002,SVM_CLOSED_SET,svm_closed_set_train,SVM_EXPERIMENTAL,data/embeddings/v2/svm_closed_set/svm_closed_set_train/8755.npy,192,1.00000000,2784.717
15215,exp_svm_spk_0002,SVM_CLOSED_SET,svm_closed_set_train,SVM_EXPERIMENTAL,data/embeddings/v2/svm_closed_set/svm_closed_set_train/15215.npy,192,0.99999994,1095.011
8446,exp_svm_spk_0002,SVM_CLOSED_SET,svm_closed_set_train,SVM_EXPERIMENTAL,data/embeddings/v2/svm_closed_set/svm_closed_set_train/8446.npy,192,1.00000000,1915.297
11169,exp_svm_spk_0002,SVM_CLOSED_SET,svm_closed_set_train,SVM_EXPERIMENTAL,data/embeddings/v2/svm_closed_set/svm_closed_set_train/11169.npy,192,0.99999994,1674.927
6603,exp_svm_spk_0002,SVM_CLOSED_SET,svm_closed_set_train,SVM_EXPERIMENTAL,data/embeddings/v2/svm_closed_set/svm_closed_set_train/6603.npy,192,0.99999994,1203.633
5064,exp_svm_spk_0002,SVM_CLOSED_SET,svm_closed_set_train,SVM_EXPERIMENTAL,data/embeddings/v2/svm_closed_set/svm_closed_set_train/5064.npy,192,1.00000000,850.504
10412,exp_svm_spk_0002,SVM_CLOSED_SET,svm_closed_set_train,SVM_EXPERIMENTAL,data/embeddings/v2/svm_closed_set/svm_closed_set_train/10412.npy,192,0.99999994,971.009
5684,exp_svm_spk_0002,SVM_CLOSED_SET,svm_closed_set_train,SVM_EXPERIMENTAL,data/embeddings/v2/svm_closed_set/svm_closed_set_train/5684.npy,192,1.00000000,565.698
11699,exp_svm_spk_0002,SVM_CLOSED_SET,svm_closed_set_train,SVM_EXPERIMENTAL,data/embeddings/v2/svm_closed_set/svm_closed_set_train/11699.npy,192,1.00000012,1815.422
1210,exp_svm_spk_0002,SVM_CLOSED_SET,svm_closed_set_train,SVM_EXPERIMENTAL,data/embeddings/v2/svm_closed_set/svm_closed_set_train/1210.npy,192,0.99999988,747.198
5094,exp_svm_spk_0002,SVM_CLOSED_SET,svm_closed_set_train,SVM_EXPERIMENTAL,data/embeddings/v2/svm_closed_set/svm_closed_set_train/5094.npy,192,1.00000000,549.223
16249,exp_svm_spk_0002,SVM_CLOSED_SET,svm_closed_set_train,SVM_EXPERIMENTAL,data/embeddings/v2/svm_closed_set/svm_closed_set_train/16249.npy,192,1.00000000,1084.154
4697,exp_svm_spk_0002,SVM_CLOSED_SET,svm_closed_set_train,SVM_EXPERIMENTAL,data/embeddings/v2/svm_closed_set/svm_closed_set_train/4697.npy,192,1.00000000,655.572
11509,exp_svm_spk_0002,SVM_CLOSED_SET,svm_closed_set_train,SVM_EXPERIMENTAL,data/embeddings/v2/svm_closed_set/svm_closed_set_train/11509.npy,192,1.00000000,759.756
14764,exp_svm_spk_0002,SVM_CLOSED_SET,svm_closed_set_train,SVM_EXPERIMENTAL,data/embeddings/v2/svm_closed_set/svm_closed_set_train/14764.npy,192,1.00000000,813.023
14774,exp_svm_spk_0002,SVM_CLOSED_SET,svm_closed_set_train,SVM_EXPERIMENTAL,data/embeddings/v2/svm_closed_set/svm_closed_set_train/14774.npy,192,1.00000000,1166.545
5990,exp_svm_spk_0002,SVM_CLOSED_SET,svm_closed_set_train,SVM_EXPERIMENTAL,data/embeddings/v2/svm_closed_set/svm_closed_set_train/5990.npy,192,0.99999988,741.079
15301,exp_svm_spk_0002,SVM_CLOSED_SET,svm_closed_set_train,SVM_EXPERIMENTAL,data/embeddings/v2/svm_closed_set/svm_closed_set_train/15301.npy,192,1.00000000,864.838
1327,exp_svm_spk_0002,SVM_CLOSED_SET,svm_closed_set_train,SVM_EXPERIMENTAL,data/embeddings/v2/svm_closed_set/svm_closed_set_train/1327.npy,192,0.99999994,1936.814
6985,exp_svm_spk_0002,SVM_CLOSED_SET,svm_closed_set_train,SVM_EXPERIMENTAL,data/embeddings/v2/svm_closed_set/svm_closed_set_train/6985.npy,192,0.99999994,2224.010
12438,exp_svm_spk_0002,SVM_CLOSED_SET,svm_closed_set_train,SVM_EXPERIMENTAL,data/embeddings/v2/svm_closed_set/svm_closed_set_train/12438.npy,192,1.00000000,697.724
15903,exp_svm_spk_0002,SVM_CLOSED_SET,svm_closed_set_train,SVM_EXPERIMENTAL,data/embeddings/v2/svm_closed_set/svm_closed_set_train/15903.npy,192,1.00000000,776.122
6482,exp_svm_spk_0002,SVM_CLOSED_SET,svm_closed_set_train,SVM_EXPERIMENTAL,data/embeddings/v2/svm_closed_set/svm_closed_set_train/6482.npy,192,1.00000000,1177.651
803,exp_svm_spk_0002,SVM_CLOSED_SET,svm_closed_set_train,SVM_EXPERIMENTAL,data/embeddings/v2/svm_closed_set/svm_closed_set_train/803.npy,192,0.99999988,721.119
10138,exp_svm_spk_0002,SVM_CLOSED_SET,svm_closed_set_train,SVM_EXPERIMENTAL,data/embeddings/v2/svm_closed_set/svm_closed_set_train/10138.npy,192,1.00000000,1537.182
5567,exp_svm_spk_0002,SVM_CLOSED_SET,svm_closed_set_train,SVM_EXPERIMENTAL,data/embeddings/v2/svm_closed_set/svm_closed_set_train/5567.npy,192,1.00000000,1214.206
8938,exp_svm_spk_0002,SVM_CLOSED_SET,svm_closed_set_train,SVM_EXPERIMENTAL,data/embeddings/v2/svm_closed_set/svm_closed_set_train/8938.npy,192,1.00000000,1051.395
12178,exp_svm_spk_0002,SVM_CLOSED_SET,svm_closed_set_train,SVM_EXPERIMENTAL,data/embeddings/v2/svm_closed_set/svm_closed_set_train/12178.npy,192,1.00000000,1381.771
10037,exp_svm_spk_0002,SVM_CLOSED_SET,svm_closed_set_train,SVM_EXPERIMENTAL,data/embeddings/v2/svm_closed_set/svm_closed_set_train/10037.npy,192,1.00000000,1365.343
5968,exp_svm_spk_0002,SVM_CLOSED_SET,svm_closed_set_train,SVM_EXPERIMENTAL,data/embeddings/v2/svm_closed_set/svm_closed_set_train/5968.npy,192,1.00000000,2668.240
16244,exp_svm_spk_0002,SVM_CLOSED_SET,svm_closed_set_train,SVM_EXPERIMENTAL,data/embeddings/v2/svm_closed_set/svm_closed_set_train/16244.npy,192,0.99999994,784.965
15319,exp_svm_spk_0002,SVM_CLOSED_SET,svm_closed_set_train,SVM_EXPERIMENTAL,data/embeddings/v2/svm_closed_set/svm_closed_set_train/15319.npy,192,1.00000000,431.677
15272,exp_svm_spk_0002,SVM_CLOSED_SET,svm_closed_set_train,SVM_EXPERIMENTAL,data/embeddings/v2/svm_closed_set/svm_closed_set_train/15272.npy,192,0.99999994,1316.847
2157,exp_svm_spk_0002,SVM_CLOSED_SET,svm_closed_set_train,SVM_EXPERIMENTAL,data/embeddings/v2/svm_closed_set/svm_closed_set_train/2157.npy,192,1.00000000,1404.954
9325,exp_svm_spk_0002,SVM_CLOSED_SET,svm_closed_set_train,SVM_EXPERIMENTAL,data/embeddings/v2/svm_closed_set/svm_closed_set_train/9325.npy,192,0.99999994,573.119
11849,exp_svm_spk_0002,SVM_CLOSED_SET,svm_closed_set_train,SVM_EXPERIMENTAL,data/embeddings/v2/svm_closed_set/svm_closed_set_train/11849.npy,192,0.99999994,1057.967
4501,exp_svm_spk_0002,SVM_CLOSED_SET,svm_closed_set_train,SVM_EXPERIMENTAL,data/embeddings/v2/svm_closed_set/svm_closed_set_train/4501.npy,192,1.00000000,1516.738
13063,exp_svm_spk_0002,SVM_CLOSED_SET,svm_closed_set_train,SVM_EXPERIMENTAL,data/embeddings/v2/svm_closed_set/svm_closed_set_train/13063.npy,192,1.00000000,1720.283
13139,exp_svm_spk_0002,SVM_CLOSED_SET,svm_closed_set_train,SVM_EXPERIMENTAL,data/embeddings/v2/svm_closed_set/svm_closed_set_train/13139.npy,192,0.99999994,569.364
10627,exp_svm_spk_0002,SVM_CLOSED_SET,svm_closed_set_train,SVM_EXPERIMENTAL,data/embeddings/v2/svm_closed_set/svm_closed_set_train/10627.npy,192,1.00000000,1111.988
13011,exp_svm_spk_0002,SVM_CLOSED_SET,svm_closed_set_train,SVM_EXPERIMENTAL,data/embeddings/v2/svm_closed_set/svm_closed_set_train/13011.npy,192,0.99999994,1199.232
582,exp_svm_spk_0002,SVM_CLOSED_SET,svm_closed_set_train,SVM_EXPERIMENTAL,data/embeddings/v2/svm_closed_set/svm_closed_set_train/582.npy,192,0.99999994,1048.536
16214,exp_svm_spk_0002,SVM_CLOSED_SET,svm_closed_set_train,SVM_EXPERIMENTAL,data/embeddings/v2/svm_closed_set/svm_closed_set_train/16214.npy,192,1.00000000,1430.677
8863,exp_svm_spk_0002,SVM_CLOSED_SET,svm_closed_set_train,SVM_EXPERIMENTAL,data/embeddings/v2/svm_closed_set/svm_closed_set_train/8863.npy,192,0.99999994,1093.647
11332,exp_svm_spk_0002,SVM_CLOSED_SET,svm_closed_set_train,SVM_EXPERIMENTAL,data/embeddings/v2/svm_closed_set/svm_closed_set_train/11332.npy,192,0.99999994,1170.666
15388,exp_svm_spk_0002,SVM_CLOSED_SET,svm_closed_set_train,SVM_EXPERIMENTAL,data/embeddings/v2/svm_closed_set/svm_closed_set_train/15388.npy,192,1.00000000,776.440
11324,exp_svm_spk_0002,SVM_CLOSED_SET,svm_closed_set_train,SVM_EXPERIMENTAL,data/embeddings/v2/svm_closed_set/svm_closed_set_train/11324.npy,192,1.00000000,535.606
15583,exp_svm_spk_0002,SVM_CLOSED_SET,svm_closed_set_train,SVM_EXPERIMENTAL,data/embeddings/v2/svm_closed_set/svm_closed_set_train/15583.npy,192,1.00000000,1110.776
13038,exp_svm_spk_0002,SVM_CLOSED_SET,svm_closed_set_train,SVM_EXPERIMENTAL,data/embeddings/v2/svm_closed_set/svm_closed_set_train/13038.npy,192,0.99999994,1785.612
112,exp_svm_spk_0002,SVM_CLOSED_SET,svm_closed_set_train,SVM_EXPERIMENTAL,data/embeddings/v2/svm_closed_set/svm_closed_set_train/112.npy,192,1.00000000,1415.984
3340,exp_svm_spk_0002,SVM_CLOSED_SET,svm_closed_set_train,SVM_EXPERIMENTAL,data/embeddings/v2/svm_closed_set/svm_closed_set_train/3340.npy,192,1.00000012,1665.421
9778,exp_svm_spk_0002,SVM_CLOSED_SET,svm_closed_set_train,SVM_EXPERIMENTAL,data/embeddings/v2/svm_closed_set/svm_closed_set_train/9778.npy,192,1.00000000,1477.947
8323,exp_svm_spk_0002,SVM_CLOSED_SET,svm_closed_set_train,SVM_EXPERIMENTAL,data/embeddings/v2/svm_closed_set/svm_closed_set_train/8323.npy,192,0.99999994,664.762
15695,exp_svm_spk_0002,SVM_CLOSED_SET,svm_closed_set_train,SVM_EXPERIMENTAL,data/embeddings/v2/svm_closed_set/svm_closed_set_train/15695.npy,192,1.00000000,1445.468
7804,exp_svm_spk_0003,SVM_CLOSED_SET,svm_closed_set_train,SVM_EXPERIMENTAL,data/embeddings/v2/svm_closed_set/svm_closed_set_train/7804.npy,192,1.00000000,1620.163
6675,exp_svm_spk_0003,SVM_CLOSED_SET,svm_closed_set_train,SVM_EXPERIMENTAL,data/embeddings/v2/svm_closed_set/svm_closed_set_train/6675.npy,192,1.00000000,1834.139
10301,exp_svm_spk_0003,SVM_CLOSED_SET,svm_closed_set_train,SVM_EXPERIMENTAL,data/embeddings/v2/svm_closed_set/svm_closed_set_train/10301.npy,192,0.99999988,1125.850
13185,exp_svm_spk_0003,SVM_CLOSED_SET,svm_closed_set_train,SVM_EXPERIMENTAL,data/embeddings/v2/svm_closed_set/svm_closed_set_train/13185.npy,192,1.00000000,1396.639
12872,exp_svm_spk_0003,SVM_CLOSED_SET,svm_closed_set_train,SVM_EXPERIMENTAL,data/embeddings/v2/svm_closed_set/svm_closed_set_train/12872.npy,192,1.00000000,1435.429
3123,exp_svm_spk_0003,SVM_CLOSED_SET,svm_closed_set_train,SVM_EXPERIMENTAL,data/embeddings/v2/svm_closed_set/svm_closed_set_train/3123.npy,192,1.00000000,941.946
1678,exp_svm_spk_0003,SVM_CLOSED_SET,svm_closed_set_train,SVM_EXPERIMENTAL,data/embeddings/v2/svm_closed_set/svm_closed_set_train/1678.npy,192,1.00000000,2616.545
2932,exp_svm_spk_0003,SVM_CLOSED_SET,svm_closed_set_train,SVM_EXPERIMENTAL,data/embeddings/v2/svm_closed_set/svm_closed_set_train/2932.npy,192,0.99999994,1370.334
9593,exp_svm_spk_0003,SVM_CLOSED_SET,svm_closed_set_train,SVM_EXPERIMENTAL,data/embeddings/v2/svm_closed_set/svm_closed_set_train/9593.npy,192,1.00000000,2166.998
9816,exp_svm_spk_0003,SVM_CLOSED_SET,svm_closed_set_train,SVM_EXPERIMENTAL,data/embeddings/v2/svm_closed_set/svm_closed_set_train/9816.npy,192,1.00000000,1245.953
2814,exp_svm_spk_0003,SVM_CLOSED_SET,svm_closed_set_train,SVM_EXPERIMENTAL,data/embeddings/v2/svm_closed_set/svm_closed_set_train/2814.npy,192,1.00000000,1028.904
8802,exp_svm_spk_0003,SVM_CLOSED_SET,svm_closed_set_train,SVM_EXPERIMENTAL,data/embeddings/v2/svm_closed_set/svm_closed_set_train/8802.npy,192,1.00000000,639.654
8046,exp_svm_spk_0003,SVM_CLOSED_SET,svm_closed_set_train,SVM_EXPERIMENTAL,data/embeddings/v2/svm_closed_set/svm_closed_set_train/8046.npy,192,1.00000000,1815.722
7620,exp_svm_spk_0003,SVM_CLOSED_SET,svm_closed_set_train,SVM_EXPERIMENTAL,data/embeddings/v2/svm_closed_set/svm_closed_set_train/7620.npy,192,0.99999994,1178.735
2419,exp_svm_spk_0003,SVM_CLOSED_SET,svm_closed_set_train,SVM_EXPERIMENTAL,data/embeddings/v2/svm_closed_set/svm_closed_set_train/2419.npy,192,1.00000000,1875.632
11740,exp_svm_spk_0003,SVM_CLOSED_SET,svm_closed_set_train,SVM_EXPERIMENTAL,data/embeddings/v2/svm_closed_set/svm_closed_set_train/11740.npy,192,0.99999994,739.767
2467,exp_svm_spk_0003,SVM_CLOSED_SET,svm_closed_set_train,SVM_EXPERIMENTAL,data/embeddings/v2/svm_closed_set/svm_closed_set_train/2467.npy,192,1.00000000,1704.063
3954,exp_svm_spk_0003,SVM_CLOSED_SET,svm_closed_set_train,SVM_EXPERIMENTAL,data/embeddings/v2/svm_closed_set/svm_closed_set_train/3954.npy,192,1.00000000,1129.350
12076,exp_svm_spk_0003,SVM_CLOSED_SET,svm_closed_set_train,SVM_EXPERIMENTAL,data/embeddings/v2/svm_closed_set/svm_closed_set_train/12076.npy,192,0.99999994,2203.526
9004,exp_svm_spk_0003,SVM_CLOSED_SET,svm_closed_set_train,SVM_EXPERIMENTAL,data/embeddings/v2/svm_closed_set/svm_closed_set_train/9004.npy,192,1.00000000,1540.729
9822,exp_svm_spk_0003,SVM_CLOSED_SET,svm_closed_set_train,SVM_EXPERIMENTAL,data/embeddings/v2/svm_closed_set/svm_closed_set_train/9822.npy,192,1.00000000,1882.344
3242,exp_svm_spk_0003,SVM_CLOSED_SET,svm_closed_set_train,SVM_EXPERIMENTAL,data/embeddings/v2/svm_closed_set/svm_closed_set_train/3242.npy,192,0.99999994,1063.142
12505,exp_svm_spk_0003,SVM_CLOSED_SET,svm_closed_set_train,SVM_EXPERIMENTAL,data/embeddings/v2/svm_closed_set/svm_closed_set_train/12505.npy,192,1.00000000,1771.554
10143,exp_svm_spk_0003,SVM_CLOSED_SET,svm_closed_set_train,SVM_EXPERIMENTAL,data/embeddings/v2/svm_closed_set/svm_closed_set_train/10143.npy,192,1.00000000,1473.983
1027,exp_svm_spk_0003,SVM_CLOSED_SET,svm_closed_set_train,SVM_EXPERIMENTAL,data/embeddings/v2/svm_closed_set/svm_closed_set_train/1027.npy,192,1.00000000,1303.923
2009,exp_svm_spk_0003,SVM_CLOSED_SET,svm_closed_set_train,SVM_EXPERIMENTAL,data/embeddings/v2/svm_closed_set/svm_closed_set_train/2009.npy,192,1.00000000,1820.702
8101,exp_svm_spk_0003,SVM_CLOSED_SET,svm_closed_set_train,SVM_EXPERIMENTAL,data/embeddings/v2/svm_closed_set/svm_closed_set_train/8101.npy,192,1.00000000,1317.294
17121,exp_svm_spk_0003,SVM_CLOSED_SET,svm_closed_set_train,SVM_EXPERIMENTAL,data/embeddings/v2/svm_closed_set/svm_closed_set_train/17121.npy,192,1.00000000,2040.957
16709,exp_svm_spk_0003,SVM_CLOSED_SET,svm_closed_set_train,SVM_EXPERIMENTAL,data/embeddings/v2/svm_closed_set/svm_closed_set_train/16709.npy,192,1.00000000,1712.970
14346,exp_svm_spk_0003,SVM_CLOSED_SET,svm_closed_set_train,SVM_EXPERIMENTAL,data/embeddings/v2/svm_closed_set/svm_closed_set_train/14346.npy,192,0.99999994,1480.653
2187,exp_svm_spk_0003,SVM_CLOSED_SET,svm_closed_set_train,SVM_EXPERIMENTAL,data/embeddings/v2/svm_closed_set/svm_closed_set_train/2187.npy,192,1.00000000,1836.802
16723,exp_svm_spk_0003,SVM_CLOSED_SET,svm_closed_set_train,SVM_EXPERIMENTAL,data/embeddings/v2/svm_closed_set/svm_closed_set_train/16723.npy,192,1.00000000,1583.783
14819,exp_svm_spk_0003,SVM_CLOSED_SET,svm_closed_set_train,SVM_EXPERIMENTAL,data/embeddings/v2/svm_closed_set/svm_closed_set_train/14819.npy,192,1.00000000,1283.042
6044,exp_svm_spk_0003,SVM_CLOSED_SET,svm_closed_set_train,SVM_EXPERIMENTAL,data/embeddings/v2/svm_closed_set/svm_closed_set_train/6044.npy,192,1.00000000,1671.339
345,exp_svm_spk_0003,SVM_CLOSED_SET,svm_closed_set_train,SVM_EXPERIMENTAL,data/embeddings/v2/svm_closed_set/svm_closed_set_train/345.npy,192,1.00000000,1455.174
10017,exp_svm_spk_0003,SVM_CLOSED_SET,svm_closed_set_train,SVM_EXPERIMENTAL,data/embeddings/v2/svm_closed_set/svm_closed_set_train/10017.npy,192,1.00000000,1029.912
5782,exp_svm_spk_0003,SVM_CLOSED_SET,svm_closed_set_train,SVM_EXPERIMENTAL,data/embeddings/v2/svm_closed_set/svm_closed_set_train/5782.npy,192,1.00000000,889.798
9968,exp_svm_spk_0003,SVM_CLOSED_SET,svm_closed_set_train,SVM_EXPERIMENTAL,data/embeddings/v2/svm_closed_set/svm_closed_set_train/9968.npy,192,0.99999994,1942.899
4538,exp_svm_spk_0003,SVM_CLOSED_SET,svm_closed_set_train,SVM_EXPERIMENTAL,data/embeddings/v2/svm_closed_set/svm_closed_set_train/4538.npy,192,1.00000000,1796.729
11654,exp_svm_spk_0003,SVM_CLOSED_SET,svm_closed_set_train,SVM_EXPERIMENTAL,data/embeddings/v2/svm_closed_set/svm_closed_set_train/11654.npy,192,1.00000000,2462.718
53,exp_svm_spk_0003,SVM_CLOSED_SET,svm_closed_set_train,SVM_EXPERIMENTAL,data/embeddings/v2/svm_closed_set/svm_closed_set_train/53.npy,192,1.00000000,2884.861
9874,exp_svm_spk_0003,SVM_CLOSED_SET,svm_closed_set_train,SVM_EXPERIMENTAL,data/embeddings/v2/svm_closed_set/svm_closed_set_train/9874.npy,192,1.00000000,1858.342
689,exp_svm_spk_0003,SVM_CLOSED_SET,svm_closed_set_train,SVM_EXPERIMENTAL,data/embeddings/v2/svm_closed_set/svm_closed_set_train/689.npy,192,1.00000000,1947.572
8800,exp_svm_spk_0003,SVM_CLOSED_SET,svm_closed_set_train,SVM_EXPERIMENTAL,data/embeddings/v2/svm_closed_set/svm_closed_set_train/8800.npy,192,0.99999994,1420.259
11906,exp_svm_spk_0003,SVM_CLOSED_SET,svm_closed_set_train,SVM_EXPERIMENTAL,data/embeddings/v2/svm_closed_set/svm_closed_set_train/11906.npy,192,1.00000000,972.263
4603,exp_svm_spk_0003,SVM_CLOSED_SET,svm_closed_set_train,SVM_EXPERIMENTAL,data/embeddings/v2/svm_closed_set/svm_closed_set_train/4603.npy,192,0.99999994,1186.025
15379,exp_svm_spk_0003,SVM_CLOSED_SET,svm_closed_set_train,SVM_EXPERIMENTAL,data/embeddings/v2/svm_closed_set/svm_closed_set_train/15379.npy,192,1.00000000,1594.479
15863,exp_svm_spk_0003,SVM_CLOSED_SET,svm_closed_set_train,SVM_EXPERIMENTAL,data/embeddings/v2/svm_closed_set/svm_closed_set_train/15863.npy,192,1.00000000,2061.753
5672,exp_svm_spk_0003,SVM_CLOSED_SET,svm_closed_set_train,SVM_EXPERIMENTAL,data/embeddings/v2/svm_closed_set/svm_closed_set_train/5672.npy,192,1.00000000,995.228
6613,exp_svm_spk_0003,SVM_CLOSED_SET,svm_closed_set_train,SVM_EXPERIMENTAL,data/embeddings/v2/svm_closed_set/svm_closed_set_train/6613.npy,192,0.99999994,649.934
15533,exp_svm_spk_0003,SVM_CLOSED_SET,svm_closed_set_train,SVM_EXPERIMENTAL,data/embeddings/v2/svm_closed_set/svm_closed_set_train/15533.npy,192,0.99999994,3805.589
5004,exp_svm_spk_0003,SVM_CLOSED_SET,svm_closed_set_train,SVM_EXPERIMENTAL,data/embeddings/v2/svm_closed_set/svm_closed_set_train/5004.npy,192,0.99999994,891.067
7486,exp_svm_spk_0003,SVM_CLOSED_SET,svm_closed_set_train,SVM_EXPERIMENTAL,data/embeddings/v2/svm_closed_set/svm_closed_set_train/7486.npy,192,1.00000000,1336.208
2125,exp_svm_spk_0003,SVM_CLOSED_SET,svm_closed_set_train,SVM_EXPERIMENTAL,data/embeddings/v2/svm_closed_set/svm_closed_set_train/2125.npy,192,0.99999994,3135.237
8609,exp_svm_spk_0003,SVM_CLOSED_SET,svm_closed_set_train,SVM_EXPERIMENTAL,data/embeddings/v2/svm_closed_set/svm_closed_set_train/8609.npy,192,1.00000000,1137.879
13462,exp_svm_spk_0003,SVM_CLOSED_SET,svm_closed_set_train,SVM_EXPERIMENTAL,data/embeddings/v2/svm_closed_set/svm_closed_set_train/13462.npy,192,1.00000000,674.860
14987,exp_svm_spk_0003,SVM_CLOSED_SET,svm_closed_set_train,SVM_EXPERIMENTAL,data/embeddings/v2/svm_closed_set/svm_closed_set_train/14987.npy,192,1.00000000,2172.587
8061,exp_svm_spk_0003,SVM_CLOSED_SET,svm_closed_set_train,SVM_EXPERIMENTAL,data/embeddings/v2/svm_closed_set/svm_closed_set_train/8061.npy,192,0.99999994,748.440
14704,exp_svm_spk_0003,SVM_CLOSED_SET,svm_closed_set_train,SVM_EXPERIMENTAL,data/embeddings/v2/svm_closed_set/svm_closed_set_train/14704.npy,192,1.00000000,1016.833
8752,exp_svm_spk_0003,SVM_CLOSED_SET,svm_closed_set_train,SVM_EXPERIMENTAL,data/embeddings/v2/svm_closed_set/svm_closed_set_train/8752.npy,192,1.00000000,1403.588
3940,exp_svm_spk_0003,SVM_CLOSED_SET,svm_closed_set_train,SVM_EXPERIMENTAL,data/embeddings/v2/svm_closed_set/svm_closed_set_train/3940.npy,192,1.00000000,1856.788
14397,exp_svm_spk_0003,SVM_CLOSED_SET,svm_closed_set_train,SVM_EXPERIMENTAL,data/embeddings/v2/svm_closed_set/svm_closed_set_train/14397.npy,192,0.99999994,1716.081
9453,exp_svm_spk_0003,SVM_CLOSED_SET,svm_closed_set_train,SVM_EXPERIMENTAL,data/embeddings/v2/svm_closed_set/svm_closed_set_train/9453.npy,192,0.99999994,1775.592
11624,exp_svm_spk_0003,SVM_CLOSED_SET,svm_closed_set_train,SVM_EXPERIMENTAL,data/embeddings/v2/svm_closed_set/svm_closed_set_train/11624.npy,192,1.00000000,2225.930
6079,exp_svm_spk_0003,SVM_CLOSED_SET,svm_closed_set_train,SVM_EXPERIMENTAL,data/embeddings/v2/svm_closed_set/svm_closed_set_train/6079.npy,192,1.00000000,510.334
3649,exp_svm_spk_0003,SVM_CLOSED_SET,svm_closed_set_train,SVM_EXPERIMENTAL,data/embeddings/v2/svm_closed_set/svm_closed_set_train/3649.npy,192,1.00000000,1020.632
2323,exp_svm_spk_0003,SVM_CLOSED_SET,svm_closed_set_train,SVM_EXPERIMENTAL,data/embeddings/v2/svm_closed_set/svm_closed_set_train/2323.npy,192,1.00000000,906.005
562,exp_svm_spk_0004,SVM_CLOSED_SET,svm_closed_set_train,SVM_EXPERIMENTAL,data/embeddings/v2/svm_closed_set/svm_closed_set_train/562.npy,192,0.99999994,1099.263
11876,exp_svm_spk_0004,SVM_CLOSED_SET,svm_closed_set_train,SVM_EXPERIMENTAL,data/embeddings/v2/svm_closed_set/svm_closed_set_train/11876.npy,192,1.00000000,861.480
616,exp_svm_spk_0004,SVM_CLOSED_SET,svm_closed_set_train,SVM_EXPERIMENTAL,data/embeddings/v2/svm_closed_set/svm_closed_set_train/616.npy,192,0.99999994,918.574
12119,exp_svm_spk_0004,SVM_CLOSED_SET,svm_closed_set_train,SVM_EXPERIMENTAL,data/embeddings/v2/svm_closed_set/svm_closed_set_train/12119.npy,192,1.00000000,761.510
12768,exp_svm_spk_0004,SVM_CLOSED_SET,svm_closed_set_train,SVM_EXPERIMENTAL,data/embeddings/v2/svm_closed_set/svm_closed_set_train/12768.npy,192,1.00000000,919.756
8697,exp_svm_spk_0004,SVM_CLOSED_SET,svm_closed_set_train,SVM_EXPERIMENTAL,data/embeddings/v2/svm_closed_set/svm_closed_set_train/8697.npy,192,1.00000000,1129.177
16885,exp_svm_spk_0004,SVM_CLOSED_SET,svm_closed_set_train,SVM_EXPERIMENTAL,data/embeddings/v2/svm_closed_set/svm_closed_set_train/16885.npy,192,1.00000000,1495.312
13583,exp_svm_spk_0004,SVM_CLOSED_SET,svm_closed_set_train,SVM_EXPERIMENTAL,data/embeddings/v2/svm_closed_set/svm_closed_set_train/13583.npy,192,0.99999994,1257.052
8808,exp_svm_spk_0004,SVM_CLOSED_SET,svm_closed_set_train,SVM_EXPERIMENTAL,data/embeddings/v2/svm_closed_set/svm_closed_set_train/8808.npy,192,1.00000012,963.562
9614,exp_svm_spk_0004,SVM_CLOSED_SET,svm_closed_set_train,SVM_EXPERIMENTAL,data/embeddings/v2/svm_closed_set/svm_closed_set_train/9614.npy,192,1.00000000,808.817
6035,exp_svm_spk_0004,SVM_CLOSED_SET,svm_closed_set_train,SVM_EXPERIMENTAL,data/embeddings/v2/svm_closed_set/svm_closed_set_train/6035.npy,192,0.99999994,611.627
12484,exp_svm_spk_0004,SVM_CLOSED_SET,svm_closed_set_train,SVM_EXPERIMENTAL,data/embeddings/v2/svm_closed_set/svm_closed_set_train/12484.npy,192,0.99999994,618.187
14039,exp_svm_spk_0004,SVM_CLOSED_SET,svm_closed_set_train,SVM_EXPERIMENTAL,data/embeddings/v2/svm_closed_set/svm_closed_set_train/14039.npy,192,1.00000000,663.490
5449,exp_svm_spk_0004,SVM_CLOSED_SET,svm_closed_set_train,SVM_EXPERIMENTAL,data/embeddings/v2/svm_closed_set/svm_closed_set_train/5449.npy,192,0.99999994,913.444
127,exp_svm_spk_0004,SVM_CLOSED_SET,svm_closed_set_train,SVM_EXPERIMENTAL,data/embeddings/v2/svm_closed_set/svm_closed_set_train/127.npy,192,1.00000000,919.268
9771,exp_svm_spk_0004,SVM_CLOSED_SET,svm_closed_set_train,SVM_EXPERIMENTAL,data/embeddings/v2/svm_closed_set/svm_closed_set_train/9771.npy,192,0.99999994,1295.261
10685,exp_svm_spk_0004,SVM_CLOSED_SET,svm_closed_set_train,SVM_EXPERIMENTAL,data/embeddings/v2/svm_closed_set/svm_closed_set_train/10685.npy,192,1.00000000,873.091
16107,exp_svm_spk_0004,SVM_CLOSED_SET,svm_closed_set_train,SVM_EXPERIMENTAL,data/embeddings/v2/svm_closed_set/svm_closed_set_train/16107.npy,192,1.00000000,680.608
1945,exp_svm_spk_0004,SVM_CLOSED_SET,svm_closed_set_train,SVM_EXPERIMENTAL,data/embeddings/v2/svm_closed_set/svm_closed_set_train/1945.npy,192,0.99999994,453.203
7357,exp_svm_spk_0004,SVM_CLOSED_SET,svm_closed_set_train,SVM_EXPERIMENTAL,data/embeddings/v2/svm_closed_set/svm_closed_set_train/7357.npy,192,0.99999994,1115.415
6356,exp_svm_spk_0004,SVM_CLOSED_SET,svm_closed_set_train,SVM_EXPERIMENTAL,data/embeddings/v2/svm_closed_set/svm_closed_set_train/6356.npy,192,1.00000000,950.423
6490,exp_svm_spk_0004,SVM_CLOSED_SET,svm_closed_set_train,SVM_EXPERIMENTAL,data/embeddings/v2/svm_closed_set/svm_closed_set_train/6490.npy,192,0.99999994,673.851
11795,exp_svm_spk_0004,SVM_CLOSED_SET,svm_closed_set_train,SVM_EXPERIMENTAL,data/embeddings/v2/svm_closed_set/svm_closed_set_train/11795.npy,192,1.00000000,979.483
9228,exp_svm_spk_0004,SVM_CLOSED_SET,svm_closed_set_train,SVM_EXPERIMENTAL,data/embeddings/v2/svm_closed_set/svm_closed_set_train/9228.npy,192,1.00000000,1219.926
7920,exp_svm_spk_0004,SVM_CLOSED_SET,svm_closed_set_train,SVM_EXPERIMENTAL,data/embeddings/v2/svm_closed_set/svm_closed_set_train/7920.npy,192,1.00000000,923.672
8933,exp_svm_spk_0004,SVM_CLOSED_SET,svm_closed_set_train,SVM_EXPERIMENTAL,data/embeddings/v2/svm_closed_set/svm_closed_set_train/8933.npy,192,0.99999994,860.242
4338,exp_svm_spk_0004,SVM_CLOSED_SET,svm_closed_set_train,SVM_EXPERIMENTAL,data/embeddings/v2/svm_closed_set/svm_closed_set_train/4338.npy,192,1.00000000,708.894
13481,exp_svm_spk_0004,SVM_CLOSED_SET,svm_closed_set_train,SVM_EXPERIMENTAL,data/embeddings/v2/svm_closed_set/svm_closed_set_train/13481.npy,192,1.00000000,739.286
4850,exp_svm_spk_0004,SVM_CLOSED_SET,svm_closed_set_train,SVM_EXPERIMENTAL,data/embeddings/v2/svm_closed_set/svm_closed_set_train/4850.npy,192,1.00000000,787.415
6404,exp_svm_spk_0004,SVM_CLOSED_SET,svm_closed_set_train,SVM_EXPERIMENTAL,data/embeddings/v2/svm_closed_set/svm_closed_set_train/6404.npy,192,1.00000000,639.305
13515,exp_svm_spk_0004,SVM_CLOSED_SET,svm_closed_set_train,SVM_EXPERIMENTAL,data/embeddings/v2/svm_closed_set/svm_closed_set_train/13515.npy,192,0.99999988,544.097
14617,exp_svm_spk_0004,SVM_CLOSED_SET,svm_closed_set_train,SVM_EXPERIMENTAL,data/embeddings/v2/svm_closed_set/svm_closed_set_train/14617.npy,192,1.00000000,1116.926
10728,exp_svm_spk_0004,SVM_CLOSED_SET,svm_closed_set_train,SVM_EXPERIMENTAL,data/embeddings/v2/svm_closed_set/svm_closed_set_train/10728.npy,192,0.99999994,924.140
13339,exp_svm_spk_0004,SVM_CLOSED_SET,svm_closed_set_train,SVM_EXPERIMENTAL,data/embeddings/v2/svm_closed_set/svm_closed_set_train/13339.npy,192,1.00000012,756.353
12185,exp_svm_spk_0004,SVM_CLOSED_SET,svm_closed_set_train,SVM_EXPERIMENTAL,data/embeddings/v2/svm_closed_set/svm_closed_set_train/12185.npy,192,0.99999994,497.280
2590,exp_svm_spk_0004,SVM_CLOSED_SET,svm_closed_set_train,SVM_EXPERIMENTAL,data/embeddings/v2/svm_closed_set/svm_closed_set_train/2590.npy,192,1.00000000,586.363
12602,exp_svm_spk_0004,SVM_CLOSED_SET,svm_closed_set_train,SVM_EXPERIMENTAL,data/embeddings/v2/svm_closed_set/svm_closed_set_train/12602.npy,192,1.00000012,817.717
13419,exp_svm_spk_0004,SVM_CLOSED_SET,svm_closed_set_train,SVM_EXPERIMENTAL,data/embeddings/v2/svm_closed_set/svm_closed_set_train/13419.npy,192,0.99999994,1826.991
16289,exp_svm_spk_0004,SVM_CLOSED_SET,svm_closed_set_train,SVM_EXPERIMENTAL,data/embeddings/v2/svm_closed_set/svm_closed_set_train/16289.npy,192,1.00000000,2453.908
6188,exp_svm_spk_0004,SVM_CLOSED_SET,svm_closed_set_train,SVM_EXPERIMENTAL,data/embeddings/v2/svm_closed_set/svm_closed_set_train/6188.npy,192,0.99999994,1661.343
2654,exp_svm_spk_0004,SVM_CLOSED_SET,svm_closed_set_train,SVM_EXPERIMENTAL,data/embeddings/v2/svm_closed_set/svm_closed_set_train/2654.npy,192,0.99999994,694.101
12322,exp_svm_spk_0004,SVM_CLOSED_SET,svm_closed_set_train,SVM_EXPERIMENTAL,data/embeddings/v2/svm_closed_set/svm_closed_set_train/12322.npy,192,1.00000000,1108.844
1818,exp_svm_spk_0004,SVM_CLOSED_SET,svm_closed_set_train,SVM_EXPERIMENTAL,data/embeddings/v2/svm_closed_set/svm_closed_set_train/1818.npy,192,1.00000000,1074.307
5216,exp_svm_spk_0004,SVM_CLOSED_SET,svm_closed_set_train,SVM_EXPERIMENTAL,data/embeddings/v2/svm_closed_set/svm_closed_set_train/5216.npy,192,1.00000000,721.944
375,exp_svm_spk_0004,SVM_CLOSED_SET,svm_closed_set_train,SVM_EXPERIMENTAL,data/embeddings/v2/svm_closed_set/svm_closed_set_train/375.npy,192,1.00000000,1520.376
4899,exp_svm_spk_0004,SVM_CLOSED_SET,svm_closed_set_train,SVM_EXPERIMENTAL,data/embeddings/v2/svm_closed_set/svm_closed_set_train/4899.npy,192,1.00000012,826.402
16903,exp_svm_spk_0004,SVM_CLOSED_SET,svm_closed_set_train,SVM_EXPERIMENTAL,data/embeddings/v2/svm_closed_set/svm_closed_set_train/16903.npy,192,1.00000000,1855.064
15761,exp_svm_spk_0004,SVM_CLOSED_SET,svm_closed_set_train,SVM_EXPERIMENTAL,data/embeddings/v2/svm_closed_set/svm_closed_set_train/15761.npy,192,1.00000000,772.492
16454,exp_svm_spk_0004,SVM_CLOSED_SET,svm_closed_set_train,SVM_EXPERIMENTAL,data/embeddings/v2/svm_closed_set/svm_closed_set_train/16454.npy,192,0.99999994,768.378
11615,exp_svm_spk_0004,SVM_CLOSED_SET,svm_closed_set_train,SVM_EXPERIMENTAL,data/embeddings/v2/svm_closed_set/svm_closed_set_train/11615.npy,192,1.00000000,816.082
16394,exp_svm_spk_0004,SVM_CLOSED_SET,svm_closed_set_train,SVM_EXPERIMENTAL,data/embeddings/v2/svm_closed_set/svm_closed_set_train/16394.npy,192,1.00000000,1067.004
15993,exp_svm_spk_0004,SVM_CLOSED_SET,svm_closed_set_train,SVM_EXPERIMENTAL,data/embeddings/v2/svm_closed_set/svm_closed_set_train/15993.npy,192,0.99999994,1150.223
16685,exp_svm_spk_0004,SVM_CLOSED_SET,svm_closed_set_train,SVM_EXPERIMENTAL,data/embeddings/v2/svm_closed_set/svm_closed_set_train/16685.npy,192,0.99999994,962.029
2221,exp_svm_spk_0004,SVM_CLOSED_SET,svm_closed_set_train,SVM_EXPERIMENTAL,data/embeddings/v2/svm_closed_set/svm_closed_set_train/2221.npy,192,1.00000000,598.441
7801,exp_svm_spk_0004,SVM_CLOSED_SET,svm_closed_set_train,SVM_EXPERIMENTAL,data/embeddings/v2/svm_closed_set/svm_closed_set_train/7801.npy,192,1.00000000,488.388
10791,exp_svm_spk_0004,SVM_CLOSED_SET,svm_closed_set_train,SVM_EXPERIMENTAL,data/embeddings/v2/svm_closed_set/svm_closed_set_train/10791.npy,192,0.99999988,1116.004
3203,exp_svm_spk_0004,SVM_CLOSED_SET,svm_closed_set_train,SVM_EXPERIMENTAL,data/embeddings/v2/svm_closed_set/svm_closed_set_train/3203.npy,192,1.00000000,902.976
7723,exp_svm_spk_0004,SVM_CLOSED_SET,svm_closed_set_train,SVM_EXPERIMENTAL,data/embeddings/v2/svm_closed_set/svm_closed_set_train/7723.npy,192,1.00000000,828.512
2622,exp_svm_spk_0004,SVM_CLOSED_SET,svm_closed_set_train,SVM_EXPERIMENTAL,data/embeddings/v2/svm_closed_set/svm_closed_set_train/2622.npy,192,1.00000000,847.585
7969,exp_svm_spk_0004,SVM_CLOSED_SET,svm_closed_set_train,SVM_EXPERIMENTAL,data/embeddings/v2/svm_closed_set/svm_closed_set_train/7969.npy,192,0.99999994,710.235
595,exp_svm_spk_0004,SVM_CLOSED_SET,svm_closed_set_train,SVM_EXPERIMENTAL,data/embeddings/v2/svm_closed_set/svm_closed_set_train/595.npy,192,1.00000000,1058.546
9712,exp_svm_spk_0004,SVM_CLOSED_SET,svm_closed_set_train,SVM_EXPERIMENTAL,data/embeddings/v2/svm_closed_set/svm_closed_set_train/9712.npy,192,1.00000000,801.538
7676,exp_svm_spk_0004,SVM_CLOSED_SET,svm_closed_set_train,SVM_EXPERIMENTAL,data/embeddings/v2/svm_closed_set/svm_closed_set_train/7676.npy,192,0.99999994,716.816
17006,exp_svm_spk_0004,SVM_CLOSED_SET,svm_closed_set_train,SVM_EXPERIMENTAL,data/embeddings/v2/svm_closed_set/svm_closed_set_train/17006.npy,192,1.00000000,668.668
13806,exp_svm_spk_0004,SVM_CLOSED_SET,svm_closed_set_train,SVM_EXPERIMENTAL,data/embeddings/v2/svm_closed_set/svm_closed_set_train/13806.npy,192,1.00000000,940.860
14906,exp_svm_spk_0004,SVM_CLOSED_SET,svm_closed_set_train,SVM_EXPERIMENTAL,data/embeddings/v2/svm_closed_set/svm_closed_set_train/14906.npy,192,1.00000000,758.416
15370,exp_svm_spk_0004,SVM_CLOSED_SET,svm_closed_set_train,SVM_EXPERIMENTAL,data/embeddings/v2/svm_closed_set/svm_closed_set_train/15370.npy,192,1.00000000,1020.455
8522,exp_svm_spk_0005,SVM_CLOSED_SET,svm_closed_set_train,SVM_EXPERIMENTAL,data/embeddings/v2/svm_closed_set/svm_closed_set_train/8522.npy,192,0.99999994,751.142
511,exp_svm_spk_0005,SVM_CLOSED_SET,svm_closed_set_train,SVM_EXPERIMENTAL,data/embeddings/v2/svm_closed_set/svm_closed_set_train/511.npy,192,1.00000000,518.958
15349,exp_svm_spk_0005,SVM_CLOSED_SET,svm_closed_set_train,SVM_EXPERIMENTAL,data/embeddings/v2/svm_closed_set/svm_closed_set_train/15349.npy,192,0.99999994,635.763
921,exp_svm_spk_0005,SVM_CLOSED_SET,svm_closed_set_train,SVM_EXPERIMENTAL,data/embeddings/v2/svm_closed_set/svm_closed_set_train/921.npy,192,0.99999994,657.755
1687,exp_svm_spk_0005,SVM_CLOSED_SET,svm_closed_set_train,SVM_EXPERIMENTAL,data/embeddings/v2/svm_closed_set/svm_closed_set_train/1687.npy,192,1.00000000,837.174
6723,exp_svm_spk_0005,SVM_CLOSED_SET,svm_closed_set_train,SVM_EXPERIMENTAL,data/embeddings/v2/svm_closed_set/svm_closed_set_train/6723.npy,192,1.00000000,737.898
2668,exp_svm_spk_0005,SVM_CLOSED_SET,svm_closed_set_train,SVM_EXPERIMENTAL,data/embeddings/v2/svm_closed_set/svm_closed_set_train/2668.npy,192,1.00000000,902.411
8594,exp_svm_spk_0005,SVM_CLOSED_SET,svm_closed_set_train,SVM_EXPERIMENTAL,data/embeddings/v2/svm_closed_set/svm_closed_set_train/8594.npy,192,0.99999994,1088.277
5108,exp_svm_spk_0005,SVM_CLOSED_SET,svm_closed_set_train,SVM_EXPERIMENTAL,data/embeddings/v2/svm_closed_set/svm_closed_set_train/5108.npy,192,1.00000000,677.220
7424,exp_svm_spk_0005,SVM_CLOSED_SET,svm_closed_set_train,SVM_EXPERIMENTAL,data/embeddings/v2/svm_closed_set/svm_closed_set_train/7424.npy,192,1.00000000,536.139
14952,exp_svm_spk_0005,SVM_CLOSED_SET,svm_closed_set_train,SVM_EXPERIMENTAL,data/embeddings/v2/svm_closed_set/svm_closed_set_train/14952.npy,192,1.00000000,535.885
6414,exp_svm_spk_0005,SVM_CLOSED_SET,svm_closed_set_train,SVM_EXPERIMENTAL,data/embeddings/v2/svm_closed_set/svm_closed_set_train/6414.npy,192,1.00000000,561.001
5655,exp_svm_spk_0005,SVM_CLOSED_SET,svm_closed_set_train,SVM_EXPERIMENTAL,data/embeddings/v2/svm_closed_set/svm_closed_set_train/5655.npy,192,1.00000000,830.613
4515,exp_svm_spk_0005,SVM_CLOSED_SET,svm_closed_set_train,SVM_EXPERIMENTAL,data/embeddings/v2/svm_closed_set/svm_closed_set_train/4515.npy,192,1.00000000,480.276
8959,exp_svm_spk_0005,SVM_CLOSED_SET,svm_closed_set_train,SVM_EXPERIMENTAL,data/embeddings/v2/svm_closed_set/svm_closed_set_train/8959.npy,192,1.00000000,555.288
9993,exp_svm_spk_0005,SVM_CLOSED_SET,svm_closed_set_train,SVM_EXPERIMENTAL,data/embeddings/v2/svm_closed_set/svm_closed_set_train/9993.npy,192,1.00000000,921.292
10700,exp_svm_spk_0005,SVM_CLOSED_SET,svm_closed_set_train,SVM_EXPERIMENTAL,data/embeddings/v2/svm_closed_set/svm_closed_set_train/10700.npy,192,1.00000000,609.658
7474,exp_svm_spk_0005,SVM_CLOSED_SET,svm_closed_set_train,SVM_EXPERIMENTAL,data/embeddings/v2/svm_closed_set/svm_closed_set_train/7474.npy,192,0.99999994,1016.736
3843,exp_svm_spk_0005,SVM_CLOSED_SET,svm_closed_set_train,SVM_EXPERIMENTAL,data/embeddings/v2/svm_closed_set/svm_closed_set_train/3843.npy,192,0.99999994,609.232
2538,exp_svm_spk_0005,SVM_CLOSED_SET,svm_closed_set_train,SVM_EXPERIMENTAL,data/embeddings/v2/svm_closed_set/svm_closed_set_train/2538.npy,192,1.00000000,871.609
14195,exp_svm_spk_0005,SVM_CLOSED_SET,svm_closed_set_train,SVM_EXPERIMENTAL,data/embeddings/v2/svm_closed_set/svm_closed_set_train/14195.npy,192,1.00000000,527.146
16298,exp_svm_spk_0005,SVM_CLOSED_SET,svm_closed_set_train,SVM_EXPERIMENTAL,data/embeddings/v2/svm_closed_set/svm_closed_set_train/16298.npy,192,1.00000000,558.529
12414,exp_svm_spk_0005,SVM_CLOSED_SET,svm_closed_set_train,SVM_EXPERIMENTAL,data/embeddings/v2/svm_closed_set/svm_closed_set_train/12414.npy,192,1.00000000,666.038
6425,exp_svm_spk_0005,SVM_CLOSED_SET,svm_closed_set_train,SVM_EXPERIMENTAL,data/embeddings/v2/svm_closed_set/svm_closed_set_train/6425.npy,192,1.00000000,297.480
15265,exp_svm_spk_0005,SVM_CLOSED_SET,svm_closed_set_train,SVM_EXPERIMENTAL,data/embeddings/v2/svm_closed_set/svm_closed_set_train/15265.npy,192,0.99999994,966.451
13563,exp_svm_spk_0005,SVM_CLOSED_SET,svm_closed_set_train,SVM_EXPERIMENTAL,data/embeddings/v2/svm_closed_set/svm_closed_set_train/13563.npy,192,1.00000000,401.001
15909,exp_svm_spk_0005,SVM_CLOSED_SET,svm_closed_set_train,SVM_EXPERIMENTAL,data/embeddings/v2/svm_closed_set/svm_closed_set_train/15909.npy,192,0.99999994,695.565
4967,exp_svm_spk_0005,SVM_CLOSED_SET,svm_closed_set_train,SVM_EXPERIMENTAL,data/embeddings/v2/svm_closed_set/svm_closed_set_train/4967.npy,192,1.00000000,2032.693
10154,exp_svm_spk_0005,SVM_CLOSED_SET,svm_closed_set_train,SVM_EXPERIMENTAL,data/embeddings/v2/svm_closed_set/svm_closed_set_train/10154.npy,192,1.00000000,874.645
16030,exp_svm_spk_0005,SVM_CLOSED_SET,svm_closed_set_train,SVM_EXPERIMENTAL,data/embeddings/v2/svm_closed_set/svm_closed_set_train/16030.npy,192,1.00000000,841.182
11800,exp_svm_spk_0005,SVM_CLOSED_SET,svm_closed_set_train,SVM_EXPERIMENTAL,data/embeddings/v2/svm_closed_set/svm_closed_set_train/11800.npy,192,1.00000000,986.534
13892,exp_svm_spk_0005,SVM_CLOSED_SET,svm_closed_set_train,SVM_EXPERIMENTAL,data/embeddings/v2/svm_closed_set/svm_closed_set_train/13892.npy,192,0.99999994,1139.629
13354,exp_svm_spk_0005,SVM_CLOSED_SET,svm_closed_set_train,SVM_EXPERIMENTAL,data/embeddings/v2/svm_closed_set/svm_closed_set_train/13354.npy,192,1.00000000,569.375
7766,exp_svm_spk_0005,SVM_CLOSED_SET,svm_closed_set_train,SVM_EXPERIMENTAL,data/embeddings/v2/svm_closed_set/svm_closed_set_train/7766.npy,192,1.00000012,1238.890
14358,exp_svm_spk_0005,SVM_CLOSED_SET,svm_closed_set_train,SVM_EXPERIMENTAL,data/embeddings/v2/svm_closed_set/svm_closed_set_train/14358.npy,192,1.00000000,544.163
3088,exp_svm_spk_0005,SVM_CLOSED_SET,svm_closed_set_train,SVM_EXPERIMENTAL,data/embeddings/v2/svm_closed_set/svm_closed_set_train/3088.npy,192,1.00000000,422.263
12840,exp_svm_spk_0005,SVM_CLOSED_SET,svm_closed_set_train,SVM_EXPERIMENTAL,data/embeddings/v2/svm_closed_set/svm_closed_set_train/12840.npy,192,0.99999994,566.694
353,exp_svm_spk_0005,SVM_CLOSED_SET,svm_closed_set_train,SVM_EXPERIMENTAL,data/embeddings/v2/svm_closed_set/svm_closed_set_train/353.npy,192,1.00000000,897.402
3056,exp_svm_spk_0005,SVM_CLOSED_SET,svm_closed_set_train,SVM_EXPERIMENTAL,data/embeddings/v2/svm_closed_set/svm_closed_set_train/3056.npy,192,1.00000000,1454.261
5342,exp_svm_spk_0005,SVM_CLOSED_SET,svm_closed_set_train,SVM_EXPERIMENTAL,data/embeddings/v2/svm_closed_set/svm_closed_set_train/5342.npy,192,1.00000000,1055.145
12834,exp_svm_spk_0005,SVM_CLOSED_SET,svm_closed_set_train,SVM_EXPERIMENTAL,data/embeddings/v2/svm_closed_set/svm_closed_set_train/12834.npy,192,1.00000000,710.539
16020,exp_svm_spk_0005,SVM_CLOSED_SET,svm_closed_set_train,SVM_EXPERIMENTAL,data/embeddings/v2/svm_closed_set/svm_closed_set_train/16020.npy,192,1.00000000,1113.176
10070,exp_svm_spk_0005,SVM_CLOSED_SET,svm_closed_set_train,SVM_EXPERIMENTAL,data/embeddings/v2/svm_closed_set/svm_closed_set_train/10070.npy,192,1.00000000,716.829
5565,exp_svm_spk_0005,SVM_CLOSED_SET,svm_closed_set_train,SVM_EXPERIMENTAL,data/embeddings/v2/svm_closed_set/svm_closed_set_train/5565.npy,192,0.99999994,1436.430
6008,exp_svm_spk_0005,SVM_CLOSED_SET,svm_closed_set_train,SVM_EXPERIMENTAL,data/embeddings/v2/svm_closed_set/svm_closed_set_train/6008.npy,192,0.99999988,638.312
7035,exp_svm_spk_0005,SVM_CLOSED_SET,svm_closed_set_train,SVM_EXPERIMENTAL,data/embeddings/v2/svm_closed_set/svm_closed_set_train/7035.npy,192,0.99999994,503.691
14430,exp_svm_spk_0005,SVM_CLOSED_SET,svm_closed_set_train,SVM_EXPERIMENTAL,data/embeddings/v2/svm_closed_set/svm_closed_set_train/14430.npy,192,0.99999994,893.345
13469,exp_svm_spk_0005,SVM_CLOSED_SET,svm_closed_set_train,SVM_EXPERIMENTAL,data/embeddings/v2/svm_closed_set/svm_closed_set_train/13469.npy,192,1.00000000,422.361
6692,exp_svm_spk_0005,SVM_CLOSED_SET,svm_closed_set_train,SVM_EXPERIMENTAL,data/embeddings/v2/svm_closed_set/svm_closed_set_train/6692.npy,192,0.99999994,498.967
12149,exp_svm_spk_0005,SVM_CLOSED_SET,svm_closed_set_train,SVM_EXPERIMENTAL,data/embeddings/v2/svm_closed_set/svm_closed_set_train/12149.npy,192,0.99999994,1836.884
6760,exp_svm_spk_0005,SVM_CLOSED_SET,svm_closed_set_train,SVM_EXPERIMENTAL,data/embeddings/v2/svm_closed_set/svm_closed_set_train/6760.npy,192,1.00000000,726.230
9688,exp_svm_spk_0005,SVM_CLOSED_SET,svm_closed_set_train,SVM_EXPERIMENTAL,data/embeddings/v2/svm_closed_set/svm_closed_set_train/9688.npy,192,1.00000000,708.969
3134,exp_svm_spk_0005,SVM_CLOSED_SET,svm_closed_set_train,SVM_EXPERIMENTAL,data/embeddings/v2/svm_closed_set/svm_closed_set_train/3134.npy,192,1.00000000,624.410
9606,exp_svm_spk_0005,SVM_CLOSED_SET,svm_closed_set_train,SVM_EXPERIMENTAL,data/embeddings/v2/svm_closed_set/svm_closed_set_train/9606.npy,192,1.00000000,774.793
8578,exp_svm_spk_0005,SVM_CLOSED_SET,svm_closed_set_train,SVM_EXPERIMENTAL,data/embeddings/v2/svm_closed_set/svm_closed_set_train/8578.npy,192,1.00000000,722.969
14285,exp_svm_spk_0005,SVM_CLOSED_SET,svm_closed_set_train,SVM_EXPERIMENTAL,data/embeddings/v2/svm_closed_set/svm_closed_set_train/14285.npy,192,1.00000000,1027.172
5182,exp_svm_spk_0005,SVM_CLOSED_SET,svm_closed_set_train,SVM_EXPERIMENTAL,data/embeddings/v2/svm_closed_set/svm_closed_set_train/5182.npy,192,1.00000000,932.097
5180,exp_svm_spk_0005,SVM_CLOSED_SET,svm_closed_set_train,SVM_EXPERIMENTAL,data/embeddings/v2/svm_closed_set/svm_closed_set_train/5180.npy,192,0.99999994,916.236
12258,exp_svm_spk_0005,SVM_CLOSED_SET,svm_closed_set_train,SVM_EXPERIMENTAL,data/embeddings/v2/svm_closed_set/svm_closed_set_train/12258.npy,192,1.00000000,1042.840
6952,exp_svm_spk_0005,SVM_CLOSED_SET,svm_closed_set_train,SVM_EXPERIMENTAL,data/embeddings/v2/svm_closed_set/svm_closed_set_train/6952.npy,192,1.00000000,795.079
4775,exp_svm_spk_0005,SVM_CLOSED_SET,svm_closed_set_train,SVM_EXPERIMENTAL,data/embeddings/v2/svm_closed_set/svm_closed_set_train/4775.npy,192,1.00000000,712.584
10388,exp_svm_spk_0005,SVM_CLOSED_SET,svm_closed_set_train,SVM_EXPERIMENTAL,data/embeddings/v2/svm_closed_set/svm_closed_set_train/10388.npy,192,0.99999994,1446.020
9049,exp_svm_spk_0005,SVM_CLOSED_SET,svm_closed_set_train,SVM_EXPERIMENTAL,data/embeddings/v2/svm_closed_set/svm_closed_set_train/9049.npy,192,1.00000000,880.705
3620,exp_svm_spk_0005,SVM_CLOSED_SET,svm_closed_set_train,SVM_EXPERIMENTAL,data/embeddings/v2/svm_closed_set/svm_closed_set_train/3620.npy,192,1.00000000,847.907
6925,exp_svm_spk_0006,SVM_CLOSED_SET,svm_closed_set_train,SVM_EXPERIMENTAL,data/embeddings/v2/svm_closed_set/svm_closed_set_train/6925.npy,192,1.00000000,1217.534
2665,exp_svm_spk_0006,SVM_CLOSED_SET,svm_closed_set_train,SVM_EXPERIMENTAL,data/embeddings/v2/svm_closed_set/svm_closed_set_train/2665.npy,192,1.00000000,1292.313
1380,exp_svm_spk_0006,SVM_CLOSED_SET,svm_closed_set_train,SVM_EXPERIMENTAL,data/embeddings/v2/svm_closed_set/svm_closed_set_train/1380.npy,192,1.00000000,1241.032
6158,exp_svm_spk_0006,SVM_CLOSED_SET,svm_closed_set_train,SVM_EXPERIMENTAL,data/embeddings/v2/svm_closed_set/svm_closed_set_train/6158.npy,192,0.99999994,751.141
14989,exp_svm_spk_0006,SVM_CLOSED_SET,svm_closed_set_train,SVM_EXPERIMENTAL,data/embeddings/v2/svm_closed_set/svm_closed_set_train/14989.npy,192,0.99999994,771.197
14755,exp_svm_spk_0006,SVM_CLOSED_SET,svm_closed_set_train,SVM_EXPERIMENTAL,data/embeddings/v2/svm_closed_set/svm_closed_set_train/14755.npy,192,1.00000000,725.705
4012,exp_svm_spk_0006,SVM_CLOSED_SET,svm_closed_set_train,SVM_EXPERIMENTAL,data/embeddings/v2/svm_closed_set/svm_closed_set_train/4012.npy,192,0.99999994,863.130
5755,exp_svm_spk_0006,SVM_CLOSED_SET,svm_closed_set_train,SVM_EXPERIMENTAL,data/embeddings/v2/svm_closed_set/svm_closed_set_train/5755.npy,192,0.99999994,513.532
851,exp_svm_spk_0006,SVM_CLOSED_SET,svm_closed_set_train,SVM_EXPERIMENTAL,data/embeddings/v2/svm_closed_set/svm_closed_set_train/851.npy,192,0.99999994,976.892
1223,exp_svm_spk_0006,SVM_CLOSED_SET,svm_closed_set_train,SVM_EXPERIMENTAL,data/embeddings/v2/svm_closed_set/svm_closed_set_train/1223.npy,192,0.99999994,980.496
7703,exp_svm_spk_0006,SVM_CLOSED_SET,svm_closed_set_train,SVM_EXPERIMENTAL,data/embeddings/v2/svm_closed_set/svm_closed_set_train/7703.npy,192,0.99999994,1189.868
11084,exp_svm_spk_0006,SVM_CLOSED_SET,svm_closed_set_train,SVM_EXPERIMENTAL,data/embeddings/v2/svm_closed_set/svm_closed_set_train/11084.npy,192,1.00000000,911.185
14542,exp_svm_spk_0006,SVM_CLOSED_SET,svm_closed_set_train,SVM_EXPERIMENTAL,data/embeddings/v2/svm_closed_set/svm_closed_set_train/14542.npy,192,0.99999994,950.994
12168,exp_svm_spk_0006,SVM_CLOSED_SET,svm_closed_set_train,SVM_EXPERIMENTAL,data/embeddings/v2/svm_closed_set/svm_closed_set_train/12168.npy,192,0.99999994,1366.198
2313,exp_svm_spk_0006,SVM_CLOSED_SET,svm_closed_set_train,SVM_EXPERIMENTAL,data/embeddings/v2/svm_closed_set/svm_closed_set_train/2313.npy,192,1.00000000,840.582
8783,exp_svm_spk_0006,SVM_CLOSED_SET,svm_closed_set_train,SVM_EXPERIMENTAL,data/embeddings/v2/svm_closed_set/svm_closed_set_train/8783.npy,192,1.00000000,846.184
17035,exp_svm_spk_0006,SVM_CLOSED_SET,svm_closed_set_train,SVM_EXPERIMENTAL,data/embeddings/v2/svm_closed_set/svm_closed_set_train/17035.npy,192,1.00000000,828.885
14230,exp_svm_spk_0006,SVM_CLOSED_SET,svm_closed_set_train,SVM_EXPERIMENTAL,data/embeddings/v2/svm_closed_set/svm_closed_set_train/14230.npy,192,1.00000000,863.221
3632,exp_svm_spk_0006,SVM_CLOSED_SET,svm_closed_set_train,SVM_EXPERIMENTAL,data/embeddings/v2/svm_closed_set/svm_closed_set_train/3632.npy,192,1.00000000,1351.507
11214,exp_svm_spk_0006,SVM_CLOSED_SET,svm_closed_set_train,SVM_EXPERIMENTAL,data/embeddings/v2/svm_closed_set/svm_closed_set_train/11214.npy,192,0.99999994,734.979
14012,exp_svm_spk_0006,SVM_CLOSED_SET,svm_closed_set_train,SVM_EXPERIMENTAL,data/embeddings/v2/svm_closed_set/svm_closed_set_train/14012.npy,192,1.00000012,779.192
173,exp_svm_spk_0006,SVM_CLOSED_SET,svm_closed_set_train,SVM_EXPERIMENTAL,data/embeddings/v2/svm_closed_set/svm_closed_set_train/173.npy,192,0.99999994,987.064
4696,exp_svm_spk_0006,SVM_CLOSED_SET,svm_closed_set_train,SVM_EXPERIMENTAL,data/embeddings/v2/svm_closed_set/svm_closed_set_train/4696.npy,192,1.00000000,836.685
15182,exp_svm_spk_0006,SVM_CLOSED_SET,svm_closed_set_train,SVM_EXPERIMENTAL,data/embeddings/v2/svm_closed_set/svm_closed_set_train/15182.npy,192,1.00000000,1210.522
15458,exp_svm_spk_0006,SVM_CLOSED_SET,svm_closed_set_train,SVM_EXPERIMENTAL,data/embeddings/v2/svm_closed_set/svm_closed_set_train/15458.npy,192,1.00000000,1342.300
2553,exp_svm_spk_0006,SVM_CLOSED_SET,svm_closed_set_train,SVM_EXPERIMENTAL,data/embeddings/v2/svm_closed_set/svm_closed_set_train/2553.npy,192,0.99999994,1024.929
5832,exp_svm_spk_0006,SVM_CLOSED_SET,svm_closed_set_train,SVM_EXPERIMENTAL,data/embeddings/v2/svm_closed_set/svm_closed_set_train/5832.npy,192,1.00000000,2171.044
4233,exp_svm_spk_0006,SVM_CLOSED_SET,svm_closed_set_train,SVM_EXPERIMENTAL,data/embeddings/v2/svm_closed_set/svm_closed_set_train/4233.npy,192,1.00000000,986.460
534,exp_svm_spk_0006,SVM_CLOSED_SET,svm_closed_set_train,SVM_EXPERIMENTAL,data/embeddings/v2/svm_closed_set/svm_closed_set_train/534.npy,192,1.00000000,1188.213
9208,exp_svm_spk_0006,SVM_CLOSED_SET,svm_closed_set_train,SVM_EXPERIMENTAL,data/embeddings/v2/svm_closed_set/svm_closed_set_train/9208.npy,192,0.99999994,1374.982
10529,exp_svm_spk_0006,SVM_CLOSED_SET,svm_closed_set_train,SVM_EXPERIMENTAL,data/embeddings/v2/svm_closed_set/svm_closed_set_train/10529.npy,192,0.99999994,771.468
10925,exp_svm_spk_0006,SVM_CLOSED_SET,svm_closed_set_train,SVM_EXPERIMENTAL,data/embeddings/v2/svm_closed_set/svm_closed_set_train/10925.npy,192,0.99999994,900.711
12706,exp_svm_spk_0006,SVM_CLOSED_SET,svm_closed_set_train,SVM_EXPERIMENTAL,data/embeddings/v2/svm_closed_set/svm_closed_set_train/12706.npy,192,1.00000000,893.170
15516,exp_svm_spk_0006,SVM_CLOSED_SET,svm_closed_set_train,SVM_EXPERIMENTAL,data/embeddings/v2/svm_closed_set/svm_closed_set_train/15516.npy,192,0.99999994,1357.393
11557,exp_svm_spk_0006,SVM_CLOSED_SET,svm_closed_set_train,SVM_EXPERIMENTAL,data/embeddings/v2/svm_closed_set/svm_closed_set_train/11557.npy,192,0.99999994,776.875
9677,exp_svm_spk_0006,SVM_CLOSED_SET,svm_closed_set_train,SVM_EXPERIMENTAL,data/embeddings/v2/svm_closed_set/svm_closed_set_train/9677.npy,192,1.00000000,1121.232
10557,exp_svm_spk_0006,SVM_CLOSED_SET,svm_closed_set_train,SVM_EXPERIMENTAL,data/embeddings/v2/svm_closed_set/svm_closed_set_train/10557.npy,192,1.00000000,887.582
7104,exp_svm_spk_0006,SVM_CLOSED_SET,svm_closed_set_train,SVM_EXPERIMENTAL,data/embeddings/v2/svm_closed_set/svm_closed_set_train/7104.npy,192,0.99999994,1351.566
6271,exp_svm_spk_0006,SVM_CLOSED_SET,svm_closed_set_train,SVM_EXPERIMENTAL,data/embeddings/v2/svm_closed_set/svm_closed_set_train/6271.npy,192,1.00000000,582.221
657,exp_svm_spk_0006,SVM_CLOSED_SET,svm_closed_set_train,SVM_EXPERIMENTAL,data/embeddings/v2/svm_closed_set/svm_closed_set_train/657.npy,192,1.00000000,934.395
17093,exp_svm_spk_0006,SVM_CLOSED_SET,svm_closed_set_train,SVM_EXPERIMENTAL,data/embeddings/v2/svm_closed_set/svm_closed_set_train/17093.npy,192,1.00000000,1009.432
2749,exp_svm_spk_0006,SVM_CLOSED_SET,svm_closed_set_train,SVM_EXPERIMENTAL,data/embeddings/v2/svm_closed_set/svm_closed_set_train/2749.npy,192,0.99999994,1143.699
4579,exp_svm_spk_0006,SVM_CLOSED_SET,svm_closed_set_train,SVM_EXPERIMENTAL,data/embeddings/v2/svm_closed_set/svm_closed_set_train/4579.npy,192,1.00000000,1890.516
12394,exp_svm_spk_0006,SVM_CLOSED_SET,svm_closed_set_train,SVM_EXPERIMENTAL,data/embeddings/v2/svm_closed_set/svm_closed_set_train/12394.npy,192,0.99999994,1537.451
11406,exp_svm_spk_0006,SVM_CLOSED_SET,svm_closed_set_train,SVM_EXPERIMENTAL,data/embeddings/v2/svm_closed_set/svm_closed_set_train/11406.npy,192,1.00000000,1171.051
2483,exp_svm_spk_0006,SVM_CLOSED_SET,svm_closed_set_train,SVM_EXPERIMENTAL,data/embeddings/v2/svm_closed_set/svm_closed_set_train/2483.npy,192,1.00000000,1829.175
2790,exp_svm_spk_0006,SVM_CLOSED_SET,svm_closed_set_train,SVM_EXPERIMENTAL,data/embeddings/v2/svm_closed_set/svm_closed_set_train/2790.npy,192,1.00000000,2197.659
14897,exp_svm_spk_0006,SVM_CLOSED_SET,svm_closed_set_train,SVM_EXPERIMENTAL,data/embeddings/v2/svm_closed_set/svm_closed_set_train/14897.npy,192,1.00000012,1561.498
9733,exp_svm_spk_0006,SVM_CLOSED_SET,svm_closed_set_train,SVM_EXPERIMENTAL,data/embeddings/v2/svm_closed_set/svm_closed_set_train/9733.npy,192,1.00000000,1478.443
8803,exp_svm_spk_0006,SVM_CLOSED_SET,svm_closed_set_train,SVM_EXPERIMENTAL,data/embeddings/v2/svm_closed_set/svm_closed_set_train/8803.npy,192,1.00000000,1728.191
17137,exp_svm_spk_0006,SVM_CLOSED_SET,svm_closed_set_train,SVM_EXPERIMENTAL,data/embeddings/v2/svm_closed_set/svm_closed_set_train/17137.npy,192,1.00000000,2543.583
3177,exp_svm_spk_0006,SVM_CLOSED_SET,svm_closed_set_train,SVM_EXPERIMENTAL,data/embeddings/v2/svm_closed_set/svm_closed_set_train/3177.npy,192,1.00000000,938.911
11076,exp_svm_spk_0006,SVM_CLOSED_SET,svm_closed_set_train,SVM_EXPERIMENTAL,data/embeddings/v2/svm_closed_set/svm_closed_set_train/11076.npy,192,1.00000000,846.264
13797,exp_svm_spk_0006,SVM_CLOSED_SET,svm_closed_set_train,SVM_EXPERIMENTAL,data/embeddings/v2/svm_closed_set/svm_closed_set_train/13797.npy,192,0.99999994,1141.445
10689,exp_svm_spk_0006,SVM_CLOSED_SET,svm_closed_set_train,SVM_EXPERIMENTAL,data/embeddings/v2/svm_closed_set/svm_closed_set_train/10689.npy,192,1.00000000,2136.293
13572,exp_svm_spk_0006,SVM_CLOSED_SET,svm_closed_set_train,SVM_EXPERIMENTAL,data/embeddings/v2/svm_closed_set/svm_closed_set_train/13572.npy,192,0.99999988,1744.052
11487,exp_svm_spk_0006,SVM_CLOSED_SET,svm_closed_set_train,SVM_EXPERIMENTAL,data/embeddings/v2/svm_closed_set/svm_closed_set_train/11487.npy,192,1.00000000,1045.839
6193,exp_svm_spk_0006,SVM_CLOSED_SET,svm_closed_set_train,SVM_EXPERIMENTAL,data/embeddings/v2/svm_closed_set/svm_closed_set_train/6193.npy,192,1.00000000,2176.937
9978,exp_svm_spk_0006,SVM_CLOSED_SET,svm_closed_set_train,SVM_EXPERIMENTAL,data/embeddings/v2/svm_closed_set/svm_closed_set_train/9978.npy,192,1.00000000,1698.385
13284,exp_svm_spk_0006,SVM_CLOSED_SET,svm_closed_set_train,SVM_EXPERIMENTAL,data/embeddings/v2/svm_closed_set/svm_closed_set_train/13284.npy,192,0.99999988,1423.504
2699,exp_svm_spk_0006,SVM_CLOSED_SET,svm_closed_set_train,SVM_EXPERIMENTAL,data/embeddings/v2/svm_closed_set/svm_closed_set_train/2699.npy,192,1.00000000,860.078
7727,exp_svm_spk_0006,SVM_CLOSED_SET,svm_closed_set_train,SVM_EXPERIMENTAL,data/embeddings/v2/svm_closed_set/svm_closed_set_train/7727.npy,192,1.00000000,1486.492
13076,exp_svm_spk_0006,SVM_CLOSED_SET,svm_closed_set_train,SVM_EXPERIMENTAL,data/embeddings/v2/svm_closed_set/svm_closed_set_train/13076.npy,192,0.99999994,881.064
762,exp_svm_spk_0006,SVM_CLOSED_SET,svm_closed_set_train,SVM_EXPERIMENTAL,data/embeddings/v2/svm_closed_set/svm_closed_set_train/762.npy,192,1.00000000,659.635
6107,exp_svm_spk_0006,SVM_CLOSED_SET,svm_closed_set_train,SVM_EXPERIMENTAL,data/embeddings/v2/svm_closed_set/svm_closed_set_train/6107.npy,192,1.00000000,913.558
516,exp_svm_spk_0006,SVM_CLOSED_SET,svm_closed_set_train,SVM_EXPERIMENTAL,data/embeddings/v2/svm_closed_set/svm_closed_set_train/516.npy,192,1.00000000,854.369
12923,exp_svm_spk_0007,SVM_CLOSED_SET,svm_closed_set_train,SVM_EXPERIMENTAL,data/embeddings/v2/svm_closed_set/svm_closed_set_train/12923.npy,192,1.00000000,2303.545
9299,exp_svm_spk_0007,SVM_CLOSED_SET,svm_closed_set_train,SVM_EXPERIMENTAL,data/embeddings/v2/svm_closed_set/svm_closed_set_train/9299.npy,192,0.99999994,1385.336
4421,exp_svm_spk_0007,SVM_CLOSED_SET,svm_closed_set_train,SVM_EXPERIMENTAL,data/embeddings/v2/svm_closed_set/svm_closed_set_train/4421.npy,192,0.99999994,878.878
15836,exp_svm_spk_0007,SVM_CLOSED_SET,svm_closed_set_train,SVM_EXPERIMENTAL,data/embeddings/v2/svm_closed_set/svm_closed_set_train/15836.npy,192,1.00000000,1047.750
15065,exp_svm_spk_0007,SVM_CLOSED_SET,svm_closed_set_train,SVM_EXPERIMENTAL,data/embeddings/v2/svm_closed_set/svm_closed_set_train/15065.npy,192,1.00000000,2540.442
13756,exp_svm_spk_0007,SVM_CLOSED_SET,svm_closed_set_train,SVM_EXPERIMENTAL,data/embeddings/v2/svm_closed_set/svm_closed_set_train/13756.npy,192,1.00000000,942.221
13914,exp_svm_spk_0007,SVM_CLOSED_SET,svm_closed_set_train,SVM_EXPERIMENTAL,data/embeddings/v2/svm_closed_set/svm_closed_set_train/13914.npy,192,1.00000000,1393.942
6655,exp_svm_spk_0007,SVM_CLOSED_SET,svm_closed_set_train,SVM_EXPERIMENTAL,data/embeddings/v2/svm_closed_set/svm_closed_set_train/6655.npy,192,0.99999994,1180.065
6673,exp_svm_spk_0007,SVM_CLOSED_SET,svm_closed_set_train,SVM_EXPERIMENTAL,data/embeddings/v2/svm_closed_set/svm_closed_set_train/6673.npy,192,1.00000012,1200.759
13836,exp_svm_spk_0007,SVM_CLOSED_SET,svm_closed_set_train,SVM_EXPERIMENTAL,data/embeddings/v2/svm_closed_set/svm_closed_set_train/13836.npy,192,1.00000000,1133.830
2392,exp_svm_spk_0007,SVM_CLOSED_SET,svm_closed_set_train,SVM_EXPERIMENTAL,data/embeddings/v2/svm_closed_set/svm_closed_set_train/2392.npy,192,1.00000000,1376.964
1094,exp_svm_spk_0007,SVM_CLOSED_SET,svm_closed_set_train,SVM_EXPERIMENTAL,data/embeddings/v2/svm_closed_set/svm_closed_set_train/1094.npy,192,0.99999994,1356.641
3637,exp_svm_spk_0007,SVM_CLOSED_SET,svm_closed_set_train,SVM_EXPERIMENTAL,data/embeddings/v2/svm_closed_set/svm_closed_set_train/3637.npy,192,1.00000000,1208.313
10952,exp_svm_spk_0007,SVM_CLOSED_SET,svm_closed_set_train,SVM_EXPERIMENTAL,data/embeddings/v2/svm_closed_set/svm_closed_set_train/10952.npy,192,1.00000000,1506.173
10860,exp_svm_spk_0007,SVM_CLOSED_SET,svm_closed_set_train,SVM_EXPERIMENTAL,data/embeddings/v2/svm_closed_set/svm_closed_set_train/10860.npy,192,1.00000000,1279.572
16533,exp_svm_spk_0007,SVM_CLOSED_SET,svm_closed_set_train,SVM_EXPERIMENTAL,data/embeddings/v2/svm_closed_set/svm_closed_set_train/16533.npy,192,1.00000000,1168.220
10605,exp_svm_spk_0007,SVM_CLOSED_SET,svm_closed_set_train,SVM_EXPERIMENTAL,data/embeddings/v2/svm_closed_set/svm_closed_set_train/10605.npy,192,0.99999994,1111.766
15986,exp_svm_spk_0007,SVM_CLOSED_SET,svm_closed_set_train,SVM_EXPERIMENTAL,data/embeddings/v2/svm_closed_set/svm_closed_set_train/15986.npy,192,1.00000000,858.016
7043,exp_svm_spk_0007,SVM_CLOSED_SET,svm_closed_set_train,SVM_EXPERIMENTAL,data/embeddings/v2/svm_closed_set/svm_closed_set_train/7043.npy,192,1.00000000,1453.076
11020,exp_svm_spk_0007,SVM_CLOSED_SET,svm_closed_set_train,SVM_EXPERIMENTAL,data/embeddings/v2/svm_closed_set/svm_closed_set_train/11020.npy,192,1.00000000,915.792
13737,exp_svm_spk_0007,SVM_CLOSED_SET,svm_closed_set_train,SVM_EXPERIMENTAL,data/embeddings/v2/svm_closed_set/svm_closed_set_train/13737.npy,192,1.00000000,2746.014
5183,exp_svm_spk_0007,SVM_CLOSED_SET,svm_closed_set_train,SVM_EXPERIMENTAL,data/embeddings/v2/svm_closed_set/svm_closed_set_train/5183.npy,192,0.99999994,785.387
6792,exp_svm_spk_0007,SVM_CLOSED_SET,svm_closed_set_train,SVM_EXPERIMENTAL,data/embeddings/v2/svm_closed_set/svm_closed_set_train/6792.npy,192,1.00000000,974.516
1295,exp_svm_spk_0007,SVM_CLOSED_SET,svm_closed_set_train,SVM_EXPERIMENTAL,data/embeddings/v2/svm_closed_set/svm_closed_set_train/1295.npy,192,1.00000000,1222.037
10245,exp_svm_spk_0007,SVM_CLOSED_SET,svm_closed_set_train,SVM_EXPERIMENTAL,data/embeddings/v2/svm_closed_set/svm_closed_set_train/10245.npy,192,0.99999994,1531.602
10449,exp_svm_spk_0007,SVM_CLOSED_SET,svm_closed_set_train,SVM_EXPERIMENTAL,data/embeddings/v2/svm_closed_set/svm_closed_set_train/10449.npy,192,1.00000000,2006.193
17046,exp_svm_spk_0007,SVM_CLOSED_SET,svm_closed_set_train,SVM_EXPERIMENTAL,data/embeddings/v2/svm_closed_set/svm_closed_set_train/17046.npy,192,1.00000000,1313.834
5362,exp_svm_spk_0007,SVM_CLOSED_SET,svm_closed_set_train,SVM_EXPERIMENTAL,data/embeddings/v2/svm_closed_set/svm_closed_set_train/5362.npy,192,0.99999988,1500.472
2158,exp_svm_spk_0007,SVM_CLOSED_SET,svm_closed_set_train,SVM_EXPERIMENTAL,data/embeddings/v2/svm_closed_set/svm_closed_set_train/2158.npy,192,1.00000000,2136.670
7260,exp_svm_spk_0007,SVM_CLOSED_SET,svm_closed_set_train,SVM_EXPERIMENTAL,data/embeddings/v2/svm_closed_set/svm_closed_set_train/7260.npy,192,1.00000000,1982.820
806,exp_svm_spk_0007,SVM_CLOSED_SET,svm_closed_set_train,SVM_EXPERIMENTAL,data/embeddings/v2/svm_closed_set/svm_closed_set_train/806.npy,192,0.99999994,1778.964
9164,exp_svm_spk_0007,SVM_CLOSED_SET,svm_closed_set_train,SVM_EXPERIMENTAL,data/embeddings/v2/svm_closed_set/svm_closed_set_train/9164.npy,192,0.99999994,2318.078
4292,exp_svm_spk_0007,SVM_CLOSED_SET,svm_closed_set_train,SVM_EXPERIMENTAL,data/embeddings/v2/svm_closed_set/svm_closed_set_train/4292.npy,192,1.00000000,1790.281
4003,exp_svm_spk_0007,SVM_CLOSED_SET,svm_closed_set_train,SVM_EXPERIMENTAL,data/embeddings/v2/svm_closed_set/svm_closed_set_train/4003.npy,192,0.99999994,1192.900
2042,exp_svm_spk_0007,SVM_CLOSED_SET,svm_closed_set_train,SVM_EXPERIMENTAL,data/embeddings/v2/svm_closed_set/svm_closed_set_train/2042.npy,192,1.00000000,2120.118
14604,exp_svm_spk_0007,SVM_CLOSED_SET,svm_closed_set_train,SVM_EXPERIMENTAL,data/embeddings/v2/svm_closed_set/svm_closed_set_train/14604.npy,192,1.00000000,1311.299
10904,exp_svm_spk_0007,SVM_CLOSED_SET,svm_closed_set_train,SVM_EXPERIMENTAL,data/embeddings/v2/svm_closed_set/svm_closed_set_train/10904.npy,192,0.99999994,1038.343
8549,exp_svm_spk_0007,SVM_CLOSED_SET,svm_closed_set_train,SVM_EXPERIMENTAL,data/embeddings/v2/svm_closed_set/svm_closed_set_train/8549.npy,192,1.00000000,2235.308
16881,exp_svm_spk_0007,SVM_CLOSED_SET,svm_closed_set_train,SVM_EXPERIMENTAL,data/embeddings/v2/svm_closed_set/svm_closed_set_train/16881.npy,192,1.00000000,751.495
13373,exp_svm_spk_0007,SVM_CLOSED_SET,svm_closed_set_train,SVM_EXPERIMENTAL,data/embeddings/v2/svm_closed_set/svm_closed_set_train/13373.npy,192,0.99999994,1074.327
14901,exp_svm_spk_0007,SVM_CLOSED_SET,svm_closed_set_train,SVM_EXPERIMENTAL,data/embeddings/v2/svm_closed_set/svm_closed_set_train/14901.npy,192,1.00000000,1150.879
10896,exp_svm_spk_0007,SVM_CLOSED_SET,svm_closed_set_train,SVM_EXPERIMENTAL,data/embeddings/v2/svm_closed_set/svm_closed_set_train/10896.npy,192,0.99999994,1096.276
3547,exp_svm_spk_0007,SVM_CLOSED_SET,svm_closed_set_train,SVM_EXPERIMENTAL,data/embeddings/v2/svm_closed_set/svm_closed_set_train/3547.npy,192,0.99999988,1405.356
5069,exp_svm_spk_0007,SVM_CLOSED_SET,svm_closed_set_train,SVM_EXPERIMENTAL,data/embeddings/v2/svm_closed_set/svm_closed_set_train/5069.npy,192,1.00000000,1008.851
11283,exp_svm_spk_0007,SVM_CLOSED_SET,svm_closed_set_train,SVM_EXPERIMENTAL,data/embeddings/v2/svm_closed_set/svm_closed_set_train/11283.npy,192,0.99999994,1009.828
10554,exp_svm_spk_0007,SVM_CLOSED_SET,svm_closed_set_train,SVM_EXPERIMENTAL,data/embeddings/v2/svm_closed_set/svm_closed_set_train/10554.npy,192,1.00000000,1235.046
12380,exp_svm_spk_0007,SVM_CLOSED_SET,svm_closed_set_train,SVM_EXPERIMENTAL,data/embeddings/v2/svm_closed_set/svm_closed_set_train/12380.npy,192,0.99999994,1501.987
1558,exp_svm_spk_0007,SVM_CLOSED_SET,svm_closed_set_train,SVM_EXPERIMENTAL,data/embeddings/v2/svm_closed_set/svm_closed_set_train/1558.npy,192,1.00000000,870.652
11530,exp_svm_spk_0007,SVM_CLOSED_SET,svm_closed_set_train,SVM_EXPERIMENTAL,data/embeddings/v2/svm_closed_set/svm_closed_set_train/11530.npy,192,1.00000000,1116.441
2040,exp_svm_spk_0007,SVM_CLOSED_SET,svm_closed_set_train,SVM_EXPERIMENTAL,data/embeddings/v2/svm_closed_set/svm_closed_set_train/2040.npy,192,1.00000000,979.471
15572,exp_svm_spk_0007,SVM_CLOSED_SET,svm_closed_set_train,SVM_EXPERIMENTAL,data/embeddings/v2/svm_closed_set/svm_closed_set_train/15572.npy,192,1.00000000,845.251
11693,exp_svm_spk_0007,SVM_CLOSED_SET,svm_closed_set_train,SVM_EXPERIMENTAL,data/embeddings/v2/svm_closed_set/svm_closed_set_train/11693.npy,192,1.00000000,1503.410
14708,exp_svm_spk_0007,SVM_CLOSED_SET,svm_closed_set_train,SVM_EXPERIMENTAL,data/embeddings/v2/svm_closed_set/svm_closed_set_train/14708.npy,192,1.00000000,832.565
7066,exp_svm_spk_0007,SVM_CLOSED_SET,svm_closed_set_train,SVM_EXPERIMENTAL,data/embeddings/v2/svm_closed_set/svm_closed_set_train/7066.npy,192,1.00000000,1102.176
8753,exp_svm_spk_0007,SVM_CLOSED_SET,svm_closed_set_train,SVM_EXPERIMENTAL,data/embeddings/v2/svm_closed_set/svm_closed_set_train/8753.npy,192,1.00000000,1251.907
13349,exp_svm_spk_0007,SVM_CLOSED_SET,svm_closed_set_train,SVM_EXPERIMENTAL,data/embeddings/v2/svm_closed_set/svm_closed_set_train/13349.npy,192,1.00000000,1495.070
12947,exp_svm_spk_0007,SVM_CLOSED_SET,svm_closed_set_train,SVM_EXPERIMENTAL,data/embeddings/v2/svm_closed_set/svm_closed_set_train/12947.npy,192,1.00000000,779.003
11256,exp_svm_spk_0007,SVM_CLOSED_SET,svm_closed_set_train,SVM_EXPERIMENTAL,data/embeddings/v2/svm_closed_set/svm_closed_set_train/11256.npy,192,0.99999994,933.360
4360,exp_svm_spk_0007,SVM_CLOSED_SET,svm_closed_set_train,SVM_EXPERIMENTAL,data/embeddings/v2/svm_closed_set/svm_closed_set_train/4360.npy,192,0.99999994,1166.457
16612,exp_svm_spk_0007,SVM_CLOSED_SET,svm_closed_set_train,SVM_EXPERIMENTAL,data/embeddings/v2/svm_closed_set/svm_closed_set_train/16612.npy,192,1.00000000,1391.944
99,exp_svm_spk_0007,SVM_CLOSED_SET,svm_closed_set_train,SVM_EXPERIMENTAL,data/embeddings/v2/svm_closed_set/svm_closed_set_train/99.npy,192,0.99999994,966.984
8723,exp_svm_spk_0007,SVM_CLOSED_SET,svm_closed_set_train,SVM_EXPERIMENTAL,data/embeddings/v2/svm_closed_set/svm_closed_set_train/8723.npy,192,1.00000000,1937.196
12877,exp_svm_spk_0007,SVM_CLOSED_SET,svm_closed_set_train,SVM_EXPERIMENTAL,data/embeddings/v2/svm_closed_set/svm_closed_set_train/12877.npy,192,1.00000000,1212.775
5202,exp_svm_spk_0007,SVM_CLOSED_SET,svm_closed_set_train,SVM_EXPERIMENTAL,data/embeddings/v2/svm_closed_set/svm_closed_set_train/5202.npy,192,1.00000000,849.184
5436,exp_svm_spk_0009,SVM_CLOSED_SET,svm_closed_set_train,SVM_EXPERIMENTAL,data/embeddings/v2/svm_closed_set/svm_closed_set_train/5436.npy,192,0.99999994,1274.574
14721,exp_svm_spk_0009,SVM_CLOSED_SET,svm_closed_set_train,SVM_EXPERIMENTAL,data/embeddings/v2/svm_closed_set/svm_closed_set_train/14721.npy,192,1.00000000,1322.850
6548,exp_svm_spk_0009,SVM_CLOSED_SET,svm_closed_set_train,SVM_EXPERIMENTAL,data/embeddings/v2/svm_closed_set/svm_closed_set_train/6548.npy,192,0.99999994,1233.056
5154,exp_svm_spk_0009,SVM_CLOSED_SET,svm_closed_set_train,SVM_EXPERIMENTAL,data/embeddings/v2/svm_closed_set/svm_closed_set_train/5154.npy,192,0.99999994,2071.477
11333,exp_svm_spk_0009,SVM_CLOSED_SET,svm_closed_set_train,SVM_EXPERIMENTAL,data/embeddings/v2/svm_closed_set/svm_closed_set_train/11333.npy,192,0.99999994,1953.969
10488,exp_svm_spk_0009,SVM_CLOSED_SET,svm_closed_set_train,SVM_EXPERIMENTAL,data/embeddings/v2/svm_closed_set/svm_closed_set_train/10488.npy,192,0.99999994,897.817
16396,exp_svm_spk_0009,SVM_CLOSED_SET,svm_closed_set_train,SVM_EXPERIMENTAL,data/embeddings/v2/svm_closed_set/svm_closed_set_train/16396.npy,192,0.99999994,860.355
3285,exp_svm_spk_0009,SVM_CLOSED_SET,svm_closed_set_train,SVM_EXPERIMENTAL,data/embeddings/v2/svm_closed_set/svm_closed_set_train/3285.npy,192,1.00000000,1350.439
30,exp_svm_spk_0009,SVM_CLOSED_SET,svm_closed_set_train,SVM_EXPERIMENTAL,data/embeddings/v2/svm_closed_set/svm_closed_set_train/30.npy,192,1.00000000,3063.769
13938,exp_svm_spk_0009,SVM_CLOSED_SET,svm_closed_set_train,SVM_EXPERIMENTAL,data/embeddings/v2/svm_closed_set/svm_closed_set_train/13938.npy,192,0.99999994,1332.483
2259,exp_svm_spk_0009,SVM_CLOSED_SET,svm_closed_set_train,SVM_EXPERIMENTAL,data/embeddings/v2/svm_closed_set/svm_closed_set_train/2259.npy,192,1.00000000,851.688
4778,exp_svm_spk_0009,SVM_CLOSED_SET,svm_closed_set_train,SVM_EXPERIMENTAL,data/embeddings/v2/svm_closed_set/svm_closed_set_train/4778.npy,192,0.99999988,1582.155
8152,exp_svm_spk_0009,SVM_CLOSED_SET,svm_closed_set_train,SVM_EXPERIMENTAL,data/embeddings/v2/svm_closed_set/svm_closed_set_train/8152.npy,192,1.00000000,1475.253
1225,exp_svm_spk_0009,SVM_CLOSED_SET,svm_closed_set_train,SVM_EXPERIMENTAL,data/embeddings/v2/svm_closed_set/svm_closed_set_train/1225.npy,192,0.99999994,1496.223
4422,exp_svm_spk_0009,SVM_CLOSED_SET,svm_closed_set_train,SVM_EXPERIMENTAL,data/embeddings/v2/svm_closed_set/svm_closed_set_train/4422.npy,192,1.00000000,1693.044
2992,exp_svm_spk_0009,SVM_CLOSED_SET,svm_closed_set_train,SVM_EXPERIMENTAL,data/embeddings/v2/svm_closed_set/svm_closed_set_train/2992.npy,192,1.00000000,1501.791
113,exp_svm_spk_0009,SVM_CLOSED_SET,svm_closed_set_train,SVM_EXPERIMENTAL,data/embeddings/v2/svm_closed_set/svm_closed_set_train/113.npy,192,1.00000000,1481.918
13051,exp_svm_spk_0009,SVM_CLOSED_SET,svm_closed_set_train,SVM_EXPERIMENTAL,data/embeddings/v2/svm_closed_set/svm_closed_set_train/13051.npy,192,1.00000000,1582.078
4117,exp_svm_spk_0009,SVM_CLOSED_SET,svm_closed_set_train,SVM_EXPERIMENTAL,data/embeddings/v2/svm_closed_set/svm_closed_set_train/4117.npy,192,1.00000000,4535.945
9926,exp_svm_spk_0009,SVM_CLOSED_SET,svm_closed_set_train,SVM_EXPERIMENTAL,data/embeddings/v2/svm_closed_set/svm_closed_set_train/9926.npy,192,0.99999994,1817.903
11611,exp_svm_spk_0009,SVM_CLOSED_SET,svm_closed_set_train,SVM_EXPERIMENTAL,data/embeddings/v2/svm_closed_set/svm_closed_set_train/11611.npy,192,1.00000000,3660.822
6779,exp_svm_spk_0009,SVM_CLOSED_SET,svm_closed_set_train,SVM_EXPERIMENTAL,data/embeddings/v2/svm_closed_set/svm_closed_set_train/6779.npy,192,1.00000000,1073.185
1910,exp_svm_spk_0009,SVM_CLOSED_SET,svm_closed_set_train,SVM_EXPERIMENTAL,data/embeddings/v2/svm_closed_set/svm_closed_set_train/1910.npy,192,1.00000000,1661.791
4359,exp_svm_spk_0009,SVM_CLOSED_SET,svm_closed_set_train,SVM_EXPERIMENTAL,data/embeddings/v2/svm_closed_set/svm_closed_set_train/4359.npy,192,1.00000000,1940.367
9391,exp_svm_spk_0009,SVM_CLOSED_SET,svm_closed_set_train,SVM_EXPERIMENTAL,data/embeddings/v2/svm_closed_set/svm_closed_set_train/9391.npy,192,0.99999994,2540.015
11675,exp_svm_spk_0009,SVM_CLOSED_SET,svm_closed_set_train,SVM_EXPERIMENTAL,data/embeddings/v2/svm_closed_set/svm_closed_set_train/11675.npy,192,1.00000012,1447.944
12711,exp_svm_spk_0009,SVM_CLOSED_SET,svm_closed_set_train,SVM_EXPERIMENTAL,data/embeddings/v2/svm_closed_set/svm_closed_set_train/12711.npy,192,1.00000000,1743.879
5696,exp_svm_spk_0009,SVM_CLOSED_SET,svm_closed_set_train,SVM_EXPERIMENTAL,data/embeddings/v2/svm_closed_set/svm_closed_set_train/5696.npy,192,1.00000000,2365.025
8873,exp_svm_spk_0009,SVM_CLOSED_SET,svm_closed_set_train,SVM_EXPERIMENTAL,data/embeddings/v2/svm_closed_set/svm_closed_set_train/8873.npy,192,1.00000012,2495.704
13316,exp_svm_spk_0009,SVM_CLOSED_SET,svm_closed_set_train,SVM_EXPERIMENTAL,data/embeddings/v2/svm_closed_set/svm_closed_set_train/13316.npy,192,0.99999994,2286.380
16726,exp_svm_spk_0009,SVM_CLOSED_SET,svm_closed_set_train,SVM_EXPERIMENTAL,data/embeddings/v2/svm_closed_set/svm_closed_set_train/16726.npy,192,0.99999994,1728.633
9921,exp_svm_spk_0009,SVM_CLOSED_SET,svm_closed_set_train,SVM_EXPERIMENTAL,data/embeddings/v2/svm_closed_set/svm_closed_set_train/9921.npy,192,1.00000000,1304.552
11377,exp_svm_spk_0009,SVM_CLOSED_SET,svm_closed_set_train,SVM_EXPERIMENTAL,data/embeddings/v2/svm_closed_set/svm_closed_set_train/11377.npy,192,1.00000000,1157.509
148,exp_svm_spk_0009,SVM_CLOSED_SET,svm_closed_set_train,SVM_EXPERIMENTAL,data/embeddings/v2/svm_closed_set/svm_closed_set_train/148.npy,192,1.00000000,1238.523
4791,exp_svm_spk_0009,SVM_CLOSED_SET,svm_closed_set_train,SVM_EXPERIMENTAL,data/embeddings/v2/svm_closed_set/svm_closed_set_train/4791.npy,192,1.00000000,909.176
5453,exp_svm_spk_0009,SVM_CLOSED_SET,svm_closed_set_train,SVM_EXPERIMENTAL,data/embeddings/v2/svm_closed_set/svm_closed_set_train/5453.npy,192,1.00000000,1960.180
15798,exp_svm_spk_0009,SVM_CLOSED_SET,svm_closed_set_train,SVM_EXPERIMENTAL,data/embeddings/v2/svm_closed_set/svm_closed_set_train/15798.npy,192,1.00000000,890.703
14267,exp_svm_spk_0009,SVM_CLOSED_SET,svm_closed_set_train,SVM_EXPERIMENTAL,data/embeddings/v2/svm_closed_set/svm_closed_set_train/14267.npy,192,1.00000000,1572.764
15090,exp_svm_spk_0009,SVM_CLOSED_SET,svm_closed_set_train,SVM_EXPERIMENTAL,data/embeddings/v2/svm_closed_set/svm_closed_set_train/15090.npy,192,1.00000000,1883.211
5653,exp_svm_spk_0009,SVM_CLOSED_SET,svm_closed_set_train,SVM_EXPERIMENTAL,data/embeddings/v2/svm_closed_set/svm_closed_set_train/5653.npy,192,1.00000000,3729.093
6096,exp_svm_spk_0009,SVM_CLOSED_SET,svm_closed_set_train,SVM_EXPERIMENTAL,data/embeddings/v2/svm_closed_set/svm_closed_set_train/6096.npy,192,1.00000000,1013.884
8253,exp_svm_spk_0009,SVM_CLOSED_SET,svm_closed_set_train,SVM_EXPERIMENTAL,data/embeddings/v2/svm_closed_set/svm_closed_set_train/8253.npy,192,1.00000000,2217.360
15252,exp_svm_spk_0009,SVM_CLOSED_SET,svm_closed_set_train,SVM_EXPERIMENTAL,data/embeddings/v2/svm_closed_set/svm_closed_set_train/15252.npy,192,1.00000000,3204.056
1901,exp_svm_spk_0009,SVM_CLOSED_SET,svm_closed_set_train,SVM_EXPERIMENTAL,data/embeddings/v2/svm_closed_set/svm_closed_set_train/1901.npy,192,0.99999994,1799.575
6381,exp_svm_spk_0009,SVM_CLOSED_SET,svm_closed_set_train,SVM_EXPERIMENTAL,data/embeddings/v2/svm_closed_set/svm_closed_set_train/6381.npy,192,1.00000000,1243.723
8373,exp_svm_spk_0009,SVM_CLOSED_SET,svm_closed_set_train,SVM_EXPERIMENTAL,data/embeddings/v2/svm_closed_set/svm_closed_set_train/8373.npy,192,1.00000000,1109.864
16615,exp_svm_spk_0009,SVM_CLOSED_SET,svm_closed_set_train,SVM_EXPERIMENTAL,data/embeddings/v2/svm_closed_set/svm_closed_set_train/16615.npy,192,1.00000000,3393.383
2514,exp_svm_spk_0009,SVM_CLOSED_SET,svm_closed_set_train,SVM_EXPERIMENTAL,data/embeddings/v2/svm_closed_set/svm_closed_set_train/2514.npy,192,1.00000000,1377.064
7653,exp_svm_spk_0009,SVM_CLOSED_SET,svm_closed_set_train,SVM_EXPERIMENTAL,data/embeddings/v2/svm_closed_set/svm_closed_set_train/7653.npy,192,1.00000000,4054.272
15973,exp_svm_spk_0009,SVM_CLOSED_SET,svm_closed_set_train,SVM_EXPERIMENTAL,data/embeddings/v2/svm_closed_set/svm_closed_set_train/15973.npy,192,1.00000000,2477.130
10806,exp_svm_spk_0009,SVM_CLOSED_SET,svm_closed_set_train,SVM_EXPERIMENTAL,data/embeddings/v2/svm_closed_set/svm_closed_set_train/10806.npy,192,0.99999988,1914.951
388,exp_svm_spk_0009,SVM_CLOSED_SET,svm_closed_set_train,SVM_EXPERIMENTAL,data/embeddings/v2/svm_closed_set/svm_closed_set_train/388.npy,192,1.00000000,989.817
14069,exp_svm_spk_0009,SVM_CLOSED_SET,svm_closed_set_train,SVM_EXPERIMENTAL,data/embeddings/v2/svm_closed_set/svm_closed_set_train/14069.npy,192,0.99999994,1256.634
8928,exp_svm_spk_0009,SVM_CLOSED_SET,svm_closed_set_train,SVM_EXPERIMENTAL,data/embeddings/v2/svm_closed_set/svm_closed_set_train/8928.npy,192,0.99999994,2470.299
3121,exp_svm_spk_0009,SVM_CLOSED_SET,svm_closed_set_train,SVM_EXPERIMENTAL,data/embeddings/v2/svm_closed_set/svm_closed_set_train/3121.npy,192,1.00000000,1621.420
5726,exp_svm_spk_0009,SVM_CLOSED_SET,svm_closed_set_train,SVM_EXPERIMENTAL,data/embeddings/v2/svm_closed_set/svm_closed_set_train/5726.npy,192,1.00000000,1168.494
3876,exp_svm_spk_0009,SVM_CLOSED_SET,svm_closed_set_train,SVM_EXPERIMENTAL,data/embeddings/v2/svm_closed_set/svm_closed_set_train/3876.npy,192,1.00000000,2182.426
1334,exp_svm_spk_0009,SVM_CLOSED_SET,svm_closed_set_train,SVM_EXPERIMENTAL,data/embeddings/v2/svm_closed_set/svm_closed_set_train/1334.npy,192,1.00000000,2361.605
5189,exp_svm_spk_0009,SVM_CLOSED_SET,svm_closed_set_train,SVM_EXPERIMENTAL,data/embeddings/v2/svm_closed_set/svm_closed_set_train/5189.npy,192,1.00000000,2289.926
7780,exp_svm_spk_0009,SVM_CLOSED_SET,svm_closed_set_train,SVM_EXPERIMENTAL,data/embeddings/v2/svm_closed_set/svm_closed_set_train/7780.npy,192,1.00000000,1735.232
6169,exp_svm_spk_0009,SVM_CLOSED_SET,svm_closed_set_train,SVM_EXPERIMENTAL,data/embeddings/v2/svm_closed_set/svm_closed_set_train/6169.npy,192,1.00000000,1495.808
14343,exp_svm_spk_0009,SVM_CLOSED_SET,svm_closed_set_train,SVM_EXPERIMENTAL,data/embeddings/v2/svm_closed_set/svm_closed_set_train/14343.npy,192,1.00000000,1806.641
15538,exp_svm_spk_0009,SVM_CLOSED_SET,svm_closed_set_train,SVM_EXPERIMENTAL,data/embeddings/v2/svm_closed_set/svm_closed_set_train/15538.npy,192,0.99999994,2983.967
12177,exp_svm_spk_0009,SVM_CLOSED_SET,svm_closed_set_train,SVM_EXPERIMENTAL,data/embeddings/v2/svm_closed_set/svm_closed_set_train/12177.npy,192,0.99999994,752.391
8325,exp_svm_spk_0009,SVM_CLOSED_SET,svm_closed_set_train,SVM_EXPERIMENTAL,data/embeddings/v2/svm_closed_set/svm_closed_set_train/8325.npy,192,0.99999994,1640.993
2303,exp_svm_spk_0010,SVM_CLOSED_SET,svm_closed_set_train,SVM_EXPERIMENTAL,data/embeddings/v2/svm_closed_set/svm_closed_set_train/2303.npy,192,0.99999994,561.603
15581,exp_svm_spk_0010,SVM_CLOSED_SET,svm_closed_set_train,SVM_EXPERIMENTAL,data/embeddings/v2/svm_closed_set/svm_closed_set_train/15581.npy,192,1.00000000,621.377
6558,exp_svm_spk_0010,SVM_CLOSED_SET,svm_closed_set_train,SVM_EXPERIMENTAL,data/embeddings/v2/svm_closed_set/svm_closed_set_train/6558.npy,192,1.00000000,1106.933
2834,exp_svm_spk_0010,SVM_CLOSED_SET,svm_closed_set_train,SVM_EXPERIMENTAL,data/embeddings/v2/svm_closed_set/svm_closed_set_train/2834.npy,192,1.00000000,1022.485
9355,exp_svm_spk_0010,SVM_CLOSED_SET,svm_closed_set_train,SVM_EXPERIMENTAL,data/embeddings/v2/svm_closed_set/svm_closed_set_train/9355.npy,192,1.00000000,721.121
4497,exp_svm_spk_0010,SVM_CLOSED_SET,svm_closed_set_train,SVM_EXPERIMENTAL,data/embeddings/v2/svm_closed_set/svm_closed_set_train/4497.npy,192,1.00000000,770.544
13859,exp_svm_spk_0010,SVM_CLOSED_SET,svm_closed_set_train,SVM_EXPERIMENTAL,data/embeddings/v2/svm_closed_set/svm_closed_set_train/13859.npy,192,1.00000000,840.275
10290,exp_svm_spk_0010,SVM_CLOSED_SET,svm_closed_set_train,SVM_EXPERIMENTAL,data/embeddings/v2/svm_closed_set/svm_closed_set_train/10290.npy,192,1.00000000,1008.261
1222,exp_svm_spk_0010,SVM_CLOSED_SET,svm_closed_set_train,SVM_EXPERIMENTAL,data/embeddings/v2/svm_closed_set/svm_closed_set_train/1222.npy,192,0.99999994,1195.405
6990,exp_svm_spk_0010,SVM_CLOSED_SET,svm_closed_set_train,SVM_EXPERIMENTAL,data/embeddings/v2/svm_closed_set/svm_closed_set_train/6990.npy,192,1.00000000,1070.254
6858,exp_svm_spk_0010,SVM_CLOSED_SET,svm_closed_set_train,SVM_EXPERIMENTAL,data/embeddings/v2/svm_closed_set/svm_closed_set_train/6858.npy,192,0.99999994,666.150
9375,exp_svm_spk_0010,SVM_CLOSED_SET,svm_closed_set_train,SVM_EXPERIMENTAL,data/embeddings/v2/svm_closed_set/svm_closed_set_train/9375.npy,192,1.00000000,509.794
2971,exp_svm_spk_0010,SVM_CLOSED_SET,svm_closed_set_train,SVM_EXPERIMENTAL,data/embeddings/v2/svm_closed_set/svm_closed_set_train/2971.npy,192,0.99999994,747.007
12470,exp_svm_spk_0010,SVM_CLOSED_SET,svm_closed_set_train,SVM_EXPERIMENTAL,data/embeddings/v2/svm_closed_set/svm_closed_set_train/12470.npy,192,0.99999994,927.713
12478,exp_svm_spk_0010,SVM_CLOSED_SET,svm_closed_set_train,SVM_EXPERIMENTAL,data/embeddings/v2/svm_closed_set/svm_closed_set_train/12478.npy,192,1.00000000,1823.678
9013,exp_svm_spk_0010,SVM_CLOSED_SET,svm_closed_set_train,SVM_EXPERIMENTAL,data/embeddings/v2/svm_closed_set/svm_closed_set_train/9013.npy,192,1.00000000,930.453
1726,exp_svm_spk_0010,SVM_CLOSED_SET,svm_closed_set_train,SVM_EXPERIMENTAL,data/embeddings/v2/svm_closed_set/svm_closed_set_train/1726.npy,192,0.99999994,640.164
2583,exp_svm_spk_0010,SVM_CLOSED_SET,svm_closed_set_train,SVM_EXPERIMENTAL,data/embeddings/v2/svm_closed_set/svm_closed_set_train/2583.npy,192,1.00000000,774.538
16334,exp_svm_spk_0010,SVM_CLOSED_SET,svm_closed_set_train,SVM_EXPERIMENTAL,data/embeddings/v2/svm_closed_set/svm_closed_set_train/16334.npy,192,1.00000000,1545.442
4752,exp_svm_spk_0010,SVM_CLOSED_SET,svm_closed_set_train,SVM_EXPERIMENTAL,data/embeddings/v2/svm_closed_set/svm_closed_set_train/4752.npy,192,0.99999994,1086.766
7595,exp_svm_spk_0010,SVM_CLOSED_SET,svm_closed_set_train,SVM_EXPERIMENTAL,data/embeddings/v2/svm_closed_set/svm_closed_set_train/7595.npy,192,1.00000000,932.448
6452,exp_svm_spk_0010,SVM_CLOSED_SET,svm_closed_set_train,SVM_EXPERIMENTAL,data/embeddings/v2/svm_closed_set/svm_closed_set_train/6452.npy,192,1.00000000,1444.527
147,exp_svm_spk_0010,SVM_CLOSED_SET,svm_closed_set_train,SVM_EXPERIMENTAL,data/embeddings/v2/svm_closed_set/svm_closed_set_train/147.npy,192,1.00000000,958.960
1241,exp_svm_spk_0010,SVM_CLOSED_SET,svm_closed_set_train,SVM_EXPERIMENTAL,data/embeddings/v2/svm_closed_set/svm_closed_set_train/1241.npy,192,1.00000000,1098.615
16744,exp_svm_spk_0010,SVM_CLOSED_SET,svm_closed_set_train,SVM_EXPERIMENTAL,data/embeddings/v2/svm_closed_set/svm_closed_set_train/16744.npy,192,1.00000000,702.136
2978,exp_svm_spk_0010,SVM_CLOSED_SET,svm_closed_set_train,SVM_EXPERIMENTAL,data/embeddings/v2/svm_closed_set/svm_closed_set_train/2978.npy,192,1.00000000,1357.799
8778,exp_svm_spk_0010,SVM_CLOSED_SET,svm_closed_set_train,SVM_EXPERIMENTAL,data/embeddings/v2/svm_closed_set/svm_closed_set_train/8778.npy,192,1.00000000,1636.600
10521,exp_svm_spk_0010,SVM_CLOSED_SET,svm_closed_set_train,SVM_EXPERIMENTAL,data/embeddings/v2/svm_closed_set/svm_closed_set_train/10521.npy,192,1.00000012,2092.192
2246,exp_svm_spk_0010,SVM_CLOSED_SET,svm_closed_set_train,SVM_EXPERIMENTAL,data/embeddings/v2/svm_closed_set/svm_closed_set_train/2246.npy,192,1.00000012,1967.404
3801,exp_svm_spk_0010,SVM_CLOSED_SET,svm_closed_set_train,SVM_EXPERIMENTAL,data/embeddings/v2/svm_closed_set/svm_closed_set_train/3801.npy,192,1.00000000,2235.501
7729,exp_svm_spk_0010,SVM_CLOSED_SET,svm_closed_set_train,SVM_EXPERIMENTAL,data/embeddings/v2/svm_closed_set/svm_closed_set_train/7729.npy,192,0.99999994,1210.612
10397,exp_svm_spk_0010,SVM_CLOSED_SET,svm_closed_set_train,SVM_EXPERIMENTAL,data/embeddings/v2/svm_closed_set/svm_closed_set_train/10397.npy,192,1.00000000,798.090
14985,exp_svm_spk_0010,SVM_CLOSED_SET,svm_closed_set_train,SVM_EXPERIMENTAL,data/embeddings/v2/svm_closed_set/svm_closed_set_train/14985.npy,192,1.00000000,893.558
17,exp_svm_spk_0010,SVM_CLOSED_SET,svm_closed_set_train,SVM_EXPERIMENTAL,data/embeddings/v2/svm_closed_set/svm_closed_set_train/17.npy,192,1.00000000,630.362
6741,exp_svm_spk_0010,SVM_CLOSED_SET,svm_closed_set_train,SVM_EXPERIMENTAL,data/embeddings/v2/svm_closed_set/svm_closed_set_train/6741.npy,192,0.99999988,958.175
2526,exp_svm_spk_0010,SVM_CLOSED_SET,svm_closed_set_train,SVM_EXPERIMENTAL,data/embeddings/v2/svm_closed_set/svm_closed_set_train/2526.npy,192,0.99999994,1203.775
10784,exp_svm_spk_0010,SVM_CLOSED_SET,svm_closed_set_train,SVM_EXPERIMENTAL,data/embeddings/v2/svm_closed_set/svm_closed_set_train/10784.npy,192,1.00000000,1711.574
2993,exp_svm_spk_0010,SVM_CLOSED_SET,svm_closed_set_train,SVM_EXPERIMENTAL,data/embeddings/v2/svm_closed_set/svm_closed_set_train/2993.npy,192,1.00000000,836.381
5728,exp_svm_spk_0010,SVM_CLOSED_SET,svm_closed_set_train,SVM_EXPERIMENTAL,data/embeddings/v2/svm_closed_set/svm_closed_set_train/5728.npy,192,0.99999994,581.374
6808,exp_svm_spk_0010,SVM_CLOSED_SET,svm_closed_set_train,SVM_EXPERIMENTAL,data/embeddings/v2/svm_closed_set/svm_closed_set_train/6808.npy,192,1.00000000,1018.526
3443,exp_svm_spk_0010,SVM_CLOSED_SET,svm_closed_set_train,SVM_EXPERIMENTAL,data/embeddings/v2/svm_closed_set/svm_closed_set_train/3443.npy,192,1.00000000,1532.547
14574,exp_svm_spk_0010,SVM_CLOSED_SET,svm_closed_set_train,SVM_EXPERIMENTAL,data/embeddings/v2/svm_closed_set/svm_closed_set_train/14574.npy,192,1.00000000,1280.930
16066,exp_svm_spk_0010,SVM_CLOSED_SET,svm_closed_set_train,SVM_EXPERIMENTAL,data/embeddings/v2/svm_closed_set/svm_closed_set_train/16066.npy,192,1.00000000,777.087
14062,exp_svm_spk_0010,SVM_CLOSED_SET,svm_closed_set_train,SVM_EXPERIMENTAL,data/embeddings/v2/svm_closed_set/svm_closed_set_train/14062.npy,192,1.00000000,618.642
15939,exp_svm_spk_0010,SVM_CLOSED_SET,svm_closed_set_train,SVM_EXPERIMENTAL,data/embeddings/v2/svm_closed_set/svm_closed_set_train/15939.npy,192,0.99999994,1286.456
5884,exp_svm_spk_0010,SVM_CLOSED_SET,svm_closed_set_train,SVM_EXPERIMENTAL,data/embeddings/v2/svm_closed_set/svm_closed_set_train/5884.npy,192,1.00000000,503.246
2360,exp_svm_spk_0010,SVM_CLOSED_SET,svm_closed_set_train,SVM_EXPERIMENTAL,data/embeddings/v2/svm_closed_set/svm_closed_set_train/2360.npy,192,0.99999994,1005.474
368,exp_svm_spk_0010,SVM_CLOSED_SET,svm_closed_set_train,SVM_EXPERIMENTAL,data/embeddings/v2/svm_closed_set/svm_closed_set_train/368.npy,192,0.99999994,1390.097
1625,exp_svm_spk_0010,SVM_CLOSED_SET,svm_closed_set_train,SVM_EXPERIMENTAL,data/embeddings/v2/svm_closed_set/svm_closed_set_train/1625.npy,192,0.99999994,668.982
10453,exp_svm_spk_0010,SVM_CLOSED_SET,svm_closed_set_train,SVM_EXPERIMENTAL,data/embeddings/v2/svm_closed_set/svm_closed_set_train/10453.npy,192,1.00000000,814.423
1698,exp_svm_spk_0010,SVM_CLOSED_SET,svm_closed_set_train,SVM_EXPERIMENTAL,data/embeddings/v2/svm_closed_set/svm_closed_set_train/1698.npy,192,0.99999994,795.335
11980,exp_svm_spk_0010,SVM_CLOSED_SET,svm_closed_set_train,SVM_EXPERIMENTAL,data/embeddings/v2/svm_closed_set/svm_closed_set_train/11980.npy,192,1.00000000,1265.246
1012,exp_svm_spk_0010,SVM_CLOSED_SET,svm_closed_set_train,SVM_EXPERIMENTAL,data/embeddings/v2/svm_closed_set/svm_closed_set_train/1012.npy,192,1.00000000,1299.010
24,exp_svm_spk_0010,SVM_CLOSED_SET,svm_closed_set_train,SVM_EXPERIMENTAL,data/embeddings/v2/svm_closed_set/svm_closed_set_train/24.npy,192,1.00000000,694.350
13113,exp_svm_spk_0010,SVM_CLOSED_SET,svm_closed_set_train,SVM_EXPERIMENTAL,data/embeddings/v2/svm_closed_set/svm_closed_set_train/13113.npy,192,1.00000000,1381.873
13519,exp_svm_spk_0010,SVM_CLOSED_SET,svm_closed_set_train,SVM_EXPERIMENTAL,data/embeddings/v2/svm_closed_set/svm_closed_set_train/13519.npy,192,1.00000000,1209.237
2544,exp_svm_spk_0010,SVM_CLOSED_SET,svm_closed_set_train,SVM_EXPERIMENTAL,data/embeddings/v2/svm_closed_set/svm_closed_set_train/2544.npy,192,1.00000000,1208.183
3183,exp_svm_spk_0010,SVM_CLOSED_SET,svm_closed_set_train,SVM_EXPERIMENTAL,data/embeddings/v2/svm_closed_set/svm_closed_set_train/3183.npy,192,1.00000000,1947.515
10415,exp_svm_spk_0010,SVM_CLOSED_SET,svm_closed_set_train,SVM_EXPERIMENTAL,data/embeddings/v2/svm_closed_set/svm_closed_set_train/10415.npy,192,0.99999994,687.144
10450,exp_svm_spk_0010,SVM_CLOSED_SET,svm_closed_set_train,SVM_EXPERIMENTAL,data/embeddings/v2/svm_closed_set/svm_closed_set_train/10450.npy,192,1.00000000,733.670
5596,exp_svm_spk_0010,SVM_CLOSED_SET,svm_closed_set_train,SVM_EXPERIMENTAL,data/embeddings/v2/svm_closed_set/svm_closed_set_train/5596.npy,192,1.00000000,513.216
8333,exp_svm_spk_0010,SVM_CLOSED_SET,svm_closed_set_train,SVM_EXPERIMENTAL,data/embeddings/v2/svm_closed_set/svm_closed_set_train/8333.npy,192,0.99999994,541.533
3439,exp_svm_spk_0010,SVM_CLOSED_SET,svm_closed_set_train,SVM_EXPERIMENTAL,data/embeddings/v2/svm_closed_set/svm_closed_set_train/3439.npy,192,0.99999994,1630.523
1216,exp_svm_spk_0010,SVM_CLOSED_SET,svm_closed_set_train,SVM_EXPERIMENTAL,data/embeddings/v2/svm_closed_set/svm_closed_set_train/1216.npy,192,1.00000000,1239.904
4481,exp_svm_spk_0001,SVM_CLOSED_SET,svm_closed_set_validation,SVM_EXPERIMENTAL,data/embeddings/v2/svm_closed_set/svm_closed_set_validation/4481.npy,192,1.00000000,1359.400
9123,exp_svm_spk_0001,SVM_CLOSED_SET,svm_closed_set_validation,SVM_EXPERIMENTAL,data/embeddings/v2/svm_closed_set/svm_closed_set_validation/9123.npy,192,1.00000000,681.657
13499,exp_svm_spk_0001,SVM_CLOSED_SET,svm_closed_set_validation,SVM_EXPERIMENTAL,data/embeddings/v2/svm_closed_set/svm_closed_set_validation/13499.npy,192,1.00000000,837.240
14775,exp_svm_spk_0001,SVM_CLOSED_SET,svm_closed_set_validation,SVM_EXPERIMENTAL,data/embeddings/v2/svm_closed_set/svm_closed_set_validation/14775.npy,192,0.99999994,742.285
7675,exp_svm_spk_0001,SVM_CLOSED_SET,svm_closed_set_validation,SVM_EXPERIMENTAL,data/embeddings/v2/svm_closed_set/svm_closed_set_validation/7675.npy,192,1.00000000,1342.998
12651,exp_svm_spk_0001,SVM_CLOSED_SET,svm_closed_set_validation,SVM_EXPERIMENTAL,data/embeddings/v2/svm_closed_set/svm_closed_set_validation/12651.npy,192,1.00000000,1055.309
610,exp_svm_spk_0001,SVM_CLOSED_SET,svm_closed_set_validation,SVM_EXPERIMENTAL,data/embeddings/v2/svm_closed_set/svm_closed_set_validation/610.npy,192,1.00000000,912.036
11070,exp_svm_spk_0001,SVM_CLOSED_SET,svm_closed_set_validation,SVM_EXPERIMENTAL,data/embeddings/v2/svm_closed_set/svm_closed_set_validation/11070.npy,192,0.99999994,1267.545
5651,exp_svm_spk_0001,SVM_CLOSED_SET,svm_closed_set_validation,SVM_EXPERIMENTAL,data/embeddings/v2/svm_closed_set/svm_closed_set_validation/5651.npy,192,0.99999994,696.969
2161,exp_svm_spk_0001,SVM_CLOSED_SET,svm_closed_set_validation,SVM_EXPERIMENTAL,data/embeddings/v2/svm_closed_set/svm_closed_set_validation/2161.npy,192,1.00000000,908.426
11122,exp_svm_spk_0001,SVM_CLOSED_SET,svm_closed_set_validation,SVM_EXPERIMENTAL,data/embeddings/v2/svm_closed_set/svm_closed_set_validation/11122.npy,192,1.00000000,801.694
13710,exp_svm_spk_0001,SVM_CLOSED_SET,svm_closed_set_validation,SVM_EXPERIMENTAL,data/embeddings/v2/svm_closed_set/svm_closed_set_validation/13710.npy,192,1.00000000,1092.585
11762,exp_svm_spk_0001,SVM_CLOSED_SET,svm_closed_set_validation,SVM_EXPERIMENTAL,data/embeddings/v2/svm_closed_set/svm_closed_set_validation/11762.npy,192,1.00000000,1364.805
13919,exp_svm_spk_0001,SVM_CLOSED_SET,svm_closed_set_validation,SVM_EXPERIMENTAL,data/embeddings/v2/svm_closed_set/svm_closed_set_validation/13919.npy,192,1.00000000,1129.866
1988,exp_svm_spk_0001,SVM_CLOSED_SET,svm_closed_set_validation,SVM_EXPERIMENTAL,data/embeddings/v2/svm_closed_set/svm_closed_set_validation/1988.npy,192,1.00000000,1742.486
1569,exp_svm_spk_0001,SVM_CLOSED_SET,svm_closed_set_validation,SVM_EXPERIMENTAL,data/embeddings/v2/svm_closed_set/svm_closed_set_validation/1569.npy,192,0.99999994,2147.394
8329,exp_svm_spk_0002,SVM_CLOSED_SET,svm_closed_set_validation,SVM_EXPERIMENTAL,data/embeddings/v2/svm_closed_set/svm_closed_set_validation/8329.npy,192,0.99999994,1279.980
4582,exp_svm_spk_0002,SVM_CLOSED_SET,svm_closed_set_validation,SVM_EXPERIMENTAL,data/embeddings/v2/svm_closed_set/svm_closed_set_validation/4582.npy,192,1.00000000,1294.487
15632,exp_svm_spk_0002,SVM_CLOSED_SET,svm_closed_set_validation,SVM_EXPERIMENTAL,data/embeddings/v2/svm_closed_set/svm_closed_set_validation/15632.npy,192,0.99999994,1866.849
15193,exp_svm_spk_0002,SVM_CLOSED_SET,svm_closed_set_validation,SVM_EXPERIMENTAL,data/embeddings/v2/svm_closed_set/svm_closed_set_validation/15193.npy,192,1.00000000,699.078
13271,exp_svm_spk_0002,SVM_CLOSED_SET,svm_closed_set_validation,SVM_EXPERIMENTAL,data/embeddings/v2/svm_closed_set/svm_closed_set_validation/13271.npy,192,1.00000000,760.645
11079,exp_svm_spk_0002,SVM_CLOSED_SET,svm_closed_set_validation,SVM_EXPERIMENTAL,data/embeddings/v2/svm_closed_set/svm_closed_set_validation/11079.npy,192,1.00000000,943.847
10526,exp_svm_spk_0002,SVM_CLOSED_SET,svm_closed_set_validation,SVM_EXPERIMENTAL,data/embeddings/v2/svm_closed_set/svm_closed_set_validation/10526.npy,192,1.00000012,1259.742
10374,exp_svm_spk_0002,SVM_CLOSED_SET,svm_closed_set_validation,SVM_EXPERIMENTAL,data/embeddings/v2/svm_closed_set/svm_closed_set_validation/10374.npy,192,1.00000000,804.928
11372,exp_svm_spk_0002,SVM_CLOSED_SET,svm_closed_set_validation,SVM_EXPERIMENTAL,data/embeddings/v2/svm_closed_set/svm_closed_set_validation/11372.npy,192,1.00000000,750.001
15245,exp_svm_spk_0002,SVM_CLOSED_SET,svm_closed_set_validation,SVM_EXPERIMENTAL,data/embeddings/v2/svm_closed_set/svm_closed_set_validation/15245.npy,192,1.00000000,1125.340
9171,exp_svm_spk_0002,SVM_CLOSED_SET,svm_closed_set_validation,SVM_EXPERIMENTAL,data/embeddings/v2/svm_closed_set/svm_closed_set_validation/9171.npy,192,0.99999994,1822.838
12302,exp_svm_spk_0002,SVM_CLOSED_SET,svm_closed_set_validation,SVM_EXPERIMENTAL,data/embeddings/v2/svm_closed_set/svm_closed_set_validation/12302.npy,192,1.00000000,903.377
1466,exp_svm_spk_0002,SVM_CLOSED_SET,svm_closed_set_validation,SVM_EXPERIMENTAL,data/embeddings/v2/svm_closed_set/svm_closed_set_validation/1466.npy,192,1.00000000,2050.607
2621,exp_svm_spk_0002,SVM_CLOSED_SET,svm_closed_set_validation,SVM_EXPERIMENTAL,data/embeddings/v2/svm_closed_set/svm_closed_set_validation/2621.npy,192,1.00000000,3456.359
3863,exp_svm_spk_0002,SVM_CLOSED_SET,svm_closed_set_validation,SVM_EXPERIMENTAL,data/embeddings/v2/svm_closed_set/svm_closed_set_validation/3863.npy,192,0.99999988,2432.313
11583,exp_svm_spk_0002,SVM_CLOSED_SET,svm_closed_set_validation,SVM_EXPERIMENTAL,data/embeddings/v2/svm_closed_set/svm_closed_set_validation/11583.npy,192,1.00000000,1313.376
230,exp_svm_spk_0003,SVM_CLOSED_SET,svm_closed_set_validation,SVM_EXPERIMENTAL,data/embeddings/v2/svm_closed_set/svm_closed_set_validation/230.npy,192,0.99999994,994.327
415,exp_svm_spk_0003,SVM_CLOSED_SET,svm_closed_set_validation,SVM_EXPERIMENTAL,data/embeddings/v2/svm_closed_set/svm_closed_set_validation/415.npy,192,1.00000000,2214.366
1224,exp_svm_spk_0003,SVM_CLOSED_SET,svm_closed_set_validation,SVM_EXPERIMENTAL,data/embeddings/v2/svm_closed_set/svm_closed_set_validation/1224.npy,192,1.00000000,951.045
13875,exp_svm_spk_0003,SVM_CLOSED_SET,svm_closed_set_validation,SVM_EXPERIMENTAL,data/embeddings/v2/svm_closed_set/svm_closed_set_validation/13875.npy,192,1.00000000,1198.452
12247,exp_svm_spk_0003,SVM_CLOSED_SET,svm_closed_set_validation,SVM_EXPERIMENTAL,data/embeddings/v2/svm_closed_set/svm_closed_set_validation/12247.npy,192,1.00000000,1625.037
4198,exp_svm_spk_0003,SVM_CLOSED_SET,svm_closed_set_validation,SVM_EXPERIMENTAL,data/embeddings/v2/svm_closed_set/svm_closed_set_validation/4198.npy,192,1.00000000,1160.194
6422,exp_svm_spk_0003,SVM_CLOSED_SET,svm_closed_set_validation,SVM_EXPERIMENTAL,data/embeddings/v2/svm_closed_set/svm_closed_set_validation/6422.npy,192,1.00000000,896.153
6775,exp_svm_spk_0003,SVM_CLOSED_SET,svm_closed_set_validation,SVM_EXPERIMENTAL,data/embeddings/v2/svm_closed_set/svm_closed_set_validation/6775.npy,192,1.00000000,817.642
4440,exp_svm_spk_0003,SVM_CLOSED_SET,svm_closed_set_validation,SVM_EXPERIMENTAL,data/embeddings/v2/svm_closed_set/svm_closed_set_validation/4440.npy,192,0.99999994,1032.474
13022,exp_svm_spk_0003,SVM_CLOSED_SET,svm_closed_set_validation,SVM_EXPERIMENTAL,data/embeddings/v2/svm_closed_set/svm_closed_set_validation/13022.npy,192,0.99999994,1753.761
1271,exp_svm_spk_0003,SVM_CLOSED_SET,svm_closed_set_validation,SVM_EXPERIMENTAL,data/embeddings/v2/svm_closed_set/svm_closed_set_validation/1271.npy,192,0.99999994,958.047
9369,exp_svm_spk_0003,SVM_CLOSED_SET,svm_closed_set_validation,SVM_EXPERIMENTAL,data/embeddings/v2/svm_closed_set/svm_closed_set_validation/9369.npy,192,0.99999994,907.954
10929,exp_svm_spk_0003,SVM_CLOSED_SET,svm_closed_set_validation,SVM_EXPERIMENTAL,data/embeddings/v2/svm_closed_set/svm_closed_set_validation/10929.npy,192,1.00000000,1017.004
9849,exp_svm_spk_0003,SVM_CLOSED_SET,svm_closed_set_validation,SVM_EXPERIMENTAL,data/embeddings/v2/svm_closed_set/svm_closed_set_validation/9849.npy,192,1.00000000,1652.771
12980,exp_svm_spk_0004,SVM_CLOSED_SET,svm_closed_set_validation,SVM_EXPERIMENTAL,data/embeddings/v2/svm_closed_set/svm_closed_set_validation/12980.npy,192,1.00000000,912.080
13645,exp_svm_spk_0004,SVM_CLOSED_SET,svm_closed_set_validation,SVM_EXPERIMENTAL,data/embeddings/v2/svm_closed_set/svm_closed_set_validation/13645.npy,192,0.99999994,1922.200
8384,exp_svm_spk_0004,SVM_CLOSED_SET,svm_closed_set_validation,SVM_EXPERIMENTAL,data/embeddings/v2/svm_closed_set/svm_closed_set_validation/8384.npy,192,1.00000000,868.564
15374,exp_svm_spk_0004,SVM_CLOSED_SET,svm_closed_set_validation,SVM_EXPERIMENTAL,data/embeddings/v2/svm_closed_set/svm_closed_set_validation/15374.npy,192,1.00000000,684.931
16448,exp_svm_spk_0004,SVM_CLOSED_SET,svm_closed_set_validation,SVM_EXPERIMENTAL,data/embeddings/v2/svm_closed_set/svm_closed_set_validation/16448.npy,192,1.00000000,951.844
15421,exp_svm_spk_0004,SVM_CLOSED_SET,svm_closed_set_validation,SVM_EXPERIMENTAL,data/embeddings/v2/svm_closed_set/svm_closed_set_validation/15421.npy,192,0.99999994,677.264
16132,exp_svm_spk_0004,SVM_CLOSED_SET,svm_closed_set_validation,SVM_EXPERIMENTAL,data/embeddings/v2/svm_closed_set/svm_closed_set_validation/16132.npy,192,1.00000000,861.268
10291,exp_svm_spk_0004,SVM_CLOSED_SET,svm_closed_set_validation,SVM_EXPERIMENTAL,data/embeddings/v2/svm_closed_set/svm_closed_set_validation/10291.npy,192,1.00000000,538.370
6135,exp_svm_spk_0004,SVM_CLOSED_SET,svm_closed_set_validation,SVM_EXPERIMENTAL,data/embeddings/v2/svm_closed_set/svm_closed_set_validation/6135.npy,192,0.99999994,767.460
5632,exp_svm_spk_0004,SVM_CLOSED_SET,svm_closed_set_validation,SVM_EXPERIMENTAL,data/embeddings/v2/svm_closed_set/svm_closed_set_validation/5632.npy,192,1.00000000,1608.435
5382,exp_svm_spk_0004,SVM_CLOSED_SET,svm_closed_set_validation,SVM_EXPERIMENTAL,data/embeddings/v2/svm_closed_set/svm_closed_set_validation/5382.npy,192,1.00000000,1295.415
626,exp_svm_spk_0004,SVM_CLOSED_SET,svm_closed_set_validation,SVM_EXPERIMENTAL,data/embeddings/v2/svm_closed_set/svm_closed_set_validation/626.npy,192,0.99999994,734.700
4814,exp_svm_spk_0004,SVM_CLOSED_SET,svm_closed_set_validation,SVM_EXPERIMENTAL,data/embeddings/v2/svm_closed_set/svm_closed_set_validation/4814.npy,192,1.00000000,1099.254
12318,exp_svm_spk_0004,SVM_CLOSED_SET,svm_closed_set_validation,SVM_EXPERIMENTAL,data/embeddings/v2/svm_closed_set/svm_closed_set_validation/12318.npy,192,0.99999994,1345.630
10941,exp_svm_spk_0005,SVM_CLOSED_SET,svm_closed_set_validation,SVM_EXPERIMENTAL,data/embeddings/v2/svm_closed_set/svm_closed_set_validation/10941.npy,192,1.00000000,1522.085
896,exp_svm_spk_0005,SVM_CLOSED_SET,svm_closed_set_validation,SVM_EXPERIMENTAL,data/embeddings/v2/svm_closed_set/svm_closed_set_validation/896.npy,192,1.00000000,1105.132
3166,exp_svm_spk_0005,SVM_CLOSED_SET,svm_closed_set_validation,SVM_EXPERIMENTAL,data/embeddings/v2/svm_closed_set/svm_closed_set_validation/3166.npy,192,0.99999994,2434.171
5793,exp_svm_spk_0005,SVM_CLOSED_SET,svm_closed_set_validation,SVM_EXPERIMENTAL,data/embeddings/v2/svm_closed_set/svm_closed_set_validation/5793.npy,192,1.00000000,985.821
3840,exp_svm_spk_0005,SVM_CLOSED_SET,svm_closed_set_validation,SVM_EXPERIMENTAL,data/embeddings/v2/svm_closed_set/svm_closed_set_validation/3840.npy,192,1.00000000,523.271
15297,exp_svm_spk_0005,SVM_CLOSED_SET,svm_closed_set_validation,SVM_EXPERIMENTAL,data/embeddings/v2/svm_closed_set/svm_closed_set_validation/15297.npy,192,1.00000000,947.321
8039,exp_svm_spk_0005,SVM_CLOSED_SET,svm_closed_set_validation,SVM_EXPERIMENTAL,data/embeddings/v2/svm_closed_set/svm_closed_set_validation/8039.npy,192,1.00000000,1022.845
4694,exp_svm_spk_0005,SVM_CLOSED_SET,svm_closed_set_validation,SVM_EXPERIMENTAL,data/embeddings/v2/svm_closed_set/svm_closed_set_validation/4694.npy,192,1.00000000,858.957
14421,exp_svm_spk_0005,SVM_CLOSED_SET,svm_closed_set_validation,SVM_EXPERIMENTAL,data/embeddings/v2/svm_closed_set/svm_closed_set_validation/14421.npy,192,1.00000000,868.608
1333,exp_svm_spk_0005,SVM_CLOSED_SET,svm_closed_set_validation,SVM_EXPERIMENTAL,data/embeddings/v2/svm_closed_set/svm_closed_set_validation/1333.npy,192,0.99999994,1568.638
15342,exp_svm_spk_0005,SVM_CLOSED_SET,svm_closed_set_validation,SVM_EXPERIMENTAL,data/embeddings/v2/svm_closed_set/svm_closed_set_validation/15342.npy,192,0.99999988,1523.469
5107,exp_svm_spk_0005,SVM_CLOSED_SET,svm_closed_set_validation,SVM_EXPERIMENTAL,data/embeddings/v2/svm_closed_set/svm_closed_set_validation/5107.npy,192,1.00000000,589.385
10475,exp_svm_spk_0005,SVM_CLOSED_SET,svm_closed_set_validation,SVM_EXPERIMENTAL,data/embeddings/v2/svm_closed_set/svm_closed_set_validation/10475.npy,192,1.00000000,869.477
7184,exp_svm_spk_0005,SVM_CLOSED_SET,svm_closed_set_validation,SVM_EXPERIMENTAL,data/embeddings/v2/svm_closed_set/svm_closed_set_validation/7184.npy,192,1.00000000,1872.256
5854,exp_svm_spk_0006,SVM_CLOSED_SET,svm_closed_set_validation,SVM_EXPERIMENTAL,data/embeddings/v2/svm_closed_set/svm_closed_set_validation/5854.npy,192,1.00000000,2677.947
7016,exp_svm_spk_0006,SVM_CLOSED_SET,svm_closed_set_validation,SVM_EXPERIMENTAL,data/embeddings/v2/svm_closed_set/svm_closed_set_validation/7016.npy,192,0.99999994,1162.082
5621,exp_svm_spk_0006,SVM_CLOSED_SET,svm_closed_set_validation,SVM_EXPERIMENTAL,data/embeddings/v2/svm_closed_set/svm_closed_set_validation/5621.npy,192,1.00000000,623.260
10746,exp_svm_spk_0006,SVM_CLOSED_SET,svm_closed_set_validation,SVM_EXPERIMENTAL,data/embeddings/v2/svm_closed_set/svm_closed_set_validation/10746.npy,192,1.00000000,917.633
536,exp_svm_spk_0006,SVM_CLOSED_SET,svm_closed_set_validation,SVM_EXPERIMENTAL,data/embeddings/v2/svm_closed_set/svm_closed_set_validation/536.npy,192,1.00000000,1917.794
8829,exp_svm_spk_0006,SVM_CLOSED_SET,svm_closed_set_validation,SVM_EXPERIMENTAL,data/embeddings/v2/svm_closed_set/svm_closed_set_validation/8829.npy,192,1.00000000,1386.821
9811,exp_svm_spk_0006,SVM_CLOSED_SET,svm_closed_set_validation,SVM_EXPERIMENTAL,data/embeddings/v2/svm_closed_set/svm_closed_set_validation/9811.npy,192,1.00000000,1295.914
10327,exp_svm_spk_0006,SVM_CLOSED_SET,svm_closed_set_validation,SVM_EXPERIMENTAL,data/embeddings/v2/svm_closed_set/svm_closed_set_validation/10327.npy,192,0.99999994,1024.671
10767,exp_svm_spk_0006,SVM_CLOSED_SET,svm_closed_set_validation,SVM_EXPERIMENTAL,data/embeddings/v2/svm_closed_set/svm_closed_set_validation/10767.npy,192,0.99999994,1253.432
11553,exp_svm_spk_0006,SVM_CLOSED_SET,svm_closed_set_validation,SVM_EXPERIMENTAL,data/embeddings/v2/svm_closed_set/svm_closed_set_validation/11553.npy,192,1.00000000,817.477
13530,exp_svm_spk_0006,SVM_CLOSED_SET,svm_closed_set_validation,SVM_EXPERIMENTAL,data/embeddings/v2/svm_closed_set/svm_closed_set_validation/13530.npy,192,1.00000000,1076.271
3676,exp_svm_spk_0006,SVM_CLOSED_SET,svm_closed_set_validation,SVM_EXPERIMENTAL,data/embeddings/v2/svm_closed_set/svm_closed_set_validation/3676.npy,192,0.99999994,1145.392
12740,exp_svm_spk_0006,SVM_CLOSED_SET,svm_closed_set_validation,SVM_EXPERIMENTAL,data/embeddings/v2/svm_closed_set/svm_closed_set_validation/12740.npy,192,1.00000000,1131.342
16493,exp_svm_spk_0006,SVM_CLOSED_SET,svm_closed_set_validation,SVM_EXPERIMENTAL,data/embeddings/v2/svm_closed_set/svm_closed_set_validation/16493.npy,192,1.00000000,1704.108
13720,exp_svm_spk_0007,SVM_CLOSED_SET,svm_closed_set_validation,SVM_EXPERIMENTAL,data/embeddings/v2/svm_closed_set/svm_closed_set_validation/13720.npy,192,0.99999988,936.999
12464,exp_svm_spk_0007,SVM_CLOSED_SET,svm_closed_set_validation,SVM_EXPERIMENTAL,data/embeddings/v2/svm_closed_set/svm_closed_set_validation/12464.npy,192,1.00000000,1147.174
6875,exp_svm_spk_0007,SVM_CLOSED_SET,svm_closed_set_validation,SVM_EXPERIMENTAL,data/embeddings/v2/svm_closed_set/svm_closed_set_validation/6875.npy,192,0.99999994,1288.124
16848,exp_svm_spk_0007,SVM_CLOSED_SET,svm_closed_set_validation,SVM_EXPERIMENTAL,data/embeddings/v2/svm_closed_set/svm_closed_set_validation/16848.npy,192,0.99999994,1650.476
5937,exp_svm_spk_0007,SVM_CLOSED_SET,svm_closed_set_validation,SVM_EXPERIMENTAL,data/embeddings/v2/svm_closed_set/svm_closed_set_validation/5937.npy,192,1.00000012,1294.024
7470,exp_svm_spk_0007,SVM_CLOSED_SET,svm_closed_set_validation,SVM_EXPERIMENTAL,data/embeddings/v2/svm_closed_set/svm_closed_set_validation/7470.npy,192,1.00000000,1730.070
5035,exp_svm_spk_0007,SVM_CLOSED_SET,svm_closed_set_validation,SVM_EXPERIMENTAL,data/embeddings/v2/svm_closed_set/svm_closed_set_validation/5035.npy,192,1.00000000,2230.228
1827,exp_svm_spk_0007,SVM_CLOSED_SET,svm_closed_set_validation,SVM_EXPERIMENTAL,data/embeddings/v2/svm_closed_set/svm_closed_set_validation/1827.npy,192,0.99999988,1490.035
2431,exp_svm_spk_0007,SVM_CLOSED_SET,svm_closed_set_validation,SVM_EXPERIMENTAL,data/embeddings/v2/svm_closed_set/svm_closed_set_validation/2431.npy,192,1.00000000,1085.951
1858,exp_svm_spk_0007,SVM_CLOSED_SET,svm_closed_set_validation,SVM_EXPERIMENTAL,data/embeddings/v2/svm_closed_set/svm_closed_set_validation/1858.npy,192,0.99999994,1699.516
10218,exp_svm_spk_0007,SVM_CLOSED_SET,svm_closed_set_validation,SVM_EXPERIMENTAL,data/embeddings/v2/svm_closed_set/svm_closed_set_validation/10218.npy,192,0.99999994,1188.821
11358,exp_svm_spk_0007,SVM_CLOSED_SET,svm_closed_set_validation,SVM_EXPERIMENTAL,data/embeddings/v2/svm_closed_set/svm_closed_set_validation/11358.npy,192,1.00000000,931.267
9673,exp_svm_spk_0007,SVM_CLOSED_SET,svm_closed_set_validation,SVM_EXPERIMENTAL,data/embeddings/v2/svm_closed_set/svm_closed_set_validation/9673.npy,192,1.00000000,1515.743
8258,exp_svm_spk_0009,SVM_CLOSED_SET,svm_closed_set_validation,SVM_EXPERIMENTAL,data/embeddings/v2/svm_closed_set/svm_closed_set_validation/8258.npy,192,0.99999994,1633.028
12441,exp_svm_spk_0009,SVM_CLOSED_SET,svm_closed_set_validation,SVM_EXPERIMENTAL,data/embeddings/v2/svm_closed_set/svm_closed_set_validation/12441.npy,192,1.00000000,2642.188
11721,exp_svm_spk_0009,SVM_CLOSED_SET,svm_closed_set_validation,SVM_EXPERIMENTAL,data/embeddings/v2/svm_closed_set/svm_closed_set_validation/11721.npy,192,0.99999994,1732.981
9834,exp_svm_spk_0009,SVM_CLOSED_SET,svm_closed_set_validation,SVM_EXPERIMENTAL,data/embeddings/v2/svm_closed_set/svm_closed_set_validation/9834.npy,192,1.00000000,3633.565
318,exp_svm_spk_0009,SVM_CLOSED_SET,svm_closed_set_validation,SVM_EXPERIMENTAL,data/embeddings/v2/svm_closed_set/svm_closed_set_validation/318.npy,192,0.99999994,1431.468
8668,exp_svm_spk_0009,SVM_CLOSED_SET,svm_closed_set_validation,SVM_EXPERIMENTAL,data/embeddings/v2/svm_closed_set/svm_closed_set_validation/8668.npy,192,0.99999994,2003.922
3768,exp_svm_spk_0009,SVM_CLOSED_SET,svm_closed_set_validation,SVM_EXPERIMENTAL,data/embeddings/v2/svm_closed_set/svm_closed_set_validation/3768.npy,192,1.00000000,1791.097
2710,exp_svm_spk_0009,SVM_CLOSED_SET,svm_closed_set_validation,SVM_EXPERIMENTAL,data/embeddings/v2/svm_closed_set/svm_closed_set_validation/2710.npy,192,0.99999994,2196.658
15753,exp_svm_spk_0009,SVM_CLOSED_SET,svm_closed_set_validation,SVM_EXPERIMENTAL,data/embeddings/v2/svm_closed_set/svm_closed_set_validation/15753.npy,192,1.00000000,2885.418
2179,exp_svm_spk_0009,SVM_CLOSED_SET,svm_closed_set_validation,SVM_EXPERIMENTAL,data/embeddings/v2/svm_closed_set/svm_closed_set_validation/2179.npy,192,1.00000000,2838.374
16779,exp_svm_spk_0009,SVM_CLOSED_SET,svm_closed_set_validation,SVM_EXPERIMENTAL,data/embeddings/v2/svm_closed_set/svm_closed_set_validation/16779.npy,192,1.00000000,2116.921
6939,exp_svm_spk_0009,SVM_CLOSED_SET,svm_closed_set_validation,SVM_EXPERIMENTAL,data/embeddings/v2/svm_closed_set/svm_closed_set_validation/6939.npy,192,1.00000000,1764.385
13275,exp_svm_spk_0009,SVM_CLOSED_SET,svm_closed_set_validation,SVM_EXPERIMENTAL,data/embeddings/v2/svm_closed_set/svm_closed_set_validation/13275.npy,192,0.99999994,1977.569
7682,exp_svm_spk_0009,SVM_CLOSED_SET,svm_closed_set_validation,SVM_EXPERIMENTAL,data/embeddings/v2/svm_closed_set/svm_closed_set_validation/7682.npy,192,1.00000000,2760.792
15541,exp_svm_spk_0010,SVM_CLOSED_SET,svm_closed_set_validation,SVM_EXPERIMENTAL,data/embeddings/v2/svm_closed_set/svm_closed_set_validation/15541.npy,192,1.00000000,968.072
16769,exp_svm_spk_0010,SVM_CLOSED_SET,svm_closed_set_validation,SVM_EXPERIMENTAL,data/embeddings/v2/svm_closed_set/svm_closed_set_validation/16769.npy,192,1.00000000,1138.088
14384,exp_svm_spk_0010,SVM_CLOSED_SET,svm_closed_set_validation,SVM_EXPERIMENTAL,data/embeddings/v2/svm_closed_set/svm_closed_set_validation/14384.npy,192,1.00000000,1265.105
9876,exp_svm_spk_0010,SVM_CLOSED_SET,svm_closed_set_validation,SVM_EXPERIMENTAL,data/embeddings/v2/svm_closed_set/svm_closed_set_validation/9876.npy,192,1.00000000,1256.549
6827,exp_svm_spk_0010,SVM_CLOSED_SET,svm_closed_set_validation,SVM_EXPERIMENTAL,data/embeddings/v2/svm_closed_set/svm_closed_set_validation/6827.npy,192,0.99999988,1735.852
8493,exp_svm_spk_0010,SVM_CLOSED_SET,svm_closed_set_validation,SVM_EXPERIMENTAL,data/embeddings/v2/svm_closed_set/svm_closed_set_validation/8493.npy,192,1.00000000,1587.917
975,exp_svm_spk_0010,SVM_CLOSED_SET,svm_closed_set_validation,SVM_EXPERIMENTAL,data/embeddings/v2/svm_closed_set/svm_closed_set_validation/975.npy,192,1.00000000,1571.420
12488,exp_svm_spk_0010,SVM_CLOSED_SET,svm_closed_set_validation,SVM_EXPERIMENTAL,data/embeddings/v2/svm_closed_set/svm_closed_set_validation/12488.npy,192,1.00000000,1552.277
10844,exp_svm_spk_0010,SVM_CLOSED_SET,svm_closed_set_validation,SVM_EXPERIMENTAL,data/embeddings/v2/svm_closed_set/svm_closed_set_validation/10844.npy,192,1.00000000,2100.573
12952,exp_svm_spk_0010,SVM_CLOSED_SET,svm_closed_set_validation,SVM_EXPERIMENTAL,data/embeddings/v2/svm_closed_set/svm_closed_set_validation/12952.npy,192,0.99999994,953.891
14872,exp_svm_spk_0010,SVM_CLOSED_SET,svm_closed_set_validation,SVM_EXPERIMENTAL,data/embeddings/v2/svm_closed_set/svm_closed_set_validation/14872.npy,192,1.00000000,1374.235
6089,exp_svm_spk_0010,SVM_CLOSED_SET,svm_closed_set_validation,SVM_EXPERIMENTAL,data/embeddings/v2/svm_closed_set/svm_closed_set_validation/6089.npy,192,0.99999994,1463.888
14152,exp_svm_spk_0010,SVM_CLOSED_SET,svm_closed_set_validation,SVM_EXPERIMENTAL,data/embeddings/v2/svm_closed_set/svm_closed_set_validation/14152.npy,192,1.00000000,726.546
392,exp_svm_spk_0010,SVM_CLOSED_SET,svm_closed_set_validation,SVM_EXPERIMENTAL,data/embeddings/v2/svm_closed_set/svm_closed_set_validation/392.npy,192,1.00000000,764.134
6136,exp_svm_spk_0001,SVM_CLOSED_SET,svm_closed_set_test,SVM_EXPERIMENTAL,data/embeddings/v2/svm_closed_set/svm_closed_set_test/6136.npy,192,1.00000000,804.357
237,exp_svm_spk_0001,SVM_CLOSED_SET,svm_closed_set_test,SVM_EXPERIMENTAL,data/embeddings/v2/svm_closed_set/svm_closed_set_test/237.npy,192,0.99999994,1441.351
9840,exp_svm_spk_0001,SVM_CLOSED_SET,svm_closed_set_test,SVM_EXPERIMENTAL,data/embeddings/v2/svm_closed_set/svm_closed_set_test/9840.npy,192,1.00000000,900.577
1877,exp_svm_spk_0001,SVM_CLOSED_SET,svm_closed_set_test,SVM_EXPERIMENTAL,data/embeddings/v2/svm_closed_set/svm_closed_set_test/1877.npy,192,1.00000000,937.637
5561,exp_svm_spk_0001,SVM_CLOSED_SET,svm_closed_set_test,SVM_EXPERIMENTAL,data/embeddings/v2/svm_closed_set/svm_closed_set_test/5561.npy,192,0.99999994,689.469
16007,exp_svm_spk_0001,SVM_CLOSED_SET,svm_closed_set_test,SVM_EXPERIMENTAL,data/embeddings/v2/svm_closed_set/svm_closed_set_test/16007.npy,192,0.99999994,1540.151
2420,exp_svm_spk_0001,SVM_CLOSED_SET,svm_closed_set_test,SVM_EXPERIMENTAL,data/embeddings/v2/svm_closed_set/svm_closed_set_test/2420.npy,192,1.00000000,637.836
14596,exp_svm_spk_0001,SVM_CLOSED_SET,svm_closed_set_test,SVM_EXPERIMENTAL,data/embeddings/v2/svm_closed_set/svm_closed_set_test/14596.npy,192,1.00000000,1001.007
406,exp_svm_spk_0001,SVM_CLOSED_SET,svm_closed_set_test,SVM_EXPERIMENTAL,data/embeddings/v2/svm_closed_set/svm_closed_set_test/406.npy,192,0.99999994,793.526
11450,exp_svm_spk_0001,SVM_CLOSED_SET,svm_closed_set_test,SVM_EXPERIMENTAL,data/embeddings/v2/svm_closed_set/svm_closed_set_test/11450.npy,192,1.00000000,1109.277
17082,exp_svm_spk_0001,SVM_CLOSED_SET,svm_closed_set_test,SVM_EXPERIMENTAL,data/embeddings/v2/svm_closed_set/svm_closed_set_test/17082.npy,192,0.99999994,1563.262
11131,exp_svm_spk_0001,SVM_CLOSED_SET,svm_closed_set_test,SVM_EXPERIMENTAL,data/embeddings/v2/svm_closed_set/svm_closed_set_test/11131.npy,192,1.00000000,1335.527
1058,exp_svm_spk_0001,SVM_CLOSED_SET,svm_closed_set_test,SVM_EXPERIMENTAL,data/embeddings/v2/svm_closed_set/svm_closed_set_test/1058.npy,192,1.00000000,1427.514
1209,exp_svm_spk_0001,SVM_CLOSED_SET,svm_closed_set_test,SVM_EXPERIMENTAL,data/embeddings/v2/svm_closed_set/svm_closed_set_test/1209.npy,192,1.00000000,1885.091
15466,exp_svm_spk_0001,SVM_CLOSED_SET,svm_closed_set_test,SVM_EXPERIMENTAL,data/embeddings/v2/svm_closed_set/svm_closed_set_test/15466.npy,192,1.00000000,804.667
5604,exp_svm_spk_0002,SVM_CLOSED_SET,svm_closed_set_test,SVM_EXPERIMENTAL,data/embeddings/v2/svm_closed_set/svm_closed_set_test/5604.npy,192,0.99999994,1057.324
3464,exp_svm_spk_0002,SVM_CLOSED_SET,svm_closed_set_test,SVM_EXPERIMENTAL,data/embeddings/v2/svm_closed_set/svm_closed_set_test/3464.npy,192,0.99999994,830.091
10186,exp_svm_spk_0002,SVM_CLOSED_SET,svm_closed_set_test,SVM_EXPERIMENTAL,data/embeddings/v2/svm_closed_set/svm_closed_set_test/10186.npy,192,0.99999994,725.927
12267,exp_svm_spk_0002,SVM_CLOSED_SET,svm_closed_set_test,SVM_EXPERIMENTAL,data/embeddings/v2/svm_closed_set/svm_closed_set_test/12267.npy,192,1.00000000,877.070
13788,exp_svm_spk_0002,SVM_CLOSED_SET,svm_closed_set_test,SVM_EXPERIMENTAL,data/embeddings/v2/svm_closed_set/svm_closed_set_test/13788.npy,192,1.00000000,776.576
12408,exp_svm_spk_0002,SVM_CLOSED_SET,svm_closed_set_test,SVM_EXPERIMENTAL,data/embeddings/v2/svm_closed_set/svm_closed_set_test/12408.npy,192,0.99999994,2414.096
15562,exp_svm_spk_0002,SVM_CLOSED_SET,svm_closed_set_test,SVM_EXPERIMENTAL,data/embeddings/v2/svm_closed_set/svm_closed_set_test/15562.npy,192,1.00000000,849.964
2955,exp_svm_spk_0002,SVM_CLOSED_SET,svm_closed_set_test,SVM_EXPERIMENTAL,data/embeddings/v2/svm_closed_set/svm_closed_set_test/2955.npy,192,1.00000000,858.716
7373,exp_svm_spk_0002,SVM_CLOSED_SET,svm_closed_set_test,SVM_EXPERIMENTAL,data/embeddings/v2/svm_closed_set/svm_closed_set_test/7373.npy,192,1.00000000,786.831
12550,exp_svm_spk_0002,SVM_CLOSED_SET,svm_closed_set_test,SVM_EXPERIMENTAL,data/embeddings/v2/svm_closed_set/svm_closed_set_test/12550.npy,192,1.00000000,1238.700
10973,exp_svm_spk_0002,SVM_CLOSED_SET,svm_closed_set_test,SVM_EXPERIMENTAL,data/embeddings/v2/svm_closed_set/svm_closed_set_test/10973.npy,192,0.99999994,1122.733
2518,exp_svm_spk_0002,SVM_CLOSED_SET,svm_closed_set_test,SVM_EXPERIMENTAL,data/embeddings/v2/svm_closed_set/svm_closed_set_test/2518.npy,192,0.99999988,3212.338
2563,exp_svm_spk_0002,SVM_CLOSED_SET,svm_closed_set_test,SVM_EXPERIMENTAL,data/embeddings/v2/svm_closed_set/svm_closed_set_test/2563.npy,192,1.00000000,1326.888
9999,exp_svm_spk_0002,SVM_CLOSED_SET,svm_closed_set_test,SVM_EXPERIMENTAL,data/embeddings/v2/svm_closed_set/svm_closed_set_test/9999.npy,192,1.00000000,2707.255
14227,exp_svm_spk_0002,SVM_CLOSED_SET,svm_closed_set_test,SVM_EXPERIMENTAL,data/embeddings/v2/svm_closed_set/svm_closed_set_test/14227.npy,192,0.99999994,1467.801
8063,exp_svm_spk_0003,SVM_CLOSED_SET,svm_closed_set_test,SVM_EXPERIMENTAL,data/embeddings/v2/svm_closed_set/svm_closed_set_test/8063.npy,192,0.99999994,1062.702
2464,exp_svm_spk_0003,SVM_CLOSED_SET,svm_closed_set_test,SVM_EXPERIMENTAL,data/embeddings/v2/svm_closed_set/svm_closed_set_test/2464.npy,192,0.99999994,1352.368
8707,exp_svm_spk_0003,SVM_CLOSED_SET,svm_closed_set_test,SVM_EXPERIMENTAL,data/embeddings/v2/svm_closed_set/svm_closed_set_test/8707.npy,192,0.99999994,1372.503
2115,exp_svm_spk_0003,SVM_CLOSED_SET,svm_closed_set_test,SVM_EXPERIMENTAL,data/embeddings/v2/svm_closed_set/svm_closed_set_test/2115.npy,192,1.00000000,620.503
7738,exp_svm_spk_0003,SVM_CLOSED_SET,svm_closed_set_test,SVM_EXPERIMENTAL,data/embeddings/v2/svm_closed_set/svm_closed_set_test/7738.npy,192,1.00000000,1654.683
16423,exp_svm_spk_0003,SVM_CLOSED_SET,svm_closed_set_test,SVM_EXPERIMENTAL,data/embeddings/v2/svm_closed_set/svm_closed_set_test/16423.npy,192,1.00000000,4039.985
2810,exp_svm_spk_0003,SVM_CLOSED_SET,svm_closed_set_test,SVM_EXPERIMENTAL,data/embeddings/v2/svm_closed_set/svm_closed_set_test/2810.npy,192,0.99999994,848.502
1637,exp_svm_spk_0003,SVM_CLOSED_SET,svm_closed_set_test,SVM_EXPERIMENTAL,data/embeddings/v2/svm_closed_set/svm_closed_set_test/1637.npy,192,1.00000000,1060.186
14808,exp_svm_spk_0003,SVM_CLOSED_SET,svm_closed_set_test,SVM_EXPERIMENTAL,data/embeddings/v2/svm_closed_set/svm_closed_set_test/14808.npy,192,1.00000000,2614.211
6778,exp_svm_spk_0003,SVM_CLOSED_SET,svm_closed_set_test,SVM_EXPERIMENTAL,data/embeddings/v2/svm_closed_set/svm_closed_set_test/6778.npy,192,1.00000012,1436.279
12977,exp_svm_spk_0003,SVM_CLOSED_SET,svm_closed_set_test,SVM_EXPERIMENTAL,data/embeddings/v2/svm_closed_set/svm_closed_set_test/12977.npy,192,1.00000000,650.839
4318,exp_svm_spk_0003,SVM_CLOSED_SET,svm_closed_set_test,SVM_EXPERIMENTAL,data/embeddings/v2/svm_closed_set/svm_closed_set_test/4318.npy,192,1.00000000,1863.857
10551,exp_svm_spk_0003,SVM_CLOSED_SET,svm_closed_set_test,SVM_EXPERIMENTAL,data/embeddings/v2/svm_closed_set/svm_closed_set_test/10551.npy,192,1.00000000,1942.015
11617,exp_svm_spk_0003,SVM_CLOSED_SET,svm_closed_set_test,SVM_EXPERIMENTAL,data/embeddings/v2/svm_closed_set/svm_closed_set_test/11617.npy,192,1.00000000,1283.362
12783,exp_svm_spk_0004,SVM_CLOSED_SET,svm_closed_set_test,SVM_EXPERIMENTAL,data/embeddings/v2/svm_closed_set/svm_closed_set_test/12783.npy,192,0.99999994,2213.438
617,exp_svm_spk_0004,SVM_CLOSED_SET,svm_closed_set_test,SVM_EXPERIMENTAL,data/embeddings/v2/svm_closed_set/svm_closed_set_test/617.npy,192,0.99999994,4980.239
15858,exp_svm_spk_0004,SVM_CLOSED_SET,svm_closed_set_test,SVM_EXPERIMENTAL,data/embeddings/v2/svm_closed_set/svm_closed_set_test/15858.npy,192,1.00000012,3704.144
13549,exp_svm_spk_0004,SVM_CLOSED_SET,svm_closed_set_test,SVM_EXPERIMENTAL,data/embeddings/v2/svm_closed_set/svm_closed_set_test/13549.npy,192,0.99999994,5194.954
8418,exp_svm_spk_0004,SVM_CLOSED_SET,svm_closed_set_test,SVM_EXPERIMENTAL,data/embeddings/v2/svm_closed_set/svm_closed_set_test/8418.npy,192,0.99999994,908.703
7108,exp_svm_spk_0004,SVM_CLOSED_SET,svm_closed_set_test,SVM_EXPERIMENTAL,data/embeddings/v2/svm_closed_set/svm_closed_set_test/7108.npy,192,0.99999994,4124.743
5479,exp_svm_spk_0004,SVM_CLOSED_SET,svm_closed_set_test,SVM_EXPERIMENTAL,data/embeddings/v2/svm_closed_set/svm_closed_set_test/5479.npy,192,1.00000000,2155.522
12504,exp_svm_spk_0004,SVM_CLOSED_SET,svm_closed_set_test,SVM_EXPERIMENTAL,data/embeddings/v2/svm_closed_set/svm_closed_set_test/12504.npy,192,0.99999994,1067.196
1257,exp_svm_spk_0004,SVM_CLOSED_SET,svm_closed_set_test,SVM_EXPERIMENTAL,data/embeddings/v2/svm_closed_set/svm_closed_set_test/1257.npy,192,1.00000012,1298.066
14018,exp_svm_spk_0004,SVM_CLOSED_SET,svm_closed_set_test,SVM_EXPERIMENTAL,data/embeddings/v2/svm_closed_set/svm_closed_set_test/14018.npy,192,1.00000000,2183.089
3045,exp_svm_spk_0004,SVM_CLOSED_SET,svm_closed_set_test,SVM_EXPERIMENTAL,data/embeddings/v2/svm_closed_set/svm_closed_set_test/3045.npy,192,1.00000000,970.891
15097,exp_svm_spk_0004,SVM_CLOSED_SET,svm_closed_set_test,SVM_EXPERIMENTAL,data/embeddings/v2/svm_closed_set/svm_closed_set_test/15097.npy,192,0.99999994,877.433
15093,exp_svm_spk_0004,SVM_CLOSED_SET,svm_closed_set_test,SVM_EXPERIMENTAL,data/embeddings/v2/svm_closed_set/svm_closed_set_test/15093.npy,192,1.00000000,2387.076
10532,exp_svm_spk_0004,SVM_CLOSED_SET,svm_closed_set_test,SVM_EXPERIMENTAL,data/embeddings/v2/svm_closed_set/svm_closed_set_test/10532.npy,192,1.00000000,831.992
6259,exp_svm_spk_0005,SVM_CLOSED_SET,svm_closed_set_test,SVM_EXPERIMENTAL,data/embeddings/v2/svm_closed_set/svm_closed_set_test/6259.npy,192,1.00000000,748.867
14635,exp_svm_spk_0005,SVM_CLOSED_SET,svm_closed_set_test,SVM_EXPERIMENTAL,data/embeddings/v2/svm_closed_set/svm_closed_set_test/14635.npy,192,1.00000000,1823.353
835,exp_svm_spk_0005,SVM_CLOSED_SET,svm_closed_set_test,SVM_EXPERIMENTAL,data/embeddings/v2/svm_closed_set/svm_closed_set_test/835.npy,192,1.00000000,2709.490
3151,exp_svm_spk_0005,SVM_CLOSED_SET,svm_closed_set_test,SVM_EXPERIMENTAL,data/embeddings/v2/svm_closed_set/svm_closed_set_test/3151.npy,192,1.00000000,674.077
10751,exp_svm_spk_0005,SVM_CLOSED_SET,svm_closed_set_test,SVM_EXPERIMENTAL,data/embeddings/v2/svm_closed_set/svm_closed_set_test/10751.npy,192,1.00000000,392.286
3754,exp_svm_spk_0005,SVM_CLOSED_SET,svm_closed_set_test,SVM_EXPERIMENTAL,data/embeddings/v2/svm_closed_set/svm_closed_set_test/3754.npy,192,1.00000000,1395.948
6648,exp_svm_spk_0005,SVM_CLOSED_SET,svm_closed_set_test,SVM_EXPERIMENTAL,data/embeddings/v2/svm_closed_set/svm_closed_set_test/6648.npy,192,1.00000000,2273.428
13870,exp_svm_spk_0005,SVM_CLOSED_SET,svm_closed_set_test,SVM_EXPERIMENTAL,data/embeddings/v2/svm_closed_set/svm_closed_set_test/13870.npy,192,1.00000000,1962.650
11857,exp_svm_spk_0005,SVM_CLOSED_SET,svm_closed_set_test,SVM_EXPERIMENTAL,data/embeddings/v2/svm_closed_set/svm_closed_set_test/11857.npy,192,0.99999994,2772.230
6920,exp_svm_spk_0005,SVM_CLOSED_SET,svm_closed_set_test,SVM_EXPERIMENTAL,data/embeddings/v2/svm_closed_set/svm_closed_set_test/6920.npy,192,0.99999994,1926.802
16487,exp_svm_spk_0005,SVM_CLOSED_SET,svm_closed_set_test,SVM_EXPERIMENTAL,data/embeddings/v2/svm_closed_set/svm_closed_set_test/16487.npy,192,0.99999994,961.016
14010,exp_svm_spk_0005,SVM_CLOSED_SET,svm_closed_set_test,SVM_EXPERIMENTAL,data/embeddings/v2/svm_closed_set/svm_closed_set_test/14010.npy,192,1.00000000,1019.373
8270,exp_svm_spk_0005,SVM_CLOSED_SET,svm_closed_set_test,SVM_EXPERIMENTAL,data/embeddings/v2/svm_closed_set/svm_closed_set_test/8270.npy,192,0.99999994,1372.590
16774,exp_svm_spk_0005,SVM_CLOSED_SET,svm_closed_set_test,SVM_EXPERIMENTAL,data/embeddings/v2/svm_closed_set/svm_closed_set_test/16774.npy,192,0.99999994,1819.816
13724,exp_svm_spk_0006,SVM_CLOSED_SET,svm_closed_set_test,SVM_EXPERIMENTAL,data/embeddings/v2/svm_closed_set/svm_closed_set_test/13724.npy,192,1.00000000,1906.162
9534,exp_svm_spk_0006,SVM_CLOSED_SET,svm_closed_set_test,SVM_EXPERIMENTAL,data/embeddings/v2/svm_closed_set/svm_closed_set_test/9534.npy,192,0.99999994,1361.432
7305,exp_svm_spk_0006,SVM_CLOSED_SET,svm_closed_set_test,SVM_EXPERIMENTAL,data/embeddings/v2/svm_closed_set/svm_closed_set_test/7305.npy,192,1.00000000,3256.246
11,exp_svm_spk_0006,SVM_CLOSED_SET,svm_closed_set_test,SVM_EXPERIMENTAL,data/embeddings/v2/svm_closed_set/svm_closed_set_test/11.npy,192,1.00000000,885.931
16184,exp_svm_spk_0006,SVM_CLOSED_SET,svm_closed_set_test,SVM_EXPERIMENTAL,data/embeddings/v2/svm_closed_set/svm_closed_set_test/16184.npy,192,0.99999994,926.324
2073,exp_svm_spk_0006,SVM_CLOSED_SET,svm_closed_set_test,SVM_EXPERIMENTAL,data/embeddings/v2/svm_closed_set/svm_closed_set_test/2073.npy,192,0.99999994,2912.483
2625,exp_svm_spk_0006,SVM_CLOSED_SET,svm_closed_set_test,SVM_EXPERIMENTAL,data/embeddings/v2/svm_closed_set/svm_closed_set_test/2625.npy,192,1.00000000,1597.193
13540,exp_svm_spk_0006,SVM_CLOSED_SET,svm_closed_set_test,SVM_EXPERIMENTAL,data/embeddings/v2/svm_closed_set/svm_closed_set_test/13540.npy,192,1.00000000,1509.970
13382,exp_svm_spk_0006,SVM_CLOSED_SET,svm_closed_set_test,SVM_EXPERIMENTAL,data/embeddings/v2/svm_closed_set/svm_closed_set_test/13382.npy,192,1.00000000,1598.840
6638,exp_svm_spk_0006,SVM_CLOSED_SET,svm_closed_set_test,SVM_EXPERIMENTAL,data/embeddings/v2/svm_closed_set/svm_closed_set_test/6638.npy,192,0.99999994,839.014
14621,exp_svm_spk_0006,SVM_CLOSED_SET,svm_closed_set_test,SVM_EXPERIMENTAL,data/embeddings/v2/svm_closed_set/svm_closed_set_test/14621.npy,192,0.99999994,2363.259
7930,exp_svm_spk_0006,SVM_CLOSED_SET,svm_closed_set_test,SVM_EXPERIMENTAL,data/embeddings/v2/svm_closed_set/svm_closed_set_test/7930.npy,192,0.99999994,1430.328
2478,exp_svm_spk_0006,SVM_CLOSED_SET,svm_closed_set_test,SVM_EXPERIMENTAL,data/embeddings/v2/svm_closed_set/svm_closed_set_test/2478.npy,192,0.99999994,667.607
5184,exp_svm_spk_0006,SVM_CLOSED_SET,svm_closed_set_test,SVM_EXPERIMENTAL,data/embeddings/v2/svm_closed_set/svm_closed_set_test/5184.npy,192,1.00000000,1684.182
9253,exp_svm_spk_0007,SVM_CLOSED_SET,svm_closed_set_test,SVM_EXPERIMENTAL,data/embeddings/v2/svm_closed_set/svm_closed_set_test/9253.npy,192,1.00000000,950.160
7341,exp_svm_spk_0007,SVM_CLOSED_SET,svm_closed_set_test,SVM_EXPERIMENTAL,data/embeddings/v2/svm_closed_set/svm_closed_set_test/7341.npy,192,1.00000000,1171.552
3194,exp_svm_spk_0007,SVM_CLOSED_SET,svm_closed_set_test,SVM_EXPERIMENTAL,data/embeddings/v2/svm_closed_set/svm_closed_set_test/3194.npy,192,0.99999994,2289.199
6115,exp_svm_spk_0007,SVM_CLOSED_SET,svm_closed_set_test,SVM_EXPERIMENTAL,data/embeddings/v2/svm_closed_set/svm_closed_set_test/6115.npy,192,1.00000000,1121.314
17076,exp_svm_spk_0007,SVM_CLOSED_SET,svm_closed_set_test,SVM_EXPERIMENTAL,data/embeddings/v2/svm_closed_set/svm_closed_set_test/17076.npy,192,1.00000000,1264.339
14882,exp_svm_spk_0007,SVM_CLOSED_SET,svm_closed_set_test,SVM_EXPERIMENTAL,data/embeddings/v2/svm_closed_set/svm_closed_set_test/14882.npy,192,1.00000000,3111.235
11182,exp_svm_spk_0007,SVM_CLOSED_SET,svm_closed_set_test,SVM_EXPERIMENTAL,data/embeddings/v2/svm_closed_set/svm_closed_set_test/11182.npy,192,0.99999994,1240.583
14207,exp_svm_spk_0007,SVM_CLOSED_SET,svm_closed_set_test,SVM_EXPERIMENTAL,data/embeddings/v2/svm_closed_set/svm_closed_set_test/14207.npy,192,0.99999994,922.865
9633,exp_svm_spk_0007,SVM_CLOSED_SET,svm_closed_set_test,SVM_EXPERIMENTAL,data/embeddings/v2/svm_closed_set/svm_closed_set_test/9633.npy,192,1.00000000,1743.813
4483,exp_svm_spk_0007,SVM_CLOSED_SET,svm_closed_set_test,SVM_EXPERIMENTAL,data/embeddings/v2/svm_closed_set/svm_closed_set_test/4483.npy,192,0.99999994,1681.035
5494,exp_svm_spk_0007,SVM_CLOSED_SET,svm_closed_set_test,SVM_EXPERIMENTAL,data/embeddings/v2/svm_closed_set/svm_closed_set_test/5494.npy,192,1.00000000,2442.812
9783,exp_svm_spk_0007,SVM_CLOSED_SET,svm_closed_set_test,SVM_EXPERIMENTAL,data/embeddings/v2/svm_closed_set/svm_closed_set_test/9783.npy,192,0.99999994,1551.312
14645,exp_svm_spk_0007,SVM_CLOSED_SET,svm_closed_set_test,SVM_EXPERIMENTAL,data/embeddings/v2/svm_closed_set/svm_closed_set_test/14645.npy,192,0.99999994,1935.914
6823,exp_svm_spk_0007,SVM_CLOSED_SET,svm_closed_set_test,SVM_EXPERIMENTAL,data/embeddings/v2/svm_closed_set/svm_closed_set_test/6823.npy,192,0.99999994,2113.546
13643,exp_svm_spk_0009,SVM_CLOSED_SET,svm_closed_set_test,SVM_EXPERIMENTAL,data/embeddings/v2/svm_closed_set/svm_closed_set_test/13643.npy,192,1.00000000,1382.858
2757,exp_svm_spk_0009,SVM_CLOSED_SET,svm_closed_set_test,SVM_EXPERIMENTAL,data/embeddings/v2/svm_closed_set/svm_closed_set_test/2757.npy,192,1.00000000,2194.968
4175,exp_svm_spk_0009,SVM_CLOSED_SET,svm_closed_set_test,SVM_EXPERIMENTAL,data/embeddings/v2/svm_closed_set/svm_closed_set_test/4175.npy,192,0.99999994,2193.072
538,exp_svm_spk_0009,SVM_CLOSED_SET,svm_closed_set_test,SVM_EXPERIMENTAL,data/embeddings/v2/svm_closed_set/svm_closed_set_test/538.npy,192,1.00000000,3103.008
14175,exp_svm_spk_0009,SVM_CLOSED_SET,svm_closed_set_test,SVM_EXPERIMENTAL,data/embeddings/v2/svm_closed_set/svm_closed_set_test/14175.npy,192,1.00000000,1036.562
5336,exp_svm_spk_0009,SVM_CLOSED_SET,svm_closed_set_test,SVM_EXPERIMENTAL,data/embeddings/v2/svm_closed_set/svm_closed_set_test/5336.npy,192,0.99999994,2366.070
15171,exp_svm_spk_0009,SVM_CLOSED_SET,svm_closed_set_test,SVM_EXPERIMENTAL,data/embeddings/v2/svm_closed_set/svm_closed_set_test/15171.npy,192,0.99999994,2680.893
8612,exp_svm_spk_0009,SVM_CLOSED_SET,svm_closed_set_test,SVM_EXPERIMENTAL,data/embeddings/v2/svm_closed_set/svm_closed_set_test/8612.npy,192,1.00000012,1716.211
15786,exp_svm_spk_0009,SVM_CLOSED_SET,svm_closed_set_test,SVM_EXPERIMENTAL,data/embeddings/v2/svm_closed_set/svm_closed_set_test/15786.npy,192,1.00000000,2889.883
16653,exp_svm_spk_0009,SVM_CLOSED_SET,svm_closed_set_test,SVM_EXPERIMENTAL,data/embeddings/v2/svm_closed_set/svm_closed_set_test/16653.npy,192,0.99999994,2096.476
11552,exp_svm_spk_0009,SVM_CLOSED_SET,svm_closed_set_test,SVM_EXPERIMENTAL,data/embeddings/v2/svm_closed_set/svm_closed_set_test/11552.npy,192,1.00000000,1819.896
12741,exp_svm_spk_0009,SVM_CLOSED_SET,svm_closed_set_test,SVM_EXPERIMENTAL,data/embeddings/v2/svm_closed_set/svm_closed_set_test/12741.npy,192,0.99999994,2223.070
1823,exp_svm_spk_0009,SVM_CLOSED_SET,svm_closed_set_test,SVM_EXPERIMENTAL,data/embeddings/v2/svm_closed_set/svm_closed_set_test/1823.npy,192,0.99999994,1700.387
6881,exp_svm_spk_0009,SVM_CLOSED_SET,svm_closed_set_test,SVM_EXPERIMENTAL,data/embeddings/v2/svm_closed_set/svm_closed_set_test/6881.npy,192,1.00000000,1988.499
14390,exp_svm_spk_0010,SVM_CLOSED_SET,svm_closed_set_test,SVM_EXPERIMENTAL,data/embeddings/v2/svm_closed_set/svm_closed_set_test/14390.npy,192,1.00000000,1419.663
4287,exp_svm_spk_0010,SVM_CLOSED_SET,svm_closed_set_test,SVM_EXPERIMENTAL,data/embeddings/v2/svm_closed_set/svm_closed_set_test/4287.npy,192,1.00000012,931.591
14827,exp_svm_spk_0010,SVM_CLOSED_SET,svm_closed_set_test,SVM_EXPERIMENTAL,data/embeddings/v2/svm_closed_set/svm_closed_set_test/14827.npy,192,0.99999994,2312.146
4941,exp_svm_spk_0010,SVM_CLOSED_SET,svm_closed_set_test,SVM_EXPERIMENTAL,data/embeddings/v2/svm_closed_set/svm_closed_set_test/4941.npy,192,1.00000000,1447.171
9249,exp_svm_spk_0010,SVM_CLOSED_SET,svm_closed_set_test,SVM_EXPERIMENTAL,data/embeddings/v2/svm_closed_set/svm_closed_set_test/9249.npy,192,1.00000000,1102.483
2701,exp_svm_spk_0010,SVM_CLOSED_SET,svm_closed_set_test,SVM_EXPERIMENTAL,data/embeddings/v2/svm_closed_set/svm_closed_set_test/2701.npy,192,0.99999994,1644.880
12854,exp_svm_spk_0010,SVM_CLOSED_SET,svm_closed_set_test,SVM_EXPERIMENTAL,data/embeddings/v2/svm_closed_set/svm_closed_set_test/12854.npy,192,1.00000000,1384.257
11962,exp_svm_spk_0010,SVM_CLOSED_SET,svm_closed_set_test,SVM_EXPERIMENTAL,data/embeddings/v2/svm_closed_set/svm_closed_set_test/11962.npy,192,0.99999994,924.171
3148,exp_svm_spk_0010,SVM_CLOSED_SET,svm_closed_set_test,SVM_EXPERIMENTAL,data/embeddings/v2/svm_closed_set/svm_closed_set_test/3148.npy,192,1.00000000,1318.366
3261,exp_svm_spk_0010,SVM_CLOSED_SET,svm_closed_set_test,SVM_EXPERIMENTAL,data/embeddings/v2/svm_closed_set/svm_closed_set_test/3261.npy,192,0.99999994,2633.183
7755,exp_svm_spk_0010,SVM_CLOSED_SET,svm_closed_set_test,SVM_EXPERIMENTAL,data/embeddings/v2/svm_closed_set/svm_closed_set_test/7755.npy,192,0.99999994,1823.434
387,exp_svm_spk_0010,SVM_CLOSED_SET,svm_closed_set_test,SVM_EXPERIMENTAL,data/embeddings/v2/svm_closed_set/svm_closed_set_test/387.npy,192,1.00000000,1640.050
4573,exp_svm_spk_0010,SVM_CLOSED_SET,svm_closed_set_test,SVM_EXPERIMENTAL,data/embeddings/v2/svm_closed_set/svm_closed_set_test/4573.npy,192,1.00000000,1202.354
3956,exp_svm_spk_0010,SVM_CLOSED_SET,svm_closed_set_test,SVM_EXPERIMENTAL,data/embeddings/v2/svm_closed_set/svm_closed_set_test/3956.npy,192,1.00000000,2196.850
15134,v2_test_enrolled_spk_0001,COSINE_TEST,cosine_test_enrollment,ENROLLED,data/embeddings/v2/cosine_test/cosine_test_enrollment/15134.npy,192,1.00000000,1046.410
5763,v2_test_enrolled_spk_0001,COSINE_TEST,cosine_test_enrollment,ENROLLED,data/embeddings/v2/cosine_test/cosine_test_enrollment/5763.npy,192,1.00000000,1464.549
984,v2_test_enrolled_spk_0001,COSINE_TEST,cosine_test_enrollment,ENROLLED,data/embeddings/v2/cosine_test/cosine_test_enrollment/984.npy,192,1.00000000,2661.307
9343,v2_test_enrolled_spk_0001,COSINE_TEST,cosine_test_enrollment,ENROLLED,data/embeddings/v2/cosine_test/cosine_test_enrollment/9343.npy,192,1.00000000,2255.169
6001,v2_test_enrolled_spk_0001,COSINE_TEST,cosine_test_enrollment,ENROLLED,data/embeddings/v2/cosine_test/cosine_test_enrollment/6001.npy,192,1.00000000,2155.167
5404,v2_test_enrolled_spk_0002,COSINE_TEST,cosine_test_enrollment,ENROLLED,data/embeddings/v2/cosine_test/cosine_test_enrollment/5404.npy,192,1.00000000,3782.304
8192,v2_test_enrolled_spk_0002,COSINE_TEST,cosine_test_enrollment,ENROLLED,data/embeddings/v2/cosine_test/cosine_test_enrollment/8192.npy,192,1.00000000,1742.475
10741,v2_test_enrolled_spk_0002,COSINE_TEST,cosine_test_enrollment,ENROLLED,data/embeddings/v2/cosine_test/cosine_test_enrollment/10741.npy,192,1.00000000,2978.359
11160,v2_test_enrolled_spk_0002,COSINE_TEST,cosine_test_enrollment,ENROLLED,data/embeddings/v2/cosine_test/cosine_test_enrollment/11160.npy,192,1.00000000,1462.285
1051,v2_test_enrolled_spk_0002,COSINE_TEST,cosine_test_enrollment,ENROLLED,data/embeddings/v2/cosine_test/cosine_test_enrollment/1051.npy,192,0.99999994,1969.565
15588,v2_test_enrolled_spk_0003,COSINE_TEST,cosine_test_enrollment,ENROLLED,data/embeddings/v2/cosine_test/cosine_test_enrollment/15588.npy,192,1.00000012,2230.532
2935,v2_test_enrolled_spk_0003,COSINE_TEST,cosine_test_enrollment,ENROLLED,data/embeddings/v2/cosine_test/cosine_test_enrollment/2935.npy,192,1.00000000,3231.739
10589,v2_test_enrolled_spk_0003,COSINE_TEST,cosine_test_enrollment,ENROLLED,data/embeddings/v2/cosine_test/cosine_test_enrollment/10589.npy,192,1.00000000,3425.034
817,v2_test_enrolled_spk_0003,COSINE_TEST,cosine_test_enrollment,ENROLLED,data/embeddings/v2/cosine_test/cosine_test_enrollment/817.npy,192,1.00000000,1125.387
12253,v2_test_enrolled_spk_0003,COSINE_TEST,cosine_test_enrollment,ENROLLED,data/embeddings/v2/cosine_test/cosine_test_enrollment/12253.npy,192,1.00000000,1800.304
10928,v2_test_enrolled_spk_0004,COSINE_TEST,cosine_test_enrollment,ENROLLED,data/embeddings/v2/cosine_test/cosine_test_enrollment/10928.npy,192,0.99999994,2292.274
12575,v2_test_enrolled_spk_0004,COSINE_TEST,cosine_test_enrollment,ENROLLED,data/embeddings/v2/cosine_test/cosine_test_enrollment/12575.npy,192,1.00000000,3455.884
9002,v2_test_enrolled_spk_0004,COSINE_TEST,cosine_test_enrollment,ENROLLED,data/embeddings/v2/cosine_test/cosine_test_enrollment/9002.npy,192,1.00000012,2362.736
10496,v2_test_enrolled_spk_0004,COSINE_TEST,cosine_test_enrollment,ENROLLED,data/embeddings/v2/cosine_test/cosine_test_enrollment/10496.npy,192,1.00000000,1567.261
9136,v2_test_enrolled_spk_0004,COSINE_TEST,cosine_test_enrollment,ENROLLED,data/embeddings/v2/cosine_test/cosine_test_enrollment/9136.npy,192,0.99999994,3139.620
14460,v2_test_enrolled_spk_0005,COSINE_TEST,cosine_test_enrollment,ENROLLED,data/embeddings/v2/cosine_test/cosine_test_enrollment/14460.npy,192,1.00000000,1129.216
17153,v2_test_enrolled_spk_0005,COSINE_TEST,cosine_test_enrollment,ENROLLED,data/embeddings/v2/cosine_test/cosine_test_enrollment/17153.npy,192,0.99999994,1160.550
14450,v2_test_enrolled_spk_0005,COSINE_TEST,cosine_test_enrollment,ENROLLED,data/embeddings/v2/cosine_test/cosine_test_enrollment/14450.npy,192,1.00000000,3184.719
552,v2_test_enrolled_spk_0005,COSINE_TEST,cosine_test_enrollment,ENROLLED,data/embeddings/v2/cosine_test/cosine_test_enrollment/552.npy,192,1.00000000,942.534
14273,v2_test_enrolled_spk_0005,COSINE_TEST,cosine_test_enrollment,ENROLLED,data/embeddings/v2/cosine_test/cosine_test_enrollment/14273.npy,192,0.99999994,647.238
4779,v2_test_enrolled_spk_0006,COSINE_TEST,cosine_test_enrollment,ENROLLED,data/embeddings/v2/cosine_test/cosine_test_enrollment/4779.npy,192,1.00000000,2208.917
6367,v2_test_enrolled_spk_0006,COSINE_TEST,cosine_test_enrollment,ENROLLED,data/embeddings/v2/cosine_test/cosine_test_enrollment/6367.npy,192,0.99999994,2173.652
8479,v2_test_enrolled_spk_0006,COSINE_TEST,cosine_test_enrollment,ENROLLED,data/embeddings/v2/cosine_test/cosine_test_enrollment/8479.npy,192,1.00000000,3124.029
16825,v2_test_enrolled_spk_0006,COSINE_TEST,cosine_test_enrollment,ENROLLED,data/embeddings/v2/cosine_test/cosine_test_enrollment/16825.npy,192,1.00000000,1472.433
1791,v2_test_enrolled_spk_0006,COSINE_TEST,cosine_test_enrollment,ENROLLED,data/embeddings/v2/cosine_test/cosine_test_enrollment/1791.npy,192,1.00000000,1082.261
8315,v2_test_enrolled_spk_0007,COSINE_TEST,cosine_test_enrollment,ENROLLED,data/embeddings/v2/cosine_test/cosine_test_enrollment/8315.npy,192,1.00000000,2917.100
6640,v2_test_enrolled_spk_0007,COSINE_TEST,cosine_test_enrollment,ENROLLED,data/embeddings/v2/cosine_test/cosine_test_enrollment/6640.npy,192,1.00000000,477.324
1234,v2_test_enrolled_spk_0007,COSINE_TEST,cosine_test_enrollment,ENROLLED,data/embeddings/v2/cosine_test/cosine_test_enrollment/1234.npy,192,1.00000000,899.456
13988,v2_test_enrolled_spk_0007,COSINE_TEST,cosine_test_enrollment,ENROLLED,data/embeddings/v2/cosine_test/cosine_test_enrollment/13988.npy,192,1.00000000,647.166
9144,v2_test_enrolled_spk_0007,COSINE_TEST,cosine_test_enrollment,ENROLLED,data/embeddings/v2/cosine_test/cosine_test_enrollment/9144.npy,192,1.00000000,2736.809
3046,v2_test_enrolled_spk_0008,COSINE_TEST,cosine_test_enrollment,ENROLLED,data/embeddings/v2/cosine_test/cosine_test_enrollment/3046.npy,192,1.00000000,2249.954
13924,v2_test_enrolled_spk_0008,COSINE_TEST,cosine_test_enrollment,ENROLLED,data/embeddings/v2/cosine_test/cosine_test_enrollment/13924.npy,192,0.99999994,1650.017
1189,v2_test_enrolled_spk_0008,COSINE_TEST,cosine_test_enrollment,ENROLLED,data/embeddings/v2/cosine_test/cosine_test_enrollment/1189.npy,192,1.00000012,1875.614
15559,v2_test_enrolled_spk_0008,COSINE_TEST,cosine_test_enrollment,ENROLLED,data/embeddings/v2/cosine_test/cosine_test_enrollment/15559.npy,192,1.00000000,2198.830
1894,v2_test_enrolled_spk_0008,COSINE_TEST,cosine_test_enrollment,ENROLLED,data/embeddings/v2/cosine_test/cosine_test_enrollment/1894.npy,192,1.00000000,2802.254
943,v2_test_enrolled_spk_0001,COSINE_TEST,cosine_test_query,ENROLLED,data/embeddings/v2/cosine_test/cosine_test_query/943.npy,192,0.99999994,11739.160
15639,v2_test_enrolled_spk_0001,COSINE_TEST,cosine_test_query,ENROLLED,data/embeddings/v2/cosine_test/cosine_test_query/15639.npy,192,1.00000000,7162.141
4243,v2_test_enrolled_spk_0001,COSINE_TEST,cosine_test_query,ENROLLED,data/embeddings/v2/cosine_test/cosine_test_query/4243.npy,192,1.00000000,1572.879
10468,v2_test_enrolled_spk_0001,COSINE_TEST,cosine_test_query,ENROLLED,data/embeddings/v2/cosine_test/cosine_test_query/10468.npy,192,1.00000000,3107.237
17080,v2_test_enrolled_spk_0001,COSINE_TEST,cosine_test_query,ENROLLED,data/embeddings/v2/cosine_test/cosine_test_query/17080.npy,192,1.00000000,1224.882
937,v2_test_enrolled_spk_0001,COSINE_TEST,cosine_test_query,ENROLLED,data/embeddings/v2/cosine_test/cosine_test_query/937.npy,192,0.99999994,371.251
6677,v2_test_enrolled_spk_0001,COSINE_TEST,cosine_test_query,ENROLLED,data/embeddings/v2/cosine_test/cosine_test_query/6677.npy,192,1.00000000,546.304
14408,v2_test_enrolled_spk_0001,COSINE_TEST,cosine_test_query,ENROLLED,data/embeddings/v2/cosine_test/cosine_test_query/14408.npy,192,0.99999994,1010.802
13211,v2_test_enrolled_spk_0001,COSINE_TEST,cosine_test_query,ENROLLED,data/embeddings/v2/cosine_test/cosine_test_query/13211.npy,192,1.00000000,10791.267
1925,v2_test_enrolled_spk_0001,COSINE_TEST,cosine_test_query,ENROLLED,data/embeddings/v2/cosine_test/cosine_test_query/1925.npy,192,1.00000000,3664.050
4674,v2_test_enrolled_spk_0001,COSINE_TEST,cosine_test_query,ENROLLED,data/embeddings/v2/cosine_test/cosine_test_query/4674.npy,192,1.00000000,6739.873
10817,v2_test_enrolled_spk_0001,COSINE_TEST,cosine_test_query,ENROLLED,data/embeddings/v2/cosine_test/cosine_test_query/10817.npy,192,0.99999994,5445.735
4623,v2_test_enrolled_spk_0001,COSINE_TEST,cosine_test_query,ENROLLED,data/embeddings/v2/cosine_test/cosine_test_query/4623.npy,192,1.00000000,3492.549
6520,v2_test_enrolled_spk_0001,COSINE_TEST,cosine_test_query,ENROLLED,data/embeddings/v2/cosine_test/cosine_test_query/6520.npy,192,0.99999994,874.080
15043,v2_test_enrolled_spk_0001,COSINE_TEST,cosine_test_query,ENROLLED,data/embeddings/v2/cosine_test/cosine_test_query/15043.npy,192,0.99999994,3702.833
13125,v2_test_enrolled_spk_0001,COSINE_TEST,cosine_test_query,ENROLLED,data/embeddings/v2/cosine_test/cosine_test_query/13125.npy,192,0.99999994,3737.713
3665,v2_test_enrolled_spk_0001,COSINE_TEST,cosine_test_query,ENROLLED,data/embeddings/v2/cosine_test/cosine_test_query/3665.npy,192,0.99999994,2472.785
678,v2_test_enrolled_spk_0001,COSINE_TEST,cosine_test_query,ENROLLED,data/embeddings/v2/cosine_test/cosine_test_query/678.npy,192,1.00000000,1611.435
12827,v2_test_enrolled_spk_0001,COSINE_TEST,cosine_test_query,ENROLLED,data/embeddings/v2/cosine_test/cosine_test_query/12827.npy,192,1.00000000,2871.868
2946,v2_test_enrolled_spk_0001,COSINE_TEST,cosine_test_query,ENROLLED,data/embeddings/v2/cosine_test/cosine_test_query/2946.npy,192,1.00000000,3283.894
16288,v2_test_enrolled_spk_0001,COSINE_TEST,cosine_test_query,ENROLLED,data/embeddings/v2/cosine_test/cosine_test_query/16288.npy,192,1.00000000,1223.123
2058,v2_test_enrolled_spk_0001,COSINE_TEST,cosine_test_query,ENROLLED,data/embeddings/v2/cosine_test/cosine_test_query/2058.npy,192,1.00000000,2870.056
2499,v2_test_enrolled_spk_0001,COSINE_TEST,cosine_test_query,ENROLLED,data/embeddings/v2/cosine_test/cosine_test_query/2499.npy,192,0.99999994,1554.231
895,v2_test_enrolled_spk_0001,COSINE_TEST,cosine_test_query,ENROLLED,data/embeddings/v2/cosine_test/cosine_test_query/895.npy,192,0.99999994,2654.160
15512,v2_test_enrolled_spk_0001,COSINE_TEST,cosine_test_query,ENROLLED,data/embeddings/v2/cosine_test/cosine_test_query/15512.npy,192,1.00000000,2669.480
14361,v2_test_enrolled_spk_0002,COSINE_TEST,cosine_test_query,ENROLLED,data/embeddings/v2/cosine_test/cosine_test_query/14361.npy,192,1.00000000,1823.763
11086,v2_test_enrolled_spk_0002,COSINE_TEST,cosine_test_query,ENROLLED,data/embeddings/v2/cosine_test/cosine_test_query/11086.npy,192,1.00000000,2388.009
2428,v2_test_enrolled_spk_0002,COSINE_TEST,cosine_test_query,ENROLLED,data/embeddings/v2/cosine_test/cosine_test_query/2428.npy,192,1.00000000,2209.438
4693,v2_test_enrolled_spk_0002,COSINE_TEST,cosine_test_query,ENROLLED,data/embeddings/v2/cosine_test/cosine_test_query/4693.npy,192,1.00000000,1677.129
6131,v2_test_enrolled_spk_0002,COSINE_TEST,cosine_test_query,ENROLLED,data/embeddings/v2/cosine_test/cosine_test_query/6131.npy,192,0.99999994,2281.681
16393,v2_test_enrolled_spk_0002,COSINE_TEST,cosine_test_query,ENROLLED,data/embeddings/v2/cosine_test/cosine_test_query/16393.npy,192,1.00000000,2565.250
7530,v2_test_enrolled_spk_0002,COSINE_TEST,cosine_test_query,ENROLLED,data/embeddings/v2/cosine_test/cosine_test_query/7530.npy,192,1.00000000,2665.338
58,v2_test_enrolled_spk_0002,COSINE_TEST,cosine_test_query,ENROLLED,data/embeddings/v2/cosine_test/cosine_test_query/58.npy,192,1.00000000,1656.547
10458,v2_test_enrolled_spk_0002,COSINE_TEST,cosine_test_query,ENROLLED,data/embeddings/v2/cosine_test/cosine_test_query/10458.npy,192,1.00000000,752.680
8059,v2_test_enrolled_spk_0002,COSINE_TEST,cosine_test_query,ENROLLED,data/embeddings/v2/cosine_test/cosine_test_query/8059.npy,192,1.00000000,1932.732
17048,v2_test_enrolled_spk_0002,COSINE_TEST,cosine_test_query,ENROLLED,data/embeddings/v2/cosine_test/cosine_test_query/17048.npy,192,1.00000000,2010.494
4191,v2_test_enrolled_spk_0002,COSINE_TEST,cosine_test_query,ENROLLED,data/embeddings/v2/cosine_test/cosine_test_query/4191.npy,192,0.99999988,1663.941
697,v2_test_enrolled_spk_0002,COSINE_TEST,cosine_test_query,ENROLLED,data/embeddings/v2/cosine_test/cosine_test_query/697.npy,192,1.00000000,2783.160
541,v2_test_enrolled_spk_0002,COSINE_TEST,cosine_test_query,ENROLLED,data/embeddings/v2/cosine_test/cosine_test_query/541.npy,192,0.99999994,1257.556
15180,v2_test_enrolled_spk_0002,COSINE_TEST,cosine_test_query,ENROLLED,data/embeddings/v2/cosine_test/cosine_test_query/15180.npy,192,0.99999994,1468.257
16525,v2_test_enrolled_spk_0002,COSINE_TEST,cosine_test_query,ENROLLED,data/embeddings/v2/cosine_test/cosine_test_query/16525.npy,192,1.00000000,2202.855
4387,v2_test_enrolled_spk_0002,COSINE_TEST,cosine_test_query,ENROLLED,data/embeddings/v2/cosine_test/cosine_test_query/4387.npy,192,0.99999994,1307.257
4796,v2_test_enrolled_spk_0002,COSINE_TEST,cosine_test_query,ENROLLED,data/embeddings/v2/cosine_test/cosine_test_query/4796.npy,192,1.00000000,556.969
4339,v2_test_enrolled_spk_0002,COSINE_TEST,cosine_test_query,ENROLLED,data/embeddings/v2/cosine_test/cosine_test_query/4339.npy,192,1.00000000,843.548
7877,v2_test_enrolled_spk_0002,COSINE_TEST,cosine_test_query,ENROLLED,data/embeddings/v2/cosine_test/cosine_test_query/7877.npy,192,0.99999994,1442.326
9211,v2_test_enrolled_spk_0002,COSINE_TEST,cosine_test_query,ENROLLED,data/embeddings/v2/cosine_test/cosine_test_query/9211.npy,192,1.00000000,1379.118
532,v2_test_enrolled_spk_0002,COSINE_TEST,cosine_test_query,ENROLLED,data/embeddings/v2/cosine_test/cosine_test_query/532.npy,192,1.00000000,1392.507
7239,v2_test_enrolled_spk_0002,COSINE_TEST,cosine_test_query,ENROLLED,data/embeddings/v2/cosine_test/cosine_test_query/7239.npy,192,1.00000000,1576.416
9872,v2_test_enrolled_spk_0002,COSINE_TEST,cosine_test_query,ENROLLED,data/embeddings/v2/cosine_test/cosine_test_query/9872.npy,192,1.00000000,2001.536
5249,v2_test_enrolled_spk_0002,COSINE_TEST,cosine_test_query,ENROLLED,data/embeddings/v2/cosine_test/cosine_test_query/5249.npy,192,1.00000000,3126.346
2562,v2_test_enrolled_spk_0003,COSINE_TEST,cosine_test_query,ENROLLED,data/embeddings/v2/cosine_test/cosine_test_query/2562.npy,192,0.99999994,2085.521
2835,v2_test_enrolled_spk_0003,COSINE_TEST,cosine_test_query,ENROLLED,data/embeddings/v2/cosine_test/cosine_test_query/2835.npy,192,1.00000000,1476.236
4033,v2_test_enrolled_spk_0003,COSINE_TEST,cosine_test_query,ENROLLED,data/embeddings/v2/cosine_test/cosine_test_query/4033.npy,192,0.99999994,2511.151
6607,v2_test_enrolled_spk_0003,COSINE_TEST,cosine_test_query,ENROLLED,data/embeddings/v2/cosine_test/cosine_test_query/6607.npy,192,1.00000000,3320.382
3941,v2_test_enrolled_spk_0003,COSINE_TEST,cosine_test_query,ENROLLED,data/embeddings/v2/cosine_test/cosine_test_query/3941.npy,192,1.00000000,1893.683
7174,v2_test_enrolled_spk_0003,COSINE_TEST,cosine_test_query,ENROLLED,data/embeddings/v2/cosine_test/cosine_test_query/7174.npy,192,1.00000000,2778.063
14301,v2_test_enrolled_spk_0003,COSINE_TEST,cosine_test_query,ENROLLED,data/embeddings/v2/cosine_test/cosine_test_query/14301.npy,192,0.99999994,1809.871
1201,v2_test_enrolled_spk_0003,COSINE_TEST,cosine_test_query,ENROLLED,data/embeddings/v2/cosine_test/cosine_test_query/1201.npy,192,1.00000000,2632.628
109,v2_test_enrolled_spk_0003,COSINE_TEST,cosine_test_query,ENROLLED,data/embeddings/v2/cosine_test/cosine_test_query/109.npy,192,0.99999994,2480.018
9442,v2_test_enrolled_spk_0003,COSINE_TEST,cosine_test_query,ENROLLED,data/embeddings/v2/cosine_test/cosine_test_query/9442.npy,192,0.99999994,3333.538
6493,v2_test_enrolled_spk_0003,COSINE_TEST,cosine_test_query,ENROLLED,data/embeddings/v2/cosine_test/cosine_test_query/6493.npy,192,0.99999988,773.397
13522,v2_test_enrolled_spk_0003,COSINE_TEST,cosine_test_query,ENROLLED,data/embeddings/v2/cosine_test/cosine_test_query/13522.npy,192,1.00000000,1561.005
925,v2_test_enrolled_spk_0003,COSINE_TEST,cosine_test_query,ENROLLED,data/embeddings/v2/cosine_test/cosine_test_query/925.npy,192,1.00000000,1803.053
6317,v2_test_enrolled_spk_0003,COSINE_TEST,cosine_test_query,ENROLLED,data/embeddings/v2/cosine_test/cosine_test_query/6317.npy,192,1.00000000,2322.239
15531,v2_test_enrolled_spk_0003,COSINE_TEST,cosine_test_query,ENROLLED,data/embeddings/v2/cosine_test/cosine_test_query/15531.npy,192,1.00000000,2342.414
5743,v2_test_enrolled_spk_0003,COSINE_TEST,cosine_test_query,ENROLLED,data/embeddings/v2/cosine_test/cosine_test_query/5743.npy,192,1.00000000,1837.661
9051,v2_test_enrolled_spk_0003,COSINE_TEST,cosine_test_query,ENROLLED,data/embeddings/v2/cosine_test/cosine_test_query/9051.npy,192,0.99999994,2076.079
6499,v2_test_enrolled_spk_0003,COSINE_TEST,cosine_test_query,ENROLLED,data/embeddings/v2/cosine_test/cosine_test_query/6499.npy,192,1.00000000,1338.181
1259,v2_test_enrolled_spk_0003,COSINE_TEST,cosine_test_query,ENROLLED,data/embeddings/v2/cosine_test/cosine_test_query/1259.npy,192,0.99999988,2752.775
16305,v2_test_enrolled_spk_0003,COSINE_TEST,cosine_test_query,ENROLLED,data/embeddings/v2/cosine_test/cosine_test_query/16305.npy,192,1.00000000,1780.012
14677,v2_test_enrolled_spk_0003,COSINE_TEST,cosine_test_query,ENROLLED,data/embeddings/v2/cosine_test/cosine_test_query/14677.npy,192,0.99999994,2781.402
12627,v2_test_enrolled_spk_0003,COSINE_TEST,cosine_test_query,ENROLLED,data/embeddings/v2/cosine_test/cosine_test_query/12627.npy,192,1.00000000,2126.171
6883,v2_test_enrolled_spk_0003,COSINE_TEST,cosine_test_query,ENROLLED,data/embeddings/v2/cosine_test/cosine_test_query/6883.npy,192,0.99999994,1526.071
13502,v2_test_enrolled_spk_0003,COSINE_TEST,cosine_test_query,ENROLLED,data/embeddings/v2/cosine_test/cosine_test_query/13502.npy,192,1.00000000,2215.966
1771,v2_test_enrolled_spk_0003,COSINE_TEST,cosine_test_query,ENROLLED,data/embeddings/v2/cosine_test/cosine_test_query/1771.npy,192,0.99999994,1361.373
9521,v2_test_enrolled_spk_0004,COSINE_TEST,cosine_test_query,ENROLLED,data/embeddings/v2/cosine_test/cosine_test_query/9521.npy,192,0.99999994,2379.560
707,v2_test_enrolled_spk_0004,COSINE_TEST,cosine_test_query,ENROLLED,data/embeddings/v2/cosine_test/cosine_test_query/707.npy,192,1.00000000,2149.064
10697,v2_test_enrolled_spk_0004,COSINE_TEST,cosine_test_query,ENROLLED,data/embeddings/v2/cosine_test/cosine_test_query/10697.npy,192,1.00000000,1664.786
7782,v2_test_enrolled_spk_0004,COSINE_TEST,cosine_test_query,ENROLLED,data/embeddings/v2/cosine_test/cosine_test_query/7782.npy,192,1.00000000,1529.169
7665,v2_test_enrolled_spk_0004,COSINE_TEST,cosine_test_query,ENROLLED,data/embeddings/v2/cosine_test/cosine_test_query/7665.npy,192,1.00000000,2511.377
14173,v2_test_enrolled_spk_0004,COSINE_TEST,cosine_test_query,ENROLLED,data/embeddings/v2/cosine_test/cosine_test_query/14173.npy,192,0.99999994,2152.363
14861,v2_test_enrolled_spk_0004,COSINE_TEST,cosine_test_query,ENROLLED,data/embeddings/v2/cosine_test/cosine_test_query/14861.npy,192,1.00000000,2502.465
13230,v2_test_enrolled_spk_0004,COSINE_TEST,cosine_test_query,ENROLLED,data/embeddings/v2/cosine_test/cosine_test_query/13230.npy,192,1.00000000,1123.416
15057,v2_test_enrolled_spk_0004,COSINE_TEST,cosine_test_query,ENROLLED,data/embeddings/v2/cosine_test/cosine_test_query/15057.npy,192,1.00000000,1202.603
3803,v2_test_enrolled_spk_0004,COSINE_TEST,cosine_test_query,ENROLLED,data/embeddings/v2/cosine_test/cosine_test_query/3803.npy,192,1.00000000,1162.799
10295,v2_test_enrolled_spk_0004,COSINE_TEST,cosine_test_query,ENROLLED,data/embeddings/v2/cosine_test/cosine_test_query/10295.npy,192,0.99999994,2078.925
3880,v2_test_enrolled_spk_0004,COSINE_TEST,cosine_test_query,ENROLLED,data/embeddings/v2/cosine_test/cosine_test_query/3880.npy,192,1.00000000,2792.041
8626,v2_test_enrolled_spk_0004,COSINE_TEST,cosine_test_query,ENROLLED,data/embeddings/v2/cosine_test/cosine_test_query/8626.npy,192,1.00000000,1994.118
10965,v2_test_enrolled_spk_0004,COSINE_TEST,cosine_test_query,ENROLLED,data/embeddings/v2/cosine_test/cosine_test_query/10965.npy,192,0.99999994,2079.539
6120,v2_test_enrolled_spk_0004,COSINE_TEST,cosine_test_query,ENROLLED,data/embeddings/v2/cosine_test/cosine_test_query/6120.npy,192,0.99999994,2919.609
14263,v2_test_enrolled_spk_0004,COSINE_TEST,cosine_test_query,ENROLLED,data/embeddings/v2/cosine_test/cosine_test_query/14263.npy,192,0.99999994,1774.686
16611,v2_test_enrolled_spk_0004,COSINE_TEST,cosine_test_query,ENROLLED,data/embeddings/v2/cosine_test/cosine_test_query/16611.npy,192,1.00000000,1195.148
6164,v2_test_enrolled_spk_0004,COSINE_TEST,cosine_test_query,ENROLLED,data/embeddings/v2/cosine_test/cosine_test_query/6164.npy,192,1.00000000,1720.021
8953,v2_test_enrolled_spk_0004,COSINE_TEST,cosine_test_query,ENROLLED,data/embeddings/v2/cosine_test/cosine_test_query/8953.npy,192,1.00000000,2656.581
3804,v2_test_enrolled_spk_0004,COSINE_TEST,cosine_test_query,ENROLLED,data/embeddings/v2/cosine_test/cosine_test_query/3804.npy,192,1.00000000,1352.808
13387,v2_test_enrolled_spk_0004,COSINE_TEST,cosine_test_query,ENROLLED,data/embeddings/v2/cosine_test/cosine_test_query/13387.npy,192,1.00000000,2387.450
3704,v2_test_enrolled_spk_0004,COSINE_TEST,cosine_test_query,ENROLLED,data/embeddings/v2/cosine_test/cosine_test_query/3704.npy,192,1.00000000,3116.547
1599,v2_test_enrolled_spk_0004,COSINE_TEST,cosine_test_query,ENROLLED,data/embeddings/v2/cosine_test/cosine_test_query/1599.npy,192,0.99999994,1216.766
12729,v2_test_enrolled_spk_0004,COSINE_TEST,cosine_test_query,ENROLLED,data/embeddings/v2/cosine_test/cosine_test_query/12729.npy,192,1.00000000,1078.239
1902,v2_test_enrolled_spk_0004,COSINE_TEST,cosine_test_query,ENROLLED,data/embeddings/v2/cosine_test/cosine_test_query/1902.npy,192,1.00000000,3213.923
4558,v2_test_enrolled_spk_0005,COSINE_TEST,cosine_test_query,ENROLLED,data/embeddings/v2/cosine_test/cosine_test_query/4558.npy,192,1.00000000,856.350
12232,v2_test_enrolled_spk_0005,COSINE_TEST,cosine_test_query,ENROLLED,data/embeddings/v2/cosine_test/cosine_test_query/12232.npy,192,1.00000000,1169.565
4545,v2_test_enrolled_spk_0005,COSINE_TEST,cosine_test_query,ENROLLED,data/embeddings/v2/cosine_test/cosine_test_query/4545.npy,192,1.00000000,3607.322
2118,v2_test_enrolled_spk_0005,COSINE_TEST,cosine_test_query,ENROLLED,data/embeddings/v2/cosine_test/cosine_test_query/2118.npy,192,1.00000000,648.724
12712,v2_test_enrolled_spk_0005,COSINE_TEST,cosine_test_query,ENROLLED,data/embeddings/v2/cosine_test/cosine_test_query/12712.npy,192,1.00000000,1070.019
15064,v2_test_enrolled_spk_0005,COSINE_TEST,cosine_test_query,ENROLLED,data/embeddings/v2/cosine_test/cosine_test_query/15064.npy,192,1.00000000,1524.304
12345,v2_test_enrolled_spk_0005,COSINE_TEST,cosine_test_query,ENROLLED,data/embeddings/v2/cosine_test/cosine_test_query/12345.npy,192,1.00000000,1265.006
11666,v2_test_enrolled_spk_0005,COSINE_TEST,cosine_test_query,ENROLLED,data/embeddings/v2/cosine_test/cosine_test_query/11666.npy,192,1.00000000,3177.858
11281,v2_test_enrolled_spk_0005,COSINE_TEST,cosine_test_query,ENROLLED,data/embeddings/v2/cosine_test/cosine_test_query/11281.npy,192,1.00000000,1250.607
10797,v2_test_enrolled_spk_0005,COSINE_TEST,cosine_test_query,ENROLLED,data/embeddings/v2/cosine_test/cosine_test_query/10797.npy,192,0.99999994,1714.815
1196,v2_test_enrolled_spk_0005,COSINE_TEST,cosine_test_query,ENROLLED,data/embeddings/v2/cosine_test/cosine_test_query/1196.npy,192,1.00000000,3779.904
15100,v2_test_enrolled_spk_0005,COSINE_TEST,cosine_test_query,ENROLLED,data/embeddings/v2/cosine_test/cosine_test_query/15100.npy,192,1.00000000,1715.390
1953,v2_test_enrolled_spk_0005,COSINE_TEST,cosine_test_query,ENROLLED,data/embeddings/v2/cosine_test/cosine_test_query/1953.npy,192,1.00000000,1903.073
9067,v2_test_enrolled_spk_0005,COSINE_TEST,cosine_test_query,ENROLLED,data/embeddings/v2/cosine_test/cosine_test_query/9067.npy,192,1.00000000,1527.179
7945,v2_test_enrolled_spk_0005,COSINE_TEST,cosine_test_query,ENROLLED,data/embeddings/v2/cosine_test/cosine_test_query/7945.npy,192,1.00000000,2338.516
14950,v2_test_enrolled_spk_0005,COSINE_TEST,cosine_test_query,ENROLLED,data/embeddings/v2/cosine_test/cosine_test_query/14950.npy,192,0.99999994,3820.751
14073,v2_test_enrolled_spk_0005,COSINE_TEST,cosine_test_query,ENROLLED,data/embeddings/v2/cosine_test/cosine_test_query/14073.npy,192,0.99999994,1402.750
9459,v2_test_enrolled_spk_0005,COSINE_TEST,cosine_test_query,ENROLLED,data/embeddings/v2/cosine_test/cosine_test_query/9459.npy,192,1.00000000,5258.963
107,v2_test_enrolled_spk_0005,COSINE_TEST,cosine_test_query,ENROLLED,data/embeddings/v2/cosine_test/cosine_test_query/107.npy,192,1.00000000,3533.923
15514,v2_test_enrolled_spk_0005,COSINE_TEST,cosine_test_query,ENROLLED,data/embeddings/v2/cosine_test/cosine_test_query/15514.npy,192,1.00000000,3420.958
16330,v2_test_enrolled_spk_0005,COSINE_TEST,cosine_test_query,ENROLLED,data/embeddings/v2/cosine_test/cosine_test_query/16330.npy,192,1.00000000,1532.842
1566,v2_test_enrolled_spk_0005,COSINE_TEST,cosine_test_query,ENROLLED,data/embeddings/v2/cosine_test/cosine_test_query/1566.npy,192,1.00000000,5601.131
10267,v2_test_enrolled_spk_0005,COSINE_TEST,cosine_test_query,ENROLLED,data/embeddings/v2/cosine_test/cosine_test_query/10267.npy,192,0.99999994,3870.207
776,v2_test_enrolled_spk_0005,COSINE_TEST,cosine_test_query,ENROLLED,data/embeddings/v2/cosine_test/cosine_test_query/776.npy,192,1.00000000,5071.862
14479,v2_test_enrolled_spk_0005,COSINE_TEST,cosine_test_query,ENROLLED,data/embeddings/v2/cosine_test/cosine_test_query/14479.npy,192,1.00000000,4054.681
2672,v2_test_enrolled_spk_0006,COSINE_TEST,cosine_test_query,ENROLLED,data/embeddings/v2/cosine_test/cosine_test_query/2672.npy,192,1.00000000,5101.860
16850,v2_test_enrolled_spk_0006,COSINE_TEST,cosine_test_query,ENROLLED,data/embeddings/v2/cosine_test/cosine_test_query/16850.npy,192,1.00000000,1357.396
12974,v2_test_enrolled_spk_0006,COSINE_TEST,cosine_test_query,ENROLLED,data/embeddings/v2/cosine_test/cosine_test_query/12974.npy,192,1.00000000,3212.928
4911,v2_test_enrolled_spk_0006,COSINE_TEST,cosine_test_query,ENROLLED,data/embeddings/v2/cosine_test/cosine_test_query/4911.npy,192,1.00000000,1110.589
6389,v2_test_enrolled_spk_0006,COSINE_TEST,cosine_test_query,ENROLLED,data/embeddings/v2/cosine_test/cosine_test_query/6389.npy,192,0.99999994,4979.189
12045,v2_test_enrolled_spk_0006,COSINE_TEST,cosine_test_query,ENROLLED,data/embeddings/v2/cosine_test/cosine_test_query/12045.npy,192,0.99999994,3072.767
11181,v2_test_enrolled_spk_0006,COSINE_TEST,cosine_test_query,ENROLLED,data/embeddings/v2/cosine_test/cosine_test_query/11181.npy,192,1.00000000,2748.713
13647,v2_test_enrolled_spk_0006,COSINE_TEST,cosine_test_query,ENROLLED,data/embeddings/v2/cosine_test/cosine_test_query/13647.npy,192,1.00000000,3907.074
10520,v2_test_enrolled_spk_0006,COSINE_TEST,cosine_test_query,ENROLLED,data/embeddings/v2/cosine_test/cosine_test_query/10520.npy,192,1.00000000,1338.018
6364,v2_test_enrolled_spk_0006,COSINE_TEST,cosine_test_query,ENROLLED,data/embeddings/v2/cosine_test/cosine_test_query/6364.npy,192,0.99999994,2571.213
1446,v2_test_enrolled_spk_0006,COSINE_TEST,cosine_test_query,ENROLLED,data/embeddings/v2/cosine_test/cosine_test_query/1446.npy,192,1.00000000,5311.967
7381,v2_test_enrolled_spk_0006,COSINE_TEST,cosine_test_query,ENROLLED,data/embeddings/v2/cosine_test/cosine_test_query/7381.npy,192,1.00000000,3840.678
6052,v2_test_enrolled_spk_0006,COSINE_TEST,cosine_test_query,ENROLLED,data/embeddings/v2/cosine_test/cosine_test_query/6052.npy,192,1.00000000,2020.623
3200,v2_test_enrolled_spk_0006,COSINE_TEST,cosine_test_query,ENROLLED,data/embeddings/v2/cosine_test/cosine_test_query/3200.npy,192,1.00000000,3755.542
11745,v2_test_enrolled_spk_0006,COSINE_TEST,cosine_test_query,ENROLLED,data/embeddings/v2/cosine_test/cosine_test_query/11745.npy,192,0.99999994,2272.514
16078,v2_test_enrolled_spk_0006,COSINE_TEST,cosine_test_query,ENROLLED,data/embeddings/v2/cosine_test/cosine_test_query/16078.npy,192,0.99999994,2803.684
10361,v2_test_enrolled_spk_0006,COSINE_TEST,cosine_test_query,ENROLLED,data/embeddings/v2/cosine_test/cosine_test_query/10361.npy,192,1.00000000,2639.067
9863,v2_test_enrolled_spk_0006,COSINE_TEST,cosine_test_query,ENROLLED,data/embeddings/v2/cosine_test/cosine_test_query/9863.npy,192,0.99999994,2588.925
12885,v2_test_enrolled_spk_0006,COSINE_TEST,cosine_test_query,ENROLLED,data/embeddings/v2/cosine_test/cosine_test_query/12885.npy,192,1.00000000,1613.989
5867,v2_test_enrolled_spk_0006,COSINE_TEST,cosine_test_query,ENROLLED,data/embeddings/v2/cosine_test/cosine_test_query/5867.npy,192,0.99999994,2680.758
4278,v2_test_enrolled_spk_0006,COSINE_TEST,cosine_test_query,ENROLLED,data/embeddings/v2/cosine_test/cosine_test_query/4278.npy,192,0.99999994,2223.010
5516,v2_test_enrolled_spk_0006,COSINE_TEST,cosine_test_query,ENROLLED,data/embeddings/v2/cosine_test/cosine_test_query/5516.npy,192,0.99999994,2738.046
13842,v2_test_enrolled_spk_0006,COSINE_TEST,cosine_test_query,ENROLLED,data/embeddings/v2/cosine_test/cosine_test_query/13842.npy,192,1.00000000,2611.530
7034,v2_test_enrolled_spk_0006,COSINE_TEST,cosine_test_query,ENROLLED,data/embeddings/v2/cosine_test/cosine_test_query/7034.npy,192,0.99999994,1584.589
11716,v2_test_enrolled_spk_0006,COSINE_TEST,cosine_test_query,ENROLLED,data/embeddings/v2/cosine_test/cosine_test_query/11716.npy,192,1.00000000,3732.805
11463,v2_test_enrolled_spk_0007,COSINE_TEST,cosine_test_query,ENROLLED,data/embeddings/v2/cosine_test/cosine_test_query/11463.npy,192,0.99999994,1416.706
4046,v2_test_enrolled_spk_0007,COSINE_TEST,cosine_test_query,ENROLLED,data/embeddings/v2/cosine_test/cosine_test_query/4046.npy,192,1.00000000,1747.207
2149,v2_test_enrolled_spk_0007,COSINE_TEST,cosine_test_query,ENROLLED,data/embeddings/v2/cosine_test/cosine_test_query/2149.npy,192,1.00000000,1690.853
11743,v2_test_enrolled_spk_0007,COSINE_TEST,cosine_test_query,ENROLLED,data/embeddings/v2/cosine_test/cosine_test_query/11743.npy,192,1.00000000,3234.272
4127,v2_test_enrolled_spk_0007,COSINE_TEST,cosine_test_query,ENROLLED,data/embeddings/v2/cosine_test/cosine_test_query/4127.npy,192,1.00000000,1181.810
11004,v2_test_enrolled_spk_0007,COSINE_TEST,cosine_test_query,ENROLLED,data/embeddings/v2/cosine_test/cosine_test_query/11004.npy,192,1.00000000,2258.676
1085,v2_test_enrolled_spk_0007,COSINE_TEST,cosine_test_query,ENROLLED,data/embeddings/v2/cosine_test/cosine_test_query/1085.npy,192,1.00000000,1239.579
2144,v2_test_enrolled_spk_0007,COSINE_TEST,cosine_test_query,ENROLLED,data/embeddings/v2/cosine_test/cosine_test_query/2144.npy,192,0.99999994,1840.803
3377,v2_test_enrolled_spk_0007,COSINE_TEST,cosine_test_query,ENROLLED,data/embeddings/v2/cosine_test/cosine_test_query/3377.npy,192,1.00000000,1558.014
7007,v2_test_enrolled_spk_0007,COSINE_TEST,cosine_test_query,ENROLLED,data/embeddings/v2/cosine_test/cosine_test_query/7007.npy,192,1.00000000,2024.440
6240,v2_test_enrolled_spk_0007,COSINE_TEST,cosine_test_query,ENROLLED,data/embeddings/v2/cosine_test/cosine_test_query/6240.npy,192,1.00000000,2112.053
3713,v2_test_enrolled_spk_0007,COSINE_TEST,cosine_test_query,ENROLLED,data/embeddings/v2/cosine_test/cosine_test_query/3713.npy,192,1.00000000,1951.776
14654,v2_test_enrolled_spk_0007,COSINE_TEST,cosine_test_query,ENROLLED,data/embeddings/v2/cosine_test/cosine_test_query/14654.npy,192,1.00000000,3023.588
12022,v2_test_enrolled_spk_0007,COSINE_TEST,cosine_test_query,ENROLLED,data/embeddings/v2/cosine_test/cosine_test_query/12022.npy,192,0.99999988,1403.784
10830,v2_test_enrolled_spk_0007,COSINE_TEST,cosine_test_query,ENROLLED,data/embeddings/v2/cosine_test/cosine_test_query/10830.npy,192,0.99999994,2063.516
167,v2_test_enrolled_spk_0007,COSINE_TEST,cosine_test_query,ENROLLED,data/embeddings/v2/cosine_test/cosine_test_query/167.npy,192,1.00000000,1015.118
13465,v2_test_enrolled_spk_0007,COSINE_TEST,cosine_test_query,ENROLLED,data/embeddings/v2/cosine_test/cosine_test_query/13465.npy,192,0.99999994,2050.494
5824,v2_test_enrolled_spk_0007,COSINE_TEST,cosine_test_query,ENROLLED,data/embeddings/v2/cosine_test/cosine_test_query/5824.npy,192,1.00000000,3282.980
13588,v2_test_enrolled_spk_0007,COSINE_TEST,cosine_test_query,ENROLLED,data/embeddings/v2/cosine_test/cosine_test_query/13588.npy,192,0.99999994,1117.015
4114,v2_test_enrolled_spk_0007,COSINE_TEST,cosine_test_query,ENROLLED,data/embeddings/v2/cosine_test/cosine_test_query/4114.npy,192,0.99999994,4501.458
4228,v2_test_enrolled_spk_0007,COSINE_TEST,cosine_test_query,ENROLLED,data/embeddings/v2/cosine_test/cosine_test_query/4228.npy,192,1.00000000,1610.750
12625,v2_test_enrolled_spk_0007,COSINE_TEST,cosine_test_query,ENROLLED,data/embeddings/v2/cosine_test/cosine_test_query/12625.npy,192,0.99999994,3286.011
14731,v2_test_enrolled_spk_0007,COSINE_TEST,cosine_test_query,ENROLLED,data/embeddings/v2/cosine_test/cosine_test_query/14731.npy,192,1.00000000,538.318
13682,v2_test_enrolled_spk_0007,COSINE_TEST,cosine_test_query,ENROLLED,data/embeddings/v2/cosine_test/cosine_test_query/13682.npy,192,1.00000000,1086.796
16386,v2_test_enrolled_spk_0007,COSINE_TEST,cosine_test_query,ENROLLED,data/embeddings/v2/cosine_test/cosine_test_query/16386.npy,192,1.00000000,2259.651
15258,v2_test_enrolled_spk_0008,COSINE_TEST,cosine_test_query,ENROLLED,data/embeddings/v2/cosine_test/cosine_test_query/15258.npy,192,1.00000000,3102.643
8896,v2_test_enrolled_spk_0008,COSINE_TEST,cosine_test_query,ENROLLED,data/embeddings/v2/cosine_test/cosine_test_query/8896.npy,192,1.00000000,2219.123
13355,v2_test_enrolled_spk_0008,COSINE_TEST,cosine_test_query,ENROLLED,data/embeddings/v2/cosine_test/cosine_test_query/13355.npy,192,1.00000000,2996.709
7947,v2_test_enrolled_spk_0008,COSINE_TEST,cosine_test_query,ENROLLED,data/embeddings/v2/cosine_test/cosine_test_query/7947.npy,192,1.00000012,3669.821
1615,v2_test_enrolled_spk_0008,COSINE_TEST,cosine_test_query,ENROLLED,data/embeddings/v2/cosine_test/cosine_test_query/1615.npy,192,0.99999994,3777.655
8068,v2_test_enrolled_spk_0008,COSINE_TEST,cosine_test_query,ENROLLED,data/embeddings/v2/cosine_test/cosine_test_query/8068.npy,192,0.99999994,5040.520
4687,v2_test_enrolled_spk_0008,COSINE_TEST,cosine_test_query,ENROLLED,data/embeddings/v2/cosine_test/cosine_test_query/4687.npy,192,1.00000000,2903.145
4745,v2_test_enrolled_spk_0008,COSINE_TEST,cosine_test_query,ENROLLED,data/embeddings/v2/cosine_test/cosine_test_query/4745.npy,192,1.00000000,2903.854
1179,v2_test_enrolled_spk_0008,COSINE_TEST,cosine_test_query,ENROLLED,data/embeddings/v2/cosine_test/cosine_test_query/1179.npy,192,1.00000000,3562.805
6183,v2_test_enrolled_spk_0008,COSINE_TEST,cosine_test_query,ENROLLED,data/embeddings/v2/cosine_test/cosine_test_query/6183.npy,192,1.00000000,3265.088
5232,v2_test_enrolled_spk_0008,COSINE_TEST,cosine_test_query,ENROLLED,data/embeddings/v2/cosine_test/cosine_test_query/5232.npy,192,1.00000000,3435.282
1023,v2_test_enrolled_spk_0008,COSINE_TEST,cosine_test_query,ENROLLED,data/embeddings/v2/cosine_test/cosine_test_query/1023.npy,192,1.00000000,2342.476
5735,v2_test_enrolled_spk_0008,COSINE_TEST,cosine_test_query,ENROLLED,data/embeddings/v2/cosine_test/cosine_test_query/5735.npy,192,1.00000000,1800.730
13100,v2_test_enrolled_spk_0008,COSINE_TEST,cosine_test_query,ENROLLED,data/embeddings/v2/cosine_test/cosine_test_query/13100.npy,192,0.99999994,1090.904
3551,v2_test_enrolled_spk_0008,COSINE_TEST,cosine_test_query,ENROLLED,data/embeddings/v2/cosine_test/cosine_test_query/3551.npy,192,1.00000000,2870.153
6821,v2_test_enrolled_spk_0008,COSINE_TEST,cosine_test_query,ENROLLED,data/embeddings/v2/cosine_test/cosine_test_query/6821.npy,192,1.00000000,2031.620
8069,v2_test_enrolled_spk_0008,COSINE_TEST,cosine_test_query,ENROLLED,data/embeddings/v2/cosine_test/cosine_test_query/8069.npy,192,1.00000000,3789.778
16241,v2_test_enrolled_spk_0008,COSINE_TEST,cosine_test_query,ENROLLED,data/embeddings/v2/cosine_test/cosine_test_query/16241.npy,192,0.99999994,1815.186
5699,v2_test_enrolled_spk_0008,COSINE_TEST,cosine_test_query,ENROLLED,data/embeddings/v2/cosine_test/cosine_test_query/5699.npy,192,1.00000012,1024.916
2576,v2_test_enrolled_spk_0008,COSINE_TEST,cosine_test_query,ENROLLED,data/embeddings/v2/cosine_test/cosine_test_query/2576.npy,192,0.99999994,2850.216
1696,v2_test_enrolled_spk_0008,COSINE_TEST,cosine_test_query,ENROLLED,data/embeddings/v2/cosine_test/cosine_test_query/1696.npy,192,1.00000000,1934.878
11819,v2_test_enrolled_spk_0008,COSINE_TEST,cosine_test_query,ENROLLED,data/embeddings/v2/cosine_test/cosine_test_query/11819.npy,192,1.00000000,995.391
7769,v2_test_enrolled_spk_0008,COSINE_TEST,cosine_test_query,ENROLLED,data/embeddings/v2/cosine_test/cosine_test_query/7769.npy,192,1.00000000,7276.579
5609,v2_test_enrolled_spk_0008,COSINE_TEST,cosine_test_query,ENROLLED,data/embeddings/v2/cosine_test/cosine_test_query/5609.npy,192,0.99999994,3867.716
2863,v2_test_enrolled_spk_0008,COSINE_TEST,cosine_test_query,ENROLLED,data/embeddings/v2/cosine_test/cosine_test_query/2863.npy,192,0.99999988,4464.325
9679,v2_test_unknown_spk_0001,COSINE_TEST,cosine_test_unknown,UNKNOWN,data/embeddings/v2/cosine_test/cosine_test_unknown/9679.npy,192,0.99999988,2201.287
2900,v2_test_unknown_spk_0001,COSINE_TEST,cosine_test_unknown,UNKNOWN,data/embeddings/v2/cosine_test/cosine_test_unknown/2900.npy,192,1.00000000,3972.337
11291,v2_test_unknown_spk_0001,COSINE_TEST,cosine_test_unknown,UNKNOWN,data/embeddings/v2/cosine_test/cosine_test_unknown/11291.npy,192,1.00000000,4347.450
6768,v2_test_unknown_spk_0001,COSINE_TEST,cosine_test_unknown,UNKNOWN,data/embeddings/v2/cosine_test/cosine_test_unknown/6768.npy,192,1.00000000,2074.806
12175,v2_test_unknown_spk_0001,COSINE_TEST,cosine_test_unknown,UNKNOWN,data/embeddings/v2/cosine_test/cosine_test_unknown/12175.npy,192,0.99999988,4791.382
8393,v2_test_unknown_spk_0001,COSINE_TEST,cosine_test_unknown,UNKNOWN,data/embeddings/v2/cosine_test/cosine_test_unknown/8393.npy,192,0.99999994,1169.081
12314,v2_test_unknown_spk_0001,COSINE_TEST,cosine_test_unknown,UNKNOWN,data/embeddings/v2/cosine_test/cosine_test_unknown/12314.npy,192,0.99999994,1277.929
1339,v2_test_unknown_spk_0001,COSINE_TEST,cosine_test_unknown,UNKNOWN,data/embeddings/v2/cosine_test/cosine_test_unknown/1339.npy,192,1.00000000,1109.122
5173,v2_test_unknown_spk_0001,COSINE_TEST,cosine_test_unknown,UNKNOWN,data/embeddings/v2/cosine_test/cosine_test_unknown/5173.npy,192,1.00000000,1778.517
16193,v2_test_unknown_spk_0001,COSINE_TEST,cosine_test_unknown,UNKNOWN,data/embeddings/v2/cosine_test/cosine_test_unknown/16193.npy,192,1.00000000,2181.753
16541,v2_test_unknown_spk_0001,COSINE_TEST,cosine_test_unknown,UNKNOWN,data/embeddings/v2/cosine_test/cosine_test_unknown/16541.npy,192,0.99999994,1876.933
11946,v2_test_unknown_spk_0001,COSINE_TEST,cosine_test_unknown,UNKNOWN,data/embeddings/v2/cosine_test/cosine_test_unknown/11946.npy,192,1.00000000,2379.805
395,v2_test_unknown_spk_0001,COSINE_TEST,cosine_test_unknown,UNKNOWN,data/embeddings/v2/cosine_test/cosine_test_unknown/395.npy,192,1.00000000,6422.520
633,v2_test_unknown_spk_0001,COSINE_TEST,cosine_test_unknown,UNKNOWN,data/embeddings/v2/cosine_test/cosine_test_unknown/633.npy,192,0.99999994,3522.855
10249,v2_test_unknown_spk_0001,COSINE_TEST,cosine_test_unknown,UNKNOWN,data/embeddings/v2/cosine_test/cosine_test_unknown/10249.npy,192,1.00000000,2562.832
10502,v2_test_unknown_spk_0001,COSINE_TEST,cosine_test_unknown,UNKNOWN,data/embeddings/v2/cosine_test/cosine_test_unknown/10502.npy,192,0.99999994,1845.194
1889,v2_test_unknown_spk_0001,COSINE_TEST,cosine_test_unknown,UNKNOWN,data/embeddings/v2/cosine_test/cosine_test_unknown/1889.npy,192,1.00000000,1992.540
5164,v2_test_unknown_spk_0001,COSINE_TEST,cosine_test_unknown,UNKNOWN,data/embeddings/v2/cosine_test/cosine_test_unknown/5164.npy,192,0.99999994,1077.575
1521,v2_test_unknown_spk_0001,COSINE_TEST,cosine_test_unknown,UNKNOWN,data/embeddings/v2/cosine_test/cosine_test_unknown/1521.npy,192,0.99999994,1406.743
16274,v2_test_unknown_spk_0001,COSINE_TEST,cosine_test_unknown,UNKNOWN,data/embeddings/v2/cosine_test/cosine_test_unknown/16274.npy,192,0.99999994,1337.229
9702,v2_test_unknown_spk_0002,COSINE_TEST,cosine_test_unknown,UNKNOWN,data/embeddings/v2/cosine_test/cosine_test_unknown/9702.npy,192,0.99999994,1598.640
3854,v2_test_unknown_spk_0002,COSINE_TEST,cosine_test_unknown,UNKNOWN,data/embeddings/v2/cosine_test/cosine_test_unknown/3854.npy,192,1.00000000,1709.589
15768,v2_test_unknown_spk_0002,COSINE_TEST,cosine_test_unknown,UNKNOWN,data/embeddings/v2/cosine_test/cosine_test_unknown/15768.npy,192,0.99999994,2173.180
1813,v2_test_unknown_spk_0002,COSINE_TEST,cosine_test_unknown,UNKNOWN,data/embeddings/v2/cosine_test/cosine_test_unknown/1813.npy,192,1.00000000,1308.900
867,v2_test_unknown_spk_0002,COSINE_TEST,cosine_test_unknown,UNKNOWN,data/embeddings/v2/cosine_test/cosine_test_unknown/867.npy,192,0.99999994,791.242
10246,v2_test_unknown_spk_0002,COSINE_TEST,cosine_test_unknown,UNKNOWN,data/embeddings/v2/cosine_test/cosine_test_unknown/10246.npy,192,1.00000000,751.060
5314,v2_test_unknown_spk_0002,COSINE_TEST,cosine_test_unknown,UNKNOWN,data/embeddings/v2/cosine_test/cosine_test_unknown/5314.npy,192,0.99999988,810.554
35,v2_test_unknown_spk_0002,COSINE_TEST,cosine_test_unknown,UNKNOWN,data/embeddings/v2/cosine_test/cosine_test_unknown/35.npy,192,0.99999994,921.796
808,v2_test_unknown_spk_0002,COSINE_TEST,cosine_test_unknown,UNKNOWN,data/embeddings/v2/cosine_test/cosine_test_unknown/808.npy,192,1.00000000,967.333
5389,v2_test_unknown_spk_0002,COSINE_TEST,cosine_test_unknown,UNKNOWN,data/embeddings/v2/cosine_test/cosine_test_unknown/5389.npy,192,1.00000000,715.398
13574,v2_test_unknown_spk_0002,COSINE_TEST,cosine_test_unknown,UNKNOWN,data/embeddings/v2/cosine_test/cosine_test_unknown/13574.npy,192,0.99999994,1879.897
12746,v2_test_unknown_spk_0002,COSINE_TEST,cosine_test_unknown,UNKNOWN,data/embeddings/v2/cosine_test/cosine_test_unknown/12746.npy,192,1.00000000,1339.921
275,v2_test_unknown_spk_0002,COSINE_TEST,cosine_test_unknown,UNKNOWN,data/embeddings/v2/cosine_test/cosine_test_unknown/275.npy,192,1.00000000,1187.446
13082,v2_test_unknown_spk_0002,COSINE_TEST,cosine_test_unknown,UNKNOWN,data/embeddings/v2/cosine_test/cosine_test_unknown/13082.npy,192,1.00000000,1461.992
7124,v2_test_unknown_spk_0002,COSINE_TEST,cosine_test_unknown,UNKNOWN,data/embeddings/v2/cosine_test/cosine_test_unknown/7124.npy,192,1.00000000,955.868
13289,v2_test_unknown_spk_0002,COSINE_TEST,cosine_test_unknown,UNKNOWN,data/embeddings/v2/cosine_test/cosine_test_unknown/13289.npy,192,0.99999994,1221.056
6794,v2_test_unknown_spk_0002,COSINE_TEST,cosine_test_unknown,UNKNOWN,data/embeddings/v2/cosine_test/cosine_test_unknown/6794.npy,192,0.99999994,1221.499
11008,v2_test_unknown_spk_0002,COSINE_TEST,cosine_test_unknown,UNKNOWN,data/embeddings/v2/cosine_test/cosine_test_unknown/11008.npy,192,1.00000000,996.192
498,v2_test_unknown_spk_0002,COSINE_TEST,cosine_test_unknown,UNKNOWN,data/embeddings/v2/cosine_test/cosine_test_unknown/498.npy,192,0.99999994,1193.648
11956,v2_test_unknown_spk_0002,COSINE_TEST,cosine_test_unknown,UNKNOWN,data/embeddings/v2/cosine_test/cosine_test_unknown/11956.npy,192,0.99999994,5317.005
12190,v2_test_unknown_spk_0003,COSINE_TEST,cosine_test_unknown,UNKNOWN,data/embeddings/v2/cosine_test/cosine_test_unknown/12190.npy,192,1.00000000,3872.894
11765,v2_test_unknown_spk_0003,COSINE_TEST,cosine_test_unknown,UNKNOWN,data/embeddings/v2/cosine_test/cosine_test_unknown/11765.npy,192,1.00000000,3368.768
833,v2_test_unknown_spk_0003,COSINE_TEST,cosine_test_unknown,UNKNOWN,data/embeddings/v2/cosine_test/cosine_test_unknown/833.npy,192,1.00000000,4988.848
693,v2_test_unknown_spk_0003,COSINE_TEST,cosine_test_unknown,UNKNOWN,data/embeddings/v2/cosine_test/cosine_test_unknown/693.npy,192,0.99999994,3698.271
7290,v2_test_unknown_spk_0003,COSINE_TEST,cosine_test_unknown,UNKNOWN,data/embeddings/v2/cosine_test/cosine_test_unknown/7290.npy,192,0.99999994,4137.813
14210,v2_test_unknown_spk_0003,COSINE_TEST,cosine_test_unknown,UNKNOWN,data/embeddings/v2/cosine_test/cosine_test_unknown/14210.npy,192,1.00000000,3410.423
5572,v2_test_unknown_spk_0003,COSINE_TEST,cosine_test_unknown,UNKNOWN,data/embeddings/v2/cosine_test/cosine_test_unknown/5572.npy,192,1.00000000,4341.134
129,v2_test_unknown_spk_0003,COSINE_TEST,cosine_test_unknown,UNKNOWN,data/embeddings/v2/cosine_test/cosine_test_unknown/129.npy,192,1.00000000,3054.929
4100,v2_test_unknown_spk_0003,COSINE_TEST,cosine_test_unknown,UNKNOWN,data/embeddings/v2/cosine_test/cosine_test_unknown/4100.npy,192,0.99999988,3072.722
6671,v2_test_unknown_spk_0003,COSINE_TEST,cosine_test_unknown,UNKNOWN,data/embeddings/v2/cosine_test/cosine_test_unknown/6671.npy,192,1.00000000,2581.007
2939,v2_test_unknown_spk_0003,COSINE_TEST,cosine_test_unknown,UNKNOWN,data/embeddings/v2/cosine_test/cosine_test_unknown/2939.npy,192,1.00000000,4229.950
343,v2_test_unknown_spk_0003,COSINE_TEST,cosine_test_unknown,UNKNOWN,data/embeddings/v2/cosine_test/cosine_test_unknown/343.npy,192,1.00000000,3173.661
192,v2_test_unknown_spk_0003,COSINE_TEST,cosine_test_unknown,UNKNOWN,data/embeddings/v2/cosine_test/cosine_test_unknown/192.npy,192,1.00000000,2232.310
213,v2_test_unknown_spk_0003,COSINE_TEST,cosine_test_unknown,UNKNOWN,data/embeddings/v2/cosine_test/cosine_test_unknown/213.npy,192,1.00000000,2655.937
10008,v2_test_unknown_spk_0003,COSINE_TEST,cosine_test_unknown,UNKNOWN,data/embeddings/v2/cosine_test/cosine_test_unknown/10008.npy,192,0.99999994,3771.108
7961,v2_test_unknown_spk_0003,COSINE_TEST,cosine_test_unknown,UNKNOWN,data/embeddings/v2/cosine_test/cosine_test_unknown/7961.npy,192,1.00000000,3684.844
15316,v2_test_unknown_spk_0003,COSINE_TEST,cosine_test_unknown,UNKNOWN,data/embeddings/v2/cosine_test/cosine_test_unknown/15316.npy,192,0.99999988,3363.124
214,v2_test_unknown_spk_0003,COSINE_TEST,cosine_test_unknown,UNKNOWN,data/embeddings/v2/cosine_test/cosine_test_unknown/214.npy,192,1.00000000,3356.911
787,v2_test_unknown_spk_0003,COSINE_TEST,cosine_test_unknown,UNKNOWN,data/embeddings/v2/cosine_test/cosine_test_unknown/787.npy,192,0.99999994,4579.648
1075,v2_test_unknown_spk_0003,COSINE_TEST,cosine_test_unknown,UNKNOWN,data/embeddings/v2/cosine_test/cosine_test_unknown/1075.npy,192,1.00000000,7516.537
10820,v2_test_unknown_spk_0004,COSINE_TEST,cosine_test_unknown,UNKNOWN,data/embeddings/v2/cosine_test/cosine_test_unknown/10820.npy,192,1.00000000,2210.429
9671,v2_test_unknown_spk_0004,COSINE_TEST,cosine_test_unknown,UNKNOWN,data/embeddings/v2/cosine_test/cosine_test_unknown/9671.npy,192,0.99999994,4955.428
14089,v2_test_unknown_spk_0004,COSINE_TEST,cosine_test_unknown,UNKNOWN,data/embeddings/v2/cosine_test/cosine_test_unknown/14089.npy,192,1.00000000,766.313
2287,v2_test_unknown_spk_0004,COSINE_TEST,cosine_test_unknown,UNKNOWN,data/embeddings/v2/cosine_test/cosine_test_unknown/2287.npy,192,1.00000000,949.053
16307,v2_test_unknown_spk_0004,COSINE_TEST,cosine_test_unknown,UNKNOWN,data/embeddings/v2/cosine_test/cosine_test_unknown/16307.npy,192,0.99999994,1248.014
15772,v2_test_unknown_spk_0004,COSINE_TEST,cosine_test_unknown,UNKNOWN,data/embeddings/v2/cosine_test/cosine_test_unknown/15772.npy,192,0.99999994,2362.834
949,v2_test_unknown_spk_0004,COSINE_TEST,cosine_test_unknown,UNKNOWN,data/embeddings/v2/cosine_test/cosine_test_unknown/949.npy,192,1.00000000,3578.785
5056,v2_test_unknown_spk_0004,COSINE_TEST,cosine_test_unknown,UNKNOWN,data/embeddings/v2/cosine_test/cosine_test_unknown/5056.npy,192,1.00000000,2093.893
8852,v2_test_unknown_spk_0004,COSINE_TEST,cosine_test_unknown,UNKNOWN,data/embeddings/v2/cosine_test/cosine_test_unknown/8852.npy,192,1.00000000,3219.862
1344,v2_test_unknown_spk_0004,COSINE_TEST,cosine_test_unknown,UNKNOWN,data/embeddings/v2/cosine_test/cosine_test_unknown/1344.npy,192,1.00000000,3667.087
11635,v2_test_unknown_spk_0004,COSINE_TEST,cosine_test_unknown,UNKNOWN,data/embeddings/v2/cosine_test/cosine_test_unknown/11635.npy,192,0.99999994,3263.020
4269,v2_test_unknown_spk_0004,COSINE_TEST,cosine_test_unknown,UNKNOWN,data/embeddings/v2/cosine_test/cosine_test_unknown/4269.npy,192,0.99999994,3524.618
6084,v2_test_unknown_spk_0004,COSINE_TEST,cosine_test_unknown,UNKNOWN,data/embeddings/v2/cosine_test/cosine_test_unknown/6084.npy,192,1.00000000,1545.613
11323,v2_test_unknown_spk_0004,COSINE_TEST,cosine_test_unknown,UNKNOWN,data/embeddings/v2/cosine_test/cosine_test_unknown/11323.npy,192,0.99999994,3489.071
121,v2_test_unknown_spk_0004,COSINE_TEST,cosine_test_unknown,UNKNOWN,data/embeddings/v2/cosine_test/cosine_test_unknown/121.npy,192,1.00000000,2168.288
13488,v2_test_unknown_spk_0004,COSINE_TEST,cosine_test_unknown,UNKNOWN,data/embeddings/v2/cosine_test/cosine_test_unknown/13488.npy,192,1.00000000,5713.286
11985,v2_test_unknown_spk_0004,COSINE_TEST,cosine_test_unknown,UNKNOWN,data/embeddings/v2/cosine_test/cosine_test_unknown/11985.npy,192,1.00000000,1220.559
1986,v2_test_unknown_spk_0004,COSINE_TEST,cosine_test_unknown,UNKNOWN,data/embeddings/v2/cosine_test/cosine_test_unknown/1986.npy,192,1.00000000,3148.788
10883,v2_test_unknown_spk_0005,COSINE_TEST,cosine_test_unknown,UNKNOWN,data/embeddings/v2/cosine_test/cosine_test_unknown/10883.npy,192,1.00000000,3638.246
2069,v2_test_unknown_spk_0005,COSINE_TEST,cosine_test_unknown,UNKNOWN,data/embeddings/v2/cosine_test/cosine_test_unknown/2069.npy,192,1.00000000,1688.810
13667,v2_test_unknown_spk_0005,COSINE_TEST,cosine_test_unknown,UNKNOWN,data/embeddings/v2/cosine_test/cosine_test_unknown/13667.npy,192,1.00000000,3904.578
7830,v2_test_unknown_spk_0005,COSINE_TEST,cosine_test_unknown,UNKNOWN,data/embeddings/v2/cosine_test/cosine_test_unknown/7830.npy,192,1.00000000,1698.927
6522,v2_test_unknown_spk_0005,COSINE_TEST,cosine_test_unknown,UNKNOWN,data/embeddings/v2/cosine_test/cosine_test_unknown/6522.npy,192,1.00000000,1131.663
15174,v2_test_unknown_spk_0005,COSINE_TEST,cosine_test_unknown,UNKNOWN,data/embeddings/v2/cosine_test/cosine_test_unknown/15174.npy,192,1.00000000,1914.899
12307,v2_test_unknown_spk_0005,COSINE_TEST,cosine_test_unknown,UNKNOWN,data/embeddings/v2/cosine_test/cosine_test_unknown/12307.npy,192,0.99999994,906.355
9069,v2_test_unknown_spk_0005,COSINE_TEST,cosine_test_unknown,UNKNOWN,data/embeddings/v2/cosine_test/cosine_test_unknown/9069.npy,192,1.00000000,728.493
4823,v2_test_unknown_spk_0005,COSINE_TEST,cosine_test_unknown,UNKNOWN,data/embeddings/v2/cosine_test/cosine_test_unknown/4823.npy,192,1.00000000,1712.201
14918,v2_test_unknown_spk_0005,COSINE_TEST,cosine_test_unknown,UNKNOWN,data/embeddings/v2/cosine_test/cosine_test_unknown/14918.npy,192,1.00000012,4941.870
14803,v2_test_unknown_spk_0005,COSINE_TEST,cosine_test_unknown,UNKNOWN,data/embeddings/v2/cosine_test/cosine_test_unknown/14803.npy,192,0.99999994,2195.379
7101,v2_test_unknown_spk_0005,COSINE_TEST,cosine_test_unknown,UNKNOWN,data/embeddings/v2/cosine_test/cosine_test_unknown/7101.npy,192,0.99999994,3940.734
6303,v2_test_unknown_spk_0005,COSINE_TEST,cosine_test_unknown,UNKNOWN,data/embeddings/v2/cosine_test/cosine_test_unknown/6303.npy,192,1.00000000,2335.872
10732,v2_test_unknown_spk_0005,COSINE_TEST,cosine_test_unknown,UNKNOWN,data/embeddings/v2/cosine_test/cosine_test_unknown/10732.npy,192,1.00000000,3734.921
7445,v2_test_unknown_spk_0005,COSINE_TEST,cosine_test_unknown,UNKNOWN,data/embeddings/v2/cosine_test/cosine_test_unknown/7445.npy,192,1.00000000,1512.354
6771,v2_test_unknown_spk_0005,COSINE_TEST,cosine_test_unknown,UNKNOWN,data/embeddings/v2/cosine_test/cosine_test_unknown/6771.npy,192,0.99999994,862.796
12791,v2_test_unknown_spk_0005,COSINE_TEST,cosine_test_unknown,UNKNOWN,data/embeddings/v2/cosine_test/cosine_test_unknown/12791.npy,192,1.00000000,1224.135
4600,v2_test_unknown_spk_0005,COSINE_TEST,cosine_test_unknown,UNKNOWN,data/embeddings/v2/cosine_test/cosine_test_unknown/4600.npy,192,0.99999994,967.485
2889,v2_test_unknown_spk_0006,COSINE_TEST,cosine_test_unknown,UNKNOWN,data/embeddings/v2/cosine_test/cosine_test_unknown/2889.npy,192,0.99999994,1475.887
10775,v2_test_unknown_spk_0006,COSINE_TEST,cosine_test_unknown,UNKNOWN,data/embeddings/v2/cosine_test/cosine_test_unknown/10775.npy,192,0.99999994,2980.322
15795,v2_test_unknown_spk_0006,COSINE_TEST,cosine_test_unknown,UNKNOWN,data/embeddings/v2/cosine_test/cosine_test_unknown/15795.npy,192,1.00000000,1274.342
16090,v2_test_unknown_spk_0006,COSINE_TEST,cosine_test_unknown,UNKNOWN,data/embeddings/v2/cosine_test/cosine_test_unknown/16090.npy,192,0.99999994,6026.507
10020,v2_test_unknown_spk_0006,COSINE_TEST,cosine_test_unknown,UNKNOWN,data/embeddings/v2/cosine_test/cosine_test_unknown/10020.npy,192,0.99999994,1759.263
2844,v2_test_unknown_spk_0006,COSINE_TEST,cosine_test_unknown,UNKNOWN,data/embeddings/v2/cosine_test/cosine_test_unknown/2844.npy,192,1.00000000,4087.745
8602,v2_test_unknown_spk_0006,COSINE_TEST,cosine_test_unknown,UNKNOWN,data/embeddings/v2/cosine_test/cosine_test_unknown/8602.npy,192,1.00000000,5098.699
7747,v2_test_unknown_spk_0006,COSINE_TEST,cosine_test_unknown,UNKNOWN,data/embeddings/v2/cosine_test/cosine_test_unknown/7747.npy,192,1.00000000,3752.901
14719,v2_test_unknown_spk_0006,COSINE_TEST,cosine_test_unknown,UNKNOWN,data/embeddings/v2/cosine_test/cosine_test_unknown/14719.npy,192,1.00000000,3918.305
4381,v2_test_unknown_spk_0007,COSINE_TEST,cosine_test_unknown,UNKNOWN,data/embeddings/v2/cosine_test/cosine_test_unknown/4381.npy,192,1.00000000,1419.950
1471,v2_test_unknown_spk_0007,COSINE_TEST,cosine_test_unknown,UNKNOWN,data/embeddings/v2/cosine_test/cosine_test_unknown/1471.npy,192,0.99999994,3361.857
3641,v2_test_unknown_spk_0007,COSINE_TEST,cosine_test_unknown,UNKNOWN,data/embeddings/v2/cosine_test/cosine_test_unknown/3641.npy,192,1.00000000,840.789
2827,v2_test_unknown_spk_0008,COSINE_TEST,cosine_test_unknown,UNKNOWN,data/embeddings/v2/cosine_test/cosine_test_unknown/2827.npy,192,1.00000000,1059.877
