audio_id,audio_path,original_split,project_split,locale,speaker_id,normalized_speaker_id,speaker_sex,speaker_age,transcript,annot_utt,tokens,labels,intent_idx,intent,scenario_str,duration_sec,sample_rate,num_channels,is_valid,protocol,role,checksum,split_name
741,dev/57bc2094dbb5be917aedffa4c68db490.wav,validation,TRAIN,vi-VN,6552b16899091e4aaa587d1b,exp_svm_spk_0001,Male,33,phát các bài hát từ r. b. và soul genre,phát các bài hát từ [artist_name : r. b.] và [music_genre : soul] genre,['phát' 'các' 'bài' 'hát' 'từ' 'r.' 'b.' 'và' 'soul' 'genre'],"['Other' 'Other' 'Other' 'Other' 'Other' 'artist_name' 'artist_name'
 'Other' 'music_genre' 'Other']",45,play_music,play,5.04,48000,1,True,SVM_CLOSED_SET,TRAIN,,exp_svm_spk_0001
5015,dev/b380d2d7245b37ce8d41a74bec397c21.wav,validation,TRAIN,vi-VN,6552b16899091e4aaa587d1b,exp_svm_spk_0001,Male,33,vui lòng cho tôi biết tin tức mới nhất về tình hình bầu cử ở bang của chúng ta,vui lòng cho tôi biết tin tức mới nhất về [news_topic : tình hình bầu cử] ở [place_name : bang] của chúng ta,"['vui' 'lòng' 'cho' 'tôi' 'biết' 'tin' 'tức' 'mới' 'nhất' 'về' 'tình'
 'hình' 'bầu' 'cử' 'ở' 'bang' 'của' 'chúng' 'ta']","['Other' 'Other' 'Other' 'Other' 'Other' 'Other' 'Other' 'Other' 'Other'
 'Other' 'news_topic' 'news_topic' 'news_topic' 'news_topic' 'Other'
 'place_name' 'Other' 'Other' 'Other']",22,news_query,news,5.28,48000,1,True,SVM_CLOSED_SET,TRAIN,,exp_svm_spk_0001
12373,dev/bac5ec3d93361cb00414e28a69c93428.wav,validation,TRAIN,vi-VN,6552b16899091e4aaa587d1b,exp_svm_spk_0001,Male,33,hãy đặt một chiếc taxi,hãy đặt một chiếc [transport_type : taxi],['hãy' 'đặt' 'một' 'chiếc' 'taxi'],['Other' 'Other' 'Other' 'Other' 'transport_type'],54,transport_taxi,transport,1.68,48000,1,True,SVM_CLOSED_SET,TRAIN,,exp_svm_spk_0001
8089,dev/05228e8a019a7e501eb60cb95d1e268d.wav,validation,TRAIN,vi-VN,6552b16899091e4aaa587d1b,exp_svm_spk_0001,Male,33,khi nào họp,khi nào [event_name : họp],['khi' 'nào' 'họp'],['Other' 'Other' 'event_name'],50,calendar_set,calendar,1.02,48000,1,True,SVM_CLOSED_SET,TRAIN,,exp_svm_spk_0001
15812,dev/4d800a3427af226cb32deb00e0428a6a.wav,validation,TRAIN,vi-VN,6552b16899091e4aaa587d1b,exp_svm_spk_0001,Male,33,olly tôi muốn biết về buổi tiệc của mai,olly tôi muốn biết về [event_name : buổi tiệc] của [person : mai],['olly' 'tôi' 'muốn' 'biết' 'về' 'buổi' 'tiệc' 'của' 'mai'],"['Other' 'Other' 'Other' 'Other' 'Other' 'event_name' 'event_name' 'Other'
 'person']",12,general_quirky,general,3.24,48000,1,True,SVM_CLOSED_SET,TRAIN,,exp_svm_spk_0001
8729,dev/e60ad97187b5f507b758996cfddbfa79.wav,validation,TRAIN,vi-VN,6552b16899091e4aaa587d1b,exp_svm_spk_0001,Male,33,đặt lời nhắc cho một cuộc hẹn hằng tuần,đặt lời nhắc cho một cuộc hẹn [general_frequency : hằng tuần],['đặt' 'lời' 'nhắc' 'cho' 'một' 'cuộc' 'hẹn' 'hằng' 'tuần'],"['Other' 'Other' 'Other' 'Other' 'Other' 'Other' 'Other'
 'general_frequency' 'general_frequency']",50,calendar_set,calendar,2.4,48000,1,True,SVM_CLOSED_SET,TRAIN,,exp_svm_spk_0001
15545,dev/33feee9815f799fd26161a6a6a389335.wav,validation,TRAIN,vi-VN,6552b16899091e4aaa587d1b,exp_svm_spk_0001,Male,33,nhắc tôi tweet tại công ty này,nhắc tôi [media_type : tweet] tại công ty này,['nhắc' 'tôi' 'tweet' 'tại' 'công' 'ty' 'này'],['Other' 'Other' 'media_type' 'Other' 'Other' 'Other' 'Other'],50,calendar_set,calendar,2.46,48000,1,True,SVM_CLOSED_SET,TRAIN,,exp_svm_spk_0001
16991,dev/8649b7fbe11a970176d7a92d24af9696.wav,validation,TRAIN,vi-VN,6552b16899091e4aaa587d1b,exp_svm_spk_0001,Male,33,kiểm tra email của trần văn dũng,kiểm tra email của [person : trần văn dũng],['kiểm' 'tra' 'email' 'của' 'trần' 'văn' 'dũng'],['Other' 'Other' 'Other' 'Other' 'person' 'person' 'person'],44,email_query,email,3.12,48000,1,True,SVM_CLOSED_SET,TRAIN,,exp_svm_spk_0001
10238,dev/844785be622dad1c6d78af25cc6fe2ef.wav,validation,TRAIN,vi-VN,6552b16899091e4aaa587d1b,exp_svm_spk_0001,Male,33,tìm công thức gà nấu ragu,tìm công thức [food_type : gà nấu ragu],['tìm' 'công' 'thức' 'gà' 'nấu' 'ragu'],['Other' 'Other' 'Other' 'food_type' 'food_type' 'food_type'],9,cooking_recipe,cooking,3.42,48000,1,True,SVM_CLOSED_SET,TRAIN,,exp_svm_spk_0001
9215,dev/db6f3eda8ca1bf3d1bf4fd4afacf690f.wav,validation,TRAIN,vi-VN,6552b16899091e4aaa587d1b,exp_svm_spk_0001,Male,33,mở radio viet nam phát nhạc rock,mở [app_name : radio viet nam] phát nhạc [music_genre : rock],['mở' 'radio' 'viet' 'nam' 'phát' 'nhạc' 'rock'],['Other' 'app_name' 'app_name' 'app_name' 'Other' 'Other' 'music_genre'],36,play_radio,play,2.7,48000,1,True,SVM_CLOSED_SET,TRAIN,,exp_svm_spk_0001
4481,dev/eb2ff25796a03d98d92ccc1f5735652e.wav,validation,TRAIN,vi-VN,6552b16899091e4aaa587d1b,exp_svm_spk_0001,Male,33,tôi sẽ có thể mặc đồ ngắn hôm nay phải không,tôi sẽ có thể mặc [weather_descriptor : đồ ngắn] [date : hôm nay] phải không,['tôi' 'sẽ' 'có' 'thể' 'mặc' 'đồ' 'ngắn' 'hôm' 'nay' 'phải' 'không'],"['Other' 'Other' 'Other' 'Other' 'Other' 'weather_descriptor'
 'weather_descriptor' 'date' 'date' 'Other' 'Other']",13,weather_query,weather,3.36,48000,1,True,SVM_CLOSED_SET,TRAIN,,exp_svm_spk_0001
9123,dev/67d6a7710b97d2fe4493945163b2ec64.wav,validation,TRAIN,vi-VN,6552b16899091e4aaa587d1b,exp_svm_spk_0001,Male,33,thêm chuyến đi thăm chị của tôi vào lịch gia đình,thêm [event_name : chuyến đi thăm chị] của tôi vào lịch [event_name : gia đình],['thêm' 'chuyến' 'đi' 'thăm' 'chị' 'của' 'tôi' 'vào' 'lịch' 'gia' 'đình'],"['Other' 'event_name' 'event_name' 'event_name' 'event_name' 'Other'
 'Other' 'Other' 'Other' 'event_name' 'event_name']",50,calendar_set,calendar,2.76,48000,1,True,SVM_CLOSED_SET,TRAIN,,exp_svm_spk_0001
13499,dev/84a0dfcd11a34b122a3ee77e2ed980e5.wav,validation,TRAIN,vi-VN,6552b16899091e4aaa587d1b,exp_svm_spk_0001,Male,33,làm ơn tìm từ này,làm ơn tìm từ này,['làm' 'ơn' 'tìm' 'từ' 'này'],['Other' 'Other' 'Other' 'Other' 'Other'],26,qa_definition,qa,2.58,48000,1,True,SVM_CLOSED_SET,TRAIN,,exp_svm_spk_0001
14775,dev/c850ead525c66b9f1cbb05053ccf134d.wav,validation,TRAIN,vi-VN,6552b16899091e4aaa587d1b,exp_svm_spk_0001,Male,33,giá cổ phiếu hòa phát là gì,giá cổ phiếu [business_name : hòa phát] là gì,['giá' 'cổ' 'phiếu' 'hòa' 'phát' 'là' 'gì'],['Other' 'Other' 'Other' 'business_name' 'business_name' 'Other' 'Other'],4,qa_stock,qa,2.4,48000,1,True,SVM_CLOSED_SET,TRAIN,,exp_svm_spk_0001
7675,dev/d49df1f59ec84b515d9f6dcf4e0ec3df.wav,validation,TRAIN,vi-VN,6552b16899091e4aaa587d1b,exp_svm_spk_0001,Male,33,nhắc tôi về cuộc họp tiếp theo vào lúc bốn giờ sáng hôm nay,nhắc tôi về [event_name : cuộc họp] tiếp theo vào lúc [time : bốn giờ sáng] [date : hôm nay],"['nhắc' 'tôi' 'về' 'cuộc' 'họp' 'tiếp' 'theo' 'vào' 'lúc' 'bốn' 'giờ'
 'sáng' 'hôm' 'nay']","['Other' 'Other' 'Other' 'event_name' 'event_name' 'Other' 'Other' 'Other'
 'Other' 'time' 'time' 'time' 'date' 'date']",50,calendar_set,calendar,4.5,48000,1,True,SVM_CLOSED_SET,TRAIN,,exp_svm_spk_0001
6136,dev/862d785635792a411b9637ac934d9985.wav,validation,TRAIN,vi-VN,6552b16899091e4aaa587d1b,exp_svm_spk_0001,Male,33,chọc tôi cười đi,chọc tôi cười đi,['chọc' 'tôi' 'cười' 'đi'],['Other' 'Other' 'Other' 'Other'],25,general_joke,general,1.68,48000,1,True,SVM_CLOSED_SET,TRAIN,,exp_svm_spk_0001
237,dev/78da28fd1c24c3173163663ed27b6e0a.wav,validation,TRAIN,vi-VN,6552b16899091e4aaa587d1b,exp_svm_spk_0001,Male,33,tôi có cài báo thức để đánh thức tôi dậy vào buổi sáng không,tôi có cài báo thức để đánh [alarm_type : thức] tôi [alarm_type : dậy] vào [timeofday : buổi sáng] không,"['tôi' 'có' 'cài' 'báo' 'thức' 'để' 'đánh' 'thức' 'tôi' 'dậy' 'vào' 'buổi'
 'sáng' 'không']","['Other' 'Other' 'Other' 'Other' 'Other' 'Other' 'Other' 'alarm_type'
 'Other' 'alarm_type' 'Other' 'timeofday' 'timeofday' 'Other']",23,alarm_query,alarm,4.8,48000,1,True,SVM_CLOSED_SET,TRAIN,,exp_svm_spk_0001
9840,dev/0817cb913f962ec154fb9a3585903ce2.wav,validation,TRAIN,vi-VN,6552b16899091e4aaa587d1b,exp_svm_spk_0001,Male,33,hãy tiếp tục sách nói tam quốc diễn nghĩa,hãy [player_setting : tiếp tục] [media_type : sách nói] [audiobook_name : tam quốc diễn nghĩa],['hãy' 'tiếp' 'tục' 'sách' 'nói' 'tam' 'quốc' 'diễn' 'nghĩa'],"['Other' 'player_setting' 'player_setting' 'media_type' 'media_type'
 'audiobook_name' 'audiobook_name' 'audiobook_name' 'audiobook_name']",20,play_audiobook,play,3.36,48000,1,True,SVM_CLOSED_SET,TRAIN,,exp_svm_spk_0001
1877,dev/d5ad16a936230bf3681bf3d6f145ac2b.wav,validation,TRAIN,vi-VN,6552b16899091e4aaa587d1b,exp_svm_spk_0001,Male,33,bài hát này rất hay bạn có thể phát lại không,bài hát này rất hay bạn có thể phát lại không,['bài' 'hát' 'này' 'rất' 'hay' 'bạn' 'có' 'thể' 'phát' 'lại' 'không'],"['Other' 'Other' 'Other' 'Other' 'Other' 'Other' 'Other' 'Other' 'Other'
 'Other' 'Other']",43,music_likeness,music,3.06,48000,1,True,SVM_CLOSED_SET,TRAIN,,exp_svm_spk_0001
5561,dev/e24ee2e8189728f21c2ddfb93f498f73.wav,validation,TRAIN,vi-VN,6552b16899091e4aaa587d1b,exp_svm_spk_0001,Male,33,đọc giúp tôi tin tức trong ngày,đọc giúp tôi tin tức trong ngày,['đọc' 'giúp' 'tôi' 'tin' 'tức' 'trong' 'ngày'],['Other' 'Other' 'Other' 'Other' 'Other' 'Other' 'Other'],22,news_query,news,2.58,48000,1,True,SVM_CLOSED_SET,TRAIN,,exp_svm_spk_0001
13844,dev/fc7afc479ff8f487aaa722602777bf7e.wav,validation,TRAIN,vi-VN,6552b16899091e4aaa587d1b,exp_svm_spk_0001,Male,33,tom hanks bao nhiêu tuổi,[person : tom hanks] bao nhiêu tuổi,['tom' 'hanks' 'bao' 'nhiêu' 'tuổi'],['person' 'person' 'Other' 'Other' 'Other'],49,qa_factoid,qa,1.92,48000,1,True,SVM_CLOSED_SET,TRAIN,,exp_svm_spk_0001
7999,dev/3f9354c4feaf905147cad52328078a47.wav,validation,TRAIN,vi-VN,6552b16899091e4aaa587d1b,exp_svm_spk_0001,Male,33,vui lòng hủy hội nghị phụ huynh giáo viên được lên lịch vào ngày bảy tháng ba,vui lòng hủy [event_name : hội nghị phụ huynh giáo viên] được lên lịch vào [date : ngày bảy tháng ba],"['vui' 'lòng' 'hủy' 'hội' 'nghị' 'phụ' 'huynh' 'giáo' 'viên' 'được'
 'lên' 'lịch' 'vào' 'ngày' 'bảy' 'tháng' 'ba']","['Other' 'Other' 'Other' 'event_name' 'event_name' 'event_name'
 'event_name' 'event_name' 'event_name' 'Other' 'Other' 'Other' 'Other'
 'date' 'date' 'date' 'date']",30,calendar_remove,calendar,6.42,48000,1,True,SVM_CLOSED_SET,TRAIN,,exp_svm_spk_0001
3528,dev/453438cdd54d85a06d1d90ab88f034f5.wav,validation,TRAIN,vi-VN,6552b16899091e4aaa587d1b,exp_svm_spk_0001,Male,33,lấy cho tôi đồ ăn mang đi,lấy cho tôi đồ ăn [order_type : mang đi],['lấy' 'cho' 'tôi' 'đồ' 'ăn' 'mang' 'đi'],['Other' 'Other' 'Other' 'Other' 'Other' 'order_type' 'order_type'],16,takeaway_order,takeaway,3.06,48000,1,True,SVM_CLOSED_SET,TRAIN,,exp_svm_spk_0001
6905,dev/6dd51f6a0c99dc5e519c6253ea5e52a2.wav,validation,TRAIN,vi-VN,6552b16899091e4aaa587d1b,exp_svm_spk_0001,Male,33,nó rất khó,nó rất khó,['nó' 'rất' 'khó'],['Other' 'Other' 'Other'],12,general_quirky,general,1.62,48000,1,True,SVM_CLOSED_SET,TRAIN,,exp_svm_spk_0001
778,dev/421f68628957109bd9cd3ed071becea4.wav,validation,TRAIN,vi-VN,6552b16899091e4aaa587d1b,exp_svm_spk_0001,Male,33,phát người hãy quên em đi của mỹ tâm,phát [song_name : người hãy quên em đi] của [artist_name : mỹ tâm],['phát' 'người' 'hãy' 'quên' 'em' 'đi' 'của' 'mỹ' 'tâm'],"['Other' 'song_name' 'song_name' 'song_name' 'song_name' 'song_name'
 'Other' 'artist_name' 'artist_name']",45,play_music,play,3.12,48000,1,True,SVM_CLOSED_SET,TRAIN,,exp_svm_spk_0001
7279,dev/61a89b9521526ed415f7a5169cb8e2e3.wav,validation,TRAIN,vi-VN,6552b16899091e4aaa587d1b,exp_svm_spk_0001,Male,33,nhắc tôi lấy đồ giặt là vào thứ hai tới,nhắc tôi [event_name : lấy đồ giặt là] vào [date : thứ hai] tới,['nhắc' 'tôi' 'lấy' 'đồ' 'giặt' 'là' 'vào' 'thứ' 'hai' 'tới'],"['Other' 'Other' 'event_name' 'event_name' 'event_name' 'event_name'
 'Other' 'date' 'date' 'Other']",50,calendar_set,calendar,4.02,48000,1,True,SVM_CLOSED_SET,TRAIN,,exp_svm_spk_0001
12303,dev/986616e566da1f4fe5a9f4ba7ccb4e10.wav,validation,TRAIN,vi-VN,6552b16899091e4aaa587d1b,exp_svm_spk_0001,Male,33,thời gian chuyến tàu hỏa từ vinh đến hội an,thời gian chuyến [transport_type : tàu hỏa] từ [place_name : vinh] đến [place_name : hội an],['thời' 'gian' 'chuyến' 'tàu' 'hỏa' 'từ' 'vinh' 'đến' 'hội' 'an'],"['Other' 'Other' 'Other' 'transport_type' 'transport_type' 'Other'
 'place_name' 'Other' 'place_name' 'place_name']",42,transport_query,transport,3.36,48000,1,True,SVM_CLOSED_SET,TRAIN,,exp_svm_spk_0001
15381,dev/d7ab97ef75f3e8c85313939192bc00e9.wav,validation,TRAIN,vi-VN,6552b16899091e4aaa587d1b,exp_svm_spk_0001,Male,33,tweet shopee và nói với họ rằng ứng dụng của tôi bị lỗi,[media_type : tweet] [business_name : shopee] và nói với họ rằng ứng dụng của tôi bị lỗi,"['tweet' 'shopee' 'và' 'nói' 'với' 'họ' 'rằng' 'ứng' 'dụng' 'của' 'tôi'
 'bị' 'lỗi']","['media_type' 'business_name' 'Other' 'Other' 'Other' 'Other' 'Other'
 'Other' 'Other' 'Other' 'Other' 'Other' 'Other']",47,social_post,social,4.98,48000,1,True,SVM_CLOSED_SET,TRAIN,,exp_svm_spk_0001
13110,dev/fc24ff667f9a9c5049e0a8f785bd2a97.wav,validation,TRAIN,vi-VN,6552b16899091e4aaa587d1b,exp_svm_spk_0001,Male,33,diễn viên đóng một vaidiễn,diễn viên đóng một vaidiễn,['diễn' 'viên' 'đóng' 'một' 'vaidiễn'],['Other' 'Other' 'Other' 'Other' 'Other'],26,qa_definition,qa,3.3,48000,1,True,SVM_CLOSED_SET,TRAIN,,exp_svm_spk_0001
16232,dev/34a9aae212672289d016de6d23bf5488.wav,validation,TRAIN,vi-VN,6552b16899091e4aaa587d1b,exp_svm_spk_0001,Male,33,olly vui lòng trả lời email của tiến nói rằng ý tưởng của anh ấy rất tuyệt vời,olly vui lòng trả lời email của [person : tiến] nói rằng ý tưởng của anh ấy rất tuyệt vời,"['olly' 'vui' 'lòng' 'trả' 'lời' 'email' 'của' 'tiến' 'nói' 'rằng' 'ý'
 'tưởng' 'của' 'anh' 'ấy' 'rất' 'tuyệt' 'vời']","['Other' 'Other' 'Other' 'Other' 'Other' 'Other' 'Other' 'person' 'Other'
 'Other' 'Other' 'Other' 'Other' 'Other' 'Other' 'Other' 'Other' 'Other']",33,email_sendemail,email,5.94,48000,1,True,SVM_CLOSED_SET,TRAIN,,exp_svm_spk_0001
16294,dev/883f6360f25eafbc2c82e6a6da05becd.wav,validation,TRAIN,vi-VN,6552b16899091e4aaa587d1b,exp_svm_spk_0001,Male,33,đọc các email chưa đọc của tôi,đọc các email chưa đọc của tôi,['đọc' 'các' 'email' 'chưa' 'đọc' 'của' 'tôi'],['Other' 'Other' 'Other' 'Other' 'Other' 'Other' 'Other'],44,email_query,email,2.28,48000,1,True,SVM_CLOSED_SET,TRAIN,,exp_svm_spk_0001
11732,dev/1fe20cad7c4d7d0d0f420d91ec6df33f.wav,validation,TRAIN,vi-VN,6552b16899091e4aaa587d1b,exp_svm_spk_0001,Male,33,đang có chuyện gì xảy ra quanh đây vậy,đang có chuyện gì xảy ra quanh đây vậy,['đang' 'có' 'chuyện' 'gì' 'xảy' 'ra' 'quanh' 'đây' 'vậy'],['Other' 'Other' 'Other' 'Other' 'Other' 'Other' 'Other' 'Other' 'Other'],6,recommendation_events,recommendation,2.94,48000,1,True,SVM_CLOSED_SET,TRAIN,,exp_svm_spk_0001
10210,dev/583a0d1381b8a0df832cfabf07e455de.wav,validation,TRAIN,vi-VN,6552b16899091e4aaa587d1b,exp_svm_spk_0001,Male,33,không còn bình luận nào nữa,không còn bình luận nào nữa,['không' 'còn' 'bình' 'luận' 'nào' 'nữa'],['Other' 'Other' 'Other' 'Other' 'Other' 'Other'],9,cooking_recipe,cooking,1.62,48000,1,True,SVM_CLOSED_SET,TRAIN,,exp_svm_spk_0001
15047,dev/b522995c949ebf8bb8d1f5141b2e9c92.wav,validation,TRAIN,vi-VN,6552b16899091e4aaa587d1b,exp_svm_spk_0001,Male,33,này olly định nghĩa của bị động là gì,này olly định nghĩa của [definition_word : bị động] là gì,['này' 'olly' 'định' 'nghĩa' 'của' 'bị' 'động' 'là' 'gì'],"['Other' 'Other' 'Other' 'Other' 'Other' 'definition_word'
 'definition_word' 'Other' 'Other']",26,qa_definition,qa,3.72,48000,1,True,SVM_CLOSED_SET,TRAIN,,exp_svm_spk_0001
5943,dev/af7d49c3cc85ce6b16d692193034ceb8.wav,validation,TRAIN,vi-VN,6552b16899091e4aaa587d1b,exp_svm_spk_0001,Male,33,thương mại quốc tế và thị trường kinh doanh,[news_topic : thương mại quốc tế và thị trường kinh doanh],['thương' 'mại' 'quốc' 'tế' 'và' 'thị' 'trường' 'kinh' 'doanh'],"['news_topic' 'news_topic' 'news_topic' 'news_topic' 'news_topic'
 'news_topic' 'news_topic' 'news_topic' 'news_topic']",22,news_query,news,2.64,48000,1,True,SVM_CLOSED_SET,TRAIN,,exp_svm_spk_0001
13202,dev/ea67ab587713fe4234e8b7a088d47c65.wav,validation,TRAIN,vi-VN,6552b16899091e4aaa587d1b,exp_svm_spk_0001,Male,33,dân số của los angeles là bao nhiêu,dân số của [place_name : los angeles] là bao nhiêu,['dân' 'số' 'của' 'los' 'angeles' 'là' 'bao' 'nhiêu'],['Other' 'Other' 'Other' 'place_name' 'place_name' 'Other' 'Other' 'Other'],49,qa_factoid,qa,3.3,48000,1,True,SVM_CLOSED_SET,TRAIN,,exp_svm_spk_0001
5526,dev/bfaba0d29bcc1aad8fc2e82c0ba83fd9.wav,validation,TRAIN,vi-VN,6552b16899091e4aaa587d1b,exp_svm_spk_0001,Male,33,chỉnh tắt tiếng cho đến khi được bật lại,chỉnh tắt tiếng cho đến khi được bật lại,['chỉnh' 'tắt' 'tiếng' 'cho' 'đến' 'khi' 'được' 'bật' 'lại'],['Other' 'Other' 'Other' 'Other' 'Other' 'Other' 'Other' 'Other' 'Other'],46,audio_volume_mute,audio,3.12,48000,1,True,SVM_CLOSED_SET,TRAIN,,exp_svm_spk_0001
10889,dev/901de12b716264561f60ce6b9b079f1c.wav,validation,TRAIN,vi-VN,6552b16899091e4aaa587d1b,exp_svm_spk_0001,Male,33,tôi đã lập một danh sách mua sắm chưa,tôi đã lập một danh sách [list_name : mua sắm] chưa,['tôi' 'đã' 'lập' 'một' 'danh' 'sách' 'mua' 'sắm' 'chưa'],"['Other' 'Other' 'Other' 'Other' 'Other' 'Other' 'list_name' 'list_name'
 'Other']",59,lists_query,lists,2.22,48000,1,True,SVM_CLOSED_SET,TRAIN,,exp_svm_spk_0001
3028,dev/6bdaa2e798bdd58b200daf7664928fc9.wav,validation,TRAIN,vi-VN,6552b16899091e4aaa587d1b,exp_svm_spk_0001,Male,33,olly dự báo về lượng tuyết rơi ở buffalo,olly [weather_descriptor : dự báo] về lượng [weather_descriptor : tuyết rơi] ở [place_name : buffalo],['olly' 'dự' 'báo' 'về' 'lượng' 'tuyết' 'rơi' 'ở' 'buffalo'],"['Other' 'weather_descriptor' 'weather_descriptor' 'Other' 'Other'
 'weather_descriptor' 'weather_descriptor' 'Other' 'place_name']",13,weather_query,weather,4.38,48000,1,True,SVM_CLOSED_SET,TRAIN,,exp_svm_spk_0001
188,dev/29e10b0444c2e87c4a096206831dae69.wav,validation,TRAIN,vi-VN,6552b16899091e4aaa587d1b,exp_svm_spk_0001,Male,33,tăng âm lượng,tăng âm lượng,['tăng' 'âm' 'lượng'],['Other' 'Other' 'Other'],14,audio_volume_up,audio,1.38,48000,1,True,SVM_CLOSED_SET,TRAIN,,exp_svm_spk_0001
5251,dev/dd4fdf856eb98dc33ce4dd6cdb62df86.wav,validation,TRAIN,vi-VN,6552b16899091e4aaa587d1b,exp_svm_spk_0001,Male,33,dù có cần thiết cho chuyến đi ra ngoài của tôi không,[weather_descriptor : dù] có cần thiết cho chuyến đi ra ngoài của tôi không,"['dù' 'có' 'cần' 'thiết' 'cho' 'chuyến' 'đi' 'ra' 'ngoài' 'của'
 'tôi' 'không']","['weather_descriptor' 'Other' 'Other' 'Other' 'Other' 'Other' 'Other'
 'Other' 'Other' 'Other' 'Other' 'Other']",13,weather_query,weather,3.66,48000,1,True,SVM_CLOSED_SET,TRAIN,,exp_svm_spk_0001
15219,dev/0a162d6e368281fe87d622b4a2c16afc.wav,validation,TRAIN,vi-VN,6552b16899091e4aaa587d1b,exp_svm_spk_0001,Male,33,bài này cực hay bạn có thể share link facebook cho mình được không,bài này cực hay bạn có thể share link [media_type : facebook] cho mình được không,"['bài' 'này' 'cực' 'hay' 'bạn' 'có' 'thể' 'share' 'link' 'facebook' 'cho'
 'mình' 'được' 'không']","['Other' 'Other' 'Other' 'Other' 'Other' 'Other' 'Other' 'Other' 'Other'
 'media_type' 'Other' 'Other' 'Other' 'Other']",47,social_post,social,4.56,48000,1,True,SVM_CLOSED_SET,TRAIN,,exp_svm_spk_0001
1888,dev/f56ec8a580274297092e465dc0365e8d.wav,validation,TRAIN,vi-VN,6552b16899091e4aaa587d1b,exp_svm_spk_0001,Male,33,đưa tôi độ sáng thấp trong nhà bếp,đưa tôi độ sáng thấp trong [house_place : nhà bếp],['đưa' 'tôi' 'độ' 'sáng' 'thấp' 'trong' 'nhà' 'bếp'],"['Other' 'Other' 'Other' 'Other' 'Other' 'Other' 'house_place'
 'house_place']",31,iot_hue_lightdim,iot,2.82,48000,1,True,SVM_CLOSED_SET,TRAIN,,exp_svm_spk_0001
711,dev/8384989b7e22cb5b314f8ac1102cce41.wav,validation,TRAIN,vi-VN,6552b16899091e4aaa587d1b,exp_svm_spk_0001,Male,33,đọc những tiêu đề từ tờ tuổi trẻ,đọc những tiêu đề từ [media_type : tờ tuổi trẻ],['đọc' 'những' 'tiêu' 'đề' 'từ' 'tờ' 'tuổi' 'trẻ'],"['Other' 'Other' 'Other' 'Other' 'Other' 'media_type' 'media_type'
 'media_type']",22,news_query,news,3.9,48000,1,True,SVM_CLOSED_SET,TRAIN,,exp_svm_spk_0001
3248,dev/26b2314a5521f1e7cb38654ee204a9f5.wav,validation,TRAIN,vi-VN,6552b16899091e4aaa587d1b,exp_svm_spk_0001,Male,33,hoãn báo thức của ngày mai,hoãn báo thức của [date : ngày mai],['hoãn' 'báo' 'thức' 'của' 'ngày' 'mai'],['Other' 'Other' 'Other' 'Other' 'date' 'date'],52,alarm_remove,alarm,1.86,48000,1,True,SVM_CLOSED_SET,TRAIN,,exp_svm_spk_0001
8848,dev/aacb18afd583a02bb2eeabbe5830e7e5.wav,validation,TRAIN,vi-VN,6552b16899091e4aaa587d1b,exp_svm_spk_0001,Male,33,vui lòng nhắc tôi mang theo ô vì trời sẽ rất nóng hôm nay,vui lòng nhắc tôi [event_name : mang theo ô] vì trời sẽ rất nóng [date : hôm nay],"['vui' 'lòng' 'nhắc' 'tôi' 'mang' 'theo' 'ô' 'vì' 'trời' 'sẽ' 'rất' 'nóng'
 'hôm' 'nay']","['Other' 'Other' 'Other' 'Other' 'event_name' 'event_name' 'event_name'
 'Other' 'Other' 'Other' 'Other' 'Other' 'date' 'date']",50,calendar_set,calendar,4.8,48000,1,True,SVM_CLOSED_SET,TRAIN,,exp_svm_spk_0001
5520,dev/2fd5ac0c6c941b9a4a35f9fd02ba16c3.wav,validation,TRAIN,vi-VN,6552b16899091e4aaa587d1b,exp_svm_spk_0001,Male,33,ngày hai mươi hai tháng năm là thứ mấy,[date : ngày hai mươi hai tháng năm] là thứ mấy,['ngày' 'hai' 'mươi' 'hai' 'tháng' 'năm' 'là' 'thứ' 'mấy'],['date' 'date' 'date' 'date' 'date' 'date' 'Other' 'Other' 'Other'],0,datetime_query,datetime,4.38,48000,1,True,SVM_CLOSED_SET,TRAIN,,exp_svm_spk_0001
8463,dev/67252740079d35c30c36c60ab5038615.wav,validation,TRAIN,vi-VN,6552b16899091e4aaa587d1b,exp_svm_spk_0001,Male,33,xoá khỏi lịch của tôi sự kiện một giờ chiều hôm nay,xoá khỏi lịch của tôi sự kiện [time : một giờ chiều] [date : hôm nay],"['xoá' 'khỏi' 'lịch' 'của' 'tôi' 'sự' 'kiện' 'một' 'giờ' 'chiều' 'hôm'
 'nay']","['Other' 'Other' 'Other' 'Other' 'Other' 'Other' 'Other' 'time' 'time'
 'time' 'date' 'date']",30,calendar_remove,calendar,5.04,48000,1,True,SVM_CLOSED_SET,TRAIN,,exp_svm_spk_0001
6144,dev/2a89594c7ec0e73748b058d1d0c26990.wav,validation,TRAIN,vi-VN,6552b16899091e4aaa587d1b,exp_svm_spk_0001,Male,33,cho tôi biết thời tiết vào tháng tới,cho tôi biết thời tiết vào [time : tháng tới],['cho' 'tôi' 'biết' 'thời' 'tiết' 'vào' 'tháng' 'tới'],['Other' 'Other' 'Other' 'Other' 'Other' 'Other' 'time' 'time'],13,weather_query,weather,2.76,48000,1,True,SVM_CLOSED_SET,TRAIN,,exp_svm_spk_0001
13710,dev/1d931127fde9c323d56b063788bddb8f.wav,validation,TRAIN,vi-VN,6552b16899091e4aaa587d1b,exp_svm_spk_0001,Male,33,thành phố new york cách los angeles bao nhiêu dặm,[place_name : thành phố new york] cách [place_name : los angeles] bao nhiêu dặm,['thành' 'phố' 'new' 'york' 'cách' 'los' 'angeles' 'bao' 'nhiêu' 'dặm'],"['place_name' 'place_name' 'place_name' 'place_name' 'Other' 'place_name'
 'place_name' 'Other' 'Other' 'Other']",49,qa_factoid,qa,4.2,48000,1,True,SVM_CLOSED_SET,TRAIN,,exp_svm_spk_0001
15396,dev/22a92147e5b7cddecad2e367f905ac17.wav,validation,TRAIN,vi-VN,6552b16899091e4aaa587d1b,exp_svm_spk_0001,Male,33,tạo một khiếu nại với f. p. t.,tạo một khiếu nại với [business_name : f. p. t.],['tạo' 'một' 'khiếu' 'nại' 'với' 'f.' 'p.' 't.'],"['Other' 'Other' 'Other' 'Other' 'Other' 'business_name' 'business_name'
 'business_name']",47,social_post,social,4.26,48000,1,True,SVM_CLOSED_SET,TRAIN,,exp_svm_spk_0001
15207,dev/c60882f44571aa97e774b26511e478d4.wav,validation,TRAIN,vi-VN,6552b16899091e4aaa587d1b,exp_svm_spk_0001,Male,33,tôi muốn cập nhật facebook của tôi mỗi ba tiếng đồng hồ,tôi muốn cập nhật [media_type : facebook] của tôi [general_frequency : mỗi ba tiếng đồng hồ],"['tôi' 'muốn' 'cập' 'nhật' 'facebook' 'của' 'tôi' 'mỗi' 'ba' 'tiếng'
 'đồng' 'hồ']","['Other' 'Other' 'Other' 'Other' 'media_type' 'Other' 'Other'
 'general_frequency' 'general_frequency' 'general_frequency'
 'general_frequency' 'general_frequency']",27,social_query,social,3.6,48000,1,True,SVM_CLOSED_SET,TRAIN,,exp_svm_spk_0001
10195,dev/9f828ebd126741670f044ff6a5de1081.wav,validation,TRAIN,vi-VN,6552b16899091e4aaa587d1b,exp_svm_spk_0001,Male,33,công thức làm thịt cua,công thức làm [food_type : thịt cua],['công' 'thức' 'làm' 'thịt' 'cua'],['Other' 'Other' 'Other' 'food_type' 'food_type'],9,cooking_recipe,cooking,1.86,48000,1,True,SVM_CLOSED_SET,TRAIN,,exp_svm_spk_0001
2312,dev/a0e95dde08822835f876b57b20220688.wav,validation,TRAIN,vi-VN,6552b16899091e4aaa587d1b,exp_svm_spk_0001,Male,33,olly cho các đèn xuống tới số bảy,olly cho các đèn xuống [change_amount : tới số bảy],['olly' 'cho' 'các' 'đèn' 'xuống' 'tới' 'số' 'bảy'],"['Other' 'Other' 'Other' 'Other' 'Other' 'change_amount' 'change_amount'
 'change_amount']",31,iot_hue_lightdim,iot,3.24,48000,1,True,SVM_CLOSED_SET,TRAIN,,exp_svm_spk_0001
2161,dev/a702ae885ee723154be083802b8b1d94.wav,validation,TRAIN,vi-VN,6552b16899091e4aaa587d1b,exp_svm_spk_0001,Male,33,phát lại bản nhạc,[player_setting : phát lại] bản nhạc,['phát' 'lại' 'bản' 'nhạc'],['player_setting' 'player_setting' 'Other' 'Other'],28,music_settings,music,1.62,48000,1,True,SVM_CLOSED_SET,TRAIN,,exp_svm_spk_0001
1058,dev/19ce314650d643ae13c9aba959b392d2.wav,validation,TRAIN,vi-VN,6552b16899091e4aaa587d1b,exp_svm_spk_0001,Male,33,một giờ chiều hôm nay khởi động robot hút bụi,[time : một giờ chiều] [date : hôm nay] khởi động [device_type : robot hút bụi],['một' 'giờ' 'chiều' 'hôm' 'nay' 'khởi' 'động' 'robot' 'hút' 'bụi'],"['time' 'time' 'time' 'date' 'date' 'Other' 'Other' 'device_type'
 'device_type' 'device_type']",34,iot_cleaning,iot,3.0,48000,1,True,SVM_CLOSED_SET,TRAIN,,exp_svm_spk_0001
3589,dev/218a06cc835a74c0d940782f91e6fbdf.wav,validation,TRAIN,vi-VN,6552b16899091e4aaa587d1b,exp_svm_spk_0001,Male,33,thời tiết tuần này thế nào,thời tiết [date : tuần này] thế nào,['thời' 'tiết' 'tuần' 'này' 'thế' 'nào'],['Other' 'Other' 'date' 'date' 'Other' 'Other'],13,weather_query,weather,1.68,48000,1,True,SVM_CLOSED_SET,TRAIN,,exp_svm_spk_0001
5282,dev/ccf82da09ac253ff7456d4328dc1edac.wav,validation,TRAIN,vi-VN,6552b16899091e4aaa587d1b,exp_svm_spk_0001,Male,33,cho tôi xem tin tức trực tiếp từ b. b. c.,cho tôi xem tin tức trực tiếp từ b. b. c.,['cho' 'tôi' 'xem' 'tin' 'tức' 'trực' 'tiếp' 'từ' 'b.' 'b.' 'c.'],"['Other' 'Other' 'Other' 'Other' 'Other' 'Other' 'Other' 'Other' 'Other'
 'Other' 'Other']",22,news_query,news,3.36,48000,1,True,SVM_CLOSED_SET,TRAIN,,exp_svm_spk_0001
4129,dev/236a2270a2d7d30407562f775dfd7c90.wav,validation,TRAIN,vi-VN,6552b16899091e4aaa587d1b,exp_svm_spk_0001,Male,33,tôi đã đặt báo thức nào ngay bây giờ,tôi đã đặt báo thức nào ngay bây giờ,['tôi' 'đã' 'đặt' 'báo' 'thức' 'nào' 'ngay' 'bây' 'giờ'],['Other' 'Other' 'Other' 'Other' 'Other' 'Other' 'Other' 'Other' 'Other'],23,alarm_query,alarm,4.02,48000,1,True,SVM_CLOSED_SET,TRAIN,,exp_svm_spk_0001
14961,dev/7e3c7e1ee89ffb2ad40cb750b977bb88.wav,validation,TRAIN,vi-VN,6552b16899091e4aaa587d1b,exp_svm_spk_0001,Male,33,tăng thanh hà bao nhiêu tuổi,[person : tăng thanh hà] bao nhiêu tuổi,['tăng' 'thanh' 'hà' 'bao' 'nhiêu' 'tuổi'],['person' 'person' 'person' 'Other' 'Other' 'Other'],49,qa_factoid,qa,2.4,48000,1,True,SVM_CLOSED_SET,TRAIN,,exp_svm_spk_0001
6908,dev/fa166770e66a6cce613cafb50ae4b122.wav,validation,TRAIN,vi-VN,6552b16899091e4aaa587d1b,exp_svm_spk_0001,Male,33,tôi cần lời nhắc mỗi ngày lúc chín giờ sáng,tôi cần lời nhắc [general_frequency : mỗi ngày] lúc [time : chín giờ sáng],['tôi' 'cần' 'lời' 'nhắc' 'mỗi' 'ngày' 'lúc' 'chín' 'giờ' 'sáng'],"['Other' 'Other' 'Other' 'Other' 'general_frequency' 'general_frequency'
 'Other' 'time' 'time' 'time']",50,calendar_set,calendar,3.18,48000,1,True,SVM_CLOSED_SET,TRAIN,,exp_svm_spk_0001
11450,dev/2ba4455fc4554b3a876dffed0a8867d5.wav,validation,TRAIN,vi-VN,6552b16899091e4aaa587d1b,exp_svm_spk_0001,Male,33,bắt đầu podcast m. l. b. hàng ngày,bắt đầu podcast [podcast_name : m. l. b. hàng ngày],['bắt' 'đầu' 'podcast' 'm.' 'l.' 'b.' 'hàng' 'ngày'],"['Other' 'Other' 'Other' 'podcast_name' 'podcast_name' 'podcast_name'
 'podcast_name' 'podcast_name']",58,play_podcasts,play,3.54,48000,1,True,SVM_CLOSED_SET,TRAIN,,exp_svm_spk_0001
13919,dev/2fb6bd88663c8442f66b6049a7856407.wav,validation,TRAIN,vi-VN,6552b16899091e4aaa587d1b,exp_svm_spk_0001,Male,33,cho tôi biết về tiền đặt cọc vườn năng lượng mặt trời,cho tôi biết về [definition_word : tiền đặt cọc vườn năng lượng mặt trời],"['cho' 'tôi' 'biết' 'về' 'tiền' 'đặt' 'cọc' 'vườn' 'năng' 'lượng' 'mặt'
 'trời']","['Other' 'Other' 'Other' 'Other' 'definition_word' 'definition_word'
 'definition_word' 'definition_word' 'definition_word' 'definition_word'
 'definition_word' 'definition_word']",26,qa_definition,qa,3.54,48000,1,True,SVM_CLOSED_SET,TRAIN,,exp_svm_spk_0001
5541,dev/6b1e2274e8aaedd49d0955ce995f0b77.wav,validation,TRAIN,vi-VN,6552b16899091e4aaa587d1b,exp_svm_spk_0001,Male,33,cho tôi biết thời gian báo thức buổi sáng của các ngày trong tuần,cho tôi biết thời gian báo thức [timeofday : buổi sáng] của [date : các ngày trong tuần],"['cho' 'tôi' 'biết' 'thời' 'gian' 'báo' 'thức' 'buổi' 'sáng' 'của' 'các'
 'ngày' 'trong' 'tuần']","['Other' 'Other' 'Other' 'Other' 'Other' 'Other' 'Other' 'timeofday'
 'timeofday' 'Other' 'date' 'date' 'date' 'date']",23,alarm_query,alarm,3.9,48000,1,True,SVM_CLOSED_SET,TRAIN,,exp_svm_spk_0001
5651,dev/7b6e449cd10af38d154041553de11d1c.wav,validation,TRAIN,vi-VN,6552b16899091e4aaa587d1b,exp_svm_spk_0001,Male,33,mở ổ chuyển đổi thông minh,mở [device_type : ổ chuyển đổi thông minh],['mở' 'ổ' 'chuyển' 'đổi' 'thông' 'minh'],"['Other' 'device_type' 'device_type' 'device_type' 'device_type'
 'device_type']",24,iot_wemo_on,iot,2.28,48000,1,True,SVM_CLOSED_SET,TRAIN,,exp_svm_spk_0001
5667,dev/c8664091f1730aa394d38573e705f160.wav,validation,TRAIN,vi-VN,6552b16899091e4aaa587d1b,exp_svm_spk_0001,Male,33,chạm vào bắt đầu và sau đó chọn cài đặt,chạm vào bắt đầu và sau đó chọn cài đặt,['chạm' 'vào' 'bắt' 'đầu' 'và' 'sau' 'đó' 'chọn' 'cài' 'đặt'],"['Other' 'Other' 'Other' 'Other' 'Other' 'Other' 'Other' 'Other' 'Other'
 'Other']",23,alarm_query,alarm,3.9,48000,1,True,SVM_CLOSED_SET,TRAIN,,exp_svm_spk_0001
11338,dev/d8d7f0af725750d3e629c7ee4274af13.wav,validation,TRAIN,vi-VN,6552b16899091e4aaa587d1b,exp_svm_spk_0001,Male,33,phát podcast từ đầu,phát podcast từ đầu,['phát' 'podcast' 'từ' 'đầu'],['Other' 'Other' 'Other' 'Other'],58,play_podcasts,play,2.52,48000,1,True,SVM_CLOSED_SET,TRAIN,,exp_svm_spk_0001
11070,dev/25f946f01d59aca4f67e6ee22b0a8e35.wav,validation,TRAIN,vi-VN,6552b16899091e4aaa587d1b,exp_svm_spk_0001,Male,33,bạn có thể cho tôi biết những mặt hàng trên danh sách siêu thị của tôi là gì không,bạn có thể cho tôi biết những mặt hàng trên danh sách [list_name : siêu thị] của tôi là gì không,"['bạn' 'có' 'thể' 'cho' 'tôi' 'biết' 'những' 'mặt' 'hàng' 'trên' 'danh'
 'sách' 'siêu' 'thị' 'của' 'tôi' 'là' 'gì' 'không']","['Other' 'Other' 'Other' 'Other' 'Other' 'Other' 'Other' 'Other' 'Other'
 'Other' 'Other' 'Other' 'list_name' 'list_name' 'Other' 'Other' 'Other'
 'Other' 'Other']",59,lists_query,lists,6.0,48000,1,True,SVM_CLOSED_SET,TRAIN,,exp_svm_spk_0001
2003,dev/c65ee5b5a64f62d2a4c54f70680499d0.wav,validation,TRAIN,vi-VN,6552b16899091e4aaa587d1b,exp_svm_spk_0001,Male,33,vui lòng tắt đi,vui lòng tắt đi,['vui' 'lòng' 'tắt' 'đi'],['Other' 'Other' 'Other' 'Other'],46,audio_volume_mute,audio,1.44,48000,1,True,SVM_CLOSED_SET,TRAIN,,exp_svm_spk_0001
9589,dev/b216b4fd56f959d06600ffe9008f4884.wav,validation,TRAIN,vi-VN,6552b16899091e4aaa587d1b,exp_svm_spk_0001,Male,33,ok google bạn có thể phát mỹ tâm không,ok google bạn có thể phát [person : mỹ tâm] không,['ok' 'google' 'bạn' 'có' 'thể' 'phát' 'mỹ' 'tâm' 'không'],['Other' 'Other' 'Other' 'Other' 'Other' 'Other' 'person' 'person' 'Other'],36,play_radio,play,4.2,48000,1,True,SVM_CLOSED_SET,TRAIN,,exp_svm_spk_0001
2420,dev/7d269f14e1cf34d9f62a12b5d5845388.wav,validation,TRAIN,vi-VN,6552b16899091e4aaa587d1b,exp_svm_spk_0001,Male,33,có gì mới ở vnexpress,có gì mới ở [media_type : vnexpress],['có' 'gì' 'mới' 'ở' 'vnexpress'],['Other' 'Other' 'Other' 'Other' 'media_type'],22,news_query,news,2.52,48000,1,True,SVM_CLOSED_SET,TRAIN,,exp_svm_spk_0001
17102,dev/73ec61f5c4ca894d4b7f3854eac741e2.wav,validation,TRAIN,vi-VN,6552b16899091e4aaa587d1b,exp_svm_spk_0001,Male,33,gọi số điện thoại sơn,gọi [personal_info : số điện thoại] [person : sơn],['gọi' 'số' 'điện' 'thoại' 'sơn'],['Other' 'personal_info' 'personal_info' 'personal_info' 'person'],17,email_querycontact,email,1.86,48000,1,True,SVM_CLOSED_SET,TRAIN,,exp_svm_spk_0001
5393,dev/1859544c6f7420866b15bea3ffc0b9ff.wav,validation,TRAIN,vi-VN,6552b16899091e4aaa587d1b,exp_svm_spk_0001,Male,33,tăng âm lượng,tăng âm lượng,['tăng' 'âm' 'lượng'],['Other' 'Other' 'Other'],14,audio_volume_up,audio,1.38,48000,1,True,SVM_CLOSED_SET,TRAIN,,exp_svm_spk_0001
1943,dev/b2d05628fd5efe16eef23c4aa6a1715d.wav,validation,TRAIN,vi-VN,6552b16899091e4aaa587d1b,exp_svm_spk_0001,Male,33,bắt đầu dọn nhà,bắt đầu dọn [house_place : nhà],['bắt' 'đầu' 'dọn' 'nhà'],['Other' 'Other' 'Other' 'house_place'],34,iot_cleaning,iot,1.74,48000,1,True,SVM_CLOSED_SET,TRAIN,,exp_svm_spk_0001
13490,dev/0fa3165b7c82e23d51766f32aa22db24.wav,validation,TRAIN,vi-VN,6552b16899091e4aaa587d1b,exp_svm_spk_0001,Male,33,có mối tương quan giữa thời tiết ở cần thơ và giá tại nasdaq trong tuần rồi không,có mối tương quan giữa thời tiết ở [place_name : cần thơ] và giá tại nasdaq trong [date : tuần rồi] không,"['có' 'mối' 'tương' 'quan' 'giữa' 'thời' 'tiết' 'ở' 'cần' 'thơ' 'và' 'giá'
 'tại' 'nasdaq' 'trong' 'tuần' 'rồi' 'không']","['Other' 'Other' 'Other' 'Other' 'Other' 'Other' 'Other' 'Other'
 'place_name' 'place_name' 'Other' 'Other' 'Other' 'Other' 'Other' 'date'
 'date' 'Other']",12,general_quirky,general,6.72,48000,1,True,SVM_CLOSED_SET,TRAIN,,exp_svm_spk_0001
9281,dev/a29ba518441e615ebc819e46b9abdae5.wav,validation,TRAIN,vi-VN,6552b16899091e4aaa587d1b,exp_svm_spk_0001,Male,33,tôi mong muốn nghe kênh radio đó,tôi mong muốn nghe kênh radio đó,['tôi' 'mong' 'muốn' 'nghe' 'kênh' 'radio' 'đó'],['Other' 'Other' 'Other' 'Other' 'Other' 'Other' 'Other'],36,play_radio,play,2.34,48000,1,True,SVM_CLOSED_SET,TRAIN,,exp_svm_spk_0001
12055,dev/9bf043a0df06d2c090723033cb1822b5.wav,validation,TRAIN,vi-VN,6552b16899091e4aaa587d1b,exp_svm_spk_0001,Male,33,các sự kiện trong vùng của hôm nay,các sự kiện trong vùng [date : của hôm nay],['các' 'sự' 'kiện' 'trong' 'vùng' 'của' 'hôm' 'nay'],['Other' 'Other' 'Other' 'Other' 'Other' 'date' 'date' 'date'],6,recommendation_events,recommendation,2.34,48000,1,True,SVM_CLOSED_SET,TRAIN,,exp_svm_spk_0001
12950,dev/cc77c4ab501820b4bf8112513f4bebb2.wav,validation,TRAIN,vi-VN,6552b16899091e4aaa587d1b,exp_svm_spk_0001,Male,33,việt nam dùng đơn vị tiền tệ gì,[place_name : việt nam] dùng đơn vị tiền tệ gì,['việt' 'nam' 'dùng' 'đơn' 'vị' 'tiền' 'tệ' 'gì'],['place_name' 'place_name' 'Other' 'Other' 'Other' 'Other' 'Other' 'Other'],10,qa_currency,qa,2.82,48000,1,True,SVM_CLOSED_SET,TRAIN,,exp_svm_spk_0001
6140,dev/a0520e4f4f84f04bec60b34d09a99684.wav,validation,TRAIN,vi-VN,6552b16899091e4aaa587d1b,exp_svm_spk_0001,Male,33,olly tôi có nên mang găng tay hay không,olly tôi có nên mang [weather_descriptor : găng tay] hay không,['olly' 'tôi' 'có' 'nên' 'mang' 'găng' 'tay' 'hay' 'không'],"['Other' 'Other' 'Other' 'Other' 'Other' 'weather_descriptor'
 'weather_descriptor' 'Other' 'Other']",13,weather_query,weather,2.82,48000,1,True,SVM_CLOSED_SET,TRAIN,,exp_svm_spk_0001
13496,dev/c7a9761d7da327fd84f208f7219bf4ca.wav,validation,TRAIN,vi-VN,6552b16899091e4aaa587d1b,exp_svm_spk_0001,Male,33,tom cruise có phải là con một không,[person : tom cruise] có phải là con một không,['tom' 'cruise' 'có' 'phải' 'là' 'con' 'một' 'không'],['person' 'person' 'Other' 'Other' 'Other' 'Other' 'Other' 'Other'],49,qa_factoid,qa,3.12,48000,1,True,SVM_CLOSED_SET,TRAIN,,exp_svm_spk_0001
15033,dev/45b011a6d82b1caf4c0442774b5cac16.wav,validation,TRAIN,vi-VN,6552b16899091e4aaa587d1b,exp_svm_spk_0001,Male,33,tỷ lệ hối đoái giữa đồng việt nam và đồng yên,tỷ lệ hối đoái giữa [currency_name : đồng việt nam] và [currency_name : đồng yên],"['tỷ' 'lệ' 'hối' 'đoái' 'giữa' 'đồng' 'việt' 'nam' 'và' 'đồng'
 'yên']","['Other' 'Other' 'Other' 'Other' 'Other' 'currency_name' 'currency_name'
 'currency_name' 'Other' 'currency_name' 'currency_name']",10,qa_currency,qa,3.18,48000,1,True,SVM_CLOSED_SET,TRAIN,,exp_svm_spk_0001
16512,dev/88e26d11fb703c58d21d2a6af13ce69a.wav,validation,TRAIN,vi-VN,6552b16899091e4aaa587d1b,exp_svm_spk_0001,Male,33,gửi email đến mẹ muốn đi mua sắm ngày mai,gửi email đến [relation : mẹ] muốn đi mua sắm [date : ngày mai],['gửi' 'email' 'đến' 'mẹ' 'muốn' 'đi' 'mua' 'sắm' 'ngày' 'mai'],"['Other' 'Other' 'Other' 'relation' 'Other' 'Other' 'Other' 'Other' 'date'
 'date']",33,email_sendemail,email,3.06,48000,1,True,SVM_CLOSED_SET,TRAIN,,exp_svm_spk_0001
5462,dev/67fcd88a95eadd8dd473b3be30581edc.wav,validation,TRAIN,vi-VN,6552b16899091e4aaa587d1b,exp_svm_spk_0001,Male,33,tôi có cần áo khoác hôm nay không,tôi có cần [weather_descriptor : áo khoác] [date : hôm nay] không,['tôi' 'có' 'cần' 'áo' 'khoác' 'hôm' 'nay' 'không'],"['Other' 'Other' 'Other' 'weather_descriptor' 'weather_descriptor' 'date'
 'date' 'Other']",13,weather_query,weather,2.58,48000,1,True,SVM_CLOSED_SET,TRAIN,,exp_svm_spk_0001
1211,dev/23cb0fa8b8b24b6e7c5a8178b519ddef.wav,validation,TRAIN,vi-VN,6552b16899091e4aaa587d1b,exp_svm_spk_0001,Male,33,đổi giờ bắc kinh sang giờ sài gòn,đổi giờ [place_name : bắc kinh] sang giờ [place_name : sài gòn],['đổi' 'giờ' 'bắc' 'kinh' 'sang' 'giờ' 'sài' 'gòn'],"['Other' 'Other' 'place_name' 'place_name' 'Other' 'Other' 'place_name'
 'place_name']",38,datetime_convert,datetime,2.52,48000,1,True,SVM_CLOSED_SET,TRAIN,,exp_svm_spk_0001
10962,dev/006d735053d0ba7cf2a0a971be4126db.wav,validation,TRAIN,vi-VN,6552b16899091e4aaa587d1b,exp_svm_spk_0001,Male,33,tôi không muốn danh sách này nữa,tôi không muốn danh sách này nữa,['tôi' 'không' 'muốn' 'danh' 'sách' 'này' 'nữa'],['Other' 'Other' 'Other' 'Other' 'Other' 'Other' 'Other'],53,lists_remove,lists,2.16,48000,1,True,SVM_CLOSED_SET,TRAIN,,exp_svm_spk_0001
3712,dev/df66b65cc9eb8fdd1d1c1d1c8c23488e.wav,validation,TRAIN,vi-VN,6552b16899091e4aaa587d1b,exp_svm_spk_0001,Male,33,phát danh danh phát đỉnh của tôi gần đây,phát danh danh phát đỉnh của tôi gần đây,['phát' 'danh' 'danh' 'phát' 'đỉnh' 'của' 'tôi' 'gần' 'đây'],['Other' 'Other' 'Other' 'Other' 'Other' 'Other' 'Other' 'Other' 'Other'],45,play_music,play,3.84,48000,1,True,SVM_CLOSED_SET,TRAIN,,exp_svm_spk_0001
14888,dev/db44e793e4e1dccc3b05a1c54e6a58db.wav,validation,TRAIN,vi-VN,6552b16899091e4aaa587d1b,exp_svm_spk_0001,Male,33,bạn có thể vui lòng diễn tả chủ đề đó được không,bạn có thể vui lòng diễn tả chủ đề đó được không,['bạn' 'có' 'thể' 'vui' 'lòng' 'diễn' 'tả' 'chủ' 'đề' 'đó' 'được' 'không'],"['Other' 'Other' 'Other' 'Other' 'Other' 'Other' 'Other' 'Other' 'Other'
 'Other' 'Other' 'Other']",26,qa_definition,qa,3.06,48000,1,True,SVM_CLOSED_SET,TRAIN,,exp_svm_spk_0001
11762,dev/18b5cc5c313e05d109777f5af9f74b4f.wav,validation,TRAIN,vi-VN,6552b16899091e4aaa587d1b,exp_svm_spk_0001,Male,33,các sự kiện nào được tổ chức ở thành phố vũng tàu,các sự kiện nào được tổ chức ở [place_name : thành phố vũng tàu],['các' 'sự' 'kiện' 'nào' 'được' 'tổ' 'chức' 'ở' 'thành' 'phố' 'vũng' 'tàu'],"['Other' 'Other' 'Other' 'Other' 'Other' 'Other' 'Other' 'Other'
 'place_name' 'place_name' 'place_name' 'place_name']",6,recommendation_events,recommendation,3.42,48000,1,True,SVM_CLOSED_SET,TRAIN,,exp_svm_spk_0001
12107,dev/456a3a61f02a53307dfca1c8d264239a.wav,validation,TRAIN,vi-VN,6552b16899091e4aaa587d1b,exp_svm_spk_0001,Male,33,tôi cần một nơi giao pizza ở vũng tàu,tôi cần một nơi giao [food_type : pizza] ở [place_name : vũng tàu],['tôi' 'cần' 'một' 'nơi' 'giao' 'pizza' 'ở' 'vũng' 'tàu'],"['Other' 'Other' 'Other' 'Other' 'Other' 'food_type' 'Other' 'place_name'
 'place_name']",19,recommendation_locations,recommendation,2.58,48000,1,True,SVM_CLOSED_SET,TRAIN,,exp_svm_spk_0001
7201,dev/24bcda3536e907019fccd68111d3ba6c.wav,validation,TRAIN,vi-VN,6552b16899091e4aaa587d1b,exp_svm_spk_0001,Male,33,tôi sẽ làm gì vào tuần tới,tôi sẽ làm gì vào [date : tuần tới],['tôi' 'sẽ' 'làm' 'gì' 'vào' 'tuần' 'tới'],['Other' 'Other' 'Other' 'Other' 'Other' 'date' 'date'],32,calendar_query,calendar,2.28,48000,1,True,SVM_CLOSED_SET,TRAIN,,exp_svm_spk_0001
1871,dev/7585fc03c5aec20325d759dd611688c1.wav,validation,TRAIN,vi-VN,6552b16899091e4aaa587d1b,exp_svm_spk_0001,Male,33,thêm bài hát đó vào danh sách top mười bài yêu thích của tôi,thêm bài hát đó vào danh sách top mười bài yêu thích của tôi,"['thêm' 'bài' 'hát' 'đó' 'vào' 'danh' 'sách' 'top' 'mười' 'bài' 'yêu'
 'thích' 'của' 'tôi']","['Other' 'Other' 'Other' 'Other' 'Other' 'Other' 'Other' 'Other' 'Other'
 'Other' 'Other' 'Other' 'Other' 'Other']",43,music_likeness,music,3.84,48000,1,True,SVM_CLOSED_SET,TRAIN,,exp_svm_spk_0001
1702,dev/6f807c593f17138ae4ac0e3cc1adce58.wav,validation,TRAIN,vi-VN,6552b16899091e4aaa587d1b,exp_svm_spk_0001,Male,33,hằng ngày lúc mười giờ đến mười một giờ sáng khởi động máy hút bụi,[general_frequency : hằng ngày] lúc [time : mười giờ] đến [time : mười một giờ sáng] khởi động [device_type : máy hút bụi],"['hằng' 'ngày' 'lúc' 'mười' 'giờ' 'đến' 'mười' 'một' 'giờ' 'sáng'
 'khởi' 'động' 'máy' 'hút' 'bụi']","['general_frequency' 'general_frequency' 'Other' 'time' 'time' 'Other'
 'time' 'time' 'time' 'time' 'Other' 'Other' 'device_type' 'device_type'
 'device_type']",34,iot_cleaning,iot,5.52,48000,1,True,SVM_CLOSED_SET,TRAIN,,exp_svm_spk_0001
14596,dev/ab4520635bd673f25bad3507abff7f1e.wav,validation,TRAIN,vi-VN,6552b16899091e4aaa587d1b,exp_svm_spk_0001,Male,33,khi nào cổ phiếu của iphone thường xuyên giảm,khi nào cổ phiếu của iphone thường xuyên giảm,['khi' 'nào' 'cổ' 'phiếu' 'của' 'iphone' 'thường' 'xuyên' 'giảm'],['Other' 'Other' 'Other' 'Other' 'Other' 'Other' 'Other' 'Other' 'Other'],4,qa_stock,qa,3.78,48000,1,True,SVM_CLOSED_SET,TRAIN,,exp_svm_spk_0001
11928,dev/711a2e5760f27114eff6a2769d50acb2.wav,validation,TRAIN,vi-VN,6552b16899091e4aaa587d1b,exp_svm_spk_0001,Male,33,sự kiện gì đang diễn ra ở hải phòng,sự kiện gì đang diễn ra ở [place_name : hải phòng],['sự' 'kiện' 'gì' 'đang' 'diễn' 'ra' 'ở' 'hải' 'phòng'],"['Other' 'Other' 'Other' 'Other' 'Other' 'Other' 'Other' 'place_name'
 'place_name']",6,recommendation_events,recommendation,3.48,48000,1,True,SVM_CLOSED_SET,TRAIN,,exp_svm_spk_0001
2851,dev/dd2e47f157d6268f4a911926f52cc4dd.wav,validation,TRAIN,vi-VN,6552b16899091e4aaa587d1b,exp_svm_spk_0001,Male,33,domino có bán mang đi phải không,[business_name : domino] có bán [order_type : mang đi] phải không,['domino' 'có' 'bán' 'mang' 'đi' 'phải' 'không'],['business_name' 'Other' 'Other' 'order_type' 'order_type' 'Other' 'Other'],3,takeaway_query,takeaway,2.58,48000,1,True,SVM_CLOSED_SET,TRAIN,,exp_svm_spk_0001
16007,dev/e6e00b914f7ad15989e5ee7976133e16.wav,validation,TRAIN,vi-VN,6552b16899091e4aaa587d1b,exp_svm_spk_0001,Male,33,cho tôi biết khai nào nhung email tôi,cho tôi biết khai nào [person : nhung] email tôi,['cho' 'tôi' 'biết' 'khai' 'nào' 'nhung' 'email' 'tôi'],['Other' 'Other' 'Other' 'Other' 'Other' 'person' 'Other' 'Other'],44,email_query,email,4.32,48000,1,True,SVM_CLOSED_SET,TRAIN,,exp_svm_spk_0001
10058,dev/a7c740a21069e3b9d0fb9dfa72f881d5.wav,validation,TRAIN,vi-VN,6552b16899091e4aaa587d1b,exp_svm_spk_0001,Male,33,một lít bằng bao nhiêu cup,[time : một lít] bằng bao nhiêu cup,['một' 'lít' 'bằng' 'bao' 'nhiêu' 'cup'],['time' 'time' 'Other' 'Other' 'Other' 'Other'],9,cooking_recipe,cooking,2.16,48000,1,True,SVM_CLOSED_SET,TRAIN,,exp_svm_spk_0001
16699,dev/2d16211feb3a094779b3566f1be1442c.wav,validation,TRAIN,vi-VN,6552b16899091e4aaa587d1b,exp_svm_spk_0001,Male,33,mở email của em gái tôi ngày hôm qua nhấn trả lời và bật kích họat giọng nói cho phản hồi của tôi,mở email [relation : của em gái] tôi ngày [date : hôm qua] nhấn trả lời và bật kích họat giọng nói cho phản hồi của tôi,"['mở' 'email' 'của' 'em' 'gái' 'tôi' 'ngày' 'hôm' 'qua' 'nhấn' 'trả' 'lời'
 'và' 'bật' 'kích' 'họat' 'giọng' 'nói' 'cho' 'phản' 'hồi' 'của' 'tôi']","['Other' 'Other' 'relation' 'relation' 'relation' 'Other' 'Other' 'date'
 'date' 'Other' 'Other' 'Other' 'Other' 'Other' 'Other' 'Other' 'Other'
 'Other' 'Other' 'Other' 'Other' 'Other' 'Other']",33,email_sendemail,email,7.26,48000,1,True,SVM_CLOSED_SET,TRAIN,,exp_svm_spk_0001
3496,dev/421c03a991a92a02cb6bd31eb95046c8.wav,validation,TRAIN,vi-VN,6552b16899091e4aaa587d1b,exp_svm_spk_0001,Male,33,chơi nhạc của bức tường,chơi nhạc của [artist_name : bức tường],['chơi' 'nhạc' 'của' 'bức' 'tường'],['Other' 'Other' 'Other' 'artist_name' 'artist_name'],45,play_music,play,1.92,48000,1,True,SVM_CLOSED_SET,TRAIN,,exp_svm_spk_0001
5792,dev/acaade950d3d65c90c282688015ec228.wav,validation,TRAIN,vi-VN,6552b16899091e4aaa587d1b,exp_svm_spk_0001,Male,33,đồng hồ báo thức,đồng hồ báo thức,['đồng' 'hồ' 'báo' 'thức'],['Other' 'Other' 'Other' 'Other'],0,datetime_query,datetime,1.68,48000,1,True,SVM_CLOSED_SET,TRAIN,,exp_svm_spk_0001
15466,dev/c868d811a6904c1ff8a25db46aae4a7c.wav,validation,TRAIN,vi-VN,6552b16899091e4aaa587d1b,exp_svm_spk_0001,Male,33,nói hòa phát rằng tôi vẫn đang chờ,nói [business_name : hòa phát] rằng tôi vẫn đang chờ,['nói' 'hòa' 'phát' 'rằng' 'tôi' 'vẫn' 'đang' 'chờ'],"['Other' 'business_name' 'business_name' 'Other' 'Other' 'Other' 'Other'
 'Other']",47,social_post,social,3.24,48000,1,True,SVM_CLOSED_SET,TRAIN,,exp_svm_spk_0001
406,dev/bbcc4374e5adeb453d173e243d79ac61.wav,validation,TRAIN,vi-VN,6552b16899091e4aaa587d1b,exp_svm_spk_0001,Male,33,tôi muốn nghe nhạc pop,tôi muốn nghe nhạc [music_genre : pop],['tôi' 'muốn' 'nghe' 'nhạc' 'pop'],['Other' 'Other' 'Other' 'Other' 'music_genre'],45,play_music,play,3.54,48000,1,True,SVM_CLOSED_SET,TRAIN,,exp_svm_spk_0001
5476,dev/1d6502701ebe92d045cfca2a60d91f51.wav,validation,TRAIN,vi-VN,6537e43c008bb605430a302f,exp_svm_spk_0002,Female,29,thay đổi màu đèn,thay đổi màu đèn,['thay' 'đổi' 'màu' 'đèn'],['Other' 'Other' 'Other' 'Other'],1,iot_hue_lightchange,iot,1.26,48000,1,True,SVM_CLOSED_SET,TRAIN,,exp_svm_spk_0002
7345,dev/f7aabab99c1ca09800fcc271f6ab89b8.wav,validation,TRAIN,vi-VN,6537e43c008bb605430a302f,exp_svm_spk_0002,Female,29,thêm sinh nhật của mai là ngày mười hai tháng bảy vào lịch của tôi,thêm [event_name : sinh nhật] của [person : mai] là [date : ngày mười hai tháng bảy] vào lịch của tôi,"['thêm' 'sinh' 'nhật' 'của' 'mai' 'là' 'ngày' 'mười' 'hai' 'tháng' 'bảy'
 'vào' 'lịch' 'của' 'tôi']","['Other' 'event_name' 'event_name' 'Other' 'person' 'Other' 'date' 'date'
 'date' 'date' 'date' 'Other' 'Other' 'Other' 'Other']",50,calendar_set,calendar,3.06,48000,1,True,SVM_CLOSED_SET,TRAIN,,exp_svm_spk_0002
6483,dev/1be5c7a1360b6df98b7285a9df5df845.wav,validation,TRAIN,vi-VN,6537e43c008bb605430a302f,exp_svm_spk_0002,Female,29,tôi đã đến vinmart hôm nay,tôi đã đến [place_name : vinmart] [date : hôm nay],['tôi' 'đã' 'đến' 'vinmart' 'hôm' 'nay'],['Other' 'Other' 'Other' 'place_name' 'date' 'date'],12,general_quirky,general,2.1,48000,1,True,SVM_CLOSED_SET,TRAIN,,exp_svm_spk_0002
11596,dev/a3640050db2a00615fb0c1ef025e3dab.wav,validation,TRAIN,vi-VN,6537e43c008bb605430a302f,exp_svm_spk_0002,Female,29,có chương trình xiếc chó đang diễn tra gần thành phố hồ chí minh không,có [event_name : chương trình xiếc chó] đang diễn tra gần [place_name : thành phố hồ chí minh] không,"['có' 'chương' 'trình' 'xiếc' 'chó' 'đang' 'diễn' 'tra' 'gần' 'thành'
 'phố' 'hồ' 'chí' 'minh' 'không']","['Other' 'event_name' 'event_name' 'event_name' 'event_name' 'Other'
 'Other' 'Other' 'Other' 'place_name' 'place_name' 'place_name'
 'place_name' 'place_name' 'Other']",6,recommendation_events,recommendation,4.5,48000,1,True,SVM_CLOSED_SET,TRAIN,,exp_svm_spk_0002
12593,dev/82dabc9869b78f62ecd31c31a2e48665.wav,validation,TRAIN,vi-VN,6537e43c008bb605430a302f,exp_svm_spk_0002,Female,29,olly vui lòng mua cho tôi một vé xe lửa tới hồ chí minh,olly vui lòng mua cho tôi một vé [transport_type : xe lửa] tới [place_name : hồ chí minh],"['olly' 'vui' 'lòng' 'mua' 'cho' 'tôi' 'một' 'vé' 'xe' 'lửa' 'tới' 'hồ'
 'chí' 'minh']","['Other' 'Other' 'Other' 'Other' 'Other' 'Other' 'Other' 'Other'
 'transport_type' 'transport_type' 'Other' 'place_name' 'place_name'
 'place_name']",2,transport_ticket,transport,3.48,48000,1,True,SVM_CLOSED_SET,TRAIN,,exp_svm_spk_0002
12956,dev/45e5bc390f2d9dc48a2b7716c459d483.wav,validation,TRAIN,vi-VN,6537e43c008bb605430a302f,exp_svm_spk_0002,Female,29,trong trường hợp nào bạn sẽ sử dụng từ bất tiện,trong trường hợp nào bạn sẽ sử dụng từ [definition_word : bất tiện],['trong' 'trường' 'hợp' 'nào' 'bạn' 'sẽ' 'sử' 'dụng' 'từ' 'bất' 'tiện'],"['Other' 'Other' 'Other' 'Other' 'Other' 'Other' 'Other' 'Other' 'Other'
 'definition_word' 'definition_word']",26,qa_definition,qa,2.22,48000,1,True,SVM_CLOSED_SET,TRAIN,,exp_svm_spk_0002
11621,dev/b1133de64fa1e45363c70c5f524e0a20.wav,validation,TRAIN,vi-VN,6537e43c008bb605430a302f,exp_svm_spk_0002,Female,29,các sự kiện đang diễn ra gần tôi,các sự kiện đang diễn ra gần tôi,['các' 'sự' 'kiện' 'đang' 'diễn' 'ra' 'gần' 'tôi'],['Other' 'Other' 'Other' 'Other' 'Other' 'Other' 'Other' 'Other'],6,recommendation_events,recommendation,2.46,48000,1,True,SVM_CLOSED_SET,TRAIN,,exp_svm_spk_0002
13231,dev/e119f7d29d214d0140f5a98575b134e8.wav,validation,TRAIN,vi-VN,6537e43c008bb605430a302f,exp_svm_spk_0002,Female,29,tòa nhà cao nhất,tòa nhà cao nhất,['tòa' 'nhà' 'cao' 'nhất'],['Other' 'Other' 'Other' 'Other'],49,qa_factoid,qa,1.86,48000,1,True,SVM_CLOSED_SET,TRAIN,,exp_svm_spk_0002
12891,dev/78d9761bb9845374c23b6ff6df68bda7.wav,validation,TRAIN,vi-VN,6537e43c008bb605430a302f,exp_svm_spk_0002,Female,29,cho tôi một chuyến tàu hỏa di chuyển từ hà nội đến hồ chí minh,cho tôi một chuyến [transport_type : tàu hỏa] di chuyển từ [place_name : hà nội] đến [place_name : hồ chí minh],"['cho' 'tôi' 'một' 'chuyến' 'tàu' 'hỏa' 'di' 'chuyển' 'từ' 'hà' 'nội'
 'đến' 'hồ' 'chí' 'minh']","['Other' 'Other' 'Other' 'Other' 'transport_type' 'transport_type' 'Other'
 'Other' 'Other' 'place_name' 'place_name' 'Other' 'place_name'
 'place_name' 'place_name']",2,transport_ticket,transport,3.9,48000,1,True,SVM_CLOSED_SET,TRAIN,,exp_svm_spk_0002
3602,dev/3f5708131b5e2dec61b4edc05555566a.wav,validation,TRAIN,vi-VN,6537e43c008bb605430a302f,exp_svm_spk_0002,Female,29,tin tức mới nhất về bầu cử mỹ là gì,tin tức mới nhất về [news_topic : bầu cử mỹ] là gì,['tin' 'tức' 'mới' 'nhất' 'về' 'bầu' 'cử' 'mỹ' 'là' 'gì'],"['Other' 'Other' 'Other' 'Other' 'Other' 'news_topic' 'news_topic'
 'news_topic' 'Other' 'Other']",22,news_query,news,2.58,48000,1,True,SVM_CLOSED_SET,TRAIN,,exp_svm_spk_0002
8329,dev/8b06dcd611e40dbfe48ca34eba8b06ca.wav,validation,TRAIN,vi-VN,6537e43c008bb605430a302f,exp_svm_spk_0002,Female,29,đặt lời nhắc cho cuộc họp lúc ba giờ chiều thứ sáu,đặt lời nhắc cho [event_name : cuộc họp] lúc [time : ba giờ chiều] [date : thứ sáu],"['đặt' 'lời' 'nhắc' 'cho' 'cuộc' 'họp' 'lúc' 'ba' 'giờ' 'chiều' 'thứ'
 'sáu']","['Other' 'Other' 'Other' 'Other' 'event_name' 'event_name' 'Other' 'time'
 'time' 'time' 'date' 'date']",50,calendar_set,calendar,3.12,48000,1,True,SVM_CLOSED_SET,TRAIN,,exp_svm_spk_0002
4582,dev/6b9a75cc41ada4394e086c8545fbafb8.wav,validation,TRAIN,vi-VN,6537e43c008bb605430a302f,exp_svm_spk_0002,Female,29,thời gian có khác ở hà nội không,thời gian có khác ở [place_name : hà nội] không,['thời' 'gian' 'có' 'khác' 'ở' 'hà' 'nội' 'không'],['Other' 'Other' 'Other' 'Other' 'Other' 'place_name' 'place_name' 'Other'],0,datetime_query,datetime,2.34,48000,1,True,SVM_CLOSED_SET,TRAIN,,exp_svm_spk_0002
15632,dev/13ef4bc6f91b9d9231f18b93aaf7acfa.wav,validation,TRAIN,vi-VN,6537e43c008bb605430a302f,exp_svm_spk_0002,Female,29,ok google tweet dịch vụ ở nhà hàng hoa sứ rất tệ,ok google [media_type : tweet] dịch vụ ở nhà hàng hoa sứ rất tệ,['ok' 'google' 'tweet' 'dịch' 'vụ' 'ở' 'nhà' 'hàng' 'hoa' 'sứ' 'rất' 'tệ'],"['Other' 'Other' 'media_type' 'Other' 'Other' 'Other' 'Other' 'Other'
 'Other' 'Other' 'Other' 'Other']",47,social_post,social,3.54,48000,1,True,SVM_CLOSED_SET,TRAIN,,exp_svm_spk_0002
15193,dev/f9d35fb7408a17c1d8d4fb2bc2e6292f.wav,validation,TRAIN,vi-VN,6537e43c008bb605430a302f,exp_svm_spk_0002,Female,29,đăng một bài mới trên facebook thời gian để ăn mừng,đăng một bài mới trên [media_type : facebook] thời gian để ăn mừng,['đăng' 'một' 'bài' 'mới' 'trên' 'facebook' 'thời' 'gian' 'để' 'ăn' 'mừng'],"['Other' 'Other' 'Other' 'Other' 'Other' 'media_type' 'Other' 'Other'
 'Other' 'Other' 'Other']",47,social_post,social,3.0,48000,1,True,SVM_CLOSED_SET,TRAIN,,exp_svm_spk_0002
13271,dev/354fc3f1ca9964c61f5ba0de9baaa100.wav,validation,TRAIN,vi-VN,6537e43c008bb605430a302f,exp_svm_spk_0002,Female,29,quê nhà của mỹ tâm ở đâu,quê nhà của [person : mỹ tâm] ở đâu,['quê' 'nhà' 'của' 'mỹ' 'tâm' 'ở' 'đâu'],['Other' 'Other' 'Other' 'person' 'person' 'Other' 'Other'],49,qa_factoid,qa,2.22,48000,1,True,SVM_CLOSED_SET,TRAIN,,exp_svm_spk_0002
5604,dev/a94c00610f68b3347643d73a536c0562.wav,validation,TRAIN,vi-VN,6537e43c008bb605430a302f,exp_svm_spk_0002,Female,29,phát xáo trộn danh sách phát nhạc blue,[player_setting : phát xáo trộn] [playlist_name : danh sách phát nhạc blue],['phát' 'xáo' 'trộn' 'danh' 'sách' 'phát' 'nhạc' 'blue'],"['player_setting' 'player_setting' 'player_setting' 'playlist_name'
 'playlist_name' 'playlist_name' 'playlist_name' 'playlist_name']",45,play_music,play,2.16,48000,1,True,SVM_CLOSED_SET,TRAIN,,exp_svm_spk_0002
3464,dev/ac3191bdfd58acde9b4842314ca04efc.wav,validation,TRAIN,vi-VN,6537e43c008bb605430a302f,exp_svm_spk_0002,Female,29,làm ơn mở tất cả các đèn ngoài trời,làm ơn mở tất cả các đèn ngoài trời,['làm' 'ơn' 'mở' 'tất' 'cả' 'các' 'đèn' 'ngoài' 'trời'],['Other' 'Other' 'Other' 'Other' 'Other' 'Other' 'Other' 'Other' 'Other'],41,iot_hue_lighton,iot,2.58,48000,1,True,SVM_CLOSED_SET,TRAIN,,exp_svm_spk_0002
10186,dev/27b1710ea90ffc9e83c48285ec4f44a0.wav,validation,TRAIN,vi-VN,6537e43c008bb605430a302f,exp_svm_spk_0002,Female,29,tôi nên nướng ức gà trong bao lâu,tôi nên nướng [food_type : ức gà] trong bao lâu,['tôi' 'nên' 'nướng' 'ức' 'gà' 'trong' 'bao' 'lâu'],['Other' 'Other' 'Other' 'food_type' 'food_type' 'Other' 'Other' 'Other'],9,cooking_recipe,cooking,2.22,48000,1,True,SVM_CLOSED_SET,TRAIN,,exp_svm_spk_0002
12267,dev/9c302922f1ed4aa7d86889de8f3a56ec.wav,validation,TRAIN,vi-VN,6537e43c008bb605430a302f,exp_svm_spk_0002,Female,29,lịch trình gửi thư từ hội an đến huế là bao lâu,lịch trình gửi thư từ [place_name : hội an] đến [place_name : huế] là bao lâu,['lịch' 'trình' 'gửi' 'thư' 'từ' 'hội' 'an' 'đến' 'huế' 'là' 'bao' 'lâu'],"['Other' 'Other' 'Other' 'Other' 'Other' 'place_name' 'place_name' 'Other'
 'place_name' 'Other' 'Other' 'Other']",42,transport_query,transport,2.88,48000,1,True,SVM_CLOSED_SET,TRAIN,,exp_svm_spk_0002
13788,dev/1fcbfaa838c762d70832435d062b79c3.wav,validation,TRAIN,vi-VN,6537e43c008bb605430a302f,exp_svm_spk_0002,Female,29,độ cao trung bình của mỹ là gì,độ cao trung bình của mỹ là gì,['độ' 'cao' 'trung' 'bình' 'của' 'mỹ' 'là' 'gì'],['Other' 'Other' 'Other' 'Other' 'Other' 'Other' 'Other' 'Other'],49,qa_factoid,qa,1.68,48000,1,True,SVM_CLOSED_SET,TRAIN,,exp_svm_spk_0002
3865,dev/c587b2565b2e1567e741df36909986c9.wav,validation,TRAIN,vi-VN,6537e43c008bb605430a302f,exp_svm_spk_0002,Female,29,kết quả của hai trận đấu ucl đang diễn ra ngay bây giờ là bao nhiêu,kết quả của [news_topic : hai trận đấu ucl] đang diễn ra ngay bây giờ là bao nhiêu,"['kết' 'quả' 'của' 'hai' 'trận' 'đấu' 'ucl' 'đang' 'diễn' 'ra' 'ngay'
 'bây' 'giờ' 'là' 'bao' 'nhiêu']","['Other' 'Other' 'Other' 'news_topic' 'news_topic' 'news_topic'
 'news_topic' 'Other' 'Other' 'Other' 'Other' 'Other' 'Other' 'Other'
 'Other' 'Other']",22,news_query,news,4.2,48000,1,True,SVM_CLOSED_SET,TRAIN,,exp_svm_spk_0002
10412,dev/9470fe24d4764ca57c2fa75858ccdc2a.wav,validation,TRAIN,vi-VN,6537e43c008bb605430a302f,exp_svm_spk_0002,Female,29,hãy cùng chơi liên minh huyền thoại,hãy cùng chơi [game_name : liên minh huyền thoại],['hãy' 'cùng' 'chơi' 'liên' 'minh' 'huyền' 'thoại'],['Other' 'Other' 'Other' 'game_name' 'game_name' 'game_name' 'game_name'],51,play_game,play,1.62,48000,1,True,SVM_CLOSED_SET,TRAIN,,exp_svm_spk_0002
11169,dev/0c5682589cf9187bcdcc2e65b0a11406.wav,validation,TRAIN,vi-VN,6537e43c008bb605430a302f,exp_svm_spk_0002,Female,29,liệt kê những thứ có sẵn,liệt kê những thứ có sẵn,['liệt' 'kê' 'những' 'thứ' 'có' 'sẵn'],['Other' 'Other' 'Other' 'Other' 'Other' 'Other'],59,lists_query,lists,1.62,48000,1,True,SVM_CLOSED_SET,TRAIN,,exp_svm_spk_0002
5518,dev/8cd532e452e8eaee98e07d6a42796b09.wav,validation,TRAIN,vi-VN,6537e43c008bb605430a302f,exp_svm_spk_0002,Female,29,vặn các đèn phòng tắt,vặn các đèn [house_place : phòng] tắt,['vặn' 'các' 'đèn' 'phòng' 'tắt'],['Other' 'Other' 'Other' 'house_place' 'Other'],40,iot_hue_lightoff,iot,1.26,48000,1,True,SVM_CLOSED_SET,TRAIN,,exp_svm_spk_0002
7627,dev/c9d83b469eff7b718153df31fd387d92.wav,validation,TRAIN,vi-VN,6537e43c008bb605430a302f,exp_svm_spk_0002,Female,29,nhắc tôi làm bánh pizza vào sáng mai,nhắc tôi [event_name : làm bánh pizza] vào [timeofday : sáng] [date : mai],['nhắc' 'tôi' 'làm' 'bánh' 'pizza' 'vào' 'sáng' 'mai'],"['Other' 'Other' 'event_name' 'event_name' 'event_name' 'Other'
 'timeofday' 'date']",50,calendar_set,calendar,1.56,48000,1,True,SVM_CLOSED_SET,TRAIN,,exp_svm_spk_0002
4501,dev/4ea854c16d51ced5fb7ac720936c66dc.wav,validation,TRAIN,vi-VN,6537e43c008bb605430a302f,exp_svm_spk_0002,Female,29,tuần này có tuyết không,[date : tuần này] có tuyết không,['tuần' 'này' 'có' 'tuyết' 'không'],['date' 'date' 'Other' 'Other' 'Other'],13,weather_query,weather,2.76,48000,1,True,SVM_CLOSED_SET,TRAIN,,exp_svm_spk_0002
4810,dev/d5c04a1972b7a7bf65d5fc841e32b30f.wav,validation,TRAIN,vi-VN,6537e43c008bb605430a302f,exp_svm_spk_0002,Female,29,chuyển đổi múi giờ,chuyển đổi múi giờ,['chuyển' 'đổi' 'múi' 'giờ'],['Other' 'Other' 'Other' 'Other'],38,datetime_convert,datetime,1.5,48000,1,True,SVM_CLOSED_SET,TRAIN,,exp_svm_spk_0002
7373,dev/52363a1881f9e6d911f1b79320ea4919.wav,validation,TRAIN,vi-VN,6537e43c008bb605430a302f,exp_svm_spk_0002,Female,29,đám cưới được lên lịch vào lúc nào,[event_name : đám cưới] được lên lịch vào lúc nào,['đám' 'cưới' 'được' 'lên' 'lịch' 'vào' 'lúc' 'nào'],['event_name' 'event_name' 'Other' 'Other' 'Other' 'Other' 'Other' 'Other'],32,calendar_query,calendar,1.86,48000,1,True,SVM_CLOSED_SET,TRAIN,,exp_svm_spk_0002
12438,dev/b92b6d4aa512043125aa59bc3544e426.wav,validation,TRAIN,vi-VN,6537e43c008bb605430a302f,exp_svm_spk_0002,Female,29,thời gian tàu hỏa đi từ sài gòn đến phan thiết mất bao lau,thời gian [transport_type : tàu hỏa] đi từ [place_name : sài gòn] đến [place_name : phan thiết] mất bao lau,"['thời' 'gian' 'tàu' 'hỏa' 'đi' 'từ' 'sài' 'gòn' 'đến' 'phan' 'thiết'
 'mất' 'bao' 'lau']","['Other' 'Other' 'transport_type' 'transport_type' 'Other' 'Other'
 'place_name' 'place_name' 'Other' 'place_name' 'place_name' 'Other'
 'Other' 'Other']",42,transport_query,transport,2.7,48000,1,True,SVM_CLOSED_SET,TRAIN,,exp_svm_spk_0002
15471,dev/dc44943f6c99e87865239bb583a967d0.wav,validation,TRAIN,vi-VN,6537e43c008bb605430a302f,exp_svm_spk_0002,Female,29,viết khiếu nại cho thế giới di động về chiếc máy tính bảng tôi đã mua hôm nay,viết khiếu nại cho [business_name : thế giới di động] về chiếc máy tính bảng tôi đã mua [date : hôm nay],"['viết' 'khiếu' 'nại' 'cho' 'thế' 'giới' 'di' 'động' 'về' 'chiếc' 'máy'
 'tính' 'bảng' 'tôi' 'đã' 'mua' 'hôm' 'nay']","['Other' 'Other' 'Other' 'Other' 'business_name' 'business_name'
 'business_name' 'business_name' 'Other' 'Other' 'Other' 'Other' 'Other'
 'Other' 'Other' 'Other' 'date' 'date']",47,social_post,social,3.24,48000,1,True,SVM_CLOSED_SET,TRAIN,,exp_svm_spk_0002
15272,dev/a44a2eb0cd0b28122c01762f949bf5b2.wav,validation,TRAIN,vi-VN,6537e43c008bb605430a302f,exp_svm_spk_0002,Female,29,bạn có thể cho tôi biết điều gì đã xảy ra với mạng xã hội của tôi không,bạn có thể cho tôi biết điều gì đã xảy ra với mạng xã hội của tôi không,"['bạn' 'có' 'thể' 'cho' 'tôi' 'biết' 'điều' 'gì' 'đã' 'xảy' 'ra' 'với'
 'mạng' 'xã' 'hội' 'của' 'tôi' 'không']","['Other' 'Other' 'Other' 'Other' 'Other' 'Other' 'Other' 'Other' 'Other'
 'Other' 'Other' 'Other' 'Other' 'Other' 'Other' 'Other' 'Other' 'Other']",27,social_query,social,4.38,48000,1,True,SVM_CLOSED_SET,TRAIN,,exp_svm_spk_0002
5690,dev/34c59772944f4a2b4d056ca9bf4fbdbb.wav,validation,TRAIN,vi-VN,6537e43c008bb605430a302f,exp_svm_spk_0002,Female,29,sơn tùng,[artist_name : sơn tùng],['sơn' 'tùng'],['artist_name' 'artist_name'],45,play_music,play,1.2,48000,1,True,SVM_CLOSED_SET,TRAIN,,exp_svm_spk_0002
112,dev/2972bc37e5e0c38eb51c94859b22b1f8.wav,validation,TRAIN,vi-VN,6537e43c008bb605430a302f,exp_svm_spk_0002,Female,29,phát một vài mỹ tâm,phát một vài [artist_name : mỹ tâm],['phát' 'một' 'vài' 'mỹ' 'tâm'],['Other' 'Other' 'Other' 'artist_name' 'artist_name'],45,play_music,play,1.32,48000,1,True,SVM_CLOSED_SET,TRAIN,,exp_svm_spk_0002
11332,dev/ad5d7e5aed529d4159a4dfa361c7d53c.wav,validation,TRAIN,vi-VN,6537e43c008bb605430a302f,exp_svm_spk_0002,Female,29,tìm và tạo một danh sách phát của tệp dancing mới nhất,tìm và tạo một danh sách phát của tệp dancing mới nhất,"['tìm' 'và' 'tạo' 'một' 'danh' 'sách' 'phát' 'của' 'tệp' 'dancing' 'mới'
 'nhất']","['Other' 'Other' 'Other' 'Other' 'Other' 'Other' 'Other' 'Other' 'Other'
 'Other' 'Other' 'Other']",45,play_music,play,2.7,48000,1,True,SVM_CLOSED_SET,TRAIN,,exp_svm_spk_0002
11699,dev/552d51167470bd5888c38460601fafe7.wav,validation,TRAIN,vi-VN,6537e43c008bb605430a302f,exp_svm_spk_0002,Female,29,chỉ cho tôi một vài nhà hàng gần với địa điểm của tôinhất,chỉ cho tôi một vài [business_type : nhà hàng] gần với địa điểm của tôinhất,"['chỉ' 'cho' 'tôi' 'một' 'vài' 'nhà' 'hàng' 'gần' 'với' 'địa'
 'điểm' 'của' 'tôinhất']","['Other' 'Other' 'Other' 'Other' 'Other' 'business_type' 'business_type'
 'Other' 'Other' 'Other' 'Other' 'Other' 'Other']",19,recommendation_locations,recommendation,3.36,48000,1,True,SVM_CLOSED_SET,TRAIN,,exp_svm_spk_0002
13038,dev/40f4f7af48667d9abaeaaeb048c1f85e.wav,validation,TRAIN,vi-VN,6537e43c008bb605430a302f,exp_svm_spk_0002,Female,29,nói cho tôi biết điều gì sẽ xảy ra khi chúng ta chết,nói cho tôi biết điều gì sẽ xảy ra khi chúng ta chết,"['nói' 'cho' 'tôi' 'biết' 'điều' 'gì' 'sẽ' 'xảy' 'ra' 'khi' 'chúng' 'ta'
 'chết']","['Other' 'Other' 'Other' 'Other' 'Other' 'Other' 'Other' 'Other' 'Other'
 'Other' 'Other' 'Other' 'Other']",12,general_quirky,general,3.84,48000,1,True,SVM_CLOSED_SET,TRAIN,,exp_svm_spk_0002
9778,dev/03bdfd553c49cc24c70191d2c3efb994.wav,validation,TRAIN,vi-VN,6537e43c008bb605430a302f,exp_svm_spk_0002,Female,29,phát tam quốc diễn nghĩa,phát [audiobook_name : tam quốc diễn nghĩa],['phát' 'tam' 'quốc' 'diễn' 'nghĩa'],"['Other' 'audiobook_name' 'audiobook_name' 'audiobook_name'
 'audiobook_name']",20,play_audiobook,play,1.62,48000,1,True,SVM_CLOSED_SET,TRAIN,,exp_svm_spk_0002
10526,dev/35e5ccdfaab4c81e946d45a4a2350497.wav,validation,TRAIN,vi-VN,6537e43c008bb605430a302f,exp_svm_spk_0002,Female,29,vui lòng xóa một danh sách,vui lòng xóa một danh sách,['vui' 'lòng' 'xóa' 'một' 'danh' 'sách'],['Other' 'Other' 'Other' 'Other' 'Other' 'Other'],53,lists_remove,lists,1.32,48000,1,True,SVM_CLOSED_SET,TRAIN,,exp_svm_spk_0002
16303,dev/922a877f00a2d6e2392379f43abeb39c.wav,validation,TRAIN,vi-VN,6537e43c008bb605430a302f,exp_svm_spk_0002,Female,29,bạn có thể kiểm tra xem tôi có bất kỳ thông báo email nào gần đây không,bạn có thể kiểm tra xem tôi có bất kỳ thông báo email nào gần đây không,"['bạn' 'có' 'thể' 'kiểm' 'tra' 'xem' 'tôi' 'có' 'bất' 'kỳ' 'thông' 'báo'
 'email' 'nào' 'gần' 'đây' 'không']","['Other' 'Other' 'Other' 'Other' 'Other' 'Other' 'Other' 'Other' 'Other'
 'Other' 'Other' 'Other' 'Other' 'Other' 'Other' 'Other' 'Other']",44,email_query,email,5.1,48000,1,True,SVM_CLOSED_SET,TRAIN,,exp_svm_spk_0002
16249,dev/fd603aa0594d7333594a61238b1a780d.wav,validation,TRAIN,vi-VN,6537e43c008bb605430a302f,exp_svm_spk_0002,Female,29,thông báo nếu tôi nhận được email nào trong tài khoản email,thông báo nếu tôi nhận được email nào trong tài khoản email,"['thông' 'báo' 'nếu' 'tôi' 'nhận' 'được' 'email' 'nào' 'trong' 'tài'
 'khoản' 'email']","['Other' 'Other' 'Other' 'Other' 'Other' 'Other' 'Other' 'Other' 'Other'
 'Other' 'Other' 'Other']",44,email_query,email,3.42,48000,1,True,SVM_CLOSED_SET,TRAIN,,exp_svm_spk_0002
13063,dev/0ea6d2a9a447e23cb331e38933b14b91.wav,validation,TRAIN,vi-VN,6537e43c008bb605430a302f,exp_svm_spk_0002,Female,29,đặt một buổi hẹn hò cho chỉ tôi và bạn,đặt một buổi hẹn hò cho chỉ tôi và bạn,['đặt' 'một' 'buổi' 'hẹn' 'hò' 'cho' 'chỉ' 'tôi' 'và' 'bạn'],"['Other' 'Other' 'Other' 'Other' 'Other' 'Other' 'Other' 'Other' 'Other'
 'Other']",12,general_quirky,general,2.58,48000,1,True,SVM_CLOSED_SET,TRAIN,,exp_svm_spk_0002
5064,dev/6b8043a4c5701fe734a064c89360a778.wav,validation,TRAIN,vi-VN,6537e43c008bb605430a302f,exp_svm_spk_0002,Female,29,thay màu từ sáng sang tối,thay màu từ [color_type : sáng] sang [color_type : tối],['thay' 'màu' 'từ' 'sáng' 'sang' 'tối'],['Other' 'Other' 'Other' 'color_type' 'Other' 'color_type'],1,iot_hue_lightchange,iot,2.16,48000,1,True,SVM_CLOSED_SET,TRAIN,,exp_svm_spk_0002
6603,dev/379c4cc91bfaa6c2180a484f00f27b9f.wav,validation,TRAIN,vi-VN,6537e43c008bb605430a302f,exp_svm_spk_0002,Female,29,mức độ sưởi ấm vào những thời điểm nào ở cầu giấy,mức độ sưởi ấm vào những thời điểm nào ở [place_name : cầu giấy],['mức' 'độ' 'sưởi' 'ấm' 'vào' 'những' 'thời' 'điểm' 'nào' 'ở' 'cầu' 'giấy'],"['Other' 'Other' 'Other' 'Other' 'Other' 'Other' 'Other' 'Other' 'Other'
 'Other' 'place_name' 'place_name']",12,general_quirky,general,3.9,48000,1,True,SVM_CLOSED_SET,TRAIN,,exp_svm_spk_0002
2621,dev/9c1bb84bed652be018e2abcabc5ac1ca.wav,validation,TRAIN,vi-VN,6537e43c008bb605430a302f,exp_svm_spk_0002,Female,29,bắt đầu máy hút bụi bây giờ,bắt đầu [device_type : máy hút bụi] bây giờ,['bắt' 'đầu' 'máy' 'hút' 'bụi' 'bây' 'giờ'],['Other' 'Other' 'device_type' 'device_type' 'device_type' 'Other' 'Other'],34,iot_cleaning,iot,1.98,48000,1,True,SVM_CLOSED_SET,TRAIN,,exp_svm_spk_0002
11079,dev/c80d944d4f34fe13a6a5f51ef3d0d7d1.wav,validation,TRAIN,vi-VN,6537e43c008bb605430a302f,exp_svm_spk_0002,Female,29,xóa một danh sách,xóa một danh sách,['xóa' 'một' 'danh' 'sách'],['Other' 'Other' 'Other' 'Other'],53,lists_remove,lists,2.52,48000,1,True,SVM_CLOSED_SET,TRAIN,,exp_svm_spk_0002
16214,dev/d0fa934a4b0ab328e4c553450de7802a.wav,validation,TRAIN,vi-VN,6537e43c008bb605430a302f,exp_svm_spk_0002,Female,29,ai đã gửi thư điện tử cho tôi gần đây và những chủ đề của từng thư điện tử,ai đã gửi thư điện tử cho tôi gần đây và những chủ đề của từng thư điện tử,"['ai' 'đã' 'gửi' 'thư' 'điện' 'tử' 'cho' 'tôi' 'gần' 'đây' 'và' 'những'
 'chủ' 'đề' 'của' 'từng' 'thư' 'điện' 'tử']","['Other' 'Other' 'Other' 'Other' 'Other' 'Other' 'Other' 'Other' 'Other'
 'Other' 'Other' 'Other' 'Other' 'Other' 'Other' 'Other' 'Other' 'Other'
 'Other']",44,email_query,email,3.72,48000,1,True,SVM_CLOSED_SET,TRAIN,,exp_svm_spk_0002
5968,dev/8682a0170d515c07db011ffbf7527466.wav,validation,TRAIN,vi-VN,6537e43c008bb605430a302f,exp_svm_spk_0002,Female,29,tôi muốn đặt đồ ăn,tôi muốn đặt đồ ăn,['tôi' 'muốn' 'đặt' 'đồ' 'ăn'],['Other' 'Other' 'Other' 'Other' 'Other'],16,takeaway_order,takeaway,1.32,48000,1,True,SVM_CLOSED_SET,TRAIN,,exp_svm_spk_0002
12096,dev/e9c6230a5a37abca6152a7d25d8d3e2c.wav,validation,TRAIN,vi-VN,6537e43c008bb605430a302f,exp_svm_spk_0002,Female,29,có gì hot ở khu vực xung quanh,có gì hot ở [place_name : khu vực xung quanh],['có' 'gì' 'hot' 'ở' 'khu' 'vực' 'xung' 'quanh'],"['Other' 'Other' 'Other' 'Other' 'place_name' 'place_name' 'place_name'
 'place_name']",6,recommendation_events,recommendation,2.46,48000,1,True,SVM_CLOSED_SET,TRAIN,,exp_svm_spk_0002
10351,dev/4ffd656941e0ccc4bc94c4855118db03.wav,validation,TRAIN,vi-VN,6537e43c008bb605430a302f,exp_svm_spk_0002,Female,29,mở papa pear saga,mở [game_name : papa pear saga],['mở' 'papa' 'pear' 'saga'],['Other' 'game_name' 'game_name' 'game_name'],51,play_game,play,1.44,48000,1,True,SVM_CLOSED_SET,TRAIN,,exp_svm_spk_0002
15562,dev/370ce4733dfa82a3adb66d7b2ce4ba4c.wav,validation,TRAIN,vi-VN,6537e43c008bb605430a302f,exp_svm_spk_0002,Female,29,giải quyết tình huống,giải quyết tình huống,['giải' 'quyết' 'tình' 'huống'],['Other' 'Other' 'Other' 'Other'],12,general_quirky,general,1.44,48000,1,True,SVM_CLOSED_SET,TRAIN,,exp_svm_spk_0002
14527,dev/e58e5f5070bb5adcd75ec9ef8dfe2c03.wav,validation,TRAIN,vi-VN,6537e43c008bb605430a302f,exp_svm_spk_0002,Female,29,tỷ giá hối đoái tôi sẽ nhận được với ngoại tệ,tỷ giá hối đoái tôi sẽ nhận được với ngoại tệ,['tỷ' 'giá' 'hối' 'đoái' 'tôi' 'sẽ' 'nhận' 'được' 'với' 'ngoại' 'tệ'],"['Other' 'Other' 'Other' 'Other' 'Other' 'Other' 'Other' 'Other' 'Other'
 'Other' 'Other']",10,qa_currency,qa,2.7,48000,1,True,SVM_CLOSED_SET,TRAIN,,exp_svm_spk_0002
803,dev/20f6ccf0220e0e9726e4830cafc87edd.wav,validation,TRAIN,vi-VN,6537e43c008bb605430a302f,exp_svm_spk_0002,Female,29,này olly tắt tiếng loa,này olly tắt tiếng loa,['này' 'olly' 'tắt' 'tiếng' 'loa'],['Other' 'Other' 'Other' 'Other' 'Other'],46,audio_volume_mute,audio,1.56,48000,1,True,SVM_CLOSED_SET,TRAIN,,exp_svm_spk_0002
6482,dev/b6f513953904fe29c775ebd763a63080.wav,validation,TRAIN,vi-VN,6537e43c008bb605430a302f,exp_svm_spk_0002,Female,29,olly hôm nay tôi bị tông xe,olly [date : hôm nay] tôi bị tông xe,['olly' 'hôm' 'nay' 'tôi' 'bị' 'tông' 'xe'],['Other' 'date' 'date' 'Other' 'Other' 'Other' 'Other'],12,general_quirky,general,2.4,48000,1,True,SVM_CLOSED_SET,TRAIN,,exp_svm_spk_0002
12178,dev/aceda0483790ee0183937e68d94a574c.wav,validation,TRAIN,vi-VN,6537e43c008bb605430a302f,exp_svm_spk_0002,Female,29,tình hình giao thông như thế nào bây giờ trên đường trần duy hưng,tình hình giao thông như thế nào bây giờ trên [place_name : đường trần duy hưng],"['tình' 'hình' 'giao' 'thông' 'như' 'thế' 'nào' 'bây' 'giờ' 'trên' 'đường'
 'trần' 'duy' 'hưng']","['Other' 'Other' 'Other' 'Other' 'Other' 'Other' 'Other' 'Other' 'Other'
 'Other' 'place_name' 'place_name' 'place_name' 'place_name']",11,transport_traffic,transport,2.7,48000,1,True,SVM_CLOSED_SET,TRAIN,,exp_svm_spk_0002
15695,dev/b6acca639d36f92ee7d928e705677638.wav,validation,TRAIN,vi-VN,6537e43c008bb605430a302f,exp_svm_spk_0002,Female,29,tweet dịch vụ chăm sóc khách hàng rằng tôi rất thất vọng với tương tác gần đây của mình,[media_type : tweet] dịch vụ [business_name : chăm sóc khách hàng] rằng tôi rất thất vọng với tương tác gần đây của mình,"['tweet' 'dịch' 'vụ' 'chăm' 'sóc' 'khách' 'hàng' 'rằng' 'tôi' 'rất' 'thất'
 'vọng' 'với' 'tương' 'tác' 'gần' 'đây' 'của' 'mình']","['media_type' 'Other' 'Other' 'business_name' 'business_name'
 'business_name' 'business_name' 'Other' 'Other' 'Other' 'Other' 'Other'
 'Other' 'Other' 'Other' 'Other' 'Other' 'Other' 'Other']",47,social_post,social,4.08,48000,1,True,SVM_CLOSED_SET,TRAIN,,exp_svm_spk_0002
12764,dev/0463be426037f7d5b82c2c66cc020a67.wav,validation,TRAIN,vi-VN,6537e43c008bb605430a302f,exp_svm_spk_0002,Female,29,đặt một vé tàu đến,đặt một vé [transport_type : tàu] đến,['đặt' 'một' 'vé' 'tàu' 'đến'],['Other' 'Other' 'Other' 'transport_type' 'Other'],2,transport_ticket,transport,1.32,48000,1,True,SVM_CLOSED_SET,TRAIN,,exp_svm_spk_0002
10374,dev/5205aa98636baee3f94d2027d3d08291.wav,validation,TRAIN,vi-VN,6537e43c008bb605430a302f,exp_svm_spk_0002,Female,29,chơi cờ với tôi,chơi [game_name : cờ] với tôi,['chơi' 'cờ' 'với' 'tôi'],['Other' 'game_name' 'Other' 'Other'],51,play_game,play,1.5,48000,1,True,SVM_CLOSED_SET,TRAIN,,exp_svm_spk_0002
10973,dev/e22f2a5c2fe70f3021cc25c66db6498c.wav,validation,TRAIN,vi-VN,6537e43c008bb605430a302f,exp_svm_spk_0002,Female,29,tạo một danh sách mới cho đồ dùng học tập,tạo một danh sách mới cho [list_name : đồ dùng học tập],['tạo' 'một' 'danh' 'sách' 'mới' 'cho' 'đồ' 'dùng' 'học' 'tập'],"['Other' 'Other' 'Other' 'Other' 'Other' 'Other' 'list_name' 'list_name'
 'list_name' 'list_name']",21,lists_createoradd,lists,1.98,48000,1,True,SVM_CLOSED_SET,TRAIN,,exp_svm_spk_0002
1210,dev/ebcd0622f6be8b3444e5d3d292dccf9a.wav,validation,TRAIN,vi-VN,6537e43c008bb605430a302f,exp_svm_spk_0002,Female,29,đặt một bữa ăn ở một nhà hàng ngon,đặt một bữa ăn ở một [business_type : nhà hàng] ngon,['đặt' 'một' 'bữa' 'ăn' 'ở' 'một' 'nhà' 'hàng' 'ngon'],"['Other' 'Other' 'Other' 'Other' 'Other' 'Other' 'business_type'
 'business_type' 'Other']",16,takeaway_order,takeaway,1.86,48000,1,True,SVM_CLOSED_SET,TRAIN,,exp_svm_spk_0002
12144,dev/0d25eadfd6564d3f4c48d87b4d87f7f0.wav,validation,TRAIN,vi-VN,6537e43c008bb605430a302f,exp_svm_spk_0002,Female,29,tôi sẽ đến chinatown trong nửa tiếng nữa đặt một chiếc uber cho tôi,tôi sẽ đến [place_name : chinatown] trong [time : nửa tiếng] nữa đặt một chiếc [transport_agency : uber] cho tôi,"['tôi' 'sẽ' 'đến' 'chinatown' 'trong' 'nửa' 'tiếng' 'nữa' 'đặt' 'một'
 'chiếc' 'uber' 'cho' 'tôi']","['Other' 'Other' 'Other' 'place_name' 'Other' 'time' 'time' 'Other'
 'Other' 'Other' 'Other' 'transport_agency' 'Other' 'Other']",54,transport_taxi,transport,3.48,48000,1,True,SVM_CLOSED_SET,TRAIN,,exp_svm_spk_0002
8755,dev/4e25bbd2ed80ece150ab32e43aeacd6a.wav,validation,TRAIN,vi-VN,6537e43c008bb605430a302f,exp_svm_spk_0002,Female,29,bạn có thể vui lòng thêm đặt bữa tối của tôi vào lịch không,bạn có thể vui lòng thêm [event_name : đặt bữa tối] của tôi vào lịch không,"['bạn' 'có' 'thể' 'vui' 'lòng' 'thêm' 'đặt' 'bữa' 'tối' 'của' 'tôi' 'vào'
 'lịch' 'không']","['Other' 'Other' 'Other' 'Other' 'Other' 'Other' 'event_name' 'event_name'
 'event_name' 'Other' 'Other' 'Other' 'Other' 'Other']",50,calendar_set,calendar,3.3,48000,1,True,SVM_CLOSED_SET,TRAIN,,exp_svm_spk_0002
15030,dev/1e030c29eb61413ba2a8d8745f52129f.wav,validation,TRAIN,vi-VN,6537e43c008bb605430a302f,exp_svm_spk_0002,Female,29,olly định nghĩa từ snafu,olly định nghĩa từ [definition_word : snafu],['olly' 'định' 'nghĩa' 'từ' 'snafu'],['Other' 'Other' 'Other' 'Other' 'definition_word'],26,qa_definition,qa,2.82,48000,1,True,SVM_CLOSED_SET,TRAIN,,exp_svm_spk_0002
12408,dev/36b454c94606b1c8631790f166749040.wav,validation,TRAIN,vi-VN,6537e43c008bb605430a302f,exp_svm_spk_0002,Female,29,đường gần nhất đến thế giới di động,đường gần nhất đến [business_name : thế giới di động],['đường' 'gần' 'nhất' 'đến' 'thế' 'giới' 'di' 'động'],"['Other' 'Other' 'Other' 'Other' 'business_name' 'business_name'
 'business_name' 'business_name']",42,transport_query,transport,2.1,48000,1,True,SVM_CLOSED_SET,TRAIN,,exp_svm_spk_0002
13861,dev/86395ac818176579badb406deed52067.wav,validation,TRAIN,vi-VN,6537e43c008bb605430a302f,exp_svm_spk_0002,Female,29,vui lòng chỉ cho tôi tỷ giá hối đoái giữa đồng đô la và đồng yên,vui lòng chỉ cho tôi tỷ giá hối đoái giữa [currency_name : đồng đô la] và [currency_name : đồng yên],"['vui' 'lòng' 'chỉ' 'cho' 'tôi' 'tỷ' 'giá' 'hối' 'đoái' 'giữa' 'đồng' 'đô'
 'la' 'và' 'đồng' 'yên']","['Other' 'Other' 'Other' 'Other' 'Other' 'Other' 'Other' 'Other' 'Other'
 'Other' 'currency_name' 'currency_name' 'currency_name' 'Other'
 'currency_name' 'currency_name']",10,qa_currency,qa,3.78,48000,1,True,SVM_CLOSED_SET,TRAIN,,exp_svm_spk_0002
15301,dev/33ed3639a47bf6f89bdf52cfd0c9a68d.wav,validation,TRAIN,vi-VN,6537e43c008bb605430a302f,exp_svm_spk_0002,Female,29,xu hướng mạng xã hội,xu hướng mạng xã hội,['xu' 'hướng' 'mạng' 'xã' 'hội'],['Other' 'Other' 'Other' 'Other' 'Other'],27,social_query,social,1.5,48000,1,True,SVM_CLOSED_SET,TRAIN,,exp_svm_spk_0002
11583,dev/278824d103ba21d13757d069f38497c5.wav,validation,TRAIN,vi-VN,6537e43c008bb605430a302f,exp_svm_spk_0002,Female,29,những bộ phim mới nào được chiếu tại các rạp chiếu phim trong tuần này,những bộ phim mới nào được chiếu tại các rạp chiếu phim trong [date : tuần này],"['những' 'bộ' 'phim' 'mới' 'nào' 'được' 'chiếu' 'tại' 'các' 'rạp' 'chiếu'
 'phim' 'trong' 'tuần' 'này']","['Other' 'Other' 'Other' 'Other' 'Other' 'Other' 'Other' 'Other' 'Other'
 'Other' 'Other' 'Other' 'Other' 'date' 'date']",55,recommendation_movies,recommendation,3.96,48000,1,True,SVM_CLOSED_SET,TRAIN,,exp_svm_spk_0002
1327,dev/81ea6cd70c3c4b84de8208848e94d3e9.wav,validation,TRAIN,vi-VN,6537e43c008bb605430a302f,exp_svm_spk_0002,Female,29,thời tiết hôm nay thế nào,thời tiết [date : hôm nay] thế nào,['thời' 'tiết' 'hôm' 'nay' 'thế' 'nào'],['Other' 'Other' 'date' 'date' 'Other' 'Other'],13,weather_query,weather,1.56,48000,1,True,SVM_CLOSED_SET,TRAIN,,exp_svm_spk_0002
1016,dev/7507c6d74557e1b1721be03526e549e3.wav,validation,TRAIN,vi-VN,6537e43c008bb605430a302f,exp_svm_spk_0002,Female,29,có những tiêu đề nào ở kênh mười bốn,có những tiêu đề nào ở [media_type : kênh mười bốn],['có' 'những' 'tiêu' 'đề' 'nào' 'ở' 'kênh' 'mười' 'bốn'],"['Other' 'Other' 'Other' 'Other' 'Other' 'Other' 'media_type' 'media_type'
 'media_type']",22,news_query,news,3.36,48000,1,True,SVM_CLOSED_SET,TRAIN,,exp_svm_spk_0002
8863,dev/04e098a22ca185c657fee77d1a888ce9.wav,validation,TRAIN,vi-VN,6537e43c008bb605430a302f,exp_svm_spk_0002,Female,29,hãy hóa toàn bộ nhắc nhở ngày chủ nhật,hãy hóa toàn bộ nhắc nhở [date : ngày chủ nhật],['hãy' 'hóa' 'toàn' 'bộ' 'nhắc' 'nhở' 'ngày' 'chủ' 'nhật'],['Other' 'Other' 'Other' 'Other' 'Other' 'Other' 'date' 'date' 'date'],30,calendar_remove,calendar,2.76,48000,1,True,SVM_CLOSED_SET,TRAIN,,exp_svm_spk_0002
15388,dev/a802b304f08bbf52fce4007bb9edeb04.wav,validation,TRAIN,vi-VN,6537e43c008bb605430a302f,exp_svm_spk_0002,Female,29,nói với nhóm facebook của tôi rằng tôi đã đến,nói với nhóm [media_type : facebook] của tôi rằng tôi đã đến,['nói' 'với' 'nhóm' 'facebook' 'của' 'tôi' 'rằng' 'tôi' 'đã' 'đến'],"['Other' 'Other' 'Other' 'media_type' 'Other' 'Other' 'Other' 'Other'
 'Other' 'Other']",47,social_post,social,2.58,48000,1,True,SVM_CLOSED_SET,TRAIN,,exp_svm_spk_0002
10162,dev/ac918fc8e7d7ae3cc5d7c0d1a0a2c737.wav,validation,TRAIN,vi-VN,6537e43c008bb605430a302f,exp_svm_spk_0002,Female,29,cho biết một công thức làm thịt gà tây viên,cho biết một công thức làm [food_type : thịt gà tây viên],['cho' 'biết' 'một' 'công' 'thức' 'làm' 'thịt' 'gà' 'tây' 'viên'],"['Other' 'Other' 'Other' 'Other' 'Other' 'Other' 'food_type' 'food_type'
 'food_type' 'food_type']",9,cooking_recipe,cooking,2.04,48000,1,True,SVM_CLOSED_SET,TRAIN,,exp_svm_spk_0002
6985,dev/34fbe78f54e33a984c2f1c45660b15de.wav,validation,TRAIN,vi-VN,6537e43c008bb605430a302f,exp_svm_spk_0002,Female,29,lịch trình chiều mai của tôi là gì,lịch trình [timeofday : chiều] [date : mai] của tôi là gì,['lịch' 'trình' 'chiều' 'mai' 'của' 'tôi' 'là' 'gì'],['Other' 'Other' 'timeofday' 'date' 'Other' 'Other' 'Other' 'Other'],32,calendar_query,calendar,2.28,48000,1,True,SVM_CLOSED_SET,TRAIN,,exp_svm_spk_0002
15245,dev/b8fb575f518cdea508a378047a188431.wav,validation,TRAIN,vi-VN,6537e43c008bb605430a302f,exp_svm_spk_0002,Female,29,vui lòng gửi đến vũ,vui lòng gửi đến [person : vũ],['vui' 'lòng' 'gửi' 'đến' 'vũ'],['Other' 'Other' 'Other' 'Other' 'person'],47,social_post,social,1.56,48000,1,True,SVM_CLOSED_SET,TRAIN,,exp_svm_spk_0002
6841,dev/4edc1cccd8bd8f040360263d9d4fbbaf.wav,validation,TRAIN,vi-VN,6537e43c008bb605430a302f,exp_svm_spk_0002,Female,29,tôi có bất kỳ cuộc họp nào ngày mai vào chín giờ tối không,tôi có bất kỳ [event_name : cuộc họp] nào [date : ngày mai] vào [time : chín giờ tối] không,"['tôi' 'có' 'bất' 'kỳ' 'cuộc' 'họp' 'nào' 'ngày' 'mai' 'vào' 'chín' 'giờ'
 'tối' 'không']","['Other' 'Other' 'Other' 'Other' 'event_name' 'event_name' 'Other' 'date'
 'date' 'Other' 'time' 'time' 'time' 'Other']",32,calendar_query,calendar,3.3,48000,1,True,SVM_CLOSED_SET,TRAIN,,exp_svm_spk_0002
2563,dev/21af79e7949574592db2808aac42faf2.wav,validation,TRAIN,vi-VN,6537e43c008bb605430a302f,exp_svm_spk_0002,Female,29,cài báo thức buổi sáng ngày mai lúc tám giờ,cài báo thức [timeofday : buổi sáng] [date : ngày mai] lúc [time : tám giờ],['cài' 'báo' 'thức' 'buổi' 'sáng' 'ngày' 'mai' 'lúc' 'tám' 'giờ'],"['Other' 'Other' 'Other' 'timeofday' 'timeofday' 'date' 'date' 'Other'
 'time' 'time']",48,alarm_set,alarm,2.04,48000,1,True,SVM_CLOSED_SET,TRAIN,,exp_svm_spk_0002
11119,dev/cf7d20430579e191a2287e95ada17ff6.wav,validation,TRAIN,vi-VN,6537e43c008bb605430a302f,exp_svm_spk_0002,Female,29,tôi có thể xem danh sách của tôi không,tôi có thể xem danh sách của tôi không,['tôi' 'có' 'thể' 'xem' 'danh' 'sách' 'của' 'tôi' 'không'],['Other' 'Other' 'Other' 'Other' 'Other' 'Other' 'Other' 'Other' 'Other'],59,lists_query,lists,1.74,48000,1,True,SVM_CLOSED_SET,TRAIN,,exp_svm_spk_0002
2518,dev/1314e6bc7814d79ead0a15774033d6e1.wav,validation,TRAIN,vi-VN,6537e43c008bb605430a302f,exp_svm_spk_0002,Female,29,này olly làm thế nào để khởi động robot hút bụi,này olly làm thế nào để khởi động [device_type : robot hút bụi],['này' 'olly' 'làm' 'thế' 'nào' 'để' 'khởi' 'động' 'robot' 'hút' 'bụi'],"['Other' 'Other' 'Other' 'Other' 'Other' 'Other' 'Other' 'Other'
 'device_type' 'device_type' 'device_type']",34,iot_cleaning,iot,3.18,48000,1,True,SVM_CLOSED_SET,TRAIN,,exp_svm_spk_0002
8938,dev/07635402ddcf64688052dc1f24bff821.wav,validation,TRAIN,vi-VN,6537e43c008bb605430a302f,exp_svm_spk_0002,Female,29,kỷ niệm ngày cưới của john,[event_name : kỷ niệm ngày cưới] của [person : john],['kỷ' 'niệm' 'ngày' 'cưới' 'của' 'john'],['event_name' 'event_name' 'event_name' 'event_name' 'Other' 'person'],50,calendar_set,calendar,1.44,48000,1,True,SVM_CLOSED_SET,TRAIN,,exp_svm_spk_0002
4632,dev/8fb5f1b52ddb04ced2eb8b578788c10a.wav,validation,TRAIN,vi-VN,6537e43c008bb605430a302f,exp_svm_spk_0002,Female,29,làm ơn tắt các đèn phòng ngủ,làm ơn tắt các đèn [house_place : phòng ngủ],['làm' 'ơn' 'tắt' 'các' 'đèn' 'phòng' 'ngủ'],['Other' 'Other' 'Other' 'Other' 'Other' 'house_place' 'house_place'],40,iot_hue_lightoff,iot,2.64,48000,1,True,SVM_CLOSED_SET,TRAIN,,exp_svm_spk_0002
4892,dev/fa445ff1a29b9bb9419837629e7a3232.wav,validation,TRAIN,vi-VN,6537e43c008bb605430a302f,exp_svm_spk_0002,Female,29,điều chỉnh một vài bài nhạc,điều chỉnh một vài bài nhạc,['điều' 'chỉnh' 'một' 'vài' 'bài' 'nhạc'],['Other' 'Other' 'Other' 'Other' 'Other' 'Other'],45,play_music,play,2.04,48000,1,True,SVM_CLOSED_SET,TRAIN,,exp_svm_spk_0002
10037,dev/34a5b7e78f318ddaa29460a7f78e7591.wav,validation,TRAIN,vi-VN,6537e43c008bb605430a302f,exp_svm_spk_0002,Female,29,cho tôi biết ý tưởng nấu ăn ngon nhất,cho tôi biết ý tưởng nấu ăn ngon nhất,['cho' 'tôi' 'biết' 'ý' 'tưởng' 'nấu' 'ăn' 'ngon' 'nhất'],['Other' 'Other' 'Other' 'Other' 'Other' 'Other' 'Other' 'Other' 'Other'],9,cooking_recipe,cooking,2.1,48000,1,True,SVM_CLOSED_SET,TRAIN,,exp_svm_spk_0002
3463,dev/ea6db345a19b084673e8a8db2c60b7fa.wav,validation,TRAIN,vi-VN,6537e43c008bb605430a302f,exp_svm_spk_0002,Female,29,tôi muốn một báo thức lúc bảy giờ sáng ngày mai,tôi muốn một báo thức lúc [time : bảy giờ sáng] [date : ngày mai],['tôi' 'muốn' 'một' 'báo' 'thức' 'lúc' 'bảy' 'giờ' 'sáng' 'ngày' 'mai'],"['Other' 'Other' 'Other' 'Other' 'Other' 'Other' 'time' 'time' 'time'
 'date' 'date']",48,alarm_set,alarm,2.7,48000,1,True,SVM_CLOSED_SET,TRAIN,,exp_svm_spk_0002
11372,dev/3c657577a3616c9916f24fc51e6e8743.wav,validation,TRAIN,vi-VN,6537e43c008bb605430a302f,exp_svm_spk_0002,Female,29,mục ưa thích,mục ưa thích,['mục' 'ưa' 'thích'],['Other' 'Other' 'Other'],58,play_podcasts,play,1.08,48000,1,True,SVM_CLOSED_SET,TRAIN,,exp_svm_spk_0002
15319,dev/5a1c6cf3a3b6d69d97c84a78113c2fc9.wav,validation,TRAIN,vi-VN,6537e43c008bb605430a302f,exp_svm_spk_0002,Female,29,tweet mới,[media_type : tweet] mới,['tweet' 'mới'],['media_type' 'Other'],47,social_post,social,0.72,48000,1,True,SVM_CLOSED_SET,TRAIN,,exp_svm_spk_0002
12886,dev/95318ebb954d7ca83b551b1790fd2e55.wav,validation,TRAIN,vi-VN,6537e43c008bb605430a302f,exp_svm_spk_0002,Female,29,đặt vé tàu hỏa đi sài gòn,đặt vé [transport_type : tàu hỏa] đi [place_name : sài gòn],['đặt' 'vé' 'tàu' 'hỏa' 'đi' 'sài' 'gòn'],"['Other' 'Other' 'transport_type' 'transport_type' 'Other' 'place_name'
 'place_name']",2,transport_ticket,transport,1.74,48000,1,True,SVM_CLOSED_SET,TRAIN,,exp_svm_spk_0002
2955,dev/32d5f91753604a7e310a9c915d41d539.wav,validation,TRAIN,vi-VN,6537e43c008bb605430a302f,exp_svm_spk_0002,Female,29,tôi yêu nhạc hip hop,tôi yêu [music_genre : nhạc hip hop],['tôi' 'yêu' 'nhạc' 'hip' 'hop'],['Other' 'Other' 'music_genre' 'music_genre' 'music_genre'],43,music_likeness,music,1.32,48000,1,True,SVM_CLOSED_SET,TRAIN,,exp_svm_spk_0002
10627,dev/b692d4a0eacc7aea66d228470fd0b49f.wav,validation,TRAIN,vi-VN,6537e43c008bb605430a302f,exp_svm_spk_0002,Female,29,thêm bút chì vào một danh sách tạp hóa mới,thêm bút chì vào một danh sách [list_name : tạp hóa] mới,['thêm' 'bút' 'chì' 'vào' 'một' 'danh' 'sách' 'tạp' 'hóa' 'mới'],"['Other' 'Other' 'Other' 'Other' 'Other' 'Other' 'Other' 'list_name'
 'list_name' 'Other']",21,lists_createoradd,lists,3.9,48000,1,True,SVM_CLOSED_SET,TRAIN,,exp_svm_spk_0002
11849,dev/4cadc29bb1bb110cf167a7ddbb9890f1.wav,validation,TRAIN,vi-VN,6537e43c008bb605430a302f,exp_svm_spk_0002,Female,29,những bộ phim nào đang chiếu tại rạp chiếu phim gần tôi,những bộ phim nào đang chiếu tại [place_name : rạp chiếu phim] gần tôi,"['những' 'bộ' 'phim' 'nào' 'đang' 'chiếu' 'tại' 'rạp' 'chiếu' 'phim' 'gần'
 'tôi']","['Other' 'Other' 'Other' 'Other' 'Other' 'Other' 'Other' 'place_name'
 'place_name' 'place_name' 'Other' 'Other']",55,recommendation_movies,recommendation,3.0,48000,1,True,SVM_CLOSED_SET,TRAIN,,exp_svm_spk_0002
4730,dev/50e005788e77e756b26e54cd49570767.wav,validation,TRAIN,vi-VN,6537e43c008bb605430a302f,exp_svm_spk_0002,Female,29,mở nhạc của tôi,mở nhạc của tôi,['mở' 'nhạc' 'của' 'tôi'],['Other' 'Other' 'Other' 'Other'],45,play_music,play,1.14,48000,1,True,SVM_CLOSED_SET,TRAIN,,exp_svm_spk_0002
16244,dev/6ed8f08e7b34e6aa6527aca0a6988b4d.wav,validation,TRAIN,vi-VN,6537e43c008bb605430a302f,exp_svm_spk_0002,Female,29,lê sống ở pháp phải không,[person : lê] [personal_info : sống] ở [place_name : pháp] phải không,['lê' 'sống' 'ở' 'pháp' 'phải' 'không'],['person' 'personal_info' 'Other' 'place_name' 'Other' 'Other'],17,email_querycontact,email,1.92,48000,1,True,SVM_CLOSED_SET,TRAIN,,exp_svm_spk_0002
5684,dev/0fe7ca288781122d1d8f17645a4c0be2.wav,validation,TRAIN,vi-VN,6537e43c008bb605430a302f,exp_svm_spk_0002,Female,29,phát bài hát tiệc tùng,phát [music_descriptor : bài hát tiệc tùng],['phát' 'bài' 'hát' 'tiệc' 'tùng'],"['Other' 'music_descriptor' 'music_descriptor' 'music_descriptor'
 'music_descriptor']",45,play_music,play,1.5,48000,1,True,SVM_CLOSED_SET,TRAIN,,exp_svm_spk_0002
68,dev/e4415609ec3baf0e3582f853835e3ef3.wav,validation,TRAIN,vi-VN,6537e43c008bb605430a302f,exp_svm_spk_0002,Female,29,phát cho tôi bài mùa thu ngày khai trường của hương ly,phát cho tôi bài [song_name : mùa thu ngày khai trường] của [artist_name : hương ly],"['phát' 'cho' 'tôi' 'bài' 'mùa' 'thu' 'ngày' 'khai' 'trường' 'của'
 'hương' 'ly']","['Other' 'Other' 'Other' 'Other' 'song_name' 'song_name' 'song_name'
 'song_name' 'song_name' 'Other' 'artist_name' 'artist_name']",45,play_music,play,2.64,48000,1,True,SVM_CLOSED_SET,TRAIN,,exp_svm_spk_0002
12550,dev/a113f7c3d7b0fbf2fb74fe5be140a460.wav,validation,TRAIN,vi-VN,6537e43c008bb605430a302f,exp_svm_spk_0002,Female,29,chỉ dẫn tới ecopark,chỉ dẫn tới [place_name : ecopark],['chỉ' 'dẫn' 'tới' 'ecopark'],['Other' 'Other' 'Other' 'place_name'],42,transport_query,transport,1.56,48000,1,True,SVM_CLOSED_SET,TRAIN,,exp_svm_spk_0002
1466,dev/376456f12f0edd8f1e9a943ffaa226c3.wav,validation,TRAIN,vi-VN,6537e43c008bb605430a302f,exp_svm_spk_0002,Female,29,tuần này có tuyết đúng không,[date : tuần này] có [weather_descriptor : tuyết] đúng không,['tuần' 'này' 'có' 'tuyết' 'đúng' 'không'],['date' 'date' 'Other' 'weather_descriptor' 'Other' 'Other'],13,weather_query,weather,2.46,48000,1,True,SVM_CLOSED_SET,TRAIN,,exp_svm_spk_0002
11509,dev/df6dba102ab7e1937236441ee3fff88c.wav,validation,TRAIN,vi-VN,6537e43c008bb605430a302f,exp_svm_spk_0002,Female,29,hiển thị tập cuối cùng,hiển thị tập cuối cùng,['hiển' 'thị' 'tập' 'cuối' 'cùng'],['Other' 'Other' 'Other' 'Other' 'Other'],58,play_podcasts,play,1.74,48000,1,True,SVM_CLOSED_SET,TRAIN,,exp_svm_spk_0002
16372,dev/fe09b31acdc789060af2c08a1a6682d7.wav,validation,TRAIN,vi-VN,6537e43c008bb605430a302f,exp_svm_spk_0002,Female,29,có bất kỳ email nào liên quan đến việc thăng chức của tôi không,có bất kỳ email nào liên quan đến việc [event_name : thăng chức] của tôi không,"['có' 'bất' 'kỳ' 'email' 'nào' 'liên' 'quan' 'đến' 'việc' 'thăng' 'chức'
 'của' 'tôi' 'không']","['Other' 'Other' 'Other' 'Other' 'Other' 'Other' 'Other' 'Other' 'Other'
 'event_name' 'event_name' 'Other' 'Other' 'Other']",44,email_query,email,3.48,48000,1,True,SVM_CLOSED_SET,TRAIN,,exp_svm_spk_0002
737,dev/8f184ef1d0d129f715fead37f3a28541.wav,validation,TRAIN,vi-VN,6537e43c008bb605430a302f,exp_svm_spk_0002,Female,29,bạn nói nhỏ giọng lại đi,bạn nói nhỏ giọng lại đi,['bạn' 'nói' 'nhỏ' 'giọng' 'lại' 'đi'],['Other' 'Other' 'Other' 'Other' 'Other' 'Other'],35,audio_volume_down,audio,1.8,48000,1,True,SVM_CLOSED_SET,TRAIN,,exp_svm_spk_0002
562,dev/b930b239b08ca32251a9b604d01d0d01.wav,validation,TRAIN,vi-VN,5e133bbe6a5bff9911b73cfc,exp_svm_spk_0004,Female,31,tắt báo thức lúc tám giờ sáng của tôi,tắt báo thức lúc [time : tám giờ sáng] của tôi,['tắt' 'báo' 'thức' 'lúc' 'tám' 'giờ' 'sáng' 'của' 'tôi'],['Other' 'Other' 'Other' 'Other' 'time' 'time' 'time' 'Other' 'Other'],52,alarm_remove,alarm,3.84,48000,1,True,SVM_CLOSED_SET,TRAIN,,exp_svm_spk_0003
11876,dev/5fa6fa43deeaba6840088dae3134121b.wav,validation,TRAIN,vi-VN,5e133bbe6a5bff9911b73cfc,exp_svm_spk_0004,Female,31,các hoạt động nào đang được tổ chức ở chỗ tôi,các hoạt động nào đang được tổ chức ở chỗ tôi,['các' 'hoạt' 'động' 'nào' 'đang' 'được' 'tổ' 'chức' 'ở' 'chỗ' 'tôi'],"['Other' 'Other' 'Other' 'Other' 'Other' 'Other' 'Other' 'Other' 'Other'
 'Other' 'Other']",6,recommendation_events,recommendation,3.24,48000,1,True,SVM_CLOSED_SET,TRAIN,,exp_svm_spk_0003
616,dev/7eaf0a13865637fd8e7bc610b151f6b4.wav,validation,TRAIN,vi-VN,5e133bbe6a5bff9911b73cfc,exp_svm_spk_0004,Female,31,olly mở bài hát từ danh sách phát của tôi,olly mở bài hát từ danh sách phát của tôi,['olly' 'mở' 'bài' 'hát' 'từ' 'danh' 'sách' 'phát' 'của' 'tôi'],"['Other' 'Other' 'Other' 'Other' 'Other' 'Other' 'Other' 'Other' 'Other'
 'Other']",45,play_music,play,4.56,48000,1,True,SVM_CLOSED_SET,TRAIN,,exp_svm_spk_0003
12119,dev/a8435c0ddefc335eedb91cef5f6a21a4.wav,validation,TRAIN,vi-VN,5e133bbe6a5bff9911b73cfc,exp_svm_spk_0004,Female,31,vui lòng tìm các sự kiện ở vị trí của tôi,vui lòng tìm các sự kiện ở vị trí của tôi,['vui' 'lòng' 'tìm' 'các' 'sự' 'kiện' 'ở' 'vị' 'trí' 'của' 'tôi'],"['Other' 'Other' 'Other' 'Other' 'Other' 'Other' 'Other' 'Other' 'Other'
 'Other' 'Other']",6,recommendation_events,recommendation,3.48,48000,1,True,SVM_CLOSED_SET,TRAIN,,exp_svm_spk_0003
12768,dev/97a4422c7c31885b6733013409a7daf0.wav,validation,TRAIN,vi-VN,5e133bbe6a5bff9911b73cfc,exp_svm_spk_0004,Female,31,bao nhiêu tiền một vé xe lửa đến hồ chí minh,bao nhiêu tiền một vé [transport_type : xe lửa] đến [place_name : hồ chí minh],['bao' 'nhiêu' 'tiền' 'một' 'vé' 'xe' 'lửa' 'đến' 'hồ' 'chí' 'minh'],"['Other' 'Other' 'Other' 'Other' 'Other' 'transport_type' 'transport_type'
 'Other' 'place_name' 'place_name' 'place_name']",42,transport_query,transport,4.08,48000,1,True,SVM_CLOSED_SET,TRAIN,,exp_svm_spk_0003
8697,dev/0af6b19cb42aa3fe9b2107acd90ee722.wav,validation,TRAIN,vi-VN,5e133bbe6a5bff9911b73cfc,exp_svm_spk_0004,Female,31,tôi có một cuộc họp với an vào ngày hai mươi mốt tháng ba lúc mười giờ,tôi có một [event_name : cuộc họp] với [person : an] vào [date : ngày hai mươi mốt tháng ba] lúc [time : mười giờ],"['tôi' 'có' 'một' 'cuộc' 'họp' 'với' 'an' 'vào' 'ngày' 'hai' 'mươi' 'mốt'
 'tháng' 'ba' 'lúc' 'mười' 'giờ']","['Other' 'Other' 'Other' 'event_name' 'event_name' 'Other' 'person'
 'Other' 'date' 'date' 'date' 'date' 'date' 'date' 'Other' 'time' 'time']",50,calendar_set,calendar,5.22,48000,1,True,SVM_CLOSED_SET,TRAIN,,exp_svm_spk_0003
16885,dev/fafc52383c18a1115c5847539fbc8774.wav,validation,TRAIN,vi-VN,5e133bbe6a5bff9911b73cfc,exp_svm_spk_0004,Female,31,gửi một email đến chị vy hỏi cô ấy rằng dean nộp bài tập về nhà cuối cùng của em ấy được không,gửi một email đến [person : chị vy] hỏi cô ấy rằng dean nộp bài tập về nhà cuối cùng của em ấy được không,"['gửi' 'một' 'email' 'đến' 'chị' 'vy' 'hỏi' 'cô' 'ấy' 'rằng' 'dean' 'nộp'
 'bài' 'tập' 'về' 'nhà' 'cuối' 'cùng' 'của' 'em' 'ấy' 'được' 'không']","['Other' 'Other' 'Other' 'Other' 'person' 'person' 'Other' 'Other' 'Other'
 'Other' 'Other' 'Other' 'Other' 'Other' 'Other' 'Other' 'Other' 'Other'
 'Other' 'Other' 'Other' 'Other' 'Other']",33,email_sendemail,email,7.02,48000,1,True,SVM_CLOSED_SET,TRAIN,,exp_svm_spk_0003
13583,dev/3d61c0a400f791849664e0da3171003f.wav,validation,TRAIN,vi-VN,5e133bbe6a5bff9911b73cfc,exp_svm_spk_0004,Female,31,tỷ giá chuyển đổi giữa đô la và euro hiện tại là bao nhiêu,tỷ giá chuyển đổi giữa [currency_name : đô la] và [currency_name : euro] hiện tại là bao nhiêu,"['tỷ' 'giá' 'chuyển' 'đổi' 'giữa' 'đô' 'la' 'và' 'euro' 'hiện' 'tại' 'là'
 'bao' 'nhiêu']","['Other' 'Other' 'Other' 'Other' 'Other' 'currency_name' 'currency_name'
 'Other' 'currency_name' 'Other' 'Other' 'Other' 'Other' 'Other']",10,qa_currency,qa,3.9,48000,1,True,SVM_CLOSED_SET,TRAIN,,exp_svm_spk_0003
8808,dev/b22ff843e7a317f71bda2d367bf4aab7.wav,validation,TRAIN,vi-VN,5e133bbe6a5bff9911b73cfc,exp_svm_spk_0004,Female,31,tôi có cần được nhắc nhở về bất kỳ cuộc họp nào vào thứ hai không,tôi có cần được nhắc nhở về bất kỳ [event_name : cuộc họp] nào vào [date : thứ hai] không,"['tôi' 'có' 'cần' 'được' 'nhắc' 'nhở' 'về' 'bất' 'kỳ' 'cuộc' 'họp' 'nào'
 'vào' 'thứ' 'hai' 'không']","['Other' 'Other' 'Other' 'Other' 'Other' 'Other' 'Other' 'Other' 'Other'
 'event_name' 'event_name' 'Other' 'Other' 'date' 'date' 'Other']",50,calendar_set,calendar,5.1,48000,1,True,SVM_CLOSED_SET,TRAIN,,exp_svm_spk_0003
9614,dev/8154aab1f8e49e69294a65535fff87ae.wav,validation,TRAIN,vi-VN,5e133bbe6a5bff9911b73cfc,exp_svm_spk_0004,Female,31,mở kênh chín mươi chín chấm năm f. m.,mở kênh [radio_name : chín mươi chín chấm năm f. m.],['mở' 'kênh' 'chín' 'mươi' 'chín' 'chấm' 'năm' 'f.' 'm.'],"['Other' 'Other' 'radio_name' 'radio_name' 'radio_name' 'radio_name'
 'radio_name' 'radio_name' 'radio_name']",36,play_radio,play,3.36,48000,1,True,SVM_CLOSED_SET,TRAIN,,exp_svm_spk_0003
12980,dev/db4363f9987795f696095ff602b6e936.wav,validation,TRAIN,vi-VN,5e133bbe6a5bff9911b73cfc,exp_svm_spk_0004,Female,31,định nghĩa của evacuation là gì,định nghĩa của [definition_word : evacuation] là gì,['định' 'nghĩa' 'của' 'evacuation' 'là' 'gì'],['Other' 'Other' 'Other' 'definition_word' 'Other' 'Other'],26,qa_definition,qa,3.72,48000,1,True,SVM_CLOSED_SET,TRAIN,,exp_svm_spk_0003
13645,dev/9a81588b03351754cf833a08e46ae9dc.wav,validation,TRAIN,vi-VN,5e133bbe6a5bff9911b73cfc,exp_svm_spk_0004,Female,31,tôi muốn có một chuyến đi miễn phí đến thụy sĩ bạn có thể dẫn tôi đi không,tôi muốn có một chuyến đi miễn phí đến [place_name : thụy sĩ] bạn có thể dẫn tôi đi không,"['tôi' 'muốn' 'có' 'một' 'chuyến' 'đi' 'miễn' 'phí' 'đến' 'thụy' 'sĩ'
 'bạn' 'có' 'thể' 'dẫn' 'tôi' 'đi' 'không']","['Other' 'Other' 'Other' 'Other' 'Other' 'Other' 'Other' 'Other' 'Other'
 'place_name' 'place_name' 'Other' 'Other' 'Other' 'Other' 'Other' 'Other'
 'Other']",12,general_quirky,general,5.34,48000,1,True,SVM_CLOSED_SET,TRAIN,,exp_svm_spk_0003
8384,dev/1b0198e0590824a443eb866589c973c2.wav,validation,TRAIN,vi-VN,5e133bbe6a5bff9911b73cfc,exp_svm_spk_0004,Female,31,có cuộc hẹn nào đang xử lý sáng hôm nay không,có [event_name : cuộc hẹn] nào đang xử lý [timeofday : sáng] hôm nay không,['có' 'cuộc' 'hẹn' 'nào' 'đang' 'xử' 'lý' 'sáng' 'hôm' 'nay' 'không'],"['Other' 'event_name' 'event_name' 'Other' 'Other' 'Other' 'Other'
 'timeofday' 'Other' 'Other' 'Other']",32,calendar_query,calendar,4.26,48000,1,True,SVM_CLOSED_SET,TRAIN,,exp_svm_spk_0003
15374,dev/a381a27fdfe4b7cee0786677e86f674e.wav,validation,TRAIN,vi-VN,5e133bbe6a5bff9911b73cfc,exp_svm_spk_0004,Female,31,đăng trạng thái thế này trên facebook,đăng trạng thái thế này trên [media_type : facebook],['đăng' 'trạng' 'thái' 'thế' 'này' 'trên' 'facebook'],['Other' 'Other' 'Other' 'Other' 'Other' 'Other' 'media_type'],47,social_post,social,2.34,48000,1,True,SVM_CLOSED_SET,TRAIN,,exp_svm_spk_0003
16448,dev/7c260acea91e85a6aee432cf05bd8dea.wav,validation,TRAIN,vi-VN,5e133bbe6a5bff9911b73cfc,exp_svm_spk_0004,Female,31,mởi tài khoản email và kiểm tra email mới,mởi tài khoản email và kiểm tra email mới,['mởi' 'tài' 'khoản' 'email' 'và' 'kiểm' 'tra' 'email' 'mới'],['Other' 'Other' 'Other' 'Other' 'Other' 'Other' 'Other' 'Other' 'Other'],44,email_query,email,4.02,48000,1,True,SVM_CLOSED_SET,TRAIN,,exp_svm_spk_0003
12783,dev/cf24a82ec9e236728ab63a86415b6753.wav,validation,TRAIN,vi-VN,5e133bbe6a5bff9911b73cfc,exp_svm_spk_0004,Female,31,giao thông sáng nay thế nào,giao thông [timeofday : sáng] nay thế nào,['giao' 'thông' 'sáng' 'nay' 'thế' 'nào'],['Other' 'Other' 'timeofday' 'Other' 'Other' 'Other'],11,transport_traffic,transport,2.76,48000,1,True,SVM_CLOSED_SET,TRAIN,,exp_svm_spk_0003
617,dev/87c12942c3f2b5289287c69be9212698.wav,validation,TRAIN,vi-VN,5e133bbe6a5bff9911b73cfc,exp_svm_spk_0004,Female,31,lễ tạ ơn vào ngày nào trong tuần,[event_name : lễ tạ ơn] vào ngày nào trong tuần,['lễ' 'tạ' 'ơn' 'vào' 'ngày' 'nào' 'trong' 'tuần'],"['event_name' 'event_name' 'event_name' 'Other' 'Other' 'Other' 'Other'
 'Other']",0,datetime_query,datetime,3.6,48000,1,True,SVM_CLOSED_SET,TRAIN,,exp_svm_spk_0003
15858,dev/446a5d565302f3c79b6223116c930aa7.wav,validation,TRAIN,vi-VN,5e133bbe6a5bff9911b73cfc,exp_svm_spk_0004,Female,31,gửi nội dung này thông qua thư điện tử,gửi nội dung này thông qua thư điện tử,['gửi' 'nội' 'dung' 'này' 'thông' 'qua' 'thư' 'điện' 'tử'],['Other' 'Other' 'Other' 'Other' 'Other' 'Other' 'Other' 'Other' 'Other'],33,email_sendemail,email,3.6,48000,1,True,SVM_CLOSED_SET,TRAIN,,exp_svm_spk_0003
13549,dev/a04e13d712444a0902704dd5a1e609c4.wav,validation,TRAIN,vi-VN,5e133bbe6a5bff9911b73cfc,exp_svm_spk_0004,Female,31,gợi ý cho tôi một vài chỗ để mua thịt bò xay giá rẻ,gợi ý cho tôi một vài chỗ để mua thịt bò xay giá rẻ,"['gợi' 'ý' 'cho' 'tôi' 'một' 'vài' 'chỗ' 'để' 'mua' 'thịt' 'bò' 'xay'
 'giá' 'rẻ']","['Other' 'Other' 'Other' 'Other' 'Other' 'Other' 'Other' 'Other' 'Other'
 'Other' 'Other' 'Other' 'Other' 'Other']",19,recommendation_locations,recommendation,4.74,48000,1,True,SVM_CLOSED_SET,TRAIN,,exp_svm_spk_0003
8418,dev/5043df9aaff2b342ce75c485c8f62ee2.wav,validation,TRAIN,vi-VN,5e133bbe6a5bff9911b73cfc,exp_svm_spk_0004,Female,31,tôi đã cài những lời nhắc nào,tôi đã cài những lời nhắc nào,['tôi' 'đã' 'cài' 'những' 'lời' 'nhắc' 'nào'],['Other' 'Other' 'Other' 'Other' 'Other' 'Other' 'Other'],32,calendar_query,calendar,3.36,48000,1,True,SVM_CLOSED_SET,TRAIN,,exp_svm_spk_0003
7108,dev/f36e188b21a47be034d1904466ae6220.wav,validation,TRAIN,vi-VN,5e133bbe6a5bff9911b73cfc,exp_svm_spk_0004,Female,31,nhắc tôi nhớ gặp an vào lúc sáu giờ chiều hôm nay,nhắc tôi nhớ [event_name : gặp] [person : an] vào lúc [time : sáu giờ chiều] [date : hôm nay],"['nhắc' 'tôi' 'nhớ' 'gặp' 'an' 'vào' 'lúc' 'sáu' 'giờ' 'chiều' 'hôm'
 'nay']","['Other' 'Other' 'Other' 'event_name' 'person' 'Other' 'Other' 'time'
 'time' 'time' 'date' 'date']",50,calendar_set,calendar,3.72,48000,1,True,SVM_CLOSED_SET,TRAIN,,exp_svm_spk_0003
14039,dev/d46cda22edce23a01ddc88007283a8de.wav,validation,TRAIN,vi-VN,5e133bbe6a5bff9911b73cfc,exp_svm_spk_0004,Female,31,tỉnh nào của việt nam ở cực bắc,tỉnh nào của việt nam ở cực bắc,['tỉnh' 'nào' 'của' 'việt' 'nam' 'ở' 'cực' 'bắc'],['Other' 'Other' 'Other' 'Other' 'Other' 'Other' 'Other' 'Other'],49,qa_factoid,qa,3.12,48000,1,True,SVM_CLOSED_SET,TRAIN,,exp_svm_spk_0003
1945,dev/3588646650d587d3ef58fd5d75ad6f1a.wav,validation,TRAIN,vi-VN,5e133bbe6a5bff9911b73cfc,exp_svm_spk_0004,Female,31,tắt đèn,tắt đèn,['tắt' 'đèn'],['Other' 'Other'],40,iot_hue_lightoff,iot,1.44,48000,1,True,SVM_CLOSED_SET,TRAIN,,exp_svm_spk_0003
15421,dev/7f093f66d98e2be97d3996f9c0f0de46.wav,validation,TRAIN,vi-VN,5e133bbe6a5bff9911b73cfc,exp_svm_spk_0004,Female,31,gửi tin nhắn này tới shopee trên twitter,gửi tin nhắn này tới [business_name : shopee] trên twitter,['gửi' 'tin' 'nhắn' 'này' 'tới' 'shopee' 'trên' 'twitter'],['Other' 'Other' 'Other' 'Other' 'Other' 'business_name' 'Other' 'Other'],47,social_post,social,3.24,48000,1,True,SVM_CLOSED_SET,TRAIN,,exp_svm_spk_0003
16394,dev/254cb5b403b0728622c0e05d5f1ea761.wav,validation,TRAIN,vi-VN,5e133bbe6a5bff9911b73cfc,exp_svm_spk_0004,Female,31,ai đã gửi thư điện tử đến tôi gần đây và họ đã nói về cái gì,ai đã gửi thư điện tử đến tôi gần đây và họ đã nói về cái gì,"['ai' 'đã' 'gửi' 'thư' 'điện' 'tử' 'đến' 'tôi' 'gần' 'đây' 'và' 'họ' 'đã'
 'nói' 'về' 'cái' 'gì']","['Other' 'Other' 'Other' 'Other' 'Other' 'Other' 'Other' 'Other' 'Other'
 'Other' 'Other' 'Other' 'Other' 'Other' 'Other' 'Other' 'Other']",44,email_query,email,5.46,48000,1,True,SVM_CLOSED_SET,TRAIN,,exp_svm_spk_0003
13481,dev/891849be941a689cf06ef9387a2b51cd.wav,validation,TRAIN,vi-VN,5e133bbe6a5bff9911b73cfc,exp_svm_spk_0004,Female,31,đọc một bài thơ cho tôi,đọc một bài thơ cho tôi,['đọc' 'một' 'bài' 'thơ' 'cho' 'tôi'],['Other' 'Other' 'Other' 'Other' 'Other' 'Other'],12,general_quirky,general,2.88,48000,1,True,SVM_CLOSED_SET,TRAIN,,exp_svm_spk_0003
13419,dev/9e77a3313f75e5e8618976f5e21caa60.wav,validation,TRAIN,vi-VN,5e133bbe6a5bff9911b73cfc,exp_svm_spk_0004,Female,31,tỷ lệ tín nhiệm của nguyễn phú trọng là bao nhiêu,tỷ lệ tín nhiệm [person : của nguyễn phú trọng] là bao nhiêu,['tỷ' 'lệ' 'tín' 'nhiệm' 'của' 'nguyễn' 'phú' 'trọng' 'là' 'bao' 'nhiêu'],"['Other' 'Other' 'Other' 'Other' 'person' 'person' 'person' 'person'
 'Other' 'Other' 'Other']",49,qa_factoid,qa,4.14,48000,1,True,SVM_CLOSED_SET,TRAIN,,exp_svm_spk_0003
10532,dev/ed4190b79ce70f425b5d5e95c76e88d5.wav,validation,TRAIN,vi-VN,5e133bbe6a5bff9911b73cfc,exp_svm_spk_0004,Female,31,năm danh sách cuối cùng tôi lập là gì,năm danh sách cuối cùng tôi lập là gì,['năm' 'danh' 'sách' 'cuối' 'cùng' 'tôi' 'lập' 'là' 'gì'],['Other' 'Other' 'Other' 'Other' 'Other' 'Other' 'Other' 'Other' 'Other'],59,lists_query,lists,2.64,48000,1,True,SVM_CLOSED_SET,TRAIN,,exp_svm_spk_0003
14906,dev/836d1e89da8b57597f9b63ea75996120.wav,validation,TRAIN,vi-VN,5e133bbe6a5bff9911b73cfc,exp_svm_spk_0004,Female,31,tỉ giá đô la mỹ hôm nay là bao nhiêu,tỉ giá [currency_name : đô la mỹ] [date : hôm nay] là bao nhiêu,['tỉ' 'giá' 'đô' 'la' 'mỹ' 'hôm' 'nay' 'là' 'bao' 'nhiêu'],"['Other' 'Other' 'currency_name' 'currency_name' 'currency_name' 'date'
 'date' 'Other' 'Other' 'Other']",10,qa_currency,qa,2.76,48000,1,True,SVM_CLOSED_SET,TRAIN,,exp_svm_spk_0003
16685,dev/5159f74daefd2891dd099f708c3b9eda.wav,validation,TRAIN,vi-VN,5e133bbe6a5bff9911b73cfc,exp_svm_spk_0004,Female,31,có biết bất kỳ thư điện tử cá nhân nào đến chưa,có biết bất kỳ thư điện tử cá nhân nào đến chưa,['có' 'biết' 'bất' 'kỳ' 'thư' 'điện' 'tử' 'cá' 'nhân' 'nào' 'đến' 'chưa'],"['Other' 'Other' 'Other' 'Other' 'Other' 'Other' 'Other' 'Other' 'Other'
 'Other' 'Other' 'Other']",44,email_query,email,4.02,48000,1,True,SVM_CLOSED_SET,TRAIN,,exp_svm_spk_0003
9712,dev/f9c3c06d3d3fe02f1e3422333b7f9695.wav,validation,TRAIN,vi-VN,5e133bbe6a5bff9911b73cfc,exp_svm_spk_0004,Female,31,tiếp tục phát sách nói của tôi,tiếp tục phát [media_type : sách nói] của tôi,['tiếp' 'tục' 'phát' 'sách' 'nói' 'của' 'tôi'],['Other' 'Other' 'Other' 'media_type' 'media_type' 'Other' 'Other'],20,play_audiobook,play,3.54,48000,1,True,SVM_CLOSED_SET,TRAIN,,exp_svm_spk_0003
4899,dev/78f918031d98fde96725eb8d5254aa71.wav,validation,TRAIN,vi-VN,5e133bbe6a5bff9911b73cfc,exp_svm_spk_0004,Female,31,bạn có biết về lời bài hát này không,bạn có biết về lời bài hát này không,['bạn' 'có' 'biết' 'về' 'lời' 'bài' 'hát' 'này' 'không'],['Other' 'Other' 'Other' 'Other' 'Other' 'Other' 'Other' 'Other' 'Other'],57,music_query,music,3.84,48000,1,True,SVM_CLOSED_SET,TRAIN,,exp_svm_spk_0003
2590,dev/dffd8f5326a282681e2c55216eca9285.wav,validation,TRAIN,vi-VN,5e133bbe6a5bff9911b73cfc,exp_svm_spk_0004,Female,31,tin thế giới hôm nay,tin [place_name : thế giới] [date : hôm nay],['tin' 'thế' 'giới' 'hôm' 'nay'],['Other' 'place_name' 'place_name' 'date' 'date'],22,news_query,news,2.04,48000,1,True,SVM_CLOSED_SET,TRAIN,,exp_svm_spk_0003
375,dev/fbcc18167f4c71cfaec57af2c89524e2.wav,validation,TRAIN,vi-VN,5e133bbe6a5bff9911b73cfc,exp_svm_spk_0004,Female,31,có phải trời đang nắng ở bình dương bây giờ không,có phải [weather_descriptor : trời] đang [weather_descriptor : nắng] ở [place_name : bình dương] bây giờ không,['có' 'phải' 'trời' 'đang' 'nắng' 'ở' 'bình' 'dương' 'bây' 'giờ' 'không'],"['Other' 'Other' 'weather_descriptor' 'Other' 'weather_descriptor' 'Other'
 'place_name' 'place_name' 'Other' 'Other' 'Other']",13,weather_query,weather,3.66,48000,1,True,SVM_CLOSED_SET,TRAIN,,exp_svm_spk_0003
6188,dev/292de6f5d3a58c40bd79aaf2ad89a3ea.wav,validation,TRAIN,vi-VN,5e133bbe6a5bff9911b73cfc,exp_svm_spk_0004,Female,31,mai bạn có nhận thấy điềugì kì lạ về thế giới của bạn không,mai bạn có nhận thấy điềugì kì lạ về thế giới của bạn không,"['mai' 'bạn' 'có' 'nhận' 'thấy' 'điềugì' 'kì' 'lạ' 'về' 'thế' 'giới' 'của'
 'bạn' 'không']","['Other' 'Other' 'Other' 'Other' 'Other' 'Other' 'Other' 'Other' 'Other'
 'Other' 'Other' 'Other' 'Other' 'Other']",12,general_quirky,general,3.84,48000,1,True,SVM_CLOSED_SET,TRAIN,,exp_svm_spk_0003
7676,dev/81666d8505fad731d8449d98f24b0c0b.wav,validation,TRAIN,vi-VN,5e133bbe6a5bff9911b73cfc,exp_svm_spk_0004,Female,31,liệt kê cuộc họp sắp tới,liệt kê [event_name : cuộc họp] sắp tới,['liệt' 'kê' 'cuộc' 'họp' 'sắp' 'tới'],['Other' 'Other' 'event_name' 'event_name' 'Other' 'Other'],50,calendar_set,calendar,3.06,48000,1,True,SVM_CLOSED_SET,TRAIN,,exp_svm_spk_0003
595,dev/280ac3ddd7a736b622ea5a070d6e31e9.wav,validation,TRAIN,vi-VN,5e133bbe6a5bff9911b73cfc,exp_svm_spk_0004,Female,31,làm ơn tôi muốn nghe bài tìm lại của bức tường,làm ơn tôi muốn nghe bài [song_name : tìm lại] của [artist_name : bức tường],['làm' 'ơn' 'tôi' 'muốn' 'nghe' 'bài' 'tìm' 'lại' 'của' 'bức' 'tường'],"['Other' 'Other' 'Other' 'Other' 'Other' 'Other' 'song_name' 'song_name'
 'Other' 'artist_name' 'artist_name']",45,play_music,play,3.78,48000,1,True,SVM_CLOSED_SET,TRAIN,,exp_svm_spk_0003
1257,dev/cb82f7f06cda288a1f4779a2c8cbe2d1.wav,validation,TRAIN,vi-VN,5e133bbe6a5bff9911b73cfc,exp_svm_spk_0004,Female,31,tìm cho tôi truyện cười hay nhất về con gà,tìm cho tôi truyện cười hay nhất [joke_type : về con gà],['tìm' 'cho' 'tôi' 'truyện' 'cười' 'hay' 'nhất' 'về' 'con' 'gà'],"['Other' 'Other' 'Other' 'Other' 'Other' 'Other' 'Other' 'joke_type'
 'joke_type' 'joke_type']",25,general_joke,general,3.3,48000,1,True,SVM_CLOSED_SET,TRAIN,,exp_svm_spk_0003
6356,dev/b30e25a44e77a1b4f24bf6661cf5fda6.wav,validation,TRAIN,vi-VN,5e133bbe6a5bff9911b73cfc,exp_svm_spk_0004,Female,31,tôi được mời đi quán nhậu vào chủ nhật,tôi được mời đi [place_name : quán nhậu] vào [date : chủ nhật],['tôi' 'được' 'mời' 'đi' 'quán' 'nhậu' 'vào' 'chủ' 'nhật'],"['Other' 'Other' 'Other' 'Other' 'place_name' 'place_name' 'Other' 'date'
 'date']",12,general_quirky,general,3.96,48000,1,True,SVM_CLOSED_SET,TRAIN,,exp_svm_spk_0003
6490,dev/4ad47875d1dadd3c43aca4e9fca14b11.wav,validation,TRAIN,vi-VN,5e133bbe6a5bff9911b73cfc,exp_svm_spk_0004,Female,31,những câu nói đùa mỉa mai,những câu nói đùa [joke_type : mỉa mai],['những' 'câu' 'nói' 'đùa' 'mỉa' 'mai'],['Other' 'Other' 'Other' 'Other' 'joke_type' 'joke_type'],25,general_joke,general,2.46,48000,1,True,SVM_CLOSED_SET,TRAIN,,exp_svm_spk_0003
7801,dev/b70b3902bd1fc43d301ccf9e0bf44d13.wav,validation,TRAIN,vi-VN,5e133bbe6a5bff9911b73cfc,exp_svm_spk_0004,Female,31,thêm ghi chú,thêm ghi chú,['thêm' 'ghi' 'chú'],['Other' 'Other' 'Other'],50,calendar_set,calendar,1.26,48000,1,True,SVM_CLOSED_SET,TRAIN,,exp_svm_spk_0003
127,dev/5764d48acdfd7389969a431dfb8d59e7.wav,validation,TRAIN,vi-VN,5e133bbe6a5bff9911b73cfc,exp_svm_spk_0004,Female,31,hôm nay là ngày gì,[date : hôm nay] là ngày gì,['hôm' 'nay' 'là' 'ngày' 'gì'],['date' 'date' 'Other' 'Other' 'Other'],0,datetime_query,datetime,3.6,48000,1,True,SVM_CLOSED_SET,TRAIN,,exp_svm_spk_0003
13339,dev/db28f1221388324b0eae81c3c2f41bf6.wav,validation,TRAIN,vi-VN,5e133bbe6a5bff9911b73cfc,exp_svm_spk_0004,Female,31,từ đạo đức giả nghĩa là gì,từ [definition_word : đạo đức giả] nghĩa là gì,['từ' 'đạo' 'đức' 'giả' 'nghĩa' 'là' 'gì'],"['Other' 'definition_word' 'definition_word' 'definition_word' 'Other'
 'Other' 'Other']",26,qa_definition,qa,2.82,48000,1,True,SVM_CLOSED_SET,TRAIN,,exp_svm_spk_0003
5216,dev/186d7992c5b22b56ef7b6493e387f7bc.wav,validation,TRAIN,vi-VN,5e133bbe6a5bff9911b73cfc,exp_svm_spk_0004,Female,31,cho tôi tin tức mới nhất,cho tôi tin tức mới nhất,['cho' 'tôi' 'tin' 'tức' 'mới' 'nhất'],['Other' 'Other' 'Other' 'Other' 'Other' 'Other'],22,news_query,news,2.52,48000,1,True,SVM_CLOSED_SET,TRAIN,,exp_svm_spk_0003
15093,dev/36bdf94fb6dfda04f07b6674b4af709a.wav,validation,TRAIN,vi-VN,5e133bbe6a5bff9911b73cfc,exp_svm_spk_0004,Female,31,olly tìm một mô tả về một chiếc samsung t. v.,olly tìm một mô tả về một chiếc [definition_word : samsung t. v.],['olly' 'tìm' 'một' 'mô' 'tả' 'về' 'một' 'chiếc' 'samsung' 't.' 'v.'],"['Other' 'Other' 'Other' 'Other' 'Other' 'Other' 'Other' 'Other'
 'definition_word' 'definition_word' 'definition_word']",26,qa_definition,qa,4.44,48000,1,True,SVM_CLOSED_SET,TRAIN,,exp_svm_spk_0003
14018,dev/ba7e80a3ca12f1fc16c68c1e4305d0eb.wav,validation,TRAIN,vi-VN,5e133bbe6a5bff9911b73cfc,exp_svm_spk_0004,Female,31,khải hoàn nghĩa là gì,[definition_word : khải hoàn] nghĩa là gì,['khải' 'hoàn' 'nghĩa' 'là' 'gì'],['definition_word' 'definition_word' 'Other' 'Other' 'Other'],26,qa_definition,qa,3.0,48000,1,True,SVM_CLOSED_SET,TRAIN,,exp_svm_spk_0003
4338,dev/5f2277cdb727739a0f59f95903b0f650.wav,validation,TRAIN,vi-VN,5e133bbe6a5bff9911b73cfc,exp_svm_spk_0004,Female,31,hiện cho tôi giao hàng gần tôi,hiện cho tôi [order_type : giao hàng] gần tôi,['hiện' 'cho' 'tôi' 'giao' 'hàng' 'gần' 'tôi'],['Other' 'Other' 'Other' 'order_type' 'order_type' 'Other' 'Other'],16,takeaway_order,takeaway,3.12,48000,1,True,SVM_CLOSED_SET,TRAIN,,exp_svm_spk_0003
15097,dev/8fee717853310abc6545b31ef5cb1a5b.wav,validation,TRAIN,vi-VN,5e133bbe6a5bff9911b73cfc,exp_svm_spk_0004,Female,31,tỷ giá hối đoái của samsung là bao nhiêu,tỷ giá hối đoái của [business_name : samsung] là bao nhiêu,['tỷ' 'giá' 'hối' 'đoái' 'của' 'samsung' 'là' 'bao' 'nhiêu'],"['Other' 'Other' 'Other' 'Other' 'Other' 'business_name' 'Other' 'Other'
 'Other']",10,qa_currency,qa,3.48,48000,1,True,SVM_CLOSED_SET,TRAIN,,exp_svm_spk_0003
11795,dev/7b815a3c810d7d8b67ef4a6ebc4d7f68.wav,validation,TRAIN,vi-VN,5e133bbe6a5bff9911b73cfc,exp_svm_spk_0004,Female,31,ai là người bán nextbook rẻ nhất phía nam hà nội,ai là người bán nextbook rẻ nhất [place_name : phía nam hà nội],['ai' 'là' 'người' 'bán' 'nextbook' 'rẻ' 'nhất' 'phía' 'nam' 'hà' 'nội'],"['Other' 'Other' 'Other' 'Other' 'Other' 'Other' 'Other' 'place_name'
 'place_name' 'place_name' 'place_name']",19,recommendation_locations,recommendation,4.14,48000,1,True,SVM_CLOSED_SET,TRAIN,,exp_svm_spk_0003
2654,dev/2f2ab1f50ce4405731a48d65639e5d18.wav,validation,TRAIN,vi-VN,5e133bbe6a5bff9911b73cfc,exp_svm_spk_0004,Female,31,tuần tới có tuyết không,[date : tuần tới] có [weather_descriptor : tuyết] không,['tuần' 'tới' 'có' 'tuyết' 'không'],['date' 'date' 'Other' 'weather_descriptor' 'Other'],13,weather_query,weather,1.86,48000,1,True,SVM_CLOSED_SET,TRAIN,,exp_svm_spk_0003
6135,dev/0c23a73ad568c661f12d0e4d2655cd63.wav,validation,TRAIN,vi-VN,5e133bbe6a5bff9911b73cfc,exp_svm_spk_0004,Female,31,cung cấp cho tôi thông tin về bài hát đang phát,cung cấp cho tôi thông tin về bài hát đang phát,['cung' 'cấp' 'cho' 'tôi' 'thông' 'tin' 'về' 'bài' 'hát' 'đang' 'phát'],"['Other' 'Other' 'Other' 'Other' 'Other' 'Other' 'Other' 'Other' 'Other'
 'Other' 'Other']",57,music_query,music,4.56,48000,1,True,SVM_CLOSED_SET,TRAIN,,exp_svm_spk_0003
14617,dev/22d522dc71199e620785e6ad7617db0f.wav,validation,TRAIN,vi-VN,5e133bbe6a5bff9911b73cfc,exp_svm_spk_0004,Female,31,beyonce và jay z. kết hôn khi nào,[person : beyonce] và [person : jay z.] kết hôn khi nào,['beyonce' 'và' 'jay' 'z.' 'kết' 'hôn' 'khi' 'nào'],['person' 'Other' 'person' 'person' 'Other' 'Other' 'Other' 'Other'],49,qa_factoid,qa,3.36,48000,1,True,SVM_CLOSED_SET,TRAIN,,exp_svm_spk_0003
10685,dev/881556056c447aa4e82343fa1a4f9d5b.wav,validation,TRAIN,vi-VN,5e133bbe6a5bff9911b73cfc,exp_svm_spk_0004,Female,31,nói tôi biết những danh sách tôi đang có,nói tôi biết những danh sách tôi đang có,['nói' 'tôi' 'biết' 'những' 'danh' 'sách' 'tôi' 'đang' 'có'],['Other' 'Other' 'Other' 'Other' 'Other' 'Other' 'Other' 'Other' 'Other'],59,lists_query,lists,4.08,48000,1,True,SVM_CLOSED_SET,TRAIN,,exp_svm_spk_0003
7920,dev/0db0a56372390dacde952f95966c76a9.wav,validation,TRAIN,vi-VN,5e133bbe6a5bff9911b73cfc,exp_svm_spk_0004,Female,31,mở lịch xóa tất cả các sự kiện,mở lịch xóa tất cả các sự kiện,['mở' 'lịch' 'xóa' 'tất' 'cả' 'các' 'sự' 'kiện'],['Other' 'Other' 'Other' 'Other' 'Other' 'Other' 'Other' 'Other'],30,calendar_remove,calendar,3.66,48000,1,True,SVM_CLOSED_SET,TRAIN,,exp_svm_spk_0003
10791,dev/2d7617e3d37233a880f319daa00ef0c3.wav,validation,TRAIN,vi-VN,5e133bbe6a5bff9911b73cfc,exp_svm_spk_0004,Female,31,xóa mục này khỏi danh sách,xóa mục này khỏi danh sách,['xóa' 'mục' 'này' 'khỏi' 'danh' 'sách'],['Other' 'Other' 'Other' 'Other' 'Other' 'Other'],53,lists_remove,lists,2.1,48000,1,True,SVM_CLOSED_SET,TRAIN,,exp_svm_spk_0003
7969,dev/37141bd0207ece9b8b7197b0c2adf07c.wav,validation,TRAIN,vi-VN,5e133bbe6a5bff9911b73cfc,exp_svm_spk_0004,Female,31,phim người nhện có chiếu ngoài rạp tối nay không,phim người nhện có chiếu ngoài rạp [timeofday : tối nay] không,['phim' 'người' 'nhện' 'có' 'chiếu' 'ngoài' 'rạp' 'tối' 'nay' 'không'],"['Other' 'Other' 'Other' 'Other' 'Other' 'Other' 'Other' 'timeofday'
 'timeofday' 'Other']",6,recommendation_events,recommendation,3.36,48000,1,True,SVM_CLOSED_SET,TRAIN,,exp_svm_spk_0003
5382,dev/78d1d4b1f669e68d25dd26d1f6bc02d0.wav,validation,TRAIN,vi-VN,5e133bbe6a5bff9911b73cfc,exp_svm_spk_0004,Female,31,tin tức ở ai len có gì,tin tức ở [place_name : ai len] có gì,['tin' 'tức' 'ở' 'ai' 'len' 'có' 'gì'],['Other' 'Other' 'Other' 'place_name' 'place_name' 'Other' 'Other'],22,news_query,news,3.0,48000,1,True,SVM_CLOSED_SET,TRAIN,,exp_svm_spk_0003
15993,dev/8927ac4aa142e8b8ac7575f60e288ae8.wav,validation,TRAIN,vi-VN,5e133bbe6a5bff9911b73cfc,exp_svm_spk_0004,Female,31,gửi cho oanh các chủ đề công nghệ mới nhất của anh ấy sẵn có,gửi cho [person : oanh] các chủ đề công nghệ mới nhất của anh ấy sẵn có,"['gửi' 'cho' 'oanh' 'các' 'chủ' 'đề' 'công' 'nghệ' 'mới' 'nhất' 'của'
 'anh' 'ấy' 'sẵn' 'có']","['Other' 'Other' 'person' 'Other' 'Other' 'Other' 'Other' 'Other' 'Other'
 'Other' 'Other' 'Other' 'Other' 'Other' 'Other']",33,email_sendemail,email,4.32,48000,1,True,SVM_CLOSED_SET,TRAIN,,exp_svm_spk_0003
12504,dev/29d74b1be743b0a033e4bc5449f4158d.wav,validation,TRAIN,vi-VN,5e133bbe6a5bff9911b73cfc,exp_svm_spk_0004,Female,31,tàu hỏa rời hà nội lúc mấy giờ,[transport_type : tàu hỏa] rời [place_name : hà nội] lúc mấy giờ,['tàu' 'hỏa' 'rời' 'hà' 'nội' 'lúc' 'mấy' 'giờ'],"['transport_type' 'transport_type' 'Other' 'place_name' 'place_name'
 'Other' 'Other' 'Other']",42,transport_query,transport,3.18,48000,1,True,SVM_CLOSED_SET,TRAIN,,exp_svm_spk_0003
12484,dev/e45c743fadb38dc6675f8096697ec4bb.wav,validation,TRAIN,vi-VN,5e133bbe6a5bff9911b73cfc,exp_svm_spk_0004,Female,31,khi nào chuyến tàu rời bến đến hà nội,khi nào [transport_type : chuyến tàu] rời bến đến [place_name : hà nội],['khi' 'nào' 'chuyến' 'tàu' 'rời' 'bến' 'đến' 'hà' 'nội'],"['Other' 'Other' 'transport_type' 'transport_type' 'Other' 'Other' 'Other'
 'place_name' 'place_name']",42,transport_query,transport,3.78,48000,1,True,SVM_CLOSED_SET,TRAIN,,exp_svm_spk_0003
1818,dev/7d0c2b15d68c4131876516c5c42feb51.wav,validation,TRAIN,vi-VN,5e133bbe6a5bff9911b73cfc,exp_svm_spk_0004,Female,31,cho tôi biết giờ hiện tại,cho tôi biết giờ hiện tại,['cho' 'tôi' 'biết' 'giờ' 'hiện' 'tại'],['Other' 'Other' 'Other' 'Other' 'Other' 'Other'],0,datetime_query,datetime,2.88,48000,1,True,SVM_CLOSED_SET,TRAIN,,exp_svm_spk_0003
2622,dev/c225ecb2a1abfda2b200e1ceeb2eba1a.wav,validation,TRAIN,vi-VN,5e133bbe6a5bff9911b73cfc,exp_svm_spk_0004,Female,31,tắt tiếng tất cả phản hồi bây giờ,tắt tiếng tất cả phản hồi bây giờ,['tắt' 'tiếng' 'tất' 'cả' 'phản' 'hồi' 'bây' 'giờ'],['Other' 'Other' 'Other' 'Other' 'Other' 'Other' 'Other' 'Other'],46,audio_volume_mute,audio,2.82,48000,1,True,SVM_CLOSED_SET,TRAIN,,exp_svm_spk_0003
17006,dev/6f1ae7348eac0002105ae5d3df9fa4f8.wav,validation,TRAIN,vi-VN,5e133bbe6a5bff9911b73cfc,exp_svm_spk_0004,Female,31,có bất kỳ email mới nào không,có bất kỳ email mới nào không,['có' 'bất' 'kỳ' 'email' 'mới' 'nào' 'không'],['Other' 'Other' 'Other' 'Other' 'Other' 'Other' 'Other'],44,email_query,email,2.76,48000,1,True,SVM_CLOSED_SET,TRAIN,,exp_svm_spk_0003
6035,dev/a94e0aa550c416637f82833fb7ce7b9a.wav,validation,TRAIN,vi-VN,5e133bbe6a5bff9911b73cfc,exp_svm_spk_0004,Female,31,mở đồng hồ,mở đồng hồ,['mở' 'đồng' 'hồ'],['Other' 'Other' 'Other'],48,alarm_set,alarm,2.16,48000,1,True,SVM_CLOSED_SET,TRAIN,,exp_svm_spk_0003
9771,dev/7096077d81485a2851c93fd15372ed48.wav,validation,TRAIN,vi-VN,5e133bbe6a5bff9911b73cfc,exp_svm_spk_0004,Female,31,làm ơn phát bản ghi âm thanh tạm dừng gần đây,làm ơn phát [media_type : bản ghi âm thanh] tạm dừng gần đây,['làm' 'ơn' 'phát' 'bản' 'ghi' 'âm' 'thanh' 'tạm' 'dừng' 'gần' 'đây'],"['Other' 'Other' 'Other' 'media_type' 'media_type' 'media_type'
 'media_type' 'Other' 'Other' 'Other' 'Other']",20,play_audiobook,play,4.98,48000,1,True,SVM_CLOSED_SET,TRAIN,,exp_svm_spk_0003
16289,dev/477c3a9de248be7875229ffc1fe26967.wav,validation,TRAIN,vi-VN,5e133bbe6a5bff9911b73cfc,exp_svm_spk_0004,Female,31,phòng khám đã nói gì về buổi kiểm tra của tôi,[business_name : phòng khám] đã nói gì về buổi kiểm tra của tôi,['phòng' 'khám' 'đã' 'nói' 'gì' 'về' 'buổi' 'kiểm' 'tra' 'của' 'tôi'],"['business_name' 'business_name' 'Other' 'Other' 'Other' 'Other' 'Other'
 'Other' 'Other' 'Other' 'Other']",44,email_query,email,3.36,48000,1,True,SVM_CLOSED_SET,TRAIN,,exp_svm_spk_0003
7804,dev/064a3937a30b7a5bb38b4c2fae183fcd.wav,validation,TRAIN,vi-VN,5c9d67af9e01ef000197cd15,exp_svm_spk_0003,Female,59,nhắc lại các nhiệm vụ công việc của tôi mỗi ngày lúc tám giờ sáng,nhắc lại các nhiệm vụ công việc của tôi [general_frequency : mỗi ngày] lúc [time : tám giờ sáng],"['nhắc' 'lại' 'các' 'nhiệm' 'vụ' 'công' 'việc' 'của' 'tôi' 'mỗi' 'ngày'
 'lúc' 'tám' 'giờ' 'sáng']","['Other' 'Other' 'Other' 'Other' 'Other' 'Other' 'Other' 'Other' 'Other'
 'general_frequency' 'general_frequency' 'Other' 'time' 'time' 'time']",50,calendar_set,calendar,5.22,48000,1,True,SVM_CLOSED_SET,TRAIN,,exp_svm_spk_0004
6675,dev/34bd9d14c3b6ec5d9f448c53a2e60306.wav,validation,TRAIN,vi-VN,5c9d67af9e01ef000197cd15,exp_svm_spk_0003,Female,59,nếu bạn có thể nói về ba điều chúng sẽ là gì,nếu bạn có thể nói về ba điều chúng sẽ là gì,['nếu' 'bạn' 'có' 'thể' 'nói' 'về' 'ba' 'điều' 'chúng' 'sẽ' 'là' 'gì'],"['Other' 'Other' 'Other' 'Other' 'Other' 'Other' 'Other' 'Other' 'Other'
 'Other' 'Other' 'Other']",12,general_quirky,general,4.14,48000,1,True,SVM_CLOSED_SET,TRAIN,,exp_svm_spk_0004
10301,dev/09d039f51067ff795a212f5e683c8a8a.wav,validation,TRAIN,vi-VN,5c9d67af9e01ef000197cd15,exp_svm_spk_0003,Female,59,muốn chơi một game of trivia,muốn chơi một [game_name : game of trivia],['muốn' 'chơi' 'một' 'game' 'of' 'trivia'],['Other' 'Other' 'Other' 'game_name' 'game_name' 'game_name'],51,play_game,play,3.36,48000,1,True,SVM_CLOSED_SET,TRAIN,,exp_svm_spk_0004
13185,dev/b34323d69a5bf6a39dcb7e89f7169a19.wav,validation,TRAIN,vi-VN,5c9d67af9e01ef000197cd15,exp_svm_spk_0003,Female,59,tính toán khoảng cách từ boston đến new york,tính toán khoảng cách từ [place_name : boston] đến [place_name : new york],['tính' 'toán' 'khoảng' 'cách' 'từ' 'boston' 'đến' 'new' 'york'],"['Other' 'Other' 'Other' 'Other' 'Other' 'place_name' 'Other' 'place_name'
 'place_name']",49,qa_factoid,qa,4.26,48000,1,True,SVM_CLOSED_SET,TRAIN,,exp_svm_spk_0004
12872,dev/5719be255af0235c1661477481ca8eb0.wav,validation,TRAIN,vi-VN,5c9d67af9e01ef000197cd15,exp_svm_spk_0003,Female,59,đặt vé tàu hỏa tới hà nội cho tôi,đặt vé [transport_type : tàu hỏa] tới [place_name : hà nội] cho tôi,['đặt' 'vé' 'tàu' 'hỏa' 'tới' 'hà' 'nội' 'cho' 'tôi'],"['Other' 'Other' 'transport_type' 'transport_type' 'Other' 'place_name'
 'place_name' 'Other' 'Other']",2,transport_ticket,transport,4.32,48000,1,True,SVM_CLOSED_SET,TRAIN,,exp_svm_spk_0004
3123,dev/952458b3503c189c63b80422a80a0bb0.wav,validation,TRAIN,vi-VN,5c9d67af9e01ef000197cd15,exp_svm_spk_0003,Female,59,phát một vài bài nhạc cho tôi,phát một vài bài nhạc cho tôi,['phát' 'một' 'vài' 'bài' 'nhạc' 'cho' 'tôi'],['Other' 'Other' 'Other' 'Other' 'Other' 'Other' 'Other'],45,play_music,play,2.88,48000,1,True,SVM_CLOSED_SET,TRAIN,,exp_svm_spk_0004
1678,dev/fa700a4278316206ed89746f887d9903.wav,validation,TRAIN,vi-VN,5c9d67af9e01ef000197cd15,exp_svm_spk_0003,Female,59,f. m. chín trăm chín mươi chín gần đây đang phát nhạc gì,f. m. chín trăm chín mươi chín gần đây đang phát nhạc gì,"['f.' 'm.' 'chín' 'trăm' 'chín' 'mươi' 'chín' 'gần' 'đây' 'đang' 'phát'
 'nhạc' 'gì']","['Other' 'Other' 'Other' 'Other' 'Other' 'Other' 'Other' 'Other' 'Other'
 'Other' 'Other' 'Other' 'Other']",57,music_query,music,6.18,48000,1,True,SVM_CLOSED_SET,TRAIN,,exp_svm_spk_0004
2932,dev/49e4fe1e37614c8975637b38b6adf024.wav,validation,TRAIN,vi-VN,5c9d67af9e01ef000197cd15,exp_svm_spk_0003,Female,59,tiếp theo phát bài người hãy quên em đi,tiếp theo phát bài [song_name : người hãy quên em đi],['tiếp' 'theo' 'phát' 'bài' 'người' 'hãy' 'quên' 'em' 'đi'],"['Other' 'Other' 'Other' 'Other' 'song_name' 'song_name' 'song_name'
 'song_name' 'song_name']",45,play_music,play,3.3,48000,1,True,SVM_CLOSED_SET,TRAIN,,exp_svm_spk_0004
9593,dev/bd9bbd1e3c42aededc8ac51dbdfe7001.wav,validation,TRAIN,vi-VN,5c9d67af9e01ef000197cd15,exp_svm_spk_0003,Female,59,bật đài phát thanh tôi yêu thích lúc chín giờ tối,bật đài phát thanh tôi yêu thích lúc [time : chín giờ tối],['bật' 'đài' 'phát' 'thanh' 'tôi' 'yêu' 'thích' 'lúc' 'chín' 'giờ' 'tối'],"['Other' 'Other' 'Other' 'Other' 'Other' 'Other' 'Other' 'Other' 'time'
 'time' 'time']",36,play_radio,play,4.56,48000,1,True,SVM_CLOSED_SET,TRAIN,,exp_svm_spk_0004
9816,dev/2db1bbcd22149535be37654ec754212c.wav,validation,TRAIN,vi-VN,5c9d67af9e01ef000197cd15,exp_svm_spk_0003,Female,59,tìm phần phát lại này trong sách nói và mở cho tôi,tìm phần phát lại này trong [media_type : sách nói] và mở cho tôi,"['tìm' 'phần' 'phát' 'lại' 'này' 'trong' 'sách' 'nói' 'và' 'mở'
 'cho' 'tôi']","['Other' 'Other' 'Other' 'Other' 'Other' 'Other' 'media_type' 'media_type'
 'Other' 'Other' 'Other' 'Other']",20,play_audiobook,play,4.26,48000,1,True,SVM_CLOSED_SET,TRAIN,,exp_svm_spk_0004
230,dev/be3c176f9b3b1f36e15dd24320b0babb.wav,validation,TRAIN,vi-VN,5c9d67af9e01ef000197cd15,exp_svm_spk_0003,Female,59,ở bắc kinh hiện tại là mấy giờ,ở [place_name : bắc kinh] hiện tại là mấy giờ,['ở' 'bắc' 'kinh' 'hiện' 'tại' 'là' 'mấy' 'giờ'],['Other' 'place_name' 'place_name' 'Other' 'Other' 'Other' 'Other' 'Other'],0,datetime_query,datetime,2.94,48000,1,True,SVM_CLOSED_SET,TRAIN,,exp_svm_spk_0004
415,dev/ff161bd7b0386737f19205ec3aa886ff.wav,validation,TRAIN,vi-VN,5c9d67af9e01ef000197cd15,exp_svm_spk_0003,Female,59,thay đổi các bóng đèn phòng của tôi để tôi có thể có một giấc ngủ ngon,thay đổi các bóng đèn phòng của tôi để tôi có thể có một [color_type : giấc ngủ ngon],"['thay' 'đổi' 'các' 'bóng' 'đèn' 'phòng' 'của' 'tôi' 'để' 'tôi'
 'có' 'thể' 'có' 'một' 'giấc' 'ngủ' 'ngon']","['Other' 'Other' 'Other' 'Other' 'Other' 'Other' 'Other' 'Other' 'Other'
 'Other' 'Other' 'Other' 'Other' 'Other' 'color_type' 'color_type'
 'color_type']",1,iot_hue_lightchange,iot,5.64,48000,1,True,SVM_CLOSED_SET,TRAIN,,exp_svm_spk_0004
1224,dev/249b9cea948fd605b0afa3ef01ea2e38.wav,validation,TRAIN,vi-VN,5c9d67af9e01ef000197cd15,exp_svm_spk_0003,Female,59,cập nhật thời tiết buổi trưa thứ hai,cập nhật thời tiết [timeofday : buổi trưa] [date : thứ hai],['cập' 'nhật' 'thời' 'tiết' 'buổi' 'trưa' 'thứ' 'hai'],['Other' 'Other' 'Other' 'Other' 'timeofday' 'timeofday' 'date' 'date'],13,weather_query,weather,2.82,48000,1,True,SVM_CLOSED_SET,TRAIN,,exp_svm_spk_0004
13875,dev/c614c1c428bd0c99a04a1eb699e55e72.wav,validation,TRAIN,vi-VN,5c9d67af9e01ef000197cd15,exp_svm_spk_0003,Female,59,nguyễn phú trọng bao nhiêu tuổi,[person : nguyễn phú trọng] bao nhiêu tuổi,['nguyễn' 'phú' 'trọng' 'bao' 'nhiêu' 'tuổi'],['person' 'person' 'person' 'Other' 'Other' 'Other'],49,qa_factoid,qa,2.7,48000,1,True,SVM_CLOSED_SET,TRAIN,,exp_svm_spk_0004
12247,dev/e6274c82d5e9156653e0a5d073e5edc9.wav,validation,TRAIN,vi-VN,5c9d67af9e01ef000197cd15,exp_svm_spk_0003,Female,59,vui lòng cho tôi biết lịch trình của bốn chuyến tàu tiếp theo tới sài gòn,vui lòng cho tôi biết lịch trình của bốn chuyến tàu tiếp theo tới [place_name : sài gòn],"['vui' 'lòng' 'cho' 'tôi' 'biết' 'lịch' 'trình' 'của' 'bốn' 'chuyến' 'tàu'
 'tiếp' 'theo' 'tới' 'sài' 'gòn']","['Other' 'Other' 'Other' 'Other' 'Other' 'Other' 'Other' 'Other' 'Other'
 'Other' 'Other' 'Other' 'Other' 'Other' 'place_name' 'place_name']",42,transport_query,transport,5.76,48000,1,True,SVM_CLOSED_SET,TRAIN,,exp_svm_spk_0004
8063,dev/728ed386ef7e7c80da0f3d475ab02f18.wav,validation,TRAIN,vi-VN,5c9d67af9e01ef000197cd15,exp_svm_spk_0003,Female,59,khi nào đến lời nhắc kế tiếp của tôi,khi nào đến lời nhắc kế tiếp của tôi,['khi' 'nào' 'đến' 'lời' 'nhắc' 'kế' 'tiếp' 'của' 'tôi'],['Other' 'Other' 'Other' 'Other' 'Other' 'Other' 'Other' 'Other' 'Other'],32,calendar_query,calendar,3.48,48000,1,True,SVM_CLOSED_SET,TRAIN,,exp_svm_spk_0004
2464,dev/83e08c1f90b1b28e98504c7541da3cd0.wav,validation,TRAIN,vi-VN,5c9d67af9e01ef000197cd15,exp_svm_spk_0003,Female,59,olly tắt đèn,olly tắt đèn,['olly' 'tắt' 'đèn'],['Other' 'Other' 'Other'],40,iot_hue_lightoff,iot,2.04,48000,1,True,SVM_CLOSED_SET,TRAIN,,exp_svm_spk_0004
8707,dev/dac25805db5ead84209e36911409592c.wav,validation,TRAIN,vi-VN,5c9d67af9e01ef000197cd15,exp_svm_spk_0003,Female,59,mở các sự kiện sắp tới của tôi,mở các sự kiện sắp tới của tôi,['mở' 'các' 'sự' 'kiện' 'sắp' 'tới' 'của' 'tôi'],['Other' 'Other' 'Other' 'Other' 'Other' 'Other' 'Other' 'Other'],32,calendar_query,calendar,2.82,48000,1,True,SVM_CLOSED_SET,TRAIN,,exp_svm_spk_0004
2115,dev/86f66e9aea7ec13f96827846089f0070.wav,validation,TRAIN,vi-VN,5c9d67af9e01ef000197cd15,exp_svm_spk_0003,Female,59,phát nhạc pop,phát nhạc [music_genre : pop],['phát' 'nhạc' 'pop'],['Other' 'Other' 'music_genre'],45,play_music,play,1.62,48000,1,True,SVM_CLOSED_SET,TRAIN,,exp_svm_spk_0004
7738,dev/c29d4e9d2ed13ad0dd3782514b5a8d87.wav,validation,TRAIN,vi-VN,5c9d67af9e01ef000197cd15,exp_svm_spk_0003,Female,59,xóa việc đi mua sắm tạp hóa khỏi lịch trình thứ bảy của tôi,xóa việc đi mua sắm tạp hóa khỏi lịch trình [date : thứ bảy] của tôi,"['xóa' 'việc' 'đi' 'mua' 'sắm' 'tạp' 'hóa' 'khỏi' 'lịch' 'trình' 'thứ'
 'bảy' 'của' 'tôi']","['Other' 'Other' 'Other' 'Other' 'Other' 'Other' 'Other' 'Other' 'Other'
 'Other' 'date' 'date' 'Other' 'Other']",30,calendar_remove,calendar,4.38,48000,1,True,SVM_CLOSED_SET,TRAIN,,exp_svm_spk_0004
14397,dev/281ad3327f5a2c3128aed3e1b8e93b74.wav,validation,TRAIN,vi-VN,5c9d67af9e01ef000197cd15,exp_svm_spk_0003,Female,59,sơn tùng sinh ngày nào,[person : sơn tùng] sinh ngày nào,['sơn' 'tùng' 'sinh' 'ngày' 'nào'],['person' 'person' 'Other' 'Other' 'Other'],49,qa_factoid,qa,3.06,48000,1,True,SVM_CLOSED_SET,TRAIN,,exp_svm_spk_0004
15533,dev/d98016795d355b13298121bc8ec6eba8.wav,validation,TRAIN,vi-VN,5c9d67af9e01ef000197cd15,exp_svm_spk_0003,Female,59,olly gửi một tweet cho bún bò huế cô hằng nói với họ rằng họ có dịch vụ khách hàng tồi tệ nhất,olly gửi một [media_type : tweet] cho [business_name : bún bò huế cô hằng] nói với họ rằng họ có dịch vụ khách hàng tồi tệ nhất,"['olly' 'gửi' 'một' 'tweet' 'cho' 'bún' 'bò' 'huế' 'cô' 'hằng' 'nói' 'với'
 'họ' 'rằng' 'họ' 'có' 'dịch' 'vụ' 'khách' 'hàng' 'tồi' 'tệ' 'nhất']","['Other' 'Other' 'Other' 'media_type' 'Other' 'business_name'
 'business_name' 'business_name' 'business_name' 'business_name' 'Other'
 'Other' 'Other' 'Other' 'Other' 'Other' 'Other' 'Other' 'Other' 'Other'
 'Other' 'Other' 'Other']",47,social_post,social,7.8,48000,1,True,SVM_CLOSED_SET,TRAIN,,exp_svm_spk_0004
3649,dev/f2393d3b6a9b0fb46e6cc7310881c10a.wav,validation,TRAIN,vi-VN,5c9d67af9e01ef000197cd15,exp_svm_spk_0003,Female,59,nóng đến mức nào ở miami,[weather_descriptor : nóng] đến mức nào ở [place_name : miami],['nóng' 'đến' 'mức' 'nào' 'ở' 'miami'],['weather_descriptor' 'Other' 'Other' 'Other' 'Other' 'place_name'],13,weather_query,weather,3.96,48000,1,True,SVM_CLOSED_SET,TRAIN,,exp_svm_spk_0004
9849,dev/bd8f232eb35b8a16b0095a095dfb5d1d.wav,validation,TRAIN,vi-VN,5c9d67af9e01ef000197cd15,exp_svm_spk_0003,Female,59,sách nói phát jai ho,[media_type : sách nói] phát [song_name : jai ho],['sách' 'nói' 'phát' 'jai' 'ho'],['media_type' 'media_type' 'Other' 'song_name' 'song_name'],20,play_audiobook,play,3.3,48000,1,True,SVM_CLOSED_SET,TRAIN,,exp_svm_spk_0004
5782,dev/432c4e8da3b298a86da52bd29d922662.wav,validation,TRAIN,vi-VN,5c9d67af9e01ef000197cd15,exp_svm_spk_0003,Female,59,sẽ có sương mù sau hoàng hôn phải không,sẽ có [weather_descriptor : sương mù] [time : sau hoàng hôn] phải không,['sẽ' 'có' 'sương' 'mù' 'sau' 'hoàng' 'hôn' 'phải' 'không'],"['Other' 'Other' 'weather_descriptor' 'weather_descriptor' 'time' 'time'
 'time' 'Other' 'Other']",13,weather_query,weather,3.6,48000,1,True,SVM_CLOSED_SET,TRAIN,,exp_svm_spk_0004
2810,dev/5a6bddba59200d30d06fb127a16bc6f6.wav,validation,TRAIN,vi-VN,5c9d67af9e01ef000197cd15,exp_svm_spk_0003,Female,59,thắp sáng đèn phòng khách,thắp sáng đèn [house_place : phòng khách],['thắp' 'sáng' 'đèn' 'phòng' 'khách'],['Other' 'Other' 'Other' 'house_place' 'house_place'],18,iot_hue_lightup,iot,2.46,48000,1,True,SVM_CLOSED_SET,TRAIN,,exp_svm_spk_0004
8101,dev/2138fa027e9c6b83cc21610c710f51a0.wav,validation,TRAIN,vi-VN,5c9d67af9e01ef000197cd15,exp_svm_spk_0003,Female,59,olly gửi email các cuộc hẹn của tôi để xếp lại lịch trình,olly gửi email các [event_name : cuộc hẹn] của tôi để xếp lại lịch trình,"['olly' 'gửi' 'email' 'các' 'cuộc' 'hẹn' 'của' 'tôi' 'để' 'xếp' 'lại'
 'lịch' 'trình']","['Other' 'Other' 'Other' 'Other' 'event_name' 'event_name' 'Other' 'Other'
 'Other' 'Other' 'Other' 'Other' 'Other']",33,email_sendemail,email,5.1,48000,1,True,SVM_CLOSED_SET,TRAIN,,exp_svm_spk_0004
7620,dev/258b47ee4442c0ee19d5c14728d6ec1f.wav,validation,TRAIN,vi-VN,5c9d67af9e01ef000197cd15,exp_svm_spk_0003,Female,59,xoá tất cả các sự kiện trong lịch của tôi,xoá tất cả các sự kiện trong lịch của tôi,['xoá' 'tất' 'cả' 'các' 'sự' 'kiện' 'trong' 'lịch' 'của' 'tôi'],"['Other' 'Other' 'Other' 'Other' 'Other' 'Other' 'Other' 'Other' 'Other'
 'Other']",30,calendar_remove,calendar,4.32,48000,1,True,SVM_CLOSED_SET,TRAIN,,exp_svm_spk_0004
10017,dev/dd4f1c50ae0ffff484ab19cfe88696a1.wav,validation,TRAIN,vi-VN,5c9d67af9e01ef000197cd15,exp_svm_spk_0003,Female,59,cách bạn nấu đậu trắng,cách bạn nấu [ingredient : đậu trắng],['cách' 'bạn' 'nấu' 'đậu' 'trắng'],['Other' 'Other' 'Other' 'ingredient' 'ingredient'],9,cooking_recipe,cooking,1.92,48000,1,True,SVM_CLOSED_SET,TRAIN,,exp_svm_spk_0004
3940,dev/43d42079463719ac075b191a92a0c445.wav,validation,TRAIN,vi-VN,5c9d67af9e01ef000197cd15,exp_svm_spk_0003,Female,59,lưu các bài hát thể loại này cho tôi,lưu các bài hát thể loại này cho tôi,['lưu' 'các' 'bài' 'hát' 'thể' 'loại' 'này' 'cho' 'tôi'],['Other' 'Other' 'Other' 'Other' 'Other' 'Other' 'Other' 'Other' 'Other'],43,music_likeness,music,3.42,48000,1,True,SVM_CLOSED_SET,TRAIN,,exp_svm_spk_0004
11906,dev/6e231ed14898ca5625522df04474c0cd.wav,validation,TRAIN,vi-VN,5c9d67af9e01ef000197cd15,exp_svm_spk_0003,Female,59,cho tôi biết về các hoạt động trong khu vực của tôi vào cuối tuần này,cho tôi biết về các hoạt động trong khu vực của tôi vào cuối [date : tuần này],"['cho' 'tôi' 'biết' 'về' 'các' 'hoạt' 'động' 'trong' 'khu' 'vực' 'của'
 'tôi' 'vào' 'cuối' 'tuần' 'này']","['Other' 'Other' 'Other' 'Other' 'Other' 'Other' 'Other' 'Other' 'Other'
 'Other' 'Other' 'Other' 'Other' 'Other' 'date' 'date']",6,recommendation_events,recommendation,4.68,48000,1,True,SVM_CLOSED_SET,TRAIN,,exp_svm_spk_0004
7486,dev/aa85d67d76831b61356a7caa5ee3c9c4.wav,validation,TRAIN,vi-VN,5c9d67af9e01ef000197cd15,exp_svm_spk_0003,Female,59,cảnh báo hiện tại của tôi là gì,cảnh báo hiện tại của tôi là gì,['cảnh' 'báo' 'hiện' 'tại' 'của' 'tôi' 'là' 'gì'],['Other' 'Other' 'Other' 'Other' 'Other' 'Other' 'Other' 'Other'],32,calendar_query,calendar,3.3,48000,1,True,SVM_CLOSED_SET,TRAIN,,exp_svm_spk_0004
16709,dev/437bd2ef4b3a24bd24a0e45d4558da22.wav,validation,TRAIN,vi-VN,5c9d67af9e01ef000197cd15,exp_svm_spk_0003,Female,59,bao nhiêu số liên hệ tôi có trong danh bạ của tôi,bao nhiêu số liên hệ tôi có trong [device_type : danh bạ] của tôi,['bao' 'nhiêu' 'số' 'liên' 'hệ' 'tôi' 'có' 'trong' 'danh' 'bạ' 'của' 'tôi'],"['Other' 'Other' 'Other' 'Other' 'Other' 'Other' 'Other' 'Other'
 'device_type' 'device_type' 'Other' 'Other']",17,email_querycontact,email,4.5,48000,1,True,SVM_CLOSED_SET,TRAIN,,exp_svm_spk_0004
5672,dev/19346b639c9af7651b965fa838610af9.wav,validation,TRAIN,vi-VN,5c9d67af9e01ef000197cd15,exp_svm_spk_0003,Female,59,ở hà nội việt nam là mấy giờ,ở [place_name : hà nội việt nam] là mấy giờ,['ở' 'hà' 'nội' 'việt' 'nam' 'là' 'mấy' 'giờ'],"['Other' 'place_name' 'place_name' 'place_name' 'place_name' 'Other'
 'Other' 'Other']",0,datetime_query,datetime,3.72,48000,1,True,SVM_CLOSED_SET,TRAIN,,exp_svm_spk_0004
16723,dev/4bbcb18374115f6e066d201bafe60434.wav,validation,TRAIN,vi-VN,5c9d67af9e01ef000197cd15,exp_svm_spk_0003,Female,59,bạn có thể xem huy đã gửi thư điện tử cho tôi về điều gì không,bạn có thể xem [person : huy] đã gửi thư điện tử cho tôi về điều gì không,"['bạn' 'có' 'thể' 'xem' 'huy' 'đã' 'gửi' 'thư' 'điện' 'tử' 'cho' 'tôi'
 'về' 'điều' 'gì' 'không']","['Other' 'Other' 'Other' 'Other' 'person' 'Other' 'Other' 'Other' 'Other'
 'Other' 'Other' 'Other' 'Other' 'Other' 'Other' 'Other']",44,email_query,email,5.7,48000,1,True,SVM_CLOSED_SET,TRAIN,,exp_svm_spk_0004
4440,dev/8cb60c488f2a90d684f66ee5655a3cb7.wav,validation,TRAIN,vi-VN,5c9d67af9e01ef000197cd15,exp_svm_spk_0003,Female,59,làm tối tất cả các đèn nội thất,làm tối tất cả các đèn [house_place : nội thất],['làm' 'tối' 'tất' 'cả' 'các' 'đèn' 'nội' 'thất'],"['Other' 'Other' 'Other' 'Other' 'Other' 'Other' 'house_place'
 'house_place']",31,iot_hue_lightdim,iot,3.24,48000,1,True,SVM_CLOSED_SET,TRAIN,,exp_svm_spk_0004
4603,dev/5b0d027026b045a5df2d5d17d5c30ea5.wav,validation,TRAIN,vi-VN,5c9d67af9e01ef000197cd15,exp_svm_spk_0003,Female,59,trời sẽ u ám phải không,trời sẽ u ám phải không,['trời' 'sẽ' 'u' 'ám' 'phải' 'không'],['Other' 'Other' 'Other' 'Other' 'Other' 'Other'],13,weather_query,weather,3.0,48000,1,True,SVM_CLOSED_SET,TRAIN,,exp_svm_spk_0004
8061,dev/856fb51046e039fa22ddcf67655c64d4.wav,validation,TRAIN,vi-VN,5c9d67af9e01ef000197cd15,exp_svm_spk_0003,Female,59,tiệc tối bắt đầu lúc mấy giờ tối nay,[event_name : tiệc tối] bắt đầu lúc mấy giờ [timeofday : tối nay],['tiệc' 'tối' 'bắt' 'đầu' 'lúc' 'mấy' 'giờ' 'tối' 'nay'],"['event_name' 'event_name' 'Other' 'Other' 'Other' 'Other' 'Other'
 'timeofday' 'timeofday']",32,calendar_query,calendar,3.3,48000,1,True,SVM_CLOSED_SET,TRAIN,,exp_svm_spk_0004
2814,dev/044822d371c1865972540db2471053e6.wav,validation,TRAIN,vi-VN,5c9d67af9e01ef000197cd15,exp_svm_spk_0003,Female,59,pha một ít cà phê,pha một ít cà phê,['pha' 'một' 'ít' 'cà' 'phê'],['Other' 'Other' 'Other' 'Other' 'Other'],56,iot_coffee,iot,2.4,48000,1,True,SVM_CLOSED_SET,TRAIN,,exp_svm_spk_0004
11740,dev/686248823a3bd9bcf8e49017802497fc.wav,validation,TRAIN,vi-VN,5c9d67af9e01ef000197cd15,exp_svm_spk_0003,Female,59,rạp phim gần đây,[business_type : rạp phim] gần đây,['rạp' 'phim' 'gần' 'đây'],['business_type' 'business_type' 'Other' 'Other'],55,recommendation_movies,recommendation,2.46,48000,1,True,SVM_CLOSED_SET,TRAIN,,exp_svm_spk_0004
8046,dev/aaaa84e4046b4c5fafacc738e8c13bc2.wav,validation,TRAIN,vi-VN,5c9d67af9e01ef000197cd15,exp_svm_spk_0003,Female,59,tôi có bao nhiêu cuộc họp vào tuần tới,tôi có bao nhiêu cuộc họp vào [date : tuần tới],['tôi' 'có' 'bao' 'nhiêu' 'cuộc' 'họp' 'vào' 'tuần' 'tới'],['Other' 'Other' 'Other' 'Other' 'Other' 'Other' 'Other' 'date' 'date'],32,calendar_query,calendar,3.84,48000,1,True,SVM_CLOSED_SET,TRAIN,,exp_svm_spk_0004
12505,dev/6c5ac0d8fe86ba64cbdb9ef1b602ba51.wav,validation,TRAIN,vi-VN,5c9d67af9e01ef000197cd15,exp_svm_spk_0003,Female,59,chuyến tàu hỏa thống nhất tiếp theo đi hội an là khi nào,chuyến [transport_type : tàu hỏa] thống nhất tiếp theo đi [place_name : hội an] là khi nào,"['chuyến' 'tàu' 'hỏa' 'thống' 'nhất' 'tiếp' 'theo' 'đi' 'hội' 'an' 'là'
 'khi' 'nào']","['Other' 'transport_type' 'transport_type' 'Other' 'Other' 'Other' 'Other'
 'Other' 'place_name' 'place_name' 'Other' 'Other' 'Other']",42,transport_query,transport,4.8,48000,1,True,SVM_CLOSED_SET,TRAIN,,exp_svm_spk_0004
11617,dev/47abfb91eb3de35593c7a3b7de3e2a8d.wav,validation,TRAIN,vi-VN,5c9d67af9e01ef000197cd15,exp_svm_spk_0003,Female,59,buổi triển lãm hay buổi biểu diễn nào được lên lịch ở nhà hát lớn,[event_name : buổi triển lãm] hay [event_name : buổi biểu diễn] nào được lên lịch ở [place_name : nhà hát lớn],"['buổi' 'triển' 'lãm' 'hay' 'buổi' 'biểu' 'diễn' 'nào' 'được' 'lên'
 'lịch' 'ở' 'nhà' 'hát' 'lớn']","['event_name' 'event_name' 'event_name' 'Other' 'event_name' 'event_name'
 'event_name' 'Other' 'Other' 'Other' 'Other' 'Other' 'place_name'
 'place_name' 'place_name']",6,recommendation_events,recommendation,5.52,48000,1,True,SVM_CLOSED_SET,TRAIN,,exp_svm_spk_0004
13022,dev/f0712d89c99cbd276618bdee70a2a515.wav,validation,TRAIN,vi-VN,5c9d67af9e01ef000197cd15,exp_svm_spk_0003,Female,59,britney spears bao nhiêu tuổi,[person : britney spears] bao nhiêu tuổi,['britney' 'spears' 'bao' 'nhiêu' 'tuổi'],['person' 'person' 'Other' 'Other' 'Other'],49,qa_factoid,qa,3.3,48000,1,True,SVM_CLOSED_SET,TRAIN,,exp_svm_spk_0004
10551,dev/8ae84b760f78edcf07b32a03ba5eda55.wav,validation,TRAIN,vi-VN,5c9d67af9e01ef000197cd15,exp_svm_spk_0003,Female,59,có gì trong danh sách việc cần làm của tôi hôm nay,có gì trong danh sách [list_name : việc cần làm] của tôi [date : hôm nay],"['có' 'gì' 'trong' 'danh' 'sách' 'việc' 'cần' 'làm' 'của' 'tôi' 'hôm'
 'nay']","['Other' 'Other' 'Other' 'Other' 'Other' 'list_name' 'list_name'
 'list_name' 'Other' 'Other' 'date' 'date']",59,lists_query,lists,4.38,48000,1,True,SVM_CLOSED_SET,TRAIN,,exp_svm_spk_0004
8800,dev/21b9b81ee067348ebb88babf137ed142.wav,validation,TRAIN,vi-VN,5c9d67af9e01ef000197cd15,exp_svm_spk_0003,Female,59,tôi có bất cứ lời nhắc nào trong danh sách của tôi không,tôi có bất cứ lời nhắc nào trong danh sách của tôi không,"['tôi' 'có' 'bất' 'cứ' 'lời' 'nhắc' 'nào' 'trong' 'danh' 'sách' 'của'
 'tôi' 'không']","['Other' 'Other' 'Other' 'Other' 'Other' 'Other' 'Other' 'Other' 'Other'
 'Other' 'Other' 'Other' 'Other']",32,calendar_query,calendar,4.44,48000,1,True,SVM_CLOSED_SET,TRAIN,,exp_svm_spk_0004
6613,dev/db40a0b044776ea729586d5ff97d5607.wav,validation,TRAIN,vi-VN,5c9d67af9e01ef000197cd15,exp_svm_spk_0003,Female,59,nấu ăn,nấu ăn,['nấu' 'ăn'],['Other' 'Other'],37,cooking_query,cooking,1.56,48000,1,True,SVM_CLOSED_SET,TRAIN,,exp_svm_spk_0004
345,dev/e16d129ab3a86feeaba330ffca976a5a.wav,validation,TRAIN,vi-VN,5c9d67af9e01ef000197cd15,exp_svm_spk_0003,Female,59,nhiệt độ ngày mai ngoài đó sẽ như thế nào,[weather_descriptor : nhiệt độ] [date : ngày mai] ngoài đó sẽ như thế nào,['nhiệt' 'độ' 'ngày' 'mai' 'ngoài' 'đó' 'sẽ' 'như' 'thế' 'nào'],"['weather_descriptor' 'weather_descriptor' 'date' 'date' 'Other' 'Other'
 'Other' 'Other' 'Other' 'Other']",13,weather_query,weather,3.6,48000,1,True,SVM_CLOSED_SET,TRAIN,,exp_svm_spk_0004
13462,dev/ac6dbb6b7b36319d8321ce5d9b43aa34.wav,validation,TRAIN,vi-VN,5c9d67af9e01ef000197cd15,exp_svm_spk_0003,Female,59,tính toán,tính toán,['tính' 'toán'],['Other' 'Other'],39,qa_maths,qa,1.32,48000,1,True,SVM_CLOSED_SET,TRAIN,,exp_svm_spk_0004
8752,dev/9e2238affe38a0a3b38c4c1a50c8d375.wav,validation,TRAIN,vi-VN,5c9d67af9e01ef000197cd15,exp_svm_spk_0003,Female,59,tôi có bất kỳ thứ gì lên lịch cho ngày mười bảy tháng ba không,tôi có bất kỳ thứ gì lên lịch cho [date : ngày mười bảy tháng ba] không,"['tôi' 'có' 'bất' 'kỳ' 'thứ' 'gì' 'lên' 'lịch' 'cho' 'ngày' 'mười' 'bảy'
 'tháng' 'ba' 'không']","['Other' 'Other' 'Other' 'Other' 'Other' 'Other' 'Other' 'Other' 'Other'
 'date' 'date' 'date' 'date' 'date' 'Other']",32,calendar_query,calendar,5.1,48000,1,True,SVM_CLOSED_SET,TRAIN,,exp_svm_spk_0004
6044,dev/de0f46aa133fe4e9f498d53229762177.wav,validation,TRAIN,vi-VN,5c9d67af9e01ef000197cd15,exp_svm_spk_0003,Female,59,tiếp theo phát bài hát người hãy quên em đi,tiếp theo phát bài hát người hãy quên em đi,['tiếp' 'theo' 'phát' 'bài' 'hát' 'người' 'hãy' 'quên' 'em' 'đi'],"['Other' 'Other' 'Other' 'Other' 'Other' 'Other' 'Other' 'Other' 'Other'
 'Other']",45,play_music,play,3.66,48000,1,True,SVM_CLOSED_SET,TRAIN,,exp_svm_spk_0004
17121,dev/d3c100573e924e0d8b8fc37aae77bf74.wav,validation,TRAIN,vi-VN,5c9d67af9e01ef000197cd15,exp_svm_spk_0003,Female,59,báo cáo bất kỳ thư điện tử mới,báo cáo bất kỳ thư điện tử mới,['báo' 'cáo' 'bất' 'kỳ' 'thư' 'điện' 'tử' 'mới'],['Other' 'Other' 'Other' 'Other' 'Other' 'Other' 'Other' 'Other'],44,email_query,email,3.48,48000,1,True,SVM_CLOSED_SET,TRAIN,,exp_svm_spk_0004
1027,dev/595694b9c6559257d252cbb8f46faf48.wav,validation,TRAIN,vi-VN,5c9d67af9e01ef000197cd15,exp_svm_spk_0003,Female,59,tôi có thể biết ngày của ngày hôm nay không,tôi có thể biết ngày [date : của ngày hôm nay] không,['tôi' 'có' 'thể' 'biết' 'ngày' 'của' 'ngày' 'hôm' 'nay' 'không'],"['Other' 'Other' 'Other' 'Other' 'Other' 'date' 'date' 'date' 'date'
 'Other']",0,datetime_query,datetime,3.84,48000,1,True,SVM_CLOSED_SET,TRAIN,,exp_svm_spk_0004
10929,dev/49cd7bd1ab20b7fdfabea86d64f97523.wav,validation,TRAIN,vi-VN,5c9d67af9e01ef000197cd15,exp_svm_spk_0003,Female,59,cho tôi danh sách của tôi,cho tôi danh sách của tôi,['cho' 'tôi' 'danh' 'sách' 'của' 'tôi'],['Other' 'Other' 'Other' 'Other' 'Other' 'Other'],59,lists_query,lists,2.46,48000,1,True,SVM_CLOSED_SET,TRAIN,,exp_svm_spk_0004
6079,dev/203fb36dbb76740ba75b0c9747c272bb.wav,validation,TRAIN,vi-VN,5c9d67af9e01ef000197cd15,exp_svm_spk_0003,Female,59,báo thức,báo thức,['báo' 'thức'],['Other' 'Other'],48,alarm_set,alarm,1.5,48000,1,True,SVM_CLOSED_SET,TRAIN,,exp_svm_spk_0004
1271,dev/62b53f482f81ff478a8d77e3e88b0b87.wav,validation,TRAIN,vi-VN,5c9d67af9e01ef000197cd15,exp_svm_spk_0003,Female,59,có gì xảy ra trên thế giới hôm nay,có gì xảy ra trên thế giới [date : hôm nay],['có' 'gì' 'xảy' 'ra' 'trên' 'thế' 'giới' 'hôm' 'nay'],['Other' 'Other' 'Other' 'Other' 'Other' 'Other' 'Other' 'date' 'date'],22,news_query,news,3.3,48000,1,True,SVM_CLOSED_SET,TRAIN,,exp_svm_spk_0004
11624,dev/e6a6672c44a6e7fc77a052afe06a4f55.wav,validation,TRAIN,vi-VN,5c9d67af9e01ef000197cd15,exp_svm_spk_0003,Female,59,nơi tôi nên đến để ăn đồ ăn mê xi cô trong khu vực,nơi tôi nên đến để ăn đồ ăn [food_type : mê xi cô] trong khu vực,"['nơi' 'tôi' 'nên' 'đến' 'để' 'ăn' 'đồ' 'ăn' 'mê' 'xi' 'cô' 'trong' 'khu'
 'vực']","['Other' 'Other' 'Other' 'Other' 'Other' 'Other' 'Other' 'Other'
 'food_type' 'food_type' 'food_type' 'Other' 'Other' 'Other']",19,recommendation_locations,recommendation,5.58,48000,1,True,SVM_CLOSED_SET,TRAIN,,exp_svm_spk_0004
3242,dev/7e4cdd337f210561c9615b724ba2ae17.wav,validation,TRAIN,vi-VN,5c9d67af9e01ef000197cd15,exp_svm_spk_0003,Female,59,bạn có thể cài báo thức lúc một rưỡi không,bạn có thể cài báo thức lúc [time : một rưỡi] không,['bạn' 'có' 'thể' 'cài' 'báo' 'thức' 'lúc' 'một' 'rưỡi' 'không'],"['Other' 'Other' 'Other' 'Other' 'Other' 'Other' 'Other' 'time' 'time'
 'Other']",48,alarm_set,alarm,3.66,48000,1,True,SVM_CLOSED_SET,TRAIN,,exp_svm_spk_0004
8609,dev/6b7e6b393351f2794a6815978c098895.wav,validation,TRAIN,vi-VN,5c9d67af9e01ef000197cd15,exp_svm_spk_0003,Female,59,hủy cuộc họp với thư vào ngày thứ ba và đặt lịch lại vào ngày thứ năm,hủy [event_name : cuộc họp] với [person : thư] vào [date : ngày thứ ba] và đặt lịch lại vào [date : ngày thứ năm],"['hủy' 'cuộc' 'họp' 'với' 'thư' 'vào' 'ngày' 'thứ' 'ba' 'và' 'đặt'
 'lịch' 'lại' 'vào' 'ngày' 'thứ' 'năm']","['Other' 'event_name' 'event_name' 'Other' 'person' 'Other' 'date' 'date'
 'date' 'Other' 'Other' 'Other' 'Other' 'Other' 'date' 'date' 'date']",50,calendar_set,calendar,5.46,48000,1,True,SVM_CLOSED_SET,TRAIN,,exp_svm_spk_0004
2187,dev/2a4189002eaf736353a36c98f763fac6.wav,validation,TRAIN,vi-VN,5c9d67af9e01ef000197cd15,exp_svm_spk_0003,Female,59,bạn có thể vui lòng tắt đèn phòng ngủ của tôi không,bạn có thể vui lòng tắt đèn [house_place : phòng ngủ] của tôi không,"['bạn' 'có' 'thể' 'vui' 'lòng' 'tắt' 'đèn' 'phòng' 'ngủ' 'của' 'tôi'
 'không']","['Other' 'Other' 'Other' 'Other' 'Other' 'Other' 'Other' 'house_place'
 'house_place' 'Other' 'Other' 'Other']",40,iot_hue_lightoff,iot,3.78,48000,1,True,SVM_CLOSED_SET,TRAIN,,exp_svm_spk_0004
689,dev/361239908ff0328f559120ff674f1949.wav,validation,TRAIN,vi-VN,5c9d67af9e01ef000197cd15,exp_svm_spk_0003,Female,59,giảm âm lượng,giảm âm lượng,['giảm' 'âm' 'lượng'],['Other' 'Other' 'Other'],35,audio_volume_down,audio,2.04,48000,1,True,SVM_CLOSED_SET,TRAIN,,exp_svm_spk_0004
12076,dev/2ed2ad21a0303e9b08cc8c40dea7d093.wav,validation,TRAIN,vi-VN,5c9d67af9e01ef000197cd15,exp_svm_spk_0003,Female,59,liệt kê tất cả các cửa hàng gần đây,liệt kê tất cả các [business_type : cửa hàng] gần đây,['liệt' 'kê' 'tất' 'cả' 'các' 'cửa' 'hàng' 'gần' 'đây'],"['Other' 'Other' 'Other' 'Other' 'Other' 'business_type' 'business_type'
 'Other' 'Other']",19,recommendation_locations,recommendation,3.72,48000,1,True,SVM_CLOSED_SET,TRAIN,,exp_svm_spk_0004
14987,dev/b157b070765a3cac2773339f122e1e0e.wav,validation,TRAIN,vi-VN,5c9d67af9e01ef000197cd15,exp_svm_spk_0003,Female,59,máy vi tính là gì,[definition_word : máy vi tính] là gì,['máy' 'vi' 'tính' 'là' 'gì'],['definition_word' 'definition_word' 'definition_word' 'Other' 'Other'],26,qa_definition,qa,2.4,48000,1,True,SVM_CLOSED_SET,TRAIN,,exp_svm_spk_0004
2125,dev/dd0915a79ae0f9442b0939d1f5704e4e.wav,validation,TRAIN,vi-VN,5c9d67af9e01ef000197cd15,exp_svm_spk_0003,Female,59,cho tôi biết thời tiết của new brighton pa olly,cho tôi biết thời tiết của [place_name : new brighton pa] olly,['cho' 'tôi' 'biết' 'thời' 'tiết' 'của' 'new' 'brighton' 'pa' 'olly'],"['Other' 'Other' 'Other' 'Other' 'Other' 'Other' 'place_name' 'place_name'
 'place_name' 'Other']",13,weather_query,weather,5.58,48000,1,True,SVM_CLOSED_SET,TRAIN,,exp_svm_spk_0004
5004,dev/5ca448faa12b7090ab621ffd4d0c899f.wav,validation,TRAIN,vi-VN,5c9d67af9e01ef000197cd15,exp_svm_spk_0003,Female,59,thời gian của múi giờ phía đông là gì,thời gian của múi giờ [time_zone : phía đông] là gì,['thời' 'gian' 'của' 'múi' 'giờ' 'phía' 'đông' 'là' 'gì'],"['Other' 'Other' 'Other' 'Other' 'Other' 'time_zone' 'time_zone' 'Other'
 'Other']",0,datetime_query,datetime,4.08,48000,1,True,SVM_CLOSED_SET,TRAIN,,exp_svm_spk_0004
15379,dev/ae188efb1d655417c6eb6efcd3bc19de.wav,validation,TRAIN,vi-VN,5c9d67af9e01ef000197cd15,exp_svm_spk_0003,Female,59,làm ơn đăng bức ảnh này lên facebook của tôi,làm ơn đăng bức ảnh này lên [media_type : facebook] của tôi,['làm' 'ơn' 'đăng' 'bức' 'ảnh' 'này' 'lên' 'facebook' 'của' 'tôi'],"['Other' 'Other' 'Other' 'Other' 'Other' 'Other' 'Other' 'media_type'
 'Other' 'Other']",47,social_post,social,3.84,48000,1,True,SVM_CLOSED_SET,TRAIN,,exp_svm_spk_0004
6925,dev/c459fcefdc25f0abd3c064bf1afb4f6f.wav,validation,TRAIN,vi-VN,5ee49e71f8d19d00098aca3e,exp_svm_spk_0006,Male,27,có bất kỳ chương trình nào tối mai không,có bất kỳ chương trình nào [timeofday : tối] [date : mai] không,['có' 'bất' 'kỳ' 'chương' 'trình' 'nào' 'tối' 'mai' 'không'],"['Other' 'Other' 'Other' 'Other' 'Other' 'Other' 'timeofday' 'date'
 'Other']",32,calendar_query,calendar,3.78,48000,1,True,SVM_CLOSED_SET,TRAIN,,exp_svm_spk_0005
2665,dev/eef4e48b3273b225694ca9ad56261fdc.wav,validation,TRAIN,vi-VN,5ee49e71f8d19d00098aca3e,exp_svm_spk_0006,Male,27,hội đồng thành phố hà nội đang làm gì với người vô gia cư,[news_topic : hội đồng thành phố] [place_name : hà nội] đang [news_topic : làm gì với người vô gia cư],"['hội' 'đồng' 'thành' 'phố' 'hà' 'nội' 'đang' 'làm' 'gì' 'với'
 'người' 'vô' 'gia' 'cư']","['news_topic' 'news_topic' 'news_topic' 'news_topic' 'place_name'
 'place_name' 'Other' 'news_topic' 'news_topic' 'news_topic' 'news_topic'
 'news_topic' 'news_topic' 'news_topic']",22,news_query,news,3.84,48000,1,True,SVM_CLOSED_SET,TRAIN,,exp_svm_spk_0005
1380,dev/27466d88d08eb2a8ec656c1edb05b709.wav,validation,TRAIN,vi-VN,5ee49e71f8d19d00098aca3e,exp_svm_spk_0006,Male,27,tôi có thể đặt mang đi ở romero hay không,tôi có thể đặt [order_type : mang đi] ở [business_name : romero] hay không,['tôi' 'có' 'thể' 'đặt' 'mang' 'đi' 'ở' 'romero' 'hay' 'không'],"['Other' 'Other' 'Other' 'Other' 'order_type' 'order_type' 'Other'
 'business_name' 'Other' 'Other']",3,takeaway_query,takeaway,4.68,48000,1,True,SVM_CLOSED_SET,TRAIN,,exp_svm_spk_0005
6158,dev/0c53de437507c32d3c04610c4d8733fc.wav,validation,TRAIN,vi-VN,5ee49e71f8d19d00098aca3e,exp_svm_spk_0006,Male,27,bật máy hút bụi,bật [device_type : máy hút bụi],['bật' 'máy' 'hút' 'bụi'],['Other' 'device_type' 'device_type' 'device_type'],34,iot_cleaning,iot,2.58,48000,1,True,SVM_CLOSED_SET,TRAIN,,exp_svm_spk_0005
14989,dev/c1c0e8bfa09629ee2719ba80af205f78.wav,validation,TRAIN,vi-VN,5ee49e71f8d19d00098aca3e,exp_svm_spk_0006,Male,27,hòn đảo nào nhỏ nhất trên thế giới,hòn đảo nào nhỏ nhất trên [place_name : thế giới],['hòn' 'đảo' 'nào' 'nhỏ' 'nhất' 'trên' 'thế' 'giới'],['Other' 'Other' 'Other' 'Other' 'Other' 'Other' 'place_name' 'place_name'],49,qa_factoid,qa,3.42,48000,1,True,SVM_CLOSED_SET,TRAIN,,exp_svm_spk_0005
14755,dev/7d4f4db2853acbd11526e38d43494ffc.wav,validation,TRAIN,vi-VN,5ee49e71f8d19d00098aca3e,exp_svm_spk_0006,Male,27,đền hùng nằm ở đâu,[place_name : đền hùng] nằm ở đâu,['đền' 'hùng' 'nằm' 'ở' 'đâu'],['place_name' 'place_name' 'Other' 'Other' 'Other'],49,qa_factoid,qa,2.64,48000,1,True,SVM_CLOSED_SET,TRAIN,,exp_svm_spk_0005
4012,dev/5f9d5418fed286d625042e17f067c6d6.wav,validation,TRAIN,vi-VN,5ee49e71f8d19d00098aca3e,exp_svm_spk_0006,Male,27,bật dọn dẹp,bật dọn dẹp,['bật' 'dọn' 'dẹp'],['Other' 'Other' 'Other'],34,iot_cleaning,iot,2.04,48000,1,True,SVM_CLOSED_SET,TRAIN,,exp_svm_spk_0005
5755,dev/103032544d95146153d72cc30a67accd.wav,validation,TRAIN,vi-VN,5ee49e71f8d19d00098aca3e,exp_svm_spk_0006,Male,27,bật âm thanh,bật âm thanh,['bật' 'âm' 'thanh'],['Other' 'Other' 'Other'],14,audio_volume_up,audio,1.56,48000,1,True,SVM_CLOSED_SET,TRAIN,,exp_svm_spk_0005
851,dev/cf0b3ce272bd984f6afa120d9ebfb616.wav,validation,TRAIN,vi-VN,5ee49e71f8d19d00098aca3e,exp_svm_spk_0006,Male,27,bật sáng các đèn,bật sáng các đèn,['bật' 'sáng' 'các' 'đèn'],['Other' 'Other' 'Other' 'Other'],18,iot_hue_lightup,iot,2.22,48000,1,True,SVM_CLOSED_SET,TRAIN,,exp_svm_spk_0005
1223,dev/2fffa18177a7d2091f2633a0151d9a22.wav,validation,TRAIN,vi-VN,5ee49e71f8d19d00098aca3e,exp_svm_spk_0006,Male,27,cập nhật thời tiết vào thứ ba như thế nào,cập nhật thời tiết vào [date : thứ ba] như thế nào,['cập' 'nhật' 'thời' 'tiết' 'vào' 'thứ' 'ba' 'như' 'thế' 'nào'],"['Other' 'Other' 'Other' 'Other' 'Other' 'date' 'date' 'Other' 'Other'
 'Other']",13,weather_query,weather,3.12,48000,1,True,SVM_CLOSED_SET,TRAIN,,exp_svm_spk_0005
5854,dev/cc7c5aa3a08423fb37c96b2294a74797.wav,validation,TRAIN,vi-VN,5ee49e71f8d19d00098aca3e,exp_svm_spk_0006,Male,27,khởi động robot hút bụi,khởi động [device_type : robot hút bụi],['khởi' 'động' 'robot' 'hút' 'bụi'],['Other' 'Other' 'device_type' 'device_type' 'device_type'],34,iot_cleaning,iot,2.64,48000,1,True,SVM_CLOSED_SET,TRAIN,,exp_svm_spk_0005
7016,dev/757ffa6788763cb4f9746af8c91baa3f.wav,validation,TRAIN,vi-VN,5ee49e71f8d19d00098aca3e,exp_svm_spk_0006,Male,27,có bất kỳ sự kiện sắp tới nào trên lịch của tôi không,có bất kỳ sự kiện sắp tới nào trên lịch của tôi không,"['có' 'bất' 'kỳ' 'sự' 'kiện' 'sắp' 'tới' 'nào' 'trên' 'lịch' 'của' 'tôi'
 'không']","['Other' 'Other' 'Other' 'Other' 'Other' 'Other' 'Other' 'Other' 'Other'
 'Other' 'Other' 'Other' 'Other']",32,calendar_query,calendar,4.08,48000,1,True,SVM_CLOSED_SET,TRAIN,,exp_svm_spk_0005
5621,dev/de6e5bd2fa2d6390a18b41184b05b1b2.wav,validation,TRAIN,vi-VN,5ee49e71f8d19d00098aca3e,exp_svm_spk_0006,Male,27,nhiệt độ bây giờ,[weather_descriptor : nhiệt độ] bây giờ,['nhiệt' 'độ' 'bây' 'giờ'],['weather_descriptor' 'weather_descriptor' 'Other' 'Other'],13,weather_query,weather,1.86,48000,1,True,SVM_CLOSED_SET,TRAIN,,exp_svm_spk_0005
10746,dev/20c9519d53b53555bb1c81684c5b44bb.wav,validation,TRAIN,vi-VN,5ee49e71f8d19d00098aca3e,exp_svm_spk_0006,Male,27,xóa mục đó khỏi danh sách của tôi,xóa mục đó khỏi danh sách của tôi,['xóa' 'mục' 'đó' 'khỏi' 'danh' 'sách' 'của' 'tôi'],['Other' 'Other' 'Other' 'Other' 'Other' 'Other' 'Other' 'Other'],53,lists_remove,lists,3.24,48000,1,True,SVM_CLOSED_SET,TRAIN,,exp_svm_spk_0005
536,dev/a4c713b074ab32d6a1655392d5225cd0.wav,validation,TRAIN,vi-VN,5ee49e71f8d19d00098aca3e,exp_svm_spk_0006,Male,27,đặt báo thức lúc ba giờ chiều,đặt báo thức lúc [time : ba giờ chiều],['đặt' 'báo' 'thức' 'lúc' 'ba' 'giờ' 'chiều'],['Other' 'Other' 'Other' 'Other' 'time' 'time' 'time'],48,alarm_set,alarm,2.82,48000,1,True,SVM_CLOSED_SET,TRAIN,,exp_svm_spk_0005
13724,dev/d0872f61e9ce4a63d88177fcab57430a.wav,validation,TRAIN,vi-VN,5ee49e71f8d19d00098aca3e,exp_svm_spk_0006,Male,27,cho tôi biết về tượng nữ thần tự do,cho tôi biết về [definition_word : tượng nữ thần tự do],['cho' 'tôi' 'biết' 'về' 'tượng' 'nữ' 'thần' 'tự' 'do'],"['Other' 'Other' 'Other' 'Other' 'definition_word' 'definition_word'
 'definition_word' 'definition_word' 'definition_word']",26,qa_definition,qa,4.2,48000,1,True,SVM_CLOSED_SET,TRAIN,,exp_svm_spk_0005
9534,dev/6e9fd58ce5d41d0db83130c4f3305bfa.wav,validation,TRAIN,vi-VN,5ee49e71f8d19d00098aca3e,exp_svm_spk_0006,Male,27,phát kênh radio có tần số chín mươi ba phẩy năm,phát kênh radio có [radio_name : tần số chín mươi ba phẩy năm],['phát' 'kênh' 'radio' 'có' 'tần' 'số' 'chín' 'mươi' 'ba' 'phẩy' 'năm'],"['Other' 'Other' 'Other' 'Other' 'radio_name' 'radio_name' 'radio_name'
 'radio_name' 'radio_name' 'radio_name' 'radio_name']",36,play_radio,play,4.26,48000,1,True,SVM_CLOSED_SET,TRAIN,,exp_svm_spk_0005
7305,dev/ef1ed72aef58aa911988663ba0ce6009.wav,validation,TRAIN,vi-VN,5ee49e71f8d19d00098aca3e,exp_svm_spk_0006,Male,27,thêm vào lịch sự kiện gặp mặt chiều nay,thêm vào lịch sự kiện [event_name : gặp mặt] [timeofday : chiều nay],['thêm' 'vào' 'lịch' 'sự' 'kiện' 'gặp' 'mặt' 'chiều' 'nay'],"['Other' 'Other' 'Other' 'Other' 'Other' 'event_name' 'event_name'
 'timeofday' 'timeofday']",50,calendar_set,calendar,3.66,48000,1,True,SVM_CLOSED_SET,TRAIN,,exp_svm_spk_0005
11,dev/7bb2713815e67b402d4f3314d7b9545f.wav,validation,TRAIN,vi-VN,5ee49e71f8d19d00098aca3e,exp_svm_spk_0006,Male,27,tắt các bóng đèn,tắt các bóng đèn,['tắt' 'các' 'bóng' 'đèn'],['Other' 'Other' 'Other' 'Other'],40,iot_hue_lightoff,iot,1.92,48000,1,True,SVM_CLOSED_SET,TRAIN,,exp_svm_spk_0005
16184,dev/9a1f5f5801d298ea511af5c67ea11497.wav,validation,TRAIN,vi-VN,5ee49e71f8d19d00098aca3e,exp_svm_spk_0006,Male,27,cho tôi biết thông tin liên lạc của anh tôi,cho tôi biết [personal_info : thông tin liên lạc] của [relation : anh] tôi,['cho' 'tôi' 'biết' 'thông' 'tin' 'liên' 'lạc' 'của' 'anh' 'tôi'],"['Other' 'Other' 'Other' 'personal_info' 'personal_info' 'personal_info'
 'personal_info' 'Other' 'relation' 'Other']",17,email_querycontact,email,4.14,48000,1,True,SVM_CLOSED_SET,TRAIN,,exp_svm_spk_0005
17137,dev/1d1ca151c6ef3ed6f700c2b3680ec4cf.wav,validation,TRAIN,vi-VN,5ee49e71f8d19d00098aca3e,exp_svm_spk_0006,Male,27,có bao nhiêu tin nhắn tôi nhận được,có bao nhiêu tin nhắn tôi nhận được,['có' 'bao' 'nhiêu' 'tin' 'nhắn' 'tôi' 'nhận' 'được'],['Other' 'Other' 'Other' 'Other' 'Other' 'Other' 'Other' 'Other'],44,email_query,email,3.12,48000,1,True,SVM_CLOSED_SET,TRAIN,,exp_svm_spk_0005
2313,dev/221c124e20b314a5538c04ac320dffcb.wav,validation,TRAIN,vi-VN,5ee49e71f8d19d00098aca3e,exp_svm_spk_0006,Male,27,các đèn giảm tới số bảy,các đèn giảm [change_amount : tới số bảy],['các' 'đèn' 'giảm' 'tới' 'số' 'bảy'],['Other' 'Other' 'Other' 'change_amount' 'change_amount' 'change_amount'],31,iot_hue_lightdim,iot,2.58,48000,1,True,SVM_CLOSED_SET,TRAIN,,exp_svm_spk_0005
15182,dev/cdfd9f8b49ac97517cff38ded032463d.wav,validation,TRAIN,vi-VN,5ee49e71f8d19d00098aca3e,exp_svm_spk_0006,Male,27,đọc cho tôi dòng tweet trước từ bài đăng của oanh,đọc cho tôi dòng tweet trước từ [media_type : bài đăng của oanh],['đọc' 'cho' 'tôi' 'dòng' 'tweet' 'trước' 'từ' 'bài' 'đăng' 'của' 'oanh'],"['Other' 'Other' 'Other' 'Other' 'Other' 'Other' 'Other' 'media_type'
 'media_type' 'media_type' 'media_type']",27,social_query,social,4.32,48000,1,True,SVM_CLOSED_SET,TRAIN,,exp_svm_spk_0005
6638,dev/caa6a13e7f0327161edad83a9c29311b.wav,validation,TRAIN,vi-VN,5ee49e71f8d19d00098aca3e,exp_svm_spk_0006,Male,27,xe hơi,xe hơi,['xe' 'hơi'],['Other' 'Other'],12,general_quirky,general,1.86,48000,1,True,SVM_CLOSED_SET,TRAIN,,exp_svm_spk_0005
17093,dev/71ce1ff8c617abb6307ec17667be3321.wav,validation,TRAIN,vi-VN,5ee49e71f8d19d00098aca3e,exp_svm_spk_0006,Male,27,gửi email đến vy,gửi email đến [person : vy],['gửi' 'email' 'đến' 'vy'],['Other' 'Other' 'Other' 'person'],33,email_sendemail,email,2.22,48000,1,True,SVM_CLOSED_SET,TRAIN,,exp_svm_spk_0005
4233,dev/28204848fe7eb172d57f214deec612c3.wav,validation,TRAIN,vi-VN,5ee49e71f8d19d00098aca3e,exp_svm_spk_0006,Male,27,phát bài hát yêu thích của tôi của năm rồi,phát bài hát yêu thích của tôi của [date : năm rồi],['phát' 'bài' 'hát' 'yêu' 'thích' 'của' 'tôi' 'của' 'năm' 'rồi'],"['Other' 'Other' 'Other' 'Other' 'Other' 'Other' 'Other' 'Other' 'date'
 'date']",45,play_music,play,4.02,48000,1,True,SVM_CLOSED_SET,TRAIN,,exp_svm_spk_0005
10557,dev/aaedf7ede57eb222dd96514924ecd613.wav,validation,TRAIN,vi-VN,5ee49e71f8d19d00098aca3e,exp_svm_spk_0006,Male,27,cho tôi xem danh sách của tôi,cho tôi xem danh sách của tôi,['cho' 'tôi' 'xem' 'danh' 'sách' 'của' 'tôi'],['Other' 'Other' 'Other' 'Other' 'Other' 'Other' 'Other'],59,lists_query,lists,2.76,48000,1,True,SVM_CLOSED_SET,TRAIN,,exp_svm_spk_0005
7104,dev/2131c719953eb8bc53491658f2f17339.wav,validation,TRAIN,vi-VN,5ee49e71f8d19d00098aca3e,exp_svm_spk_0006,Male,27,đặt lịch cho bữa lỡ vào buổi sáng thứ bảy này với lâm lan và loan,đặt lịch cho [event_name : bữa lỡ] vào [timeofday : buổi sáng] [date : thứ bảy] này với [person : lâm lan] và [person : loan],"['đặt' 'lịch' 'cho' 'bữa' 'lỡ' 'vào' 'buổi' 'sáng' 'thứ' 'bảy' 'này' 'với'
 'lâm' 'lan' 'và' 'loan']","['Other' 'Other' 'Other' 'event_name' 'event_name' 'Other' 'timeofday'
 'timeofday' 'date' 'date' 'Other' 'Other' 'person' 'person' 'Other'
 'person']",50,calendar_set,calendar,6.12,48000,1,True,SVM_CLOSED_SET,TRAIN,,exp_svm_spk_0005
11084,dev/84c29835a80563d7793b75100810766e.wav,validation,TRAIN,vi-VN,5ee49e71f8d19d00098aca3e,exp_svm_spk_0006,Male,27,bỏ sữa ra khỏi danh sách mua sắm,bỏ sữa ra khỏi danh sách [list_name : mua sắm],['bỏ' 'sữa' 'ra' 'khỏi' 'danh' 'sách' 'mua' 'sắm'],['Other' 'Other' 'Other' 'Other' 'Other' 'Other' 'list_name' 'list_name'],53,lists_remove,lists,2.76,48000,1,True,SVM_CLOSED_SET,TRAIN,,exp_svm_spk_0005
13076,dev/0921a504a2808dc111d2e76fd16cdeb0.wav,validation,TRAIN,vi-VN,5ee49e71f8d19d00098aca3e,exp_svm_spk_0006,Male,27,nói cho tôi biết tên đệm của tom hanks,nói cho tôi biết tên đệm của [person : tom hanks],['nói' 'cho' 'tôi' 'biết' 'tên' 'đệm' 'của' 'tom' 'hanks'],['Other' 'Other' 'Other' 'Other' 'Other' 'Other' 'Other' 'person' 'person'],49,qa_factoid,qa,3.72,48000,1,True,SVM_CLOSED_SET,TRAIN,,exp_svm_spk_0005
534,dev/e932e0ddab7179aa8eb0ff1ea45c9bd3.wav,validation,TRAIN,vi-VN,5ee49e71f8d19d00098aca3e,exp_svm_spk_0006,Male,27,cài một cuộc gọi báo thức lúc mười giờ sáng,cài một cuộc gọi báo thức lúc [time : mười giờ sáng],['cài' 'một' 'cuộc' 'gọi' 'báo' 'thức' 'lúc' 'mười' 'giờ' 'sáng'],"['Other' 'Other' 'Other' 'Other' 'Other' 'Other' 'Other' 'time' 'time'
 'time']",48,alarm_set,alarm,4.14,48000,1,True,SVM_CLOSED_SET,TRAIN,,exp_svm_spk_0005
11406,dev/4376271374caa8b9c7faae7dd5c57f13.wav,validation,TRAIN,vi-VN,5ee49e71f8d19d00098aca3e,exp_svm_spk_0006,Male,27,dừng chương trình phát thanh này bắt đầu mở f. m.,dừng chương trình phát thanh này bắt đầu mở f. m.,['dừng' 'chương' 'trình' 'phát' 'thanh' 'này' 'bắt' 'đầu' 'mở' 'f.' 'm.'],"['Other' 'Other' 'Other' 'Other' 'Other' 'Other' 'Other' 'Other' 'Other'
 'Other' 'Other']",58,play_podcasts,play,4.26,48000,1,True,SVM_CLOSED_SET,TRAIN,,exp_svm_spk_0005
10689,dev/4eacd6b02282a75c33967a56e178ebb6.wav,validation,TRAIN,vi-VN,5ee49e71f8d19d00098aca3e,exp_svm_spk_0006,Male,27,bỏ mục thứ ba,bỏ mục thứ ba,['bỏ' 'mục' 'thứ' 'ba'],['Other' 'Other' 'Other' 'Other'],53,lists_remove,lists,1.98,48000,1,True,SVM_CLOSED_SET,TRAIN,,exp_svm_spk_0005
14897,dev/9bec75f4db43a8c5d137245a2dc57d77.wav,validation,TRAIN,vi-VN,5ee49e71f8d19d00098aca3e,exp_svm_spk_0006,Male,27,vệ tinh nào đầu tiên được phóng bởi nasa,vệ tinh nào đầu tiên được phóng bởi nasa,['vệ' 'tinh' 'nào' 'đầu' 'tiên' 'được' 'phóng' 'bởi' 'nasa'],['Other' 'Other' 'Other' 'Other' 'Other' 'Other' 'Other' 'Other' 'Other'],49,qa_factoid,qa,3.36,48000,1,True,SVM_CLOSED_SET,TRAIN,,exp_svm_spk_0005
15458,dev/14948b8fef7ca512314dcaeeb201b45b.wav,validation,TRAIN,vi-VN,5ee49e71f8d19d00098aca3e,exp_svm_spk_0006,Male,27,tôi có một trải nghiệm dịch vụ kinh khủng ở gà tươi mạnh hoạch tôi cần tweet về họ,tôi có một trải nghiệm dịch vụ kinh khủng ở [business_name : gà tươi mạnh hoạch] tôi cần [media_type : tweet] về họ,"['tôi' 'có' 'một' 'trải' 'nghiệm' 'dịch' 'vụ' 'kinh' 'khủng' 'ở' 'gà'
 'tươi' 'mạnh' 'hoạch' 'tôi' 'cần' 'tweet' 'về' 'họ']","['Other' 'Other' 'Other' 'Other' 'Other' 'Other' 'Other' 'Other' 'Other'
 'Other' 'business_name' 'business_name' 'business_name' 'business_name'
 'Other' 'Other' 'media_type' 'Other' 'Other']",47,social_post,social,6.36,48000,1,True,SVM_CLOSED_SET,TRAIN,,exp_svm_spk_0005
12168,dev/d7904db62d6e2d52f203f7c7d4fae8a4.wav,validation,TRAIN,vi-VN,5ee49e71f8d19d00098aca3e,exp_svm_spk_0006,Male,27,tình hình giao thông ở đường huỳnh thúc kháng như thế nào,tình hình giao thông ở [place_name : đường huỳnh thúc kháng] như thế nào,"['tình' 'hình' 'giao' 'thông' 'ở' 'đường' 'huỳnh' 'thúc' 'kháng' 'như'
 'thế' 'nào']","['Other' 'Other' 'Other' 'Other' 'Other' 'place_name' 'place_name'
 'place_name' 'place_name' 'Other' 'Other' 'Other']",11,transport_traffic,transport,3.78,48000,1,True,SVM_CLOSED_SET,TRAIN,,exp_svm_spk_0005
7727,dev/76f616f8f4f7008a3c546b02f51e2073.wav,validation,TRAIN,vi-VN,5ee49e71f8d19d00098aca3e,exp_svm_spk_0006,Male,27,tôi có một buổi sinh nhật vào thứ hai hãy cài đặt sự kiện đó,tôi có một buổi [event_name : sinh nhật] vào [date : thứ hai] hãy cài đặt sự kiện đó,"['tôi' 'có' 'một' 'buổi' 'sinh' 'nhật' 'vào' 'thứ' 'hai' 'hãy' 'cài' 'đặt'
 'sự' 'kiện' 'đó']","['Other' 'Other' 'Other' 'Other' 'event_name' 'event_name' 'Other' 'date'
 'date' 'Other' 'Other' 'Other' 'Other' 'Other' 'Other']",50,calendar_set,calendar,4.32,48000,1,True,SVM_CLOSED_SET,TRAIN,,exp_svm_spk_0005
13530,dev/c5c08d4a279b959f9b5c2a8466aa7341.wav,validation,TRAIN,vi-VN,5ee49e71f8d19d00098aca3e,exp_svm_spk_0006,Male,27,căng thẳng nghĩa là gì,[definition_word : căng thẳng] nghĩa là gì,['căng' 'thẳng' 'nghĩa' 'là' 'gì'],['definition_word' 'definition_word' 'Other' 'Other' 'Other'],26,qa_definition,qa,2.28,48000,1,True,SVM_CLOSED_SET,TRAIN,,exp_svm_spk_0005
10327,dev/b734894f702575e42792affa4f3f89b1.wav,validation,TRAIN,vi-VN,5ee49e71f8d19d00098aca3e,exp_svm_spk_0006,Male,27,hãy cùng giải quyết the puzzle,hãy cùng giải quyết [game_name : the puzzle],['hãy' 'cùng' 'giải' 'quyết' 'the' 'puzzle'],['Other' 'Other' 'Other' 'Other' 'game_name' 'game_name'],51,play_game,play,3.42,48000,1,True,SVM_CLOSED_SET,TRAIN,,exp_svm_spk_0005
12706,dev/7eb131e4db4f7b91557e4e9e15677d66.wav,validation,TRAIN,vi-VN,5ee49e71f8d19d00098aca3e,exp_svm_spk_0006,Male,27,đặt một vé tàu hỏa cho thời điểm này,đặt một vé [transport_type : tàu hỏa] cho thời điểm này,['đặt' 'một' 'vé' 'tàu' 'hỏa' 'cho' 'thời' 'điểm' 'này'],"['Other' 'Other' 'Other' 'transport_type' 'transport_type' 'Other' 'Other'
 'Other' 'Other']",2,transport_ticket,transport,3.36,48000,1,True,SVM_CLOSED_SET,TRAIN,,exp_svm_spk_0005
10767,dev/a39e0675c9096d1a9f1d505ee9c881ae.wav,validation,TRAIN,vi-VN,5ee49e71f8d19d00098aca3e,exp_svm_spk_0006,Male,27,trứng có trong danh sách mua sắm của tôi chưa,trứng có trong danh sách [list_name : mua sắm] của tôi chưa,['trứng' 'có' 'trong' 'danh' 'sách' 'mua' 'sắm' 'của' 'tôi' 'chưa'],"['Other' 'Other' 'Other' 'Other' 'Other' 'list_name' 'list_name' 'Other'
 'Other' 'Other']",59,lists_query,lists,3.24,48000,1,True,SVM_CLOSED_SET,TRAIN,,exp_svm_spk_0005
6193,dev/e9b76f1899881c72da683f84ca1f002e.wav,validation,TRAIN,vi-VN,5ee49e71f8d19d00098aca3e,exp_svm_spk_0006,Male,27,bạn có muốn nghe những gì đã xảy ra hôm nay,bạn có muốn nghe những gì đã xảy ra [date : hôm nay],['bạn' 'có' 'muốn' 'nghe' 'những' 'gì' 'đã' 'xảy' 'ra' 'hôm' 'nay'],"['Other' 'Other' 'Other' 'Other' 'Other' 'Other' 'Other' 'Other' 'Other'
 'date' 'date']",12,general_quirky,general,3.9,48000,1,True,SVM_CLOSED_SET,TRAIN,,exp_svm_spk_0005
10925,dev/4975009bdf0fa364fdad955e82271b20.wav,validation,TRAIN,vi-VN,5ee49e71f8d19d00098aca3e,exp_svm_spk_0006,Male,27,tạo một danh sách mới các hóa đơn chưa thanh toán của tôi,tạo một danh sách mới các [list_name : hóa đơn chưa thanh toán] của tôi,"['tạo' 'một' 'danh' 'sách' 'mới' 'các' 'hóa' 'đơn' 'chưa' 'thanh' 'toán'
 'của' 'tôi']","['Other' 'Other' 'Other' 'Other' 'Other' 'Other' 'list_name' 'list_name'
 'list_name' 'list_name' 'list_name' 'Other' 'Other']",21,lists_createoradd,lists,3.6,48000,1,True,SVM_CLOSED_SET,TRAIN,,exp_svm_spk_0005
2749,dev/cf34fa827b594a470aa18aa52e81118a.wav,validation,TRAIN,vi-VN,5ee49e71f8d19d00098aca3e,exp_svm_spk_0006,Male,27,khởi động máy pha cà phê,khởi động [device_type : máy pha cà phê],['khởi' 'động' 'máy' 'pha' 'cà' 'phê'],['Other' 'Other' 'device_type' 'device_type' 'device_type' 'device_type'],56,iot_coffee,iot,3.0,48000,1,True,SVM_CLOSED_SET,TRAIN,,exp_svm_spk_0005
17035,dev/361e75d2d025bb5190f554c8cd5154cd.wav,validation,TRAIN,vi-VN,5ee49e71f8d19d00098aca3e,exp_svm_spk_0006,Male,27,hoạt động thư điện tử gần đây của tôi là gì,hoạt động thư điện tử gần đây của tôi là gì,['hoạt' 'động' 'thư' 'điện' 'tử' 'gần' 'đây' 'của' 'tôi' 'là' 'gì'],"['Other' 'Other' 'Other' 'Other' 'Other' 'Other' 'Other' 'Other' 'Other'
 'Other' 'Other']",44,email_query,email,3.3,48000,1,True,SVM_CLOSED_SET,TRAIN,,exp_svm_spk_0005
16493,dev/db9c207f3cd54818327ea8c139078b78.wav,validation,TRAIN,vi-VN,5ee49e71f8d19d00098aca3e,exp_svm_spk_0006,Male,27,mẹ tôi có gửi tôi email nào không,[relation : mẹ] tôi có gửi tôi email nào không,['mẹ' 'tôi' 'có' 'gửi' 'tôi' 'email' 'nào' 'không'],['relation' 'Other' 'Other' 'Other' 'Other' 'Other' 'Other' 'Other'],44,email_query,email,3.54,48000,1,True,SVM_CLOSED_SET,TRAIN,,exp_svm_spk_0005
173,dev/7fc7325b87ec8de1daaaa56edc2c41f3.wav,validation,TRAIN,vi-VN,5ee49e71f8d19d00098aca3e,exp_svm_spk_0006,Male,27,cài báo thức ngày mai lúc sáu giờ sáng,cài báo thức [date : ngày mai] lúc [time : sáu giờ sáng],['cài' 'báo' 'thức' 'ngày' 'mai' 'lúc' 'sáu' 'giờ' 'sáng'],['Other' 'Other' 'Other' 'date' 'date' 'Other' 'time' 'time' 'time'],48,alarm_set,alarm,3.12,48000,1,True,SVM_CLOSED_SET,TRAIN,,exp_svm_spk_0005
13797,dev/7cc63bf264eb867f9cdedbf5f2119b03.wav,validation,TRAIN,vi-VN,5ee49e71f8d19d00098aca3e,exp_svm_spk_0006,Male,27,bao nhiêu người sống ở cần thơ,bao nhiêu người sống ở [place_name : cần thơ],['bao' 'nhiêu' 'người' 'sống' 'ở' 'cần' 'thơ'],['Other' 'Other' 'Other' 'Other' 'Other' 'place_name' 'place_name'],49,qa_factoid,qa,2.76,48000,1,True,SVM_CLOSED_SET,TRAIN,,exp_svm_spk_0005
10529,dev/8f12feeb5500ce22f8b9054f88f10635.wav,validation,TRAIN,vi-VN,5ee49e71f8d19d00098aca3e,exp_svm_spk_0006,Male,27,thêm mục này vào danh sách,thêm mục này vào danh sách,['thêm' 'mục' 'này' 'vào' 'danh' 'sách'],['Other' 'Other' 'Other' 'Other' 'Other' 'Other'],21,lists_createoradd,lists,2.16,48000,1,True,SVM_CLOSED_SET,TRAIN,,exp_svm_spk_0005
2483,dev/4c152c58124b10c7599474f8d3724ce5.wav,validation,TRAIN,vi-VN,5ee49e71f8d19d00098aca3e,exp_svm_spk_0006,Male,27,bạn có thể làm mờ tất cả các bóng đèn không,bạn có thể làm mờ tất cả các bóng đèn không,"['bạn' 'có' 'thể' 'làm' 'mờ' 'tất' 'cả' 'các' 'bóng' 'đèn'
 'không']","['Other' 'Other' 'Other' 'Other' 'Other' 'Other' 'Other' 'Other' 'Other'
 'Other' 'Other']",31,iot_hue_lightdim,iot,3.78,48000,1,True,SVM_CLOSED_SET,TRAIN,,exp_svm_spk_0005
2790,dev/a5882be4f8b4f90b66bca6c29af4f80f.wav,validation,TRAIN,vi-VN,5ee49e71f8d19d00098aca3e,exp_svm_spk_0006,Male,27,đội yankees có thắng tối qua không,đội yankees có thắng [date : tối qua] không,['đội' 'yankees' 'có' 'thắng' 'tối' 'qua' 'không'],['Other' 'Other' 'Other' 'Other' 'date' 'date' 'Other'],22,news_query,news,3.12,48000,1,True,SVM_CLOSED_SET,TRAIN,,exp_svm_spk_0005
14012,dev/91077c1c5800e684ca6c3d50a8444dca.wav,validation,TRAIN,vi-VN,5ee49e71f8d19d00098aca3e,exp_svm_spk_0006,Male,27,phản hồi có nghĩa là gì,[definition_word : phản hồi] có nghĩa là gì,['phản' 'hồi' 'có' 'nghĩa' 'là' 'gì'],['definition_word' 'definition_word' 'Other' 'Other' 'Other' 'Other'],26,qa_definition,qa,2.46,48000,1,True,SVM_CLOSED_SET,TRAIN,,exp_svm_spk_0005
6107,dev/b7441a57ede00668d6e3111567b607d1.wav,validation,TRAIN,vi-VN,5ee49e71f8d19d00098aca3e,exp_svm_spk_0006,Male,27,phát cả một trời thương nhớ hồ ngọc hà,phát [song_name : cả một trời thương nhớ] [artist_name : hồ ngọc hà],['phát' 'cả' 'một' 'trời' 'thương' 'nhớ' 'hồ' 'ngọc' 'hà'],"['Other' 'song_name' 'song_name' 'song_name' 'song_name' 'song_name'
 'artist_name' 'artist_name' 'artist_name']",45,play_music,play,2.88,48000,1,True,SVM_CLOSED_SET,TRAIN,,exp_svm_spk_0005
3177,dev/38c918ffc89e926e4e80add9adb49dea.wav,validation,TRAIN,vi-VN,5ee49e71f8d19d00098aca3e,exp_svm_spk_0006,Male,27,tên ca sĩ chính của ban nhạc này là gì,tên ca sĩ chính của ban nhạc này là gì,['tên' 'ca' 'sĩ' 'chính' 'của' 'ban' 'nhạc' 'này' 'là' 'gì'],"['Other' 'Other' 'Other' 'Other' 'Other' 'Other' 'Other' 'Other' 'Other'
 'Other']",57,music_query,music,3.3,48000,1,True,SVM_CLOSED_SET,TRAIN,,exp_svm_spk_0005
8783,dev/27384ebe8afc6017d544cefd872656cf.wav,validation,TRAIN,vi-VN,5ee49e71f8d19d00098aca3e,exp_svm_spk_0006,Male,27,tôi có lịch trình nào hôm nay không,tôi có lịch trình nào [date : hôm nay] không,['tôi' 'có' 'lịch' 'trình' 'nào' 'hôm' 'nay' 'không'],['Other' 'Other' 'Other' 'Other' 'Other' 'date' 'date' 'Other'],32,calendar_query,calendar,3.42,48000,1,True,SVM_CLOSED_SET,TRAIN,,exp_svm_spk_0005
2073,dev/9bf22d56cb2ee76d894eb95f7f1c80d2.wav,validation,TRAIN,vi-VN,5ee49e71f8d19d00098aca3e,exp_svm_spk_0006,Male,27,phát cho tôi người hãy quên em đi của mỹ tâm,phát cho tôi [song_name : người hãy quên em đi] của [artist_name : mỹ tâm],['phát' 'cho' 'tôi' 'người' 'hãy' 'quên' 'em' 'đi' 'của' 'mỹ' 'tâm'],"['Other' 'Other' 'Other' 'song_name' 'song_name' 'song_name' 'song_name'
 'song_name' 'Other' 'artist_name' 'artist_name']",45,play_music,play,3.3,48000,1,True,SVM_CLOSED_SET,TRAIN,,exp_svm_spk_0005
13540,dev/f3ac7b2275bb83337ff24193a8320ff1.wav,validation,TRAIN,vi-VN,5ee49e71f8d19d00098aca3e,exp_svm_spk_0006,Male,27,tra cứu định nghĩa về xe cứu thương,tra cứu định nghĩa về [definition_word : xe cứu thương],['tra' 'cứu' 'định' 'nghĩa' 'về' 'xe' 'cứu' 'thương'],"['Other' 'Other' 'Other' 'Other' 'Other' 'definition_word'
 'definition_word' 'definition_word']",26,qa_definition,qa,2.76,48000,1,True,SVM_CLOSED_SET,TRAIN,,exp_svm_spk_0005
8829,dev/1c7ddc79034974107b64e96abcfd83ed.wav,validation,TRAIN,vi-VN,5ee49e71f8d19d00098aca3e,exp_svm_spk_0006,Male,27,có phải sự kiện lịch bị sai,có phải sự kiện lịch bị sai,['có' 'phải' 'sự' 'kiện' 'lịch' 'bị' 'sai'],['Other' 'Other' 'Other' 'Other' 'Other' 'Other' 'Other'],32,calendar_query,calendar,2.94,48000,1,True,SVM_CLOSED_SET,TRAIN,,exp_svm_spk_0005
11553,dev/140df2d1c82bd3c264ffb5aa4751b845.wav,validation,TRAIN,vi-VN,5ee49e71f8d19d00098aca3e,exp_svm_spk_0006,Male,27,ngắn và đơn giản,ngắn và đơn giản,['ngắn' 'và' 'đơn' 'giản'],['Other' 'Other' 'Other' 'Other'],58,play_podcasts,play,1.8,48000,1,True,SVM_CLOSED_SET,TRAIN,,exp_svm_spk_0005
13382,dev/bc67e315922d36e6c0a6c177438aa240.wav,validation,TRAIN,vi-VN,5ee49e71f8d19d00098aca3e,exp_svm_spk_0006,Male,27,hoài linh ra đời khi nào,[person : hoài linh] ra đời khi nào,['hoài' 'linh' 'ra' 'đời' 'khi' 'nào'],['person' 'person' 'Other' 'Other' 'Other' 'Other'],49,qa_factoid,qa,2.1,48000,1,True,SVM_CLOSED_SET,TRAIN,,exp_svm_spk_0005
7703,dev/7db5c9ad4f021d9951889267e33e3a86.wav,validation,TRAIN,vi-VN,5ee49e71f8d19d00098aca3e,exp_svm_spk_0006,Male,27,olly hãy đặt nhắc nhở cho buổi họp mười giờ sáng mai,olly hãy đặt nhắc nhở cho [event_name : buổi họp] [time : mười giờ] [timeofday : sáng] [date : mai],"['olly' 'hãy' 'đặt' 'nhắc' 'nhở' 'cho' 'buổi' 'họp' 'mười' 'giờ' 'sáng'
 'mai']","['Other' 'Other' 'Other' 'Other' 'Other' 'Other' 'event_name' 'event_name'
 'time' 'time' 'timeofday' 'date']",50,calendar_set,calendar,5.22,48000,1,True,SVM_CLOSED_SET,TRAIN,,exp_svm_spk_0005
12394,dev/9c33cdcedd7709690d9e995276bba035.wav,validation,TRAIN,vi-VN,5ee49e71f8d19d00098aca3e,exp_svm_spk_0006,Male,27,mua giúp tôi vé tàu hỏa hôm nay đến thành phố nha trang,mua giúp tôi vé [transport_type : tàu hỏa] [date : hôm nay] đến thành phố [place_name : nha trang],"['mua' 'giúp' 'tôi' 'vé' 'tàu' 'hỏa' 'hôm' 'nay' 'đến' 'thành' 'phố' 'nha'
 'trang']","['Other' 'Other' 'Other' 'Other' 'transport_type' 'transport_type' 'date'
 'date' 'Other' 'Other' 'Other' 'place_name' 'place_name']",2,transport_ticket,transport,4.86,48000,1,True,SVM_CLOSED_SET,TRAIN,,exp_svm_spk_0005
657,dev/4cb0c2cc693c6e2863ac6c660a0bf097.wav,validation,TRAIN,vi-VN,5ee49e71f8d19d00098aca3e,exp_svm_spk_0006,Male,27,thời tiết hiện tại thế nào,thời tiết hiện tại thế nào,['thời' 'tiết' 'hiện' 'tại' 'thế' 'nào'],['Other' 'Other' 'Other' 'Other' 'Other' 'Other'],13,weather_query,weather,3.06,48000,1,True,SVM_CLOSED_SET,TRAIN,,exp_svm_spk_0005
11076,dev/2c0e2ec0ee224b334f9cb5a723e12c2c.wav,validation,TRAIN,vi-VN,5ee49e71f8d19d00098aca3e,exp_svm_spk_0006,Male,27,cái đó trong danh sách là gì,cái đó trong danh sách là gì,['cái' 'đó' 'trong' 'danh' 'sách' 'là' 'gì'],['Other' 'Other' 'Other' 'Other' 'Other' 'Other' 'Other'],59,lists_query,lists,2.28,48000,1,True,SVM_CLOSED_SET,TRAIN,,exp_svm_spk_0005
8803,dev/48122a72d4908cc6f9a9bf4787517f5e.wav,validation,TRAIN,vi-VN,5ee49e71f8d19d00098aca3e,exp_svm_spk_0006,Male,27,vui lòng cài báo thức cho,vui lòng cài báo thức cho,['vui' 'lòng' 'cài' 'báo' 'thức' 'cho'],['Other' 'Other' 'Other' 'Other' 'Other' 'Other'],48,alarm_set,alarm,2.76,48000,1,True,SVM_CLOSED_SET,TRAIN,,exp_svm_spk_0005
5436,dev/08803544868969e088a4f72777402d12.wav,validation,TRAIN,vi-VN,604b93f6432ad99bcb4798e8,exp_svm_spk_0009,Male,31,xóa báo thức năm giờ chiều,xóa báo thức [time : năm giờ chiều],['xóa' 'báo' 'thức' 'năm' 'giờ' 'chiều'],['Other' 'Other' 'Other' 'time' 'time' 'time'],52,alarm_remove,alarm,5.857166666666667,48000,1,True,SVM_CLOSED_SET,TRAIN,,exp_svm_spk_0006
14721,dev/ff7b9d4ca38bf0ea6815b08722c332f4.wav,validation,TRAIN,vi-VN,604b93f6432ad99bcb4798e8,exp_svm_spk_0009,Male,31,tỷ giá hối đoái đô la rupee,tỷ giá hối đoái [currency_name : đô la rupee],['tỷ' 'giá' 'hối' 'đoái' 'đô' 'la' 'rupee'],"['Other' 'Other' 'Other' 'Other' 'currency_name' 'currency_name'
 'currency_name']",10,qa_currency,qa,4.3345,48000,1,True,SVM_CLOSED_SET,TRAIN,,exp_svm_spk_0006
6548,dev/159d8e7a9315d82de810f9af189191fa.wav,validation,TRAIN,vi-VN,604b93f6432ad99bcb4798e8,exp_svm_spk_0009,Male,31,hôm nay là một ngày mệt mỏi,[date : hôm nay] là một ngày mệt mỏi,['hôm' 'nay' 'là' 'một' 'ngày' 'mệt' 'mỏi'],['date' 'date' 'Other' 'Other' 'Other' 'Other' 'Other'],12,general_quirky,general,5.235833333333333,48000,1,True,SVM_CLOSED_SET,TRAIN,,exp_svm_spk_0006
5154,dev/03311753afa2e105b6791dbfcf11b5ba.wav,validation,TRAIN,vi-VN,604b93f6432ad99bcb4798e8,exp_svm_spk_0009,Male,31,ở đây quá sáng bạn có thể vặn một đèn tắt đi không,ở đây quá sáng bạn có thể vặn một đèn tắt đi không,"['ở' 'đây' 'quá' 'sáng' 'bạn' 'có' 'thể' 'vặn' 'một' 'đèn' 'tắt'
 'đi' 'không']","['Other' 'Other' 'Other' 'Other' 'Other' 'Other' 'Other' 'Other' 'Other'
 'Other' 'Other' 'Other' 'Other']",40,iot_hue_lightoff,iot,10.2065,48000,1,True,SVM_CLOSED_SET,TRAIN,,exp_svm_spk_0006
11333,dev/7134c4b6ca7ec6cd5ef29a05c4bce5ed.wav,validation,TRAIN,vi-VN,604b93f6432ad99bcb4798e8,exp_svm_spk_0009,Male,31,sắp xếp và phát tất cả bài hát của mỹ tâm,sắp xếp và phát tất cả bài hát của [artist_name : mỹ tâm],['sắp' 'xếp' 'và' 'phát' 'tất' 'cả' 'bài' 'hát' 'của' 'mỹ' 'tâm'],"['Other' 'Other' 'Other' 'Other' 'Other' 'Other' 'Other' 'Other' 'Other'
 'artist_name' 'artist_name']",45,play_music,play,7.857166666666667,48000,1,True,SVM_CLOSED_SET,TRAIN,,exp_svm_spk_0006
10488,dev/5a22941818974a15441f883e058c2114.wav,validation,TRAIN,vi-VN,604b93f6432ad99bcb4798e8,exp_svm_spk_0009,Male,31,lập danh sách,lập danh sách,['lập' 'danh' 'sách'],['Other' 'Other' 'Other'],21,lists_createoradd,lists,3.8758333333333335,48000,1,True,SVM_CLOSED_SET,TRAIN,,exp_svm_spk_0006
16396,dev/bac848b6d85f2e343735c7955b07c10b.wav,validation,TRAIN,vi-VN,604b93f6432ad99bcb4798e8,exp_svm_spk_0009,Male,31,gửi email đến hùng,gửi email đến [person : hùng],['gửi' 'email' 'đến' 'hùng'],['Other' 'Other' 'Other' 'person'],33,email_sendemail,email,3.587833333333333,48000,1,True,SVM_CLOSED_SET,TRAIN,,exp_svm_spk_0006
3285,dev/6ac312e81be989aab3bf2a54ebd87790.wav,validation,TRAIN,vi-VN,604b93f6432ad99bcb4798e8,exp_svm_spk_0009,Male,31,trời sẽ mưa vào ngày mai ở miami phải không,trời sẽ [weather_descriptor : mưa] vào [date : ngày mai] ở [place_name : miami] phải không,['trời' 'sẽ' 'mưa' 'vào' 'ngày' 'mai' 'ở' 'miami' 'phải' 'không'],"['Other' 'Other' 'weather_descriptor' 'Other' 'date' 'date' 'Other'
 'place_name' 'Other' 'Other']",13,weather_query,weather,6.387833333333333,48000,1,True,SVM_CLOSED_SET,TRAIN,,exp_svm_spk_0006
30,dev/5efe14e8b6e010c356bade507489a7bd.wav,validation,TRAIN,vi-VN,604b93f6432ad99bcb4798e8,exp_svm_spk_0009,Male,31,lau dọn là tốt bụi bẩn rất khó chịu bây giờ phép thuật của bạn làm sạch thảm của tôi,lau dọn là tốt bụi bẩn rất khó chịu bây giờ phép thuật của bạn làm sạch [house_place : thảm] của tôi,"['lau' 'dọn' 'là' 'tốt' 'bụi' 'bẩn' 'rất' 'khó' 'chịu' 'bây' 'giờ' 'phép'
 'thuật' 'của' 'bạn' 'làm' 'sạch' 'thảm' 'của' 'tôi']","['Other' 'Other' 'Other' 'Other' 'Other' 'Other' 'Other' 'Other' 'Other'
 'Other' 'Other' 'Other' 'Other' 'Other' 'Other' 'Other' 'Other'
 'house_place' 'Other' 'Other']",34,iot_cleaning,iot,15.955833333333333,48000,1,True,SVM_CLOSED_SET,TRAIN,,exp_svm_spk_0006
13938,dev/8bd1017658485b2b7efa3dec4ef18597.wav,validation,TRAIN,vi-VN,604b93f6432ad99bcb4798e8,exp_svm_spk_0009,Male,31,tôi có lời mời kết bạn tinder mới không,tôi có lời mời kết bạn tinder mới không,['tôi' 'có' 'lời' 'mời' 'kết' 'bạn' 'tinder' 'mới' 'không'],['Other' 'Other' 'Other' 'Other' 'Other' 'Other' 'Other' 'Other' 'Other'],32,calendar_query,calendar,7.5665,48000,1,True,SVM_CLOSED_SET,TRAIN,,exp_svm_spk_0006
8258,dev/a74fd7808ccb3d90880d813bdd791ff9.wav,validation,TRAIN,vi-VN,604b93f6432ad99bcb4798e8,exp_svm_spk_0009,Male,31,thêm thông tin về buổi hòa nhạc tại nhà hát lớn,thêm thông tin về [event_name : buổi hòa nhạc] tại [place_name : nhà hát lớn],['thêm' 'thông' 'tin' 'về' 'buổi' 'hòa' 'nhạc' 'tại' 'nhà' 'hát' 'lớn'],"['Other' 'Other' 'Other' 'Other' 'event_name' 'event_name' 'event_name'
 'Other' 'place_name' 'place_name' 'place_name']",32,calendar_query,calendar,7.867833333333333,48000,1,True,SVM_CLOSED_SET,TRAIN,,exp_svm_spk_0006
12441,dev/0e40bd6874771534533d36ada8071149.wav,validation,TRAIN,vi-VN,604b93f6432ad99bcb4798e8,exp_svm_spk_0009,Male,31,giao thông từ nhà tới nơi làm việc như thế nào,giao thông từ [place_name : nhà] tới nơi làm việc như thế nào,['giao' 'thông' 'từ' 'nhà' 'tới' 'nơi' 'làm' 'việc' 'như' 'thế' 'nào'],"['Other' 'Other' 'Other' 'place_name' 'Other' 'Other' 'Other' 'Other'
 'Other' 'Other' 'Other']",11,transport_traffic,transport,8.355833333333333,48000,1,True,SVM_CLOSED_SET,TRAIN,,exp_svm_spk_0006
11721,dev/eb764555652d67223b0b19f539c50e90.wav,validation,TRAIN,vi-VN,604b93f6432ad99bcb4798e8,exp_svm_spk_0009,Male,31,phim hài nào tôi có thể xem trong rạp xung quanh hà nội,phim [movie_type : hài] nào tôi có thể xem trong rạp xung quanh [place_name : hà nội],"['phim' 'hài' 'nào' 'tôi' 'có' 'thể' 'xem' 'trong' 'rạp' 'xung' 'quanh'
 'hà' 'nội']","['Other' 'movie_type' 'Other' 'Other' 'Other' 'Other' 'Other' 'Other'
 'Other' 'Other' 'Other' 'place_name' 'place_name']",55,recommendation_movies,recommendation,10.155833333333334,48000,1,True,SVM_CLOSED_SET,TRAIN,,exp_svm_spk_0006
9834,dev/6e7e2e33f2b2708800ab2eb0f4b99e5d.wav,validation,TRAIN,vi-VN,604b93f6432ad99bcb4798e8,exp_svm_spk_0009,Male,31,tiếp tục phát một bài hát từ sách nói của michael jackson,[player_setting : tiếp tục phát] một bài hát từ [media_type : sách nói] của [artist_name : michael jackson],"['tiếp' 'tục' 'phát' 'một' 'bài' 'hát' 'từ' 'sách' 'nói' 'của'
 'michael' 'jackson']","['player_setting' 'player_setting' 'player_setting' 'Other' 'Other'
 'Other' 'Other' 'media_type' 'media_type' 'Other' 'artist_name'
 'artist_name']",20,play_audiobook,play,9.6065,48000,1,True,SVM_CLOSED_SET,TRAIN,,exp_svm_spk_0006
318,dev/286015dc29b95efa03e01ba46dd118fb.wav,validation,TRAIN,vi-VN,604b93f6432ad99bcb4798e8,exp_svm_spk_0009,Male,31,trời sẽ mưa vào ngày mai phải không,trời sẽ [weather_descriptor : mưa] vào [date : ngày mai] phải không,['trời' 'sẽ' 'mưa' 'vào' 'ngày' 'mai' 'phải' 'không'],"['Other' 'Other' 'weather_descriptor' 'Other' 'date' 'date' 'Other'
 'Other']",13,weather_query,weather,5.227833333333334,48000,1,True,SVM_CLOSED_SET,TRAIN,,exp_svm_spk_0006
13643,dev/6a41f026fec0c1ced2a168751fc3e727.wav,validation,TRAIN,vi-VN,604b93f6432ad99bcb4798e8,exp_svm_spk_0009,Male,31,bạn định nghĩa văn bản thế nào,bạn định nghĩa [definition_word : văn bản] thế nào,['bạn' 'định' 'nghĩa' 'văn' 'bản' 'thế' 'nào'],"['Other' 'Other' 'Other' 'definition_word' 'definition_word' 'Other'
 'Other']",26,qa_definition,qa,5.2865,48000,1,True,SVM_CLOSED_SET,TRAIN,,exp_svm_spk_0006
2757,dev/30e776e43901b47e9b7d82d55523f7af.wav,validation,TRAIN,vi-VN,604b93f6432ad99bcb4798e8,exp_svm_spk_0009,Male,31,tin tức mới về chính trị,tin tức mới về [news_topic : chính trị],['tin' 'tức' 'mới' 'về' 'chính' 'trị'],['Other' 'Other' 'Other' 'Other' 'news_topic' 'news_topic'],22,news_query,news,3.8465,48000,1,True,SVM_CLOSED_SET,TRAIN,,exp_svm_spk_0006
4175,dev/6aae921bad3b7d25901a1220eee11b1e.wav,validation,TRAIN,vi-VN,604b93f6432ad99bcb4798e8,exp_svm_spk_0009,Male,31,này siri thay đổi cài đặt ánh sáng hiện tại,này siri thay đổi cài đặt ánh sáng hiện tại,['này' 'siri' 'thay' 'đổi' 'cài' 'đặt' 'ánh' 'sáng' 'hiện' 'tại'],"['Other' 'Other' 'Other' 'Other' 'Other' 'Other' 'Other' 'Other' 'Other'
 'Other']",1,iot_hue_lightchange,iot,6.345166666666667,48000,1,True,SVM_CLOSED_SET,TRAIN,,exp_svm_spk_0006
538,dev/2f0ce8bd0d89b1fcf51987467c1e9388.wav,validation,TRAIN,vi-VN,604b93f6432ad99bcb4798e8,exp_svm_spk_0009,Male,31,cài báo thức lúc một giờ chiều,cài báo thức lúc [time : một giờ chiều],['cài' 'báo' 'thức' 'lúc' 'một' 'giờ' 'chiều'],['Other' 'Other' 'Other' 'Other' 'time' 'time' 'time'],48,alarm_set,alarm,4.4865,48000,1,True,SVM_CLOSED_SET,TRAIN,,exp_svm_spk_0006
14175,dev/25a0ddaecd68bdc6014947a70caa8ee5.wav,validation,TRAIN,vi-VN,604b93f6432ad99bcb4798e8,exp_svm_spk_0009,Male,31,áo phông trông như thế nào,[definition_word : áo phông] trông như thế nào,['áo' 'phông' 'trông' 'như' 'thế' 'nào'],['definition_word' 'definition_word' 'Other' 'Other' 'Other' 'Other'],26,qa_definition,qa,4.617166666666667,48000,1,True,SVM_CLOSED_SET,TRAIN,,exp_svm_spk_0006
1225,dev/8bf130abd4c12e6dc7c6f687115d0855.wav,validation,TRAIN,vi-VN,604b93f6432ad99bcb4798e8,exp_svm_spk_0009,Male,31,ngày mười lăm tháng ba sẽ là ngày nào,ngày [date : mười lăm tháng ba] sẽ là ngày nào,['ngày' 'mười' 'lăm' 'tháng' 'ba' 'sẽ' 'là' 'ngày' 'nào'],['Other' 'date' 'date' 'date' 'date' 'Other' 'Other' 'Other' 'Other'],0,datetime_query,datetime,6.5265,48000,1,True,SVM_CLOSED_SET,TRAIN,,exp_svm_spk_0006
14267,dev/bf7f61d4c9e873762350b5e7cca210d5.wav,validation,TRAIN,vi-VN,604b93f6432ad99bcb4798e8,exp_svm_spk_0009,Male,31,sáu trừ bốn là bao nhiêu,sáu trừ bốn là bao nhiêu,['sáu' 'trừ' 'bốn' 'là' 'bao' 'nhiêu'],['Other' 'Other' 'Other' 'Other' 'Other' 'Other'],39,qa_maths,qa,4.6865,48000,1,True,SVM_CLOSED_SET,TRAIN,,exp_svm_spk_0006
9926,dev/0291271b95e7caa3608ed74f99a156e3.wav,validation,TRAIN,vi-VN,604b93f6432ad99bcb4798e8,exp_svm_spk_0009,Male,31,cần bao nhiêu thời gian để nấu nui,cần bao nhiêu thời gian để [cooking_type : nấu] [food_type : nui],['cần' 'bao' 'nhiêu' 'thời' 'gian' 'để' 'nấu' 'nui'],"['Other' 'Other' 'Other' 'Other' 'Other' 'Other' 'cooking_type'
 'food_type']",9,cooking_recipe,cooking,5.297166666666667,48000,1,True,SVM_CLOSED_SET,TRAIN,,exp_svm_spk_0006
15171,dev/be5011330e1b2a93b0e69b614ad2a446.wav,validation,TRAIN,vi-VN,604b93f6432ad99bcb4798e8,exp_svm_spk_0009,Male,31,cho tôi cập nhật facebook của vũ từ cuối tuần,cho tôi cập nhật [media_type : facebook] của [person : vũ] từ [time : cuối tuần],['cho' 'tôi' 'cập' 'nhật' 'facebook' 'của' 'vũ' 'từ' 'cuối' 'tuần'],"['Other' 'Other' 'Other' 'Other' 'media_type' 'Other' 'person' 'Other'
 'time' 'time']",27,social_query,social,8.267833333333334,48000,1,True,SVM_CLOSED_SET,TRAIN,,exp_svm_spk_0006
8928,dev/51a12b89d29233f225a5f51ba371c0e5.wav,validation,TRAIN,vi-VN,604b93f6432ad99bcb4798e8,exp_svm_spk_0009,Male,31,những cuộc họp là vào khi nào,[event_name : những cuộc họp] là vào khi nào,['những' 'cuộc' 'họp' 'là' 'vào' 'khi' 'nào'],['event_name' 'event_name' 'event_name' 'Other' 'Other' 'Other' 'Other'],32,calendar_query,calendar,5.387833333333333,48000,1,True,SVM_CLOSED_SET,TRAIN,,exp_svm_spk_0006
7653,dev/7908fb3f6baf26e520d1abf6e88450c2.wav,validation,TRAIN,vi-VN,604b93f6432ad99bcb4798e8,exp_svm_spk_0009,Male,31,đừng quên nhắc tôi về sinh nhật của anh trai tôi vào ngày hai mươi tháng tư,đừng quên nhắc tôi về [event_name : sinh nhật] của [relation : anh trai] tôi vào [date : ngày hai mươi tháng tư],"['đừng' 'quên' 'nhắc' 'tôi' 'về' 'sinh' 'nhật' 'của' 'anh' 'trai' 'tôi'
 'vào' 'ngày' 'hai' 'mươi' 'tháng' 'tư']","['Other' 'Other' 'Other' 'Other' 'Other' 'event_name' 'event_name' 'Other'
 'relation' 'relation' 'Other' 'Other' 'date' 'date' 'date' 'date' 'date']",50,calendar_set,calendar,13.475833333333334,48000,1,True,SVM_CLOSED_SET,TRAIN,,exp_svm_spk_0006
8253,dev/51327bbb42b5420f03cffcd6ec668fd1.wav,validation,TRAIN,vi-VN,604b93f6432ad99bcb4798e8,exp_svm_spk_0009,Male,31,đặt một lời nhắc rằng tôi cần thức dậy lúc năm giờ mỗi buổi sáng,đặt một lời nhắc rằng tôi cần thức dậy lúc [time : năm giờ] [general_frequency : mỗi buổi sáng],"['đặt' 'một' 'lời' 'nhắc' 'rằng' 'tôi' 'cần' 'thức' 'dậy' 'lúc' 'năm'
 'giờ' 'mỗi' 'buổi' 'sáng']","['Other' 'Other' 'Other' 'Other' 'Other' 'Other' 'Other' 'Other' 'Other'
 'Other' 'time' 'time' 'general_frequency' 'general_frequency'
 'general_frequency']",48,alarm_set,alarm,11.0465,48000,1,True,SVM_CLOSED_SET,TRAIN,,exp_svm_spk_0006
15753,dev/61ec38b5268bffc93557f852a08817c7.wav,validation,TRAIN,vi-VN,604b93f6432ad99bcb4798e8,exp_svm_spk_0009,Male,31,tôi đã nhận email của trần hùng về tai nạn xe khi nào,tôi đã nhận email của [person : trần hùng] về tai nạn xe khi nào,"['tôi' 'đã' 'nhận' 'email' 'của' 'trần' 'hùng' 'về' 'tai' 'nạn' 'xe' 'khi'
 'nào']","['Other' 'Other' 'Other' 'Other' 'Other' 'person' 'person' 'Other' 'Other'
 'Other' 'Other' 'Other' 'Other']",44,email_query,email,8.857166666666666,48000,1,True,SVM_CLOSED_SET,TRAIN,,exp_svm_spk_0006
16726,dev/7c4e2650e90e32ac562de3f27f63e092.wav,validation,TRAIN,vi-VN,604b93f6432ad99bcb4798e8,exp_svm_spk_0009,Male,31,tôi muốn tìm các email của dũng với tiêu đề chứa từ họp,tôi muốn tìm các email của [person : dũng] với tiêu đề chứa từ họp,"['tôi' 'muốn' 'tìm' 'các' 'email' 'của' 'dũng' 'với' 'tiêu' 'đề' 'chứa'
 'từ' 'họp']","['Other' 'Other' 'Other' 'Other' 'Other' 'Other' 'person' 'Other' 'Other'
 'Other' 'Other' 'Other' 'Other']",44,email_query,email,10.635833333333334,48000,1,True,SVM_CLOSED_SET,TRAIN,,exp_svm_spk_0006
5726,dev/91f3adc4db103da8ca68629d935b4f9e.wav,validation,TRAIN,vi-VN,604b93f6432ad99bcb4798e8,exp_svm_spk_0009,Male,31,bạn nói to hơn đi,bạn nói to hơn đi,['bạn' 'nói' 'to' 'hơn' 'đi'],['Other' 'Other' 'Other' 'Other' 'Other'],14,audio_volume_up,audio,4.537166666666667,48000,1,True,SVM_CLOSED_SET,TRAIN,,exp_svm_spk_0006
12177,dev/0fc7ec709ae09011d7df3558b9c4a4d8.wav,validation,TRAIN,vi-VN,604b93f6432ad99bcb4798e8,exp_svm_spk_0009,Male,31,đường phố canal đông đúc hơn đúng không,[place_name : đường phố canal] đông đúc hơn đúng không,['đường' 'phố' 'canal' 'đông' 'đúc' 'hơn' 'đúng' 'không'],"['place_name' 'place_name' 'place_name' 'Other' 'Other' 'Other' 'Other'
 'Other']",11,transport_traffic,transport,5.587833333333333,48000,1,True,SVM_CLOSED_SET,TRAIN,,exp_svm_spk_0006
13275,dev/dc91d1f3c1abbb207fb629b24c945709.wav,validation,TRAIN,vi-VN,604b93f6432ad99bcb4798e8,exp_svm_spk_0009,Male,31,vị trí của tôi là gì,vị trí của tôi là gì,['vị' 'trí' 'của' 'tôi' 'là' 'gì'],['Other' 'Other' 'Other' 'Other' 'Other' 'Other'],12,general_quirky,general,4.0065,48000,1,True,SVM_CLOSED_SET,TRAIN,,exp_svm_spk_0006
8152,dev/f3f50c95e9d2649e2bc19278622c20cd.wav,validation,TRAIN,vi-VN,604b93f6432ad99bcb4798e8,exp_svm_spk_0009,Male,31,cung cấp cho tôi thông tin về buổi hòa nhạc vào tối thứ ba,cung cấp cho tôi thông tin về buổi hòa nhạc vào [time : tối] [date : thứ ba],"['cung' 'cấp' 'cho' 'tôi' 'thông' 'tin' 'về' 'buổi' 'hòa' 'nhạc' 'vào'
 'tối' 'thứ' 'ba']","['Other' 'Other' 'Other' 'Other' 'Other' 'Other' 'Other' 'Other' 'Other'
 'Other' 'Other' 'time' 'date' 'date']",32,calendar_query,calendar,8.8385,48000,1,True,SVM_CLOSED_SET,TRAIN,,exp_svm_spk_0006
8373,dev/be6fda01fe9a319baa2b5adf304f85e3.wav,validation,TRAIN,vi-VN,604b93f6432ad99bcb4798e8,exp_svm_spk_0009,Male,31,thông báo mới về cuộc họp trong hai tiếng,thông báo mới về [event_name : cuộc họp] trong [time : hai tiếng],['thông' 'báo' 'mới' 'về' 'cuộc' 'họp' 'trong' 'hai' 'tiếng'],"['Other' 'Other' 'Other' 'Other' 'event_name' 'event_name' 'Other' 'time'
 'time']",50,calendar_set,calendar,5.9665,48000,1,True,SVM_CLOSED_SET,TRAIN,,exp_svm_spk_0006
7682,dev/af438e951d730eabeed065ed4eef13de.wav,validation,TRAIN,vi-VN,604b93f6432ad99bcb4798e8,exp_svm_spk_0009,Male,31,tìm và xóa tất cả sự kiện cuối tuần của tôi với lê hiếu,tìm và xóa tất cả sự kiện [time : cuối tuần] của tôi với [person : lê hiếu],"['tìm' 'và' 'xóa' 'tất' 'cả' 'sự' 'kiện' 'cuối' 'tuần' 'của' 'tôi' 'với'
 'lê' 'hiếu']","['Other' 'Other' 'Other' 'Other' 'Other' 'Other' 'Other' 'time' 'time'
 'Other' 'Other' 'Other' 'person' 'person']",30,calendar_remove,calendar,9.145166666666666,48000,1,True,SVM_CLOSED_SET,TRAIN,,exp_svm_spk_0006
3768,dev/e349450af6e80b897de4e32dab014aed.wav,validation,TRAIN,vi-VN,604b93f6432ad99bcb4798e8,exp_svm_spk_0009,Male,31,tôi muốn nghe một vài bài jazz,tôi muốn nghe một vài [music_genre : bài jazz],['tôi' 'muốn' 'nghe' 'một' 'vài' 'bài' 'jazz'],['Other' 'Other' 'Other' 'Other' 'Other' 'music_genre' 'music_genre'],45,play_music,play,5.1265,48000,1,True,SVM_CLOSED_SET,TRAIN,,exp_svm_spk_0006
16779,dev/c090e36c3031c7faa1dd578f762cd5b5.wav,validation,TRAIN,vi-VN,604b93f6432ad99bcb4798e8,exp_svm_spk_0009,Male,31,mở liên hệ tên nam,mở liên hệ tên [person : nam],['mở' 'liên' 'hệ' 'tên' 'nam'],['Other' 'Other' 'Other' 'Other' 'person'],17,email_querycontact,email,4.9265,48000,1,True,SVM_CLOSED_SET,TRAIN,,exp_svm_spk_0006
6939,dev/81b065c5e6c1bf3f36e4e6babbdb595a.wav,validation,TRAIN,vi-VN,604b93f6432ad99bcb4798e8,exp_svm_spk_0009,Male,31,nhắc tôi về cuộc họp ngày mai lúc mười giờ sáng,nhắc tôi về [event_name : cuộc họp] [date : ngày mai] lúc [time : mười giờ sáng],['nhắc' 'tôi' 'về' 'cuộc' 'họp' 'ngày' 'mai' 'lúc' 'mười' 'giờ' 'sáng'],"['Other' 'Other' 'Other' 'event_name' 'event_name' 'date' 'date' 'Other'
 'time' 'time' 'time']",50,calendar_set,calendar,6.617166666666667,48000,1,True,SVM_CLOSED_SET,TRAIN,,exp_svm_spk_0006
13051,dev/e78de5d55092deafc6e9a5f5a62bf7d5.wav,validation,TRAIN,vi-VN,604b93f6432ad99bcb4798e8,exp_svm_spk_0009,Male,31,mỹ tâm đến từ thành phố nào,[person : mỹ tâm] đến từ thành phố nào,['mỹ' 'tâm' 'đến' 'từ' 'thành' 'phố' 'nào'],['person' 'person' 'Other' 'Other' 'Other' 'Other' 'Other'],49,qa_factoid,qa,4.8678333333333335,48000,1,True,SVM_CLOSED_SET,TRAIN,,exp_svm_spk_0006
5696,dev/6df3fa4e590f48459c51beed901412b6.wav,validation,TRAIN,vi-VN,604b93f6432ad99bcb4798e8,exp_svm_spk_0009,Male,31,bắt đầu dọn dẹp nhà,bắt đầu [house_place : dọn dẹp nhà],['bắt' 'đầu' 'dọn' 'dẹp' 'nhà'],['Other' 'Other' 'house_place' 'house_place' 'house_place'],34,iot_cleaning,iot,4.337166666666667,48000,1,True,SVM_CLOSED_SET,TRAIN,,exp_svm_spk_0006
388,dev/6dcf4d689fedc67c07f9a2c726fceb20.wav,validation,TRAIN,vi-VN,604b93f6432ad99bcb4798e8,exp_svm_spk_0009,Male,31,tắt ổ cắm thông minh,tắt [device_type : ổ cắm thông minh],['tắt' 'ổ' 'cắm' 'thông' 'minh'],['Other' 'device_type' 'device_type' 'device_type' 'device_type'],8,iot_wemo_off,iot,3.9771666666666654,48000,1,True,SVM_CLOSED_SET,TRAIN,,exp_svm_spk_0006
15538,dev/41af7a4a6ec3d7d8b3df193818e55a82.wav,validation,TRAIN,vi-VN,604b93f6432ad99bcb4798e8,exp_svm_spk_0009,Male,31,dịch vụ khách hàng tweet than phiền như sau,[business_name : dịch vụ khách hàng] [media_type : tweet] than phiền như sau,['dịch' 'vụ' 'khách' 'hàng' 'tweet' 'than' 'phiền' 'như' 'sau'],"['business_name' 'business_name' 'business_name' 'business_name'
 'media_type' 'Other' 'Other' 'Other' 'Other']",47,social_post,social,7.8065,48000,1,True,SVM_CLOSED_SET,TRAIN,,exp_svm_spk_0006
12741,dev/8cb6c50b0740dc4ef9ee0ab4c5a13381.wav,validation,TRAIN,vi-VN,604b93f6432ad99bcb4798e8,exp_svm_spk_0009,Male,31,tôi cần đi con phố nào để vào thị trấn,tôi cần đi con phố nào để [place_name : vào thị trấn],['tôi' 'cần' 'đi' 'con' 'phố' 'nào' 'để' 'vào' 'thị' 'trấn'],"['Other' 'Other' 'Other' 'Other' 'Other' 'Other' 'Other' 'place_name'
 'place_name' 'place_name']",42,transport_query,transport,9.4385,48000,1,True,SVM_CLOSED_SET,TRAIN,,exp_svm_spk_0006
1901,dev/1725e56ec19863784d95a4022e9ffe3c.wav,validation,TRAIN,vi-VN,604b93f6432ad99bcb4798e8,exp_svm_spk_0009,Male,31,cập nhật cho tôi về kết quả bầu cử,cập nhật cho tôi về kết quả [news_topic : bầu cử],['cập' 'nhật' 'cho' 'tôi' 'về' 'kết' 'quả' 'bầu' 'cử'],"['Other' 'Other' 'Other' 'Other' 'Other' 'Other' 'Other' 'news_topic'
 'news_topic']",22,news_query,news,6.417166666666667,48000,1,True,SVM_CLOSED_SET,TRAIN,,exp_svm_spk_0006
15798,dev/c7080dbec438fa6fcb6ad494dcca5073.wav,validation,TRAIN,vi-VN,604b93f6432ad99bcb4798e8,exp_svm_spk_0009,Male,31,kiểm tra hộp thư đến,kiểm tra [email_folder : hộp thư] đến,['kiểm' 'tra' 'hộp' 'thư' 'đến'],['Other' 'Other' 'email_folder' 'email_folder' 'Other'],44,email_query,email,3.7985,48000,1,True,SVM_CLOSED_SET,TRAIN,,exp_svm_spk_0006
6096,dev/76ce32b25b42b35b3a57f1eda3a74954.wav,validation,TRAIN,vi-VN,604b93f6432ad99bcb4798e8,exp_svm_spk_0009,Male,31,phát bài hát bởi mây trắng,phát bài hát bởi [artist_name : mây trắng],['phát' 'bài' 'hát' 'bởi' 'mây' 'trắng'],['Other' 'Other' 'Other' 'Other' 'artist_name' 'artist_name'],45,play_music,play,4.417166666666667,48000,1,True,SVM_CLOSED_SET,TRAIN,,exp_svm_spk_0006
8668,dev/b054386254e0705c2cb62165bce53dac.wav,validation,TRAIN,vi-VN,604b93f6432ad99bcb4798e8,exp_svm_spk_0009,Male,31,trong năm ngoái tôi dành bao nhiêu giờ cho các cuộc họp,trong [time : năm ngoái] tôi dành bao nhiêu giờ cho các [event_name : cuộc họp],"['trong' 'năm' 'ngoái' 'tôi' 'dành' 'bao' 'nhiêu' 'giờ' 'cho' 'các' 'cuộc'
 'họp']","['Other' 'time' 'time' 'Other' 'Other' 'Other' 'Other' 'Other' 'Other'
 'Other' 'event_name' 'event_name']",32,calendar_query,calendar,7.5265,48000,1,True,SVM_CLOSED_SET,TRAIN,,exp_svm_spk_0006
6881,dev/3972c48362a844660aa333180ea5adad.wav,validation,TRAIN,vi-VN,604b93f6432ad99bcb4798e8,exp_svm_spk_0009,Male,31,cuộc hẹn tiếp theo trong lịch của tôi là khi nào,[event_name : cuộc hẹn] tiếp theo trong lịch của tôi là khi nào,['cuộc' 'hẹn' 'tiếp' 'theo' 'trong' 'lịch' 'của' 'tôi' 'là' 'khi' 'nào'],"['event_name' 'event_name' 'Other' 'Other' 'Other' 'Other' 'Other' 'Other'
 'Other' 'Other' 'Other']",32,calendar_query,calendar,8.307833333333333,48000,1,True,SVM_CLOSED_SET,TRAIN,,exp_svm_spk_0006
13316,dev/542fd3fd19595abe20b083247442a6bc.wav,validation,TRAIN,vi-VN,604b93f6432ad99bcb4798e8,exp_svm_spk_0009,Male,31,câu hỏi sau đây yêu cầu bạn phân tích các mục tiêu và hành động dự định của giáo viên,câu hỏi sau đây yêu cầu bạn phân tích các mục tiêu và hành động dự định của giáo viên,"['câu' 'hỏi' 'sau' 'đây' 'yêu' 'cầu' 'bạn' 'phân' 'tích' 'các' 'mục'
 'tiêu' 'và' 'hành' 'động' 'dự' 'định' 'của' 'giáo' 'viên']","['Other' 'Other' 'Other' 'Other' 'Other' 'Other' 'Other' 'Other' 'Other'
 'Other' 'Other' 'Other' 'Other' 'Other' 'Other' 'Other' 'Other' 'Other'
 'Other' 'Other']",49,qa_factoid,qa,11.275833333333331,48000,1,True,SVM_CLOSED_SET,TRAIN,,exp_svm_spk_0006
4778,dev/fc9485ada8c282374902466bc8023e23.wav,validation,TRAIN,vi-VN,604b93f6432ad99bcb4798e8,exp_svm_spk_0009,Male,31,phát lại bài hát trước lần nữa,[player_setting : phát lại] [music_descriptor : bài hát trước] lần nữa,['phát' 'lại' 'bài' 'hát' 'trước' 'lần' 'nữa'],"['player_setting' 'player_setting' 'music_descriptor' 'music_descriptor'
 'music_descriptor' 'Other' 'Other']",28,music_settings,music,6.7265,48000,1,True,SVM_CLOSED_SET,TRAIN,,exp_svm_spk_0006
2710,dev/1997660b76eb8c4a8627fed1795fa305.wav,validation,TRAIN,vi-VN,604b93f6432ad99bcb4798e8,exp_svm_spk_0009,Male,31,ngắt dòng điện,ngắt dòng điện,['ngắt' 'dòng' 'điện'],['Other' 'Other' 'Other'],40,iot_hue_lightoff,iot,3.5265,48000,1,True,SVM_CLOSED_SET,TRAIN,,exp_svm_spk_0006
6381,dev/aa47ac75290b6aa1bcbb5ee0a6d11bcd.wav,validation,TRAIN,vi-VN,604b93f6432ad99bcb4798e8,exp_svm_spk_0009,Male,31,này có mấy bộ phim hay sắp ra mắt không,này có mấy bộ phim hay sắp ra mắt không,['này' 'có' 'mấy' 'bộ' 'phim' 'hay' 'sắp' 'ra' 'mắt' 'không'],"['Other' 'Other' 'Other' 'Other' 'Other' 'Other' 'Other' 'Other' 'Other'
 'Other']",12,general_quirky,general,7.6065,48000,1,True,SVM_CLOSED_SET,TRAIN,,exp_svm_spk_0006
148,dev/2b5f1729de481668f2ebf8b35753ed46.wav,validation,TRAIN,vi-VN,604b93f6432ad99bcb4798e8,exp_svm_spk_0009,Male,31,olly tôi thích nghe jazz,olly tôi thích nghe [music_genre : jazz],['olly' 'tôi' 'thích' 'nghe' 'jazz'],['Other' 'Other' 'Other' 'Other' 'music_genre'],45,play_music,play,3.617166666666667,48000,1,True,SVM_CLOSED_SET,TRAIN,,exp_svm_spk_0006
113,dev/3d4585a833e6615780e93cbb1493fe23.wav,validation,TRAIN,vi-VN,604b93f6432ad99bcb4798e8,exp_svm_spk_0009,Male,31,lặp lại bài hát này,[player_setting : lặp lại] bài hát này,['lặp' 'lại' 'bài' 'hát' 'này'],['player_setting' 'player_setting' 'Other' 'Other' 'Other'],28,music_settings,music,3.6465,48000,1,True,SVM_CLOSED_SET,TRAIN,,exp_svm_spk_0006
11552,dev/4e78ca43a2620dda4992981c69ca9b5f.wav,validation,TRAIN,vi-VN,604b93f6432ad99bcb4798e8,exp_svm_spk_0009,Male,31,rõ hơn và có định hướng chủ đề,rõ hơn và có định hướng chủ đề,['rõ' 'hơn' 'và' 'có' 'định' 'hướng' 'chủ' 'đề'],['Other' 'Other' 'Other' 'Other' 'Other' 'Other' 'Other' 'Other'],58,play_podcasts,play,4.587833333333333,48000,1,True,SVM_CLOSED_SET,TRAIN,,exp_svm_spk_0006
11675,dev/b4b1b4b0f6a3fd8abeb00283a5542b49.wav,validation,TRAIN,vi-VN,604b93f6432ad99bcb4798e8,exp_svm_spk_0009,Male,31,nhà hàng gần nhất ở đâu,[business_type : nhà hàng] gần nhất ở đâu,['nhà' 'hàng' 'gần' 'nhất' 'ở' 'đâu'],['business_type' 'business_type' 'Other' 'Other' 'Other' 'Other'],19,recommendation_locations,recommendation,5.2945,48000,1,True,SVM_CLOSED_SET,TRAIN,,exp_svm_spk_0006
8325,dev/cb76bb811f541ed66931b11d48059ec7.wav,validation,TRAIN,vi-VN,604b93f6432ad99bcb4798e8,exp_svm_spk_0009,Male,31,thêm các cuộc họp ăn trưa vào buổi trưa mỗi ngày trong tuần này,thêm [event_name : các cuộc họp] [meal_type : ăn trưa] vào [timeofday : buổi trưa] [general_frequency : mỗi ngày] trong [date : tuần này],"['thêm' 'các' 'cuộc' 'họp' 'ăn' 'trưa' 'vào' 'buổi' 'trưa' 'mỗi' 'ngày'
 'trong' 'tuần' 'này']","['Other' 'event_name' 'event_name' 'event_name' 'meal_type' 'meal_type'
 'Other' 'timeofday' 'timeofday' 'general_frequency' 'general_frequency'
 'Other' 'date' 'date']",50,calendar_set,calendar,8.795833333333333,48000,1,True,SVM_CLOSED_SET,TRAIN,,exp_svm_spk_0006
15252,dev/c6d41a7a9765be6507dbf4dc036466d1.wav,validation,TRAIN,vi-VN,604b93f6432ad99bcb4798e8,exp_svm_spk_0009,Male,31,cho tôi xem danh sách nơi mà người thân của tôi đã ở dựa vào những tấm hình của họ,cho tôi xem danh sách nơi mà [relation : người thân] của tôi đã ở dựa vào những tấm hình của họ,"['cho' 'tôi' 'xem' 'danh' 'sách' 'nơi' 'mà' 'người' 'thân' 'của' 'tôi'
 'đã' 'ở' 'dựa' 'vào' 'những' 'tấm' 'hình' 'của' 'họ']","['Other' 'Other' 'Other' 'Other' 'Other' 'Other' 'Other' 'relation'
 'relation' 'Other' 'Other' 'Other' 'Other' 'Other' 'Other' 'Other'
 'Other' 'Other' 'Other' 'Other']",27,social_query,social,13.195833333333333,48000,1,True,SVM_CLOSED_SET,TRAIN,,exp_svm_spk_0006
12711,dev/dc4d023d03c441647d4058f0b707eece.wav,validation,TRAIN,vi-VN,604b93f6432ad99bcb4798e8,exp_svm_spk_0009,Male,31,cài đặt grab,cài đặt [transport_agency : grab],['cài' 'đặt' 'grab'],['Other' 'Other' 'transport_agency'],54,transport_taxi,transport,3.2251666666666665,48000,1,True,SVM_CLOSED_SET,TRAIN,,exp_svm_spk_0006
7780,dev/abef8bc8d83735343086b62a0b4fb796.wav,validation,TRAIN,vi-VN,604b93f6432ad99bcb4798e8,exp_svm_spk_0009,Male,31,nhắc tôi sinh nhật hoa,nhắc tôi [event_name : sinh nhật] [person : hoa],['nhắc' 'tôi' 'sinh' 'nhật' 'hoa'],['Other' 'Other' 'event_name' 'event_name' 'person'],50,calendar_set,calendar,3.995833333333333,48000,1,True,SVM_CLOSED_SET,TRAIN,,exp_svm_spk_0006
4422,dev/fdf64b4f3abaa3f6f3c9b3968980d88b.wav,validation,TRAIN,vi-VN,604b93f6432ad99bcb4798e8,exp_svm_spk_0009,Male,31,dừng âm thanh,dừng âm thanh,['dừng' 'âm' 'thanh'],['Other' 'Other' 'Other'],46,audio_volume_mute,audio,4.155833333333334,48000,1,True,SVM_CLOSED_SET,TRAIN,,exp_svm_spk_0006
11611,dev/21b44c96fb3b6088685f32073f825f6a.wav,validation,TRAIN,vi-VN,604b93f6432ad99bcb4798e8,exp_svm_spk_0009,Male,31,buổi hòa nhạc nào sắp diễn ra gần đây,[event_name : buổi hòa nhạc] nào [time : sắp diễn ra] gần đây,['buổi' 'hòa' 'nhạc' 'nào' 'sắp' 'diễn' 'ra' 'gần' 'đây'],"['event_name' 'event_name' 'event_name' 'Other' 'time' 'time' 'time'
 'Other' 'Other']",6,recommendation_events,recommendation,5.617166666666667,48000,1,True,SVM_CLOSED_SET,TRAIN,,exp_svm_spk_0006
6169,dev/b9fbdd3da7bda6f1d12ad40a39410952.wav,validation,TRAIN,vi-VN,604b93f6432ad99bcb4798e8,exp_svm_spk_0009,Male,31,kiểm tra báo cáo thời tiết của tuần này,kiểm tra báo cáo thời tiết [date : của tuần này],['kiểm' 'tra' 'báo' 'cáo' 'thời' 'tiết' 'của' 'tuần' 'này'],['Other' 'Other' 'Other' 'Other' 'Other' 'Other' 'date' 'date' 'date'],13,weather_query,weather,5.9558333333333335,48000,1,True,SVM_CLOSED_SET,TRAIN,,exp_svm_spk_0006
2992,dev/5f0bc2d546510e105d4e2f2cf001524c.wav,validation,TRAIN,vi-VN,604b93f6432ad99bcb4798e8,exp_svm_spk_0009,Male,31,tiêu đề công nghệ gần đây,tiêu đề [news_topic : công nghệ] gần đây,['tiêu' 'đề' 'công' 'nghệ' 'gần' 'đây'],['Other' 'Other' 'news_topic' 'news_topic' 'Other' 'Other'],22,news_query,news,3.6465,48000,1,True,SVM_CLOSED_SET,TRAIN,,exp_svm_spk_0006
5653,dev/62cf425bf48b7497905e734104b99ba9.wav,validation,TRAIN,vi-VN,604b93f6432ad99bcb4798e8,exp_svm_spk_0009,Male,31,chuyển đổi ổ cắm rạng đông sang mở,chuyển đổi [device_type : ổ cắm rạng đông] sang mở,['chuyển' 'đổi' 'ổ' 'cắm' 'rạng' 'đông' 'sang' 'mở'],"['Other' 'Other' 'device_type' 'device_type' 'device_type' 'device_type'
 'Other' 'Other']",24,iot_wemo_on,iot,4.2865,48000,1,True,SVM_CLOSED_SET,TRAIN,,exp_svm_spk_0006
2303,dev/b4ef0aa96a46cdfaece1fee3b4548fe5.wav,validation,TRAIN,vi-VN,63cfbea470ab1bba9db30082,exp_svm_spk_0010,Male,21,tôi mãi mai hip hop,tôi mãi mai [music_genre : hip hop],['tôi' 'mãi' 'mai' 'hip' 'hop'],['Other' 'Other' 'Other' 'music_genre' 'music_genre'],43,music_likeness,music,1.98,48000,1,True,SVM_CLOSED_SET,TRAIN,,exp_svm_spk_0007
15581,dev/4a0961d85ff9ab38ffdc348d21ee8015.wav,validation,TRAIN,vi-VN,63cfbea470ab1bba9db30082,exp_svm_spk_0010,Male,21,olly gửi một tweet đến công ty,olly gửi một [media_type : tweet] đến công ty,['olly' 'gửi' 'một' 'tweet' 'đến' 'công' 'ty'],['Other' 'Other' 'Other' 'media_type' 'Other' 'Other' 'Other'],47,social_post,social,2.16,48000,1,True,SVM_CLOSED_SET,TRAIN,,exp_svm_spk_0007
6558,dev/6c3d4943fb953d4f2e21554a0d5c4c1d.wav,validation,TRAIN,vi-VN,63cfbea470ab1bba9db30082,exp_svm_spk_0010,Male,21,bạn có thích bạn gái của tôi không,bạn có thích [relation : bạn gái] của tôi không,['bạn' 'có' 'thích' 'bạn' 'gái' 'của' 'tôi' 'không'],['Other' 'Other' 'Other' 'relation' 'relation' 'Other' 'Other' 'Other'],12,general_quirky,general,2.88,48000,1,True,SVM_CLOSED_SET,TRAIN,,exp_svm_spk_0007
2834,dev/aa422f1f362ecaa7150d30fbc918188a.wav,validation,TRAIN,vi-VN,63cfbea470ab1bba9db30082,exp_svm_spk_0010,Male,21,vui lòng hút bụi trong một tiếng,vui lòng [device_type : hút bụi] trong [time : một tiếng],['vui' 'lòng' 'hút' 'bụi' 'trong' 'một' 'tiếng'],['Other' 'Other' 'device_type' 'device_type' 'Other' 'time' 'time'],34,iot_cleaning,iot,3.36,48000,1,True,SVM_CLOSED_SET,TRAIN,,exp_svm_spk_0007
9355,dev/6449ca6d9f720aed8087a0b11e263a64.wav,validation,TRAIN,vi-VN,63cfbea470ab1bba9db30082,exp_svm_spk_0010,Male,21,radio bật,radio bật,['radio' 'bật'],['Other' 'Other'],36,play_radio,play,1.44,48000,1,True,SVM_CLOSED_SET,TRAIN,,exp_svm_spk_0007
4497,dev/f14b5edd97477516efff0ac6c636851c.wav,validation,TRAIN,vi-VN,63cfbea470ab1bba9db30082,exp_svm_spk_0010,Male,21,tắt tiếng cài đặt,tắt tiếng cài đặt,['tắt' 'tiếng' 'cài' 'đặt'],['Other' 'Other' 'Other' 'Other'],46,audio_volume_mute,audio,1.8,48000,1,True,SVM_CLOSED_SET,TRAIN,,exp_svm_spk_0007
13859,dev/a16ae75500e7b0d9b681328d16861116.wav,validation,TRAIN,vi-VN,63cfbea470ab1bba9db30082,exp_svm_spk_0010,Male,21,đô la mỹ so với ru pi là bao nhiêu,[currency_name : đô la mỹ] so với [currency_name : ru pi] là bao nhiêu,['đô' 'la' 'mỹ' 'so' 'với' 'ru' 'pi' 'là' 'bao' 'nhiêu'],"['currency_name' 'currency_name' 'currency_name' 'Other' 'Other'
 'currency_name' 'currency_name' 'Other' 'Other' 'Other']",10,qa_currency,qa,2.94,48000,1,True,SVM_CLOSED_SET,TRAIN,,exp_svm_spk_0007
10290,dev/ca3c708697b5100f03783e5c0838097a.wav,validation,TRAIN,vi-VN,63cfbea470ab1bba9db30082,exp_svm_spk_0010,Male,21,hãy chơi pinball,hãy chơi [game_name : pinball],['hãy' 'chơi' 'pinball'],['Other' 'Other' 'game_name'],51,play_game,play,1.32,48000,1,True,SVM_CLOSED_SET,TRAIN,,exp_svm_spk_0007
1222,dev/f3880a046156159d4b0ebb7d5d18267e.wav,validation,TRAIN,vi-VN,63cfbea470ab1bba9db30082,exp_svm_spk_0010,Male,21,vui lòng phát người hãy quên em đi,vui lòng phát [song_name : người hãy quên em đi],['vui' 'lòng' 'phát' 'người' 'hãy' 'quên' 'em' 'đi'],"['Other' 'Other' 'Other' 'song_name' 'song_name' 'song_name' 'song_name'
 'song_name']",45,play_music,play,2.16,48000,1,True,SVM_CLOSED_SET,TRAIN,,exp_svm_spk_0007
6990,dev/92efd117af420f46bef381659d917481.wav,validation,TRAIN,vi-VN,63cfbea470ab1bba9db30082,exp_svm_spk_0010,Male,21,những sự kiện sắp tới,những sự kiện sắp tới,['những' 'sự' 'kiện' 'sắp' 'tới'],['Other' 'Other' 'Other' 'Other' 'Other'],32,calendar_query,calendar,1.74,48000,1,True,SVM_CLOSED_SET,TRAIN,,exp_svm_spk_0007
15541,dev/769b58a376a3352244a5aa9bb09c2485.wav,validation,TRAIN,vi-VN,63cfbea470ab1bba9db30082,exp_svm_spk_0010,Male,21,gửi tweet đến dominoes về việc vận chuyển tồi tệ,gửi [media_type : tweet] đến [business_name : dominoes] về việc vận chuyển tồi tệ,['gửi' 'tweet' 'đến' 'dominoes' 'về' 'việc' 'vận' 'chuyển' 'tồi' 'tệ'],"['Other' 'media_type' 'Other' 'business_name' 'Other' 'Other' 'Other'
 'Other' 'Other' 'Other']",47,social_post,social,3.3,48000,1,True,SVM_CLOSED_SET,TRAIN,,exp_svm_spk_0007
16769,dev/8edf642c997bd8cd75418b9e8c8e41ce.wav,validation,TRAIN,vi-VN,63cfbea470ab1bba9db30082,exp_svm_spk_0010,Male,21,tìm kiếm thư điện tử cho liên hệ,tìm kiếm thư điện tử cho liên hệ,['tìm' 'kiếm' 'thư' 'điện' 'tử' 'cho' 'liên' 'hệ'],['Other' 'Other' 'Other' 'Other' 'Other' 'Other' 'Other' 'Other'],44,email_query,email,2.46,48000,1,True,SVM_CLOSED_SET,TRAIN,,exp_svm_spk_0007
14384,dev/a63f4234692ed8e952448a8d69754cfb.wav,validation,TRAIN,vi-VN,63cfbea470ab1bba9db30082,exp_svm_spk_0010,Male,21,tòa nhà empire cao bao nhiêu,tòa nhà empire cao bao nhiêu,['tòa' 'nhà' 'empire' 'cao' 'bao' 'nhiêu'],['Other' 'Other' 'Other' 'Other' 'Other' 'Other'],49,qa_factoid,qa,1.98,48000,1,True,SVM_CLOSED_SET,TRAIN,,exp_svm_spk_0007
9876,dev/d6c15a6f3969aef645e7aca5df5c3c8f.wav,validation,TRAIN,vi-VN,63cfbea470ab1bba9db30082,exp_svm_spk_0010,Male,21,tiếp tục với sách nói của tôi,[player_setting : tiếp tục] với [media_type : sách nói] của tôi,['tiếp' 'tục' 'với' 'sách' 'nói' 'của' 'tôi'],"['player_setting' 'player_setting' 'Other' 'media_type' 'media_type'
 'Other' 'Other']",20,play_audiobook,play,1.98,48000,1,True,SVM_CLOSED_SET,TRAIN,,exp_svm_spk_0007
6827,dev/9f1302cc71eb318d6c261534c5704d5d.wav,validation,TRAIN,vi-VN,63cfbea470ab1bba9db30082,exp_svm_spk_0010,Male,21,thêm cuộc hẹn vời tâm lúc chín giờ tối mai chưa,thêm [event_name : cuộc hẹn] vời [person : tâm] lúc [time : chín giờ tối] [date : mai] chưa,['thêm' 'cuộc' 'hẹn' 'vời' 'tâm' 'lúc' 'chín' 'giờ' 'tối' 'mai' 'chưa'],"['Other' 'event_name' 'event_name' 'Other' 'person' 'Other' 'time' 'time'
 'time' 'date' 'Other']",32,calendar_query,calendar,3.54,48000,1,True,SVM_CLOSED_SET,TRAIN,,exp_svm_spk_0007
14390,dev/8c0c147f9bbe43d6e9e90403d4abe2fb.wav,validation,TRAIN,vi-VN,63cfbea470ab1bba9db30082,exp_svm_spk_0010,Male,21,tỷ giá giữa việt nam đồng và nhân dân tệ,tỷ giá giữa [currency_name : việt nam đồng] và [currency_name : nhân dân tệ],['tỷ' 'giá' 'giữa' 'việt' 'nam' 'đồng' 'và' 'nhân' 'dân' 'tệ'],"['Other' 'Other' 'Other' 'currency_name' 'currency_name' 'currency_name'
 'Other' 'currency_name' 'currency_name' 'currency_name']",10,qa_currency,qa,2.58,48000,1,True,SVM_CLOSED_SET,TRAIN,,exp_svm_spk_0007
4287,dev/f75c91391a48b0fd98366304693931b0.wav,validation,TRAIN,vi-VN,63cfbea470ab1bba9db30082,exp_svm_spk_0010,Male,21,mở đèn lên,mở đèn lên,['mở' 'đèn' 'lên'],['Other' 'Other' 'Other'],18,iot_hue_lightup,iot,1.32,48000,1,True,SVM_CLOSED_SET,TRAIN,,exp_svm_spk_0007
14827,dev/8823bdbb5c49dac42c8518e71aee7f8f.wav,validation,TRAIN,vi-VN,63cfbea470ab1bba9db30082,exp_svm_spk_0010,Male,21,có bao nhiêu mega pixel được liệt kê trong mô tả của canon,có bao nhiêu mega pixel được liệt kê trong mô tả của canon,"['có' 'bao' 'nhiêu' 'mega' 'pixel' 'được' 'liệt' 'kê' 'trong' 'mô' 'tả'
 'của' 'canon']","['Other' 'Other' 'Other' 'Other' 'Other' 'Other' 'Other' 'Other' 'Other'
 'Other' 'Other' 'Other' 'Other']",49,qa_factoid,qa,3.78,48000,1,True,SVM_CLOSED_SET,TRAIN,,exp_svm_spk_0007
4941,dev/d786fbd9a4343a52737f793318f64525.wav,validation,TRAIN,vi-VN,63cfbea470ab1bba9db30082,exp_svm_spk_0010,Male,21,cho tôi cập nhật về tin tức bão,cho tôi cập nhật về tin tức [news_topic : bão],['cho' 'tôi' 'cập' 'nhật' 'về' 'tin' 'tức' 'bão'],['Other' 'Other' 'Other' 'Other' 'Other' 'Other' 'Other' 'news_topic'],22,news_query,news,2.28,48000,1,True,SVM_CLOSED_SET,TRAIN,,exp_svm_spk_0007
9249,dev/07bebebc4d954e955ef06c127495ebfc.wav,validation,TRAIN,vi-VN,63cfbea470ab1bba9db30082,exp_svm_spk_0010,Male,21,mở radio,mở radio,['mở' 'radio'],['Other' 'Other'],36,play_radio,play,1.56,48000,1,True,SVM_CLOSED_SET,TRAIN,,exp_svm_spk_0007
387,dev/aadde4cb4ec0b2c6d433d2a11f788c08.wav,validation,TRAIN,vi-VN,63cfbea470ab1bba9db30082,exp_svm_spk_0010,Male,21,hãy cho tôi biết ngay nếu như có tin tức về sự kiện brexit,hãy cho tôi biết ngay nếu như có tin tức về sự kiện [news_topic : brexit],"['hãy' 'cho' 'tôi' 'biết' 'ngay' 'nếu' 'như' 'có' 'tin' 'tức' 'về' 'sự'
 'kiện' 'brexit']","['Other' 'Other' 'Other' 'Other' 'Other' 'Other' 'Other' 'Other' 'Other'
 'Other' 'Other' 'Other' 'Other' 'news_topic']",22,news_query,news,4.02,48000,1,True,SVM_CLOSED_SET,TRAIN,,exp_svm_spk_0007
3443,dev/fae935f9e71cccba8f7fffc526d7555a.wav,validation,TRAIN,vi-VN,63cfbea470ab1bba9db30082,exp_svm_spk_0010,Male,21,ngày nào trong tuần là ngày hai mươi hai của tháng này,ngày nào trong tuần là ngày [date : hai mươi hai] của [date : tháng này],"['ngày' 'nào' 'trong' 'tuần' 'là' 'ngày' 'hai' 'mươi' 'hai' 'của' 'tháng'
 'này']","['Other' 'Other' 'Other' 'Other' 'Other' 'Other' 'date' 'date' 'date'
 'Other' 'date' 'date']",0,datetime_query,datetime,2.64,48000,1,True,SVM_CLOSED_SET,TRAIN,,exp_svm_spk_0007
2246,dev/6d8d4da7f6ca4696f7fa68fb1da9c503.wav,validation,TRAIN,vi-VN,63cfbea470ab1bba9db30082,exp_svm_spk_0010,Male,21,tắt đèn tủ quần áo,tắt đèn tủ quần áo,['tắt' 'đèn' 'tủ' 'quần' 'áo'],['Other' 'Other' 'Other' 'Other' 'Other'],40,iot_hue_lightoff,iot,1.8,48000,1,True,SVM_CLOSED_SET,TRAIN,,exp_svm_spk_0007
6452,dev/8d07d9891666baa39cbc72ecd1a455ed.wav,validation,TRAIN,vi-VN,63cfbea470ab1bba9db30082,exp_svm_spk_0010,Male,21,giống chó ít gây dị ứng nhất,giống chó ít gây dị ứng nhất,['giống' 'chó' 'ít' 'gây' 'dị' 'ứng' 'nhất'],['Other' 'Other' 'Other' 'Other' 'Other' 'Other' 'Other'],12,general_quirky,general,1.74,48000,1,True,SVM_CLOSED_SET,TRAIN,,exp_svm_spk_0007
8778,dev/9d57bc3822eac5e9f27659f1dcfa547f.wav,validation,TRAIN,vi-VN,63cfbea470ab1bba9db30082,exp_svm_spk_0010,Male,21,đặt thông tin lịch cho đám cưới của anh tú,đặt thông tin lịch cho [event_name : đám cưới của anh tú],['đặt' 'thông' 'tin' 'lịch' 'cho' 'đám' 'cưới' 'của' 'anh' 'tú'],"['Other' 'Other' 'Other' 'Other' 'Other' 'event_name' 'event_name'
 'event_name' 'event_name' 'event_name']",50,calendar_set,calendar,2.88,48000,1,True,SVM_CLOSED_SET,TRAIN,,exp_svm_spk_0007
8333,dev/8a6eb767649a8a1dc9f5294e257329ec.wav,validation,TRAIN,vi-VN,63cfbea470ab1bba9db30082,exp_svm_spk_0010,Male,21,xoá mọi thứ khỏi lịch,xoá mọi thứ khỏi lịch,['xoá' 'mọi' 'thứ' 'khỏi' 'lịch'],['Other' 'Other' 'Other' 'Other' 'Other'],30,calendar_remove,calendar,1.62,48000,1,True,SVM_CLOSED_SET,TRAIN,,exp_svm_spk_0007
975,dev/e438de4a21b626b41ff35724029c8a5f.wav,validation,TRAIN,vi-VN,63cfbea470ab1bba9db30082,exp_svm_spk_0010,Male,21,bạn có thể nói tôi mấy giờ ở new york,bạn có thể nói tôi mấy giờ ở [place_name : new york],['bạn' 'có' 'thể' 'nói' 'tôi' 'mấy' 'giờ' 'ở' 'new' 'york'],"['Other' 'Other' 'Other' 'Other' 'Other' 'Other' 'Other' 'Other'
 'place_name' 'place_name']",0,datetime_query,datetime,2.22,48000,1,True,SVM_CLOSED_SET,TRAIN,,exp_svm_spk_0007
6089,dev/84bad741e0ddbd9324bb973cdacc4e1d.wav,validation,TRAIN,vi-VN,63cfbea470ab1bba9db30082,exp_svm_spk_0010,Male,21,tôi có cần mang theo ô chiều nay không,tôi có cần mang theo [weather_descriptor : ô] [timeofday : chiều nay] không,['tôi' 'có' 'cần' 'mang' 'theo' 'ô' 'chiều' 'nay' 'không'],"['Other' 'Other' 'Other' 'Other' 'Other' 'weather_descriptor' 'timeofday'
 'timeofday' 'Other']",13,weather_query,weather,1.98,48000,1,True,SVM_CLOSED_SET,TRAIN,,exp_svm_spk_0007
17,dev/84fbd0bf01dd89076c882727bc025566.wav,validation,TRAIN,vi-VN,63cfbea470ab1bba9db30082,exp_svm_spk_0010,Male,21,làm mờ đèn ở sảnh,làm mờ đèn ở [house_place : sảnh],['làm' 'mờ' 'đèn' 'ở' 'sảnh'],['Other' 'Other' 'Other' 'Other' 'house_place'],31,iot_hue_lightdim,iot,1.56,48000,1,True,SVM_CLOSED_SET,TRAIN,,exp_svm_spk_0007
4752,dev/8cfe02a191a48b6b644c43662c9e515d.wav,validation,TRAIN,vi-VN,63cfbea470ab1bba9db30082,exp_svm_spk_0010,Male,21,tôi có nên mặc quần ngắn hôm nay không,tôi có nên mặc [weather_descriptor : quần ngắn] [date : hôm nay] không,['tôi' 'có' 'nên' 'mặc' 'quần' 'ngắn' 'hôm' 'nay' 'không'],"['Other' 'Other' 'Other' 'Other' 'weather_descriptor' 'weather_descriptor'
 'date' 'date' 'Other']",13,weather_query,weather,1.98,48000,1,True,SVM_CLOSED_SET,TRAIN,,exp_svm_spk_0007
3801,dev/78612e1bbef00d9913da28dd21d14701.wav,validation,TRAIN,vi-VN,63cfbea470ab1bba9db30082,exp_svm_spk_0010,Male,21,cho tôi biết thời tiết trong một tuần của phố cổ,cho tôi biết thời tiết [date : trong một tuần] của [place_name : phố cổ],['cho' 'tôi' 'biết' 'thời' 'tiết' 'trong' 'một' 'tuần' 'của' 'phố' 'cổ'],"['Other' 'Other' 'Other' 'Other' 'Other' 'date' 'date' 'date' 'Other'
 'place_name' 'place_name']",13,weather_query,weather,2.76,48000,1,True,SVM_CLOSED_SET,TRAIN,,exp_svm_spk_0007
5596,dev/355ce4e835e19ef6d04792983ada7a85.wav,validation,TRAIN,vi-VN,63cfbea470ab1bba9db30082,exp_svm_spk_0010,Male,21,burger king gần nhất,[business_name : burger king] gần nhất,['burger' 'king' 'gần' 'nhất'],['business_name' 'business_name' 'Other' 'Other'],16,takeaway_order,takeaway,1.5,48000,1,True,SVM_CLOSED_SET,TRAIN,,exp_svm_spk_0007
2993,dev/06e7d077d3e1ca179bce8907dc3e6be6.wav,validation,TRAIN,vi-VN,63cfbea470ab1bba9db30082,exp_svm_spk_0010,Male,21,phát bài hát kế tiếp,phát bài hát kế tiếp,['phát' 'bài' 'hát' 'kế' 'tiếp'],['Other' 'Other' 'Other' 'Other' 'Other'],45,play_music,play,1.98,48000,1,True,SVM_CLOSED_SET,TRAIN,,exp_svm_spk_0007
13113,dev/f6e1679eb41d3e3ee0dac8926fa6272a.wav,validation,TRAIN,vi-VN,63cfbea470ab1bba9db30082,exp_svm_spk_0010,Male,21,làm ơn cho tôi thông tin bộ phim tiếp theo của mỹ tâm,làm ơn cho tôi thông tin bộ phim tiếp theo của [person : mỹ tâm],"['làm' 'ơn' 'cho' 'tôi' 'thông' 'tin' 'bộ' 'phim' 'tiếp' 'theo' 'của' 'mỹ'
 'tâm']","['Other' 'Other' 'Other' 'Other' 'Other' 'Other' 'Other' 'Other' 'Other'
 'Other' 'Other' 'person' 'person']",49,qa_factoid,qa,3.36,48000,1,True,SVM_CLOSED_SET,TRAIN,,exp_svm_spk_0007
147,dev/757b0a5563b33f3557a112efe02e2419.wav,validation,TRAIN,vi-VN,63cfbea470ab1bba9db30082,exp_svm_spk_0010,Male,21,tôi muốn nghe jazz,tôi muốn nghe [music_genre : jazz],['tôi' 'muốn' 'nghe' 'jazz'],['Other' 'Other' 'Other' 'music_genre'],45,play_music,play,1.86,48000,1,True,SVM_CLOSED_SET,TRAIN,,exp_svm_spk_0007
10521,dev/4e26805c3a2211a39924ba88fb1ecfcb.wav,validation,TRAIN,vi-VN,63cfbea470ab1bba9db30082,exp_svm_spk_0010,Male,21,xóa danh sách nhạc tiếng anh cũ của tôi,xóa danh sách nhạc [list_name : tiếng anh cũ] của tôi,['xóa' 'danh' 'sách' 'nhạc' 'tiếng' 'anh' 'cũ' 'của' 'tôi'],"['Other' 'Other' 'Other' 'Other' 'list_name' 'list_name' 'list_name'
 'Other' 'Other']",53,lists_remove,lists,2.52,48000,1,True,SVM_CLOSED_SET,TRAIN,,exp_svm_spk_0007
1216,dev/320ea137cc5060a67278f753c1d79ce9.wav,validation,TRAIN,vi-VN,63cfbea470ab1bba9db30082,exp_svm_spk_0010,Male,21,chỉnh phòng khách màu xanh dương,chỉnh [house_place : phòng khách] màu [color_type : xanh dương],['chỉnh' 'phòng' 'khách' 'màu' 'xanh' 'dương'],['Other' 'house_place' 'house_place' 'Other' 'color_type' 'color_type'],1,iot_hue_lightchange,iot,2.04,48000,1,True,SVM_CLOSED_SET,TRAIN,,exp_svm_spk_0007
1726,dev/e7cf5b2baffb7a4d1fc5672a18675c91.wav,validation,TRAIN,vi-VN,63cfbea470ab1bba9db30082,exp_svm_spk_0010,Male,21,nhiệt độ cao nhất trong tuần tới là bao nhiêu,[weather_descriptor : nhiệt độ] cao nhất trong [date : tuần tới] là bao nhiêu,['nhiệt' 'độ' 'cao' 'nhất' 'trong' 'tuần' 'tới' 'là' 'bao' 'nhiêu'],"['weather_descriptor' 'weather_descriptor' 'Other' 'Other' 'Other' 'date'
 'date' 'Other' 'Other' 'Other']",13,weather_query,weather,2.16,48000,1,True,SVM_CLOSED_SET,TRAIN,,exp_svm_spk_0007
24,dev/ef0b88c70894f9fe30f7c4741fa72ca5.wav,validation,TRAIN,vi-VN,63cfbea470ab1bba9db30082,exp_svm_spk_0010,Male,21,làm cho phòng tối hơn,làm cho [house_place : phòng] tối hơn,['làm' 'cho' 'phòng' 'tối' 'hơn'],['Other' 'Other' 'house_place' 'Other' 'Other'],31,iot_hue_lightdim,iot,2.22,48000,1,True,SVM_CLOSED_SET,TRAIN,,exp_svm_spk_0007
392,dev/6269e3fce981de2c2026110da75e94b0.wav,validation,TRAIN,vi-VN,63cfbea470ab1bba9db30082,exp_svm_spk_0010,Male,21,mở một bài hát từ yêu thích của tôi,mở một bài hát từ yêu thích của tôi,['mở' 'một' 'bài' 'hát' 'từ' 'yêu' 'thích' 'của' 'tôi'],['Other' 'Other' 'Other' 'Other' 'Other' 'Other' 'Other' 'Other' 'Other'],45,play_music,play,2.76,48000,1,True,SVM_CLOSED_SET,TRAIN,,exp_svm_spk_0007
6741,dev/191db613fae7d9ebe67b9b8eab637e59.wav,validation,TRAIN,vi-VN,63cfbea470ab1bba9db30082,exp_svm_spk_0010,Male,21,vui lòng cài lịch thư giãn hằng ngày đến mười giờ sáng,vui lòng cài lịch [event_name : thư giãn] [general_frequency : hằng ngày] đến [time : mười giờ sáng],"['vui' 'lòng' 'cài' 'lịch' 'thư' 'giãn' 'hằng' 'ngày' 'đến' 'mười'
 'giờ' 'sáng']","['Other' 'Other' 'Other' 'Other' 'event_name' 'event_name'
 'general_frequency' 'general_frequency' 'Other' 'time' 'time' 'time']",50,calendar_set,calendar,3.12,48000,1,True,SVM_CLOSED_SET,TRAIN,,exp_svm_spk_0007
10453,dev/fe09678745ac0e85bc9456ce95dea3e8.wav,validation,TRAIN,vi-VN,63cfbea470ab1bba9db30082,exp_svm_spk_0010,Male,21,gạch bỏ bánh mì khỏi danh sách mua sắm,gạch bỏ bánh mì khỏi danh sách [list_name : mua sắm],['gạch' 'bỏ' 'bánh' 'mì' 'khỏi' 'danh' 'sách' 'mua' 'sắm'],"['Other' 'Other' 'Other' 'Other' 'Other' 'Other' 'Other' 'list_name'
 'list_name']",53,lists_remove,lists,2.64,48000,1,True,SVM_CLOSED_SET,TRAIN,,exp_svm_spk_0007
14152,dev/de74e1a77b03a7fe7b59062ed51760ae.wav,validation,TRAIN,vi-VN,63cfbea470ab1bba9db30082,exp_svm_spk_0010,Male,21,loại quần nào là quần chẽn,loại quần nào là quần chẽn,['loại' 'quần' 'nào' 'là' 'quần' 'chẽn'],['Other' 'Other' 'Other' 'Other' 'Other' 'Other'],49,qa_factoid,qa,1.68,48000,1,True,SVM_CLOSED_SET,TRAIN,,exp_svm_spk_0007
2583,dev/d906c83cd45893b7a2ef3cc4e8cbfc76.wav,validation,TRAIN,vi-VN,63cfbea470ab1bba9db30082,exp_svm_spk_0010,Male,21,tên bài hát là gì,tên bài hát là gì,['tên' 'bài' 'hát' 'là' 'gì'],['Other' 'Other' 'Other' 'Other' 'Other'],57,music_query,music,1.92,48000,1,True,SVM_CLOSED_SET,TRAIN,,exp_svm_spk_0007
6858,dev/ea9fd582dbbe3fc3230e0b38fc75b905.wav,validation,TRAIN,vi-VN,63cfbea470ab1bba9db30082,exp_svm_spk_0010,Male,21,tạo sự kiện tiếp theo trong lịch với những người sau,tạo sự kiện tiếp theo trong lịch với những người sau,"['tạo' 'sự' 'kiện' 'tiếp' 'theo' 'trong' 'lịch' 'với' 'những' 'người'
 'sau']","['Other' 'Other' 'Other' 'Other' 'Other' 'Other' 'Other' 'Other' 'Other'
 'Other' 'Other']",50,calendar_set,calendar,2.46,48000,1,True,SVM_CLOSED_SET,TRAIN,,exp_svm_spk_0007
12470,dev/1121182c0ad9c2ff03c124f9923187d1.wav,validation,TRAIN,vi-VN,63cfbea470ab1bba9db30082,exp_svm_spk_0010,Male,21,đặt một vé khởi hành vào buổi sáng,đặt một vé khởi hành vào [timeofday : buổi sáng],['đặt' 'một' 'vé' 'khởi' 'hành' 'vào' 'buổi' 'sáng'],['Other' 'Other' 'Other' 'Other' 'Other' 'Other' 'timeofday' 'timeofday'],2,transport_ticket,transport,2.52,48000,1,True,SVM_CLOSED_SET,TRAIN,,exp_svm_spk_0007
2360,dev/70b9362ce5a8371d2d09bd5544360be8.wav,validation,TRAIN,vi-VN,63cfbea470ab1bba9db30082,exp_svm_spk_0010,Male,21,tăng âm lượng,tăng âm lượng,['tăng' 'âm' 'lượng'],['Other' 'Other' 'Other'],14,audio_volume_up,audio,2.64,48000,1,True,SVM_CLOSED_SET,TRAIN,,exp_svm_spk_0007
14872,dev/3914ddaab9f8fe0dcfd8059ea39e69fe.wav,validation,TRAIN,vi-VN,63cfbea470ab1bba9db30082,exp_svm_spk_0010,Male,21,nếu nó là một hàng tiêu dùng thì phản hồi của người tiêu dùng là gì,nếu nó là một hàng tiêu dùng thì phản hồi của người tiêu dùng là gì,"['nếu' 'nó' 'là' 'một' 'hàng' 'tiêu' 'dùng' 'thì' 'phản' 'hồi'
 'của' 'người' 'tiêu' 'dùng' 'là' 'gì']","['Other' 'Other' 'Other' 'Other' 'Other' 'Other' 'Other' 'Other' 'Other'
 'Other' 'Other' 'Other' 'Other' 'Other' 'Other' 'Other']",12,general_quirky,general,3.48,48000,1,True,SVM_CLOSED_SET,TRAIN,,exp_svm_spk_0007
14062,dev/32a304a4b81d90242b08799eb61e4f45.wav,validation,TRAIN,vi-VN,63cfbea470ab1bba9db30082,exp_svm_spk_0010,Male,21,lăng bác ở đâu,lăng bác ở đâu,['lăng' 'bác' 'ở' 'đâu'],['Other' 'Other' 'Other' 'Other'],49,qa_factoid,qa,1.26,48000,1,True,SVM_CLOSED_SET,TRAIN,,exp_svm_spk_0007
3956,dev/11eef9ab268d09e1e525899d9c17c9d9.wav,validation,TRAIN,vi-VN,63cfbea470ab1bba9db30082,exp_svm_spk_0010,Male,21,cảnh báo tôi trong ba tiếng,cảnh báo tôi trong [time : ba tiếng],['cảnh' 'báo' 'tôi' 'trong' 'ba' 'tiếng'],['Other' 'Other' 'Other' 'Other' 'time' 'time'],48,alarm_set,alarm,2.16,48000,1,True,SVM_CLOSED_SET,TRAIN,,exp_svm_spk_0007
13519,dev/50d591f29bd6c5c040197602b671e09a.wav,validation,TRAIN,vi-VN,63cfbea470ab1bba9db30082,exp_svm_spk_0010,Male,21,the beatles gồm những ai,the [artist_name : beatles] gồm những ai,['the' 'beatles' 'gồm' 'những' 'ai'],['Other' 'artist_name' 'Other' 'Other' 'Other'],49,qa_factoid,qa,1.56,48000,1,True,SVM_CLOSED_SET,TRAIN,,exp_svm_spk_0007
10415,dev/3fc1ecf57e7506d6582bfd6de6127a1e.wav,validation,TRAIN,vi-VN,63cfbea470ab1bba9db30082,exp_svm_spk_0010,Male,21,hãy chơi tic tac toe,hãy chơi [game_name : tic tac toe],['hãy' 'chơi' 'tic' 'tac' 'toe'],['Other' 'Other' 'game_name' 'game_name' 'game_name'],51,play_game,play,1.8,48000,1,True,SVM_CLOSED_SET,TRAIN,,exp_svm_spk_0007
2971,dev/94237cc0c6c138374678c27ef15a9111.wav,validation,TRAIN,vi-VN,63cfbea470ab1bba9db30082,exp_svm_spk_0010,Male,21,khởi động máy pha cà phê,khởi động máy pha cà phê,['khởi' 'động' 'máy' 'pha' 'cà' 'phê'],['Other' 'Other' 'Other' 'Other' 'Other' 'Other'],56,iot_coffee,iot,1.68,48000,1,True,SVM_CLOSED_SET,TRAIN,,exp_svm_spk_0007
2544,dev/6241e024c3380fbc5a32742e38dcec68.wav,validation,TRAIN,vi-VN,63cfbea470ab1bba9db30082,exp_svm_spk_0010,Male,21,ngoài trời như thế nào,ngoài trời như thế nào,['ngoài' 'trời' 'như' 'thế' 'nào'],['Other' 'Other' 'Other' 'Other' 'Other'],13,weather_query,weather,1.32,48000,1,True,SVM_CLOSED_SET,TRAIN,,exp_svm_spk_0007
3148,dev/18d233da7b2b14cdc251992b2bedf35b.wav,validation,TRAIN,vi-VN,63cfbea470ab1bba9db30082,exp_svm_spk_0010,Male,21,báo thức giấc của tôi được cài lúc mấy giờ,báo thức giấc của tôi được cài lúc mấy giờ,['báo' 'thức' 'giấc' 'của' 'tôi' 'được' 'cài' 'lúc' 'mấy' 'giờ'],"['Other' 'Other' 'Other' 'Other' 'Other' 'Other' 'Other' 'Other' 'Other'
 'Other']",23,alarm_query,alarm,3.6,48000,1,True,SVM_CLOSED_SET,TRAIN,,exp_svm_spk_0007
1241,dev/ae568c45eadc3a66524719afbe03cd43.wav,validation,TRAIN,vi-VN,63cfbea470ab1bba9db30082,exp_svm_spk_0010,Male,21,nói cho tôi biết mấy giờ rồi,nói cho tôi biết mấy giờ rồi,['nói' 'cho' 'tôi' 'biết' 'mấy' 'giờ' 'rồi'],['Other' 'Other' 'Other' 'Other' 'Other' 'Other' 'Other'],0,datetime_query,datetime,2.58,48000,1,True,SVM_CLOSED_SET,TRAIN,,exp_svm_spk_0007
11962,dev/22d143d100fa93f3692a93175f9fb593.wav,validation,TRAIN,vi-VN,63cfbea470ab1bba9db30082,exp_svm_spk_0010,Male,21,quán bars gần tôi,quán [business_type : bars] gần tôi,['quán' 'bars' 'gần' 'tôi'],['Other' 'business_type' 'Other' 'Other'],19,recommendation_locations,recommendation,2.04,48000,1,True,SVM_CLOSED_SET,TRAIN,,exp_svm_spk_0007
2978,dev/08c272c8738859bc8c891db19aac4ebd.wav,validation,TRAIN,vi-VN,63cfbea470ab1bba9db30082,exp_svm_spk_0010,Male,21,đèn tối hơn,đèn tối hơn,['đèn' 'tối' 'hơn'],['Other' 'Other' 'Other'],31,iot_hue_lightdim,iot,1.8,48000,1,True,SVM_CLOSED_SET,TRAIN,,exp_svm_spk_0007
15939,dev/4e2bdcc8094d55e738fa6a70fc1c3c6d.wav,validation,TRAIN,vi-VN,63cfbea470ab1bba9db30082,exp_svm_spk_0010,Male,21,vui lòng gửi thư điện tử những tin nhắn sau tới số liên lạc này,vui lòng gửi thư điện tử những tin nhắn sau tới số liên lạc này,"['vui' 'lòng' 'gửi' 'thư' 'điện' 'tử' 'những' 'tin' 'nhắn' 'sau' 'tới'
 'số' 'liên' 'lạc' 'này']","['Other' 'Other' 'Other' 'Other' 'Other' 'Other' 'Other' 'Other' 'Other'
 'Other' 'Other' 'Other' 'Other' 'Other' 'Other']",33,email_sendemail,email,3.96,48000,1,True,SVM_CLOSED_SET,TRAIN,,exp_svm_spk_0007
12478,dev/9fa66c43cf3cd88b334f827ca21c37ba.wav,validation,TRAIN,vi-VN,63cfbea470ab1bba9db30082,exp_svm_spk_0010,Male,21,tìm một tài xế grab rảnh sau mười giờ tối,tìm một tài xế [transport_agency : grab] rảnh sau [time : mười giờ] tối,['tìm' 'một' 'tài' 'xế' 'grab' 'rảnh' 'sau' 'mười' 'giờ' 'tối'],"['Other' 'Other' 'Other' 'Other' 'transport_agency' 'Other' 'Other' 'time'
 'time' 'Other']",54,transport_taxi,transport,4.02,48000,1,True,SVM_CLOSED_SET,TRAIN,,exp_svm_spk_0007
14985,dev/4c7e48b063f58fd41e2a7b2063e0f034.wav,validation,TRAIN,vi-VN,63cfbea470ab1bba9db30082,exp_svm_spk_0010,Male,21,cho tôi biết tỷ giá của mười đô la qua euro,cho tôi biết tỷ giá của mười [currency_name : đô la] qua [currency_name : euro],['cho' 'tôi' 'biết' 'tỷ' 'giá' 'của' 'mười' 'đô' 'la' 'qua' 'euro'],"['Other' 'Other' 'Other' 'Other' 'Other' 'Other' 'Other' 'currency_name'
 'currency_name' 'Other' 'currency_name']",10,qa_currency,qa,2.88,48000,1,True,SVM_CLOSED_SET,TRAIN,,exp_svm_spk_0007
2526,dev/3a2a9049ec7bab602b121e7e0e8ccdb8.wav,validation,TRAIN,vi-VN,63cfbea470ab1bba9db30082,exp_svm_spk_0010,Male,21,tôi muốn nghe một vài nhạc rock hiện đại,tôi muốn nghe một vài [music_genre : nhạc rock hiện đại],['tôi' 'muốn' 'nghe' 'một' 'vài' 'nhạc' 'rock' 'hiện' 'đại'],"['Other' 'Other' 'Other' 'Other' 'Other' 'music_genre' 'music_genre'
 'music_genre' 'music_genre']",45,play_music,play,3.42,48000,1,True,SVM_CLOSED_SET,TRAIN,,exp_svm_spk_0007
368,dev/70910d7a38ce6446caa45f14b73f1516.wav,validation,TRAIN,vi-VN,63cfbea470ab1bba9db30082,exp_svm_spk_0010,Male,21,thời tiết như thế nào ở thành phố new york,thời tiết như thế nào ở thành phố [place_name : new york],['thời' 'tiết' 'như' 'thế' 'nào' 'ở' 'thành' 'phố' 'new' 'york'],"['Other' 'Other' 'Other' 'Other' 'Other' 'Other' 'Other' 'Other'
 'place_name' 'place_name']",13,weather_query,weather,2.4,48000,1,True,SVM_CLOSED_SET,TRAIN,,exp_svm_spk_0007
16334,dev/07bc37d9fce6799e752f774c762e1233.wav,validation,TRAIN,vi-VN,63cfbea470ab1bba9db30082,exp_svm_spk_0010,Male,21,tôi có bất kỳ thư điện tử mới nào từ lê hiếu không,tôi có bất kỳ thư điện tử mới nào từ [person : lê hiếu] không,"['tôi' 'có' 'bất' 'kỳ' 'thư' 'điện' 'tử' 'mới' 'nào' 'từ' 'lê' 'hiếu'
 'không']","['Other' 'Other' 'Other' 'Other' 'Other' 'Other' 'Other' 'Other' 'Other'
 'Other' 'person' 'person' 'Other']",44,email_query,email,3.72,48000,1,True,SVM_CLOSED_SET,TRAIN,,exp_svm_spk_0007
8522,dev/78a51ba8349e81d99ae7fb2216f9f273.wav,validation,TRAIN,vi-VN,6557ebf8541bd32382739c1a,exp_svm_spk_0005,Female,30,tôi muốn thêm thứ gì đó vào lịch của mình,tôi muốn thêm thứ gì đó vào lịch của mình,['tôi' 'muốn' 'thêm' 'thứ' 'gì' 'đó' 'vào' 'lịch' 'của' 'mình'],"['Other' 'Other' 'Other' 'Other' 'Other' 'Other' 'Other' 'Other' 'Other'
 'Other']",50,calendar_set,calendar,4.32,48000,1,True,SVM_CLOSED_SET,TRAIN,,exp_svm_spk_0008
511,dev/68f61e93d72ce3404fba710e031e5578.wav,validation,TRAIN,vi-VN,6557ebf8541bd32382739c1a,exp_svm_spk_0005,Female,30,bởi mỹ tâm,bởi mỹ tâm,['bởi' 'mỹ' 'tâm'],['Other' 'Other' 'Other'],13,weather_query,weather,2.76,48000,1,True,SVM_CLOSED_SET,TRAIN,,exp_svm_spk_0008
15349,dev/923a8fc59f2dfb3b71ab7791b2c56e96.wav,validation,TRAIN,vi-VN,6557ebf8541bd32382739c1a,exp_svm_spk_0005,Female,30,tôi không vui với big c vui lòng giúp tôi,tôi không vui với [business_name : big c] vui lòng giúp tôi,['tôi' 'không' 'vui' 'với' 'big' 'c' 'vui' 'lòng' 'giúp' 'tôi'],"['Other' 'Other' 'Other' 'Other' 'business_name' 'business_name' 'Other'
 'Other' 'Other' 'Other']",47,social_post,social,4.62,48000,1,True,SVM_CLOSED_SET,TRAIN,,exp_svm_spk_0008
921,dev/768018a94d9deba8ba7c0324c33dcb32.wav,validation,TRAIN,vi-VN,6557ebf8541bd32382739c1a,exp_svm_spk_0005,Female,30,chơi nhạc từ ca sỹ yêu thích của tôi,chơi nhạc từ ca sỹ yêu thích của tôi,['chơi' 'nhạc' 'từ' 'ca' 'sỹ' 'yêu' 'thích' 'của' 'tôi'],['Other' 'Other' 'Other' 'Other' 'Other' 'Other' 'Other' 'Other' 'Other'],45,play_music,play,4.26,48000,1,True,SVM_CLOSED_SET,TRAIN,,exp_svm_spk_0008
1687,dev/35c1f26b6152c5573fcab45dd2184f11.wav,validation,TRAIN,vi-VN,6557ebf8541bd32382739c1a,exp_svm_spk_0005,Female,30,nhiệt độ của ngày mai sẽ nóng hay không,[weather_descriptor : nhiệt độ] [date : của ngày mai] sẽ [weather_descriptor : nóng] hay không,['nhiệt' 'độ' 'của' 'ngày' 'mai' 'sẽ' 'nóng' 'hay' 'không'],"['weather_descriptor' 'weather_descriptor' 'date' 'date' 'date' 'Other'
 'weather_descriptor' 'Other' 'Other']",13,weather_query,weather,4.38,48000,1,True,SVM_CLOSED_SET,TRAIN,,exp_svm_spk_0008
6723,dev/5846bd9fa82bf4bc4d3cf35d5795cacf.wav,validation,TRAIN,vi-VN,6557ebf8541bd32382739c1a,exp_svm_spk_0005,Female,30,olly danh sách công việc còn lại trong tuần,olly danh sách công việc [time : còn lại trong tuần],['olly' 'danh' 'sách' 'công' 'việc' 'còn' 'lại' 'trong' 'tuần'],['Other' 'Other' 'Other' 'Other' 'Other' 'time' 'time' 'time' 'time'],32,calendar_query,calendar,4.56,48000,1,True,SVM_CLOSED_SET,TRAIN,,exp_svm_spk_0008
2668,dev/1225f66f6e867a72340705505cc9c37d.wav,validation,TRAIN,vi-VN,6557ebf8541bd32382739c1a,exp_svm_spk_0005,Female,30,tin tức mới từ báo người lao động,tin tức mới từ [media_type : báo người lao động],['tin' 'tức' 'mới' 'từ' 'báo' 'người' 'lao' 'động'],"['Other' 'Other' 'Other' 'Other' 'media_type' 'media_type' 'media_type'
 'media_type']",22,news_query,news,4.08,48000,1,True,SVM_CLOSED_SET,TRAIN,,exp_svm_spk_0008
8594,dev/6d7dd172fc1868facc5c538feec07175.wav,validation,TRAIN,vi-VN,6557ebf8541bd32382739c1a,exp_svm_spk_0005,Female,30,sắp xếp sự kiện tiệc bể bơi ở chỗ của nam trong lịch của tôi thứ bảy này,sắp xếp sự kiện [event_name : tiệc bể bơi] ở [place_name : chỗ của nam] trong lịch của tôi [date : thứ bảy này],"['sắp' 'xếp' 'sự' 'kiện' 'tiệc' 'bể' 'bơi' 'ở' 'chỗ' 'của' 'nam' 'trong'
 'lịch' 'của' 'tôi' 'thứ' 'bảy' 'này']","['Other' 'Other' 'Other' 'Other' 'event_name' 'event_name' 'event_name'
 'Other' 'place_name' 'place_name' 'place_name' 'Other' 'Other' 'Other'
 'Other' 'date' 'date' 'date']",50,calendar_set,calendar,6.36,48000,1,True,SVM_CLOSED_SET,TRAIN,,exp_svm_spk_0008
5108,dev/c13ce5370a88bcb6827bc1d0591c9831.wav,validation,TRAIN,vi-VN,6557ebf8541bd32382739c1a,exp_svm_spk_0005,Female,30,mở tiếp theo bài người hãy quên em đi,mở tiếp theo bài [song_name : người hãy quên em đi],['mở' 'tiếp' 'theo' 'bài' 'người' 'hãy' 'quên' 'em' 'đi'],"['Other' 'Other' 'Other' 'Other' 'song_name' 'song_name' 'song_name'
 'song_name' 'song_name']",45,play_music,play,4.32,48000,1,True,SVM_CLOSED_SET,TRAIN,,exp_svm_spk_0008
7424,dev/9113c8c3ac5dcbb19e6fd278af2c6130.wav,validation,TRAIN,vi-VN,6557ebf8541bd32382739c1a,exp_svm_spk_0005,Female,30,tham gia buổi tiệc trước cuộc họp,tham gia [event_name : buổi tiệc] trước cuộc họp,['tham' 'gia' 'buổi' 'tiệc' 'trước' 'cuộc' 'họp'],['Other' 'Other' 'event_name' 'event_name' 'Other' 'Other' 'Other'],50,calendar_set,calendar,4.02,48000,1,True,SVM_CLOSED_SET,TRAIN,,exp_svm_spk_0008
10941,dev/d03b7b1be0618780c06face096b7f19f.wav,validation,TRAIN,vi-VN,6557ebf8541bd32382739c1a,exp_svm_spk_0005,Female,30,tạo một danh sách công việc,tạo một danh sách công việc,['tạo' 'một' 'danh' 'sách' 'công' 'việc'],['Other' 'Other' 'Other' 'Other' 'Other' 'Other'],21,lists_createoradd,lists,3.54,48000,1,True,SVM_CLOSED_SET,TRAIN,,exp_svm_spk_0008
896,dev/a636a7171f31493ee8226d4eb060ce45.wav,validation,TRAIN,vi-VN,6557ebf8541bd32382739c1a,exp_svm_spk_0005,Female,30,tắt bất cứ báo thức buổi sáng nào sau ngày thứ sáu,tắt bất cứ báo thức [timeofday : buổi sáng] nào [date : sau ngày thứ sáu],"['tắt' 'bất' 'cứ' 'báo' 'thức' 'buổi' 'sáng' 'nào' 'sau' 'ngày' 'thứ'
 'sáu']","['Other' 'Other' 'Other' 'Other' 'Other' 'timeofday' 'timeofday' 'Other'
 'date' 'date' 'date' 'date']",52,alarm_remove,alarm,5.22,48000,1,True,SVM_CLOSED_SET,TRAIN,,exp_svm_spk_0008
3166,dev/d7f5624b8de6bd68419348b718b48f9f.wav,validation,TRAIN,vi-VN,6557ebf8541bd32382739c1a,exp_svm_spk_0005,Female,30,bật bài đó tiếp theo,bật bài đó tiếp theo,['bật' 'bài' 'đó' 'tiếp' 'theo'],['Other' 'Other' 'Other' 'Other' 'Other'],45,play_music,play,5.64,48000,1,True,SVM_CLOSED_SET,TRAIN,,exp_svm_spk_0008
5793,dev/718c46c037348a23c4e8a5aa5768f2de.wav,validation,TRAIN,vi-VN,6557ebf8541bd32382739c1a,exp_svm_spk_0005,Female,30,đặt báo thức lúc năm giờ đúng tối nay gắn tên taxi,đặt báo thức lúc [time : năm] giờ đúng [timeofday : tối] nay gắn tên [event_name : taxi],"['đặt' 'báo' 'thức' 'lúc' 'năm' 'giờ' 'đúng' 'tối' 'nay' 'gắn' 'tên'
 'taxi']","['Other' 'Other' 'Other' 'Other' 'time' 'Other' 'Other' 'timeofday'
 'Other' 'Other' 'Other' 'event_name']",48,alarm_set,alarm,6.12,48000,1,True,SVM_CLOSED_SET,TRAIN,,exp_svm_spk_0008
3840,dev/2f98a451929513d9367fdddf724dddb2.wav,validation,TRAIN,vi-VN,6557ebf8541bd32382739c1a,exp_svm_spk_0005,Female,30,bật máy dọn dẹp tự động,bật [device_type : máy dọn dẹp tự động],['bật' 'máy' 'dọn' 'dẹp' 'tự' 'động'],"['Other' 'device_type' 'device_type' 'device_type' 'device_type'
 'device_type']",34,iot_cleaning,iot,3.42,48000,1,True,SVM_CLOSED_SET,TRAIN,,exp_svm_spk_0008
6259,dev/c123ca71a35d5d46231de8d53d6909e4.wav,validation,TRAIN,vi-VN,6557ebf8541bd32382739c1a,exp_svm_spk_0005,Female,30,thời tiết hôm nay có nắng,thời tiết [date : hôm nay] có nắng,['thời' 'tiết' 'hôm' 'nay' 'có' 'nắng'],['Other' 'Other' 'date' 'date' 'Other' 'Other'],12,general_quirky,general,3.66,48000,1,True,SVM_CLOSED_SET,TRAIN,,exp_svm_spk_0008
14635,dev/9995cf376393f3b85f93397b4812c0df.wav,validation,TRAIN,vi-VN,6557ebf8541bd32382739c1a,exp_svm_spk_0005,Female,30,bạn có thể cho tôi biết hypertrophy là gì không,bạn có thể cho tôi biết [definition_word : hypertrophy] là gì không,['bạn' 'có' 'thể' 'cho' 'tôi' 'biết' 'hypertrophy' 'là' 'gì' 'không'],"['Other' 'Other' 'Other' 'Other' 'Other' 'Other' 'definition_word' 'Other'
 'Other' 'Other']",26,qa_definition,qa,5.94,48000,1,True,SVM_CLOSED_SET,TRAIN,,exp_svm_spk_0008
835,dev/413d85fa63d54fad28e8b1591a9cba31.wav,validation,TRAIN,vi-VN,6557ebf8541bd32382739c1a,exp_svm_spk_0005,Female,30,những câu chuyện mới nhất của hollywood đang diễn ra là gì,những câu chuyện mới nhất của [news_topic : hollywood] đang diễn ra là gì,"['những' 'câu' 'chuyện' 'mới' 'nhất' 'của' 'hollywood' 'đang' 'diễn'
 'ra' 'là' 'gì']","['Other' 'Other' 'Other' 'Other' 'Other' 'Other' 'news_topic' 'Other'
 'Other' 'Other' 'Other' 'Other']",22,news_query,news,4.98,48000,1,True,SVM_CLOSED_SET,TRAIN,,exp_svm_spk_0008
3151,dev/05ba7846b4ecb253d55905569dd216dd.wav,validation,TRAIN,vi-VN,6557ebf8541bd32382739c1a,exp_svm_spk_0005,Female,30,xóa các báo thức sớm,xóa các báo thức sớm,['xóa' 'các' 'báo' 'thức' 'sớm'],['Other' 'Other' 'Other' 'Other' 'Other'],52,alarm_remove,alarm,3.78,48000,1,True,SVM_CLOSED_SET,TRAIN,,exp_svm_spk_0008
10751,dev/1b043f3db61e11a1a18e115c5027d26d.wav,validation,TRAIN,vi-VN,6557ebf8541bd32382739c1a,exp_svm_spk_0005,Female,30,google dịch,google dịch,['google' 'dịch'],['Other' 'Other'],59,lists_query,lists,3.12,48000,1,True,SVM_CLOSED_SET,TRAIN,,exp_svm_spk_0008
16020,dev/4a7fd0bc88d1dccc63b15e225a4835ab.wav,validation,TRAIN,vi-VN,6557ebf8541bd32382739c1a,exp_svm_spk_0005,Female,30,cho tôi biết những gì trong hộp thư đến của tôi kể từ ba giờ chiều,cho tôi biết những gì trong [email_folder : hộp thư đến] của tôi kể từ [time : ba giờ chiều],"['cho' 'tôi' 'biết' 'những' 'gì' 'trong' 'hộp' 'thư' 'đến' 'của' 'tôi'
 'kể' 'từ' 'ba' 'giờ' 'chiều']","['Other' 'Other' 'Other' 'Other' 'Other' 'Other' 'email_folder'
 'email_folder' 'email_folder' 'Other' 'Other' 'Other' 'Other' 'time'
 'time' 'time']",44,email_query,email,6.06,48000,1,True,SVM_CLOSED_SET,TRAIN,,exp_svm_spk_0008
6760,dev/93b4b4a5708d695d18adbcf2a2e95d65.wav,validation,TRAIN,vi-VN,6557ebf8541bd32382739c1a,exp_svm_spk_0005,Female,30,huỷ cuộc gọi năm giờ chiều hằng ngày của tôi,huỷ [event_name : cuộc gọi] [time : năm giờ chiều] [general_frequency : hằng ngày] của tôi,['huỷ' 'cuộc' 'gọi' 'năm' 'giờ' 'chiều' 'hằng' 'ngày' 'của' 'tôi'],"['Other' 'event_name' 'event_name' 'time' 'time' 'time'
 'general_frequency' 'general_frequency' 'Other' 'Other']",30,calendar_remove,calendar,4.5,48000,1,True,SVM_CLOSED_SET,TRAIN,,exp_svm_spk_0008
4775,dev/73e234b47b61be0ec382e7564414ca39.wav,validation,TRAIN,vi-VN,6557ebf8541bd32382739c1a,exp_svm_spk_0005,Female,30,bạn có thể kể cho tôi nghe một câu chuyện cười hay không,bạn có thể kể cho tôi nghe một câu chuyện cười [joke_type : hay] không,"['bạn' 'có' 'thể' 'kể' 'cho' 'tôi' 'nghe' 'một' 'câu' 'chuyện' 'cười'
 'hay' 'không']","['Other' 'Other' 'Other' 'Other' 'Other' 'Other' 'Other' 'Other' 'Other'
 'Other' 'Other' 'joke_type' 'Other']",25,general_joke,general,4.68,48000,1,True,SVM_CLOSED_SET,TRAIN,,exp_svm_spk_0008
9993,dev/34145076a1f3143f373602661863e96a.wav,validation,TRAIN,vi-VN,6557ebf8541bd32382739c1a,exp_svm_spk_0005,Female,30,cách làm cơm tấm sườn bì chả,cách làm [food_type : cơm tấm sườn bì chả],['cách' 'làm' 'cơm' 'tấm' 'sườn' 'bì' 'chả'],"['Other' 'Other' 'food_type' 'food_type' 'food_type' 'food_type'
 'food_type']",9,cooking_recipe,cooking,4.62,48000,1,True,SVM_CLOSED_SET,TRAIN,,exp_svm_spk_0008
8270,dev/39546b8a80835361973eed6cfd6eb04a.wav,validation,TRAIN,vi-VN,6557ebf8541bd32382739c1a,exp_svm_spk_0005,Female,30,thông báo về cuộc họp ngày thứ tư,thông báo về [event_name : cuộc họp] ngày [date : thứ tư],['thông' 'báo' 'về' 'cuộc' 'họp' 'ngày' 'thứ' 'tư'],['Other' 'Other' 'Other' 'event_name' 'event_name' 'Other' 'date' 'date'],50,calendar_set,calendar,5.1,48000,1,True,SVM_CLOSED_SET,TRAIN,,exp_svm_spk_0008
5565,dev/52b818f6b2caee8781a74bb8258fb691.wav,validation,TRAIN,vi-VN,6557ebf8541bd32382739c1a,exp_svm_spk_0005,Female,30,johnny trí nguyễn và ngô thanh vân có quay lại với nhau không,[person : johnny trí nguyễn] và [person : ngô thanh vân] có quay lại với nhau không,"['johnny' 'trí' 'nguyễn' 'và' 'ngô' 'thanh' 'vân' 'có' 'quay' 'lại' 'với'
 'nhau' 'không']","['person' 'person' 'person' 'Other' 'person' 'person' 'person' 'Other'
 'Other' 'Other' 'Other' 'Other' 'Other']",22,news_query,news,6.24,48000,1,True,SVM_CLOSED_SET,TRAIN,,exp_svm_spk_0008
7474,dev/cdb9715770d7657c825b32c772e25fe9.wav,validation,TRAIN,vi-VN,6557ebf8541bd32382739c1a,exp_svm_spk_0005,Female,30,nhớ để sửa cuộc họp giữa tôi và người chơi ngày mai buổi tối lúc bảy giờ,nhớ để sửa [event_name : cuộc họp] giữa tôi và [person : người chơi] [date : ngày mai] buổi [timeofday : tối] lúc [time : bảy] giờ,"['nhớ' 'để' 'sửa' 'cuộc' 'họp' 'giữa' 'tôi' 'và' 'người' 'chơi' 'ngày'
 'mai' 'buổi' 'tối' 'lúc' 'bảy' 'giờ']","['Other' 'Other' 'Other' 'event_name' 'event_name' 'Other' 'Other' 'Other'
 'person' 'person' 'date' 'date' 'Other' 'timeofday' 'Other' 'time'
 'Other']",50,calendar_set,calendar,6.78,48000,1,True,SVM_CLOSED_SET,TRAIN,,exp_svm_spk_0008
4967,dev/49650c0aa4d57b8e37f18286b1f64864.wav,validation,TRAIN,vi-VN,6557ebf8541bd32382739c1a,exp_svm_spk_0005,Female,30,kết quả trúng số powerball tối qua là gì,kết quả [news_topic : trúng số powerball] [date : tối qua] là gì,['kết' 'quả' 'trúng' 'số' 'powerball' 'tối' 'qua' 'là' 'gì'],"['Other' 'Other' 'news_topic' 'news_topic' 'news_topic' 'date' 'date'
 'Other' 'Other']",22,news_query,news,5.46,48000,1,True,SVM_CLOSED_SET,TRAIN,,exp_svm_spk_0008
14430,dev/04c34bbbf7610a5a1d1220acb22e0936.wav,validation,TRAIN,vi-VN,6557ebf8541bd32382739c1a,exp_svm_spk_0005,Female,30,bạn có thể cho tôi biết con thỏ trông như thế nào không,bạn có thể cho tôi biết [definition_word : con thỏ] trông như thế nào không,"['bạn' 'có' 'thể' 'cho' 'tôi' 'biết' 'con' 'thỏ' 'trông' 'như' 'thế' 'nào'
 'không']","['Other' 'Other' 'Other' 'Other' 'Other' 'Other' 'definition_word'
 'definition_word' 'Other' 'Other' 'Other' 'Other' 'Other']",26,qa_definition,qa,5.04,48000,1,True,SVM_CLOSED_SET,TRAIN,,exp_svm_spk_0008
6692,dev/f38fc8216f4f61a2d4d7a682e767cf6d.wav,validation,TRAIN,vi-VN,6557ebf8541bd32382739c1a,exp_svm_spk_0005,Female,30,sách,sách,['sách'],['Other'],12,general_quirky,general,3.42,48000,1,True,SVM_CLOSED_SET,TRAIN,,exp_svm_spk_0008
15342,dev/cce0283367de7c5d1b23755817fa1d5e.wav,validation,TRAIN,vi-VN,6557ebf8541bd32382739c1a,exp_svm_spk_0005,Female,30,đăng lên facebook và chúc một sinh nhật vui vẻ tới đất nước việt nam,đăng lên [media_type : facebook] và chúc một [event_name : sinh nhật] vui vẻ tới đất nước [place_name : việt nam],"['đăng' 'lên' 'facebook' 'và' 'chúc' 'một' 'sinh' 'nhật' 'vui' 'vẻ' 'tới'
 'đất' 'nước' 'việt' 'nam']","['Other' 'Other' 'media_type' 'Other' 'Other' 'Other' 'event_name'
 'event_name' 'Other' 'Other' 'Other' 'Other' 'Other' 'place_name'
 'place_name']",47,social_post,social,6.18,48000,1,True,SVM_CLOSED_SET,TRAIN,,exp_svm_spk_0008
14952,dev/ccf511995a9f8b7ca90d4746b98fdebf.wav,validation,TRAIN,vi-VN,6557ebf8541bd32382739c1a,exp_svm_spk_0005,Female,30,tỷ giá hối đoái,tỷ giá hối đoái,['tỷ' 'giá' 'hối' 'đoái'],['Other' 'Other' 'Other' 'Other'],10,qa_currency,qa,3.48,48000,1,True,SVM_CLOSED_SET,TRAIN,,exp_svm_spk_0008
13469,dev/9c0b226ba2d4b850f988e01d4caa0949.wav,validation,TRAIN,vi-VN,6557ebf8541bd32382739c1a,exp_svm_spk_0005,Female,30,bạn thích màu gì nhất,bạn thích màu gì nhất,['bạn' 'thích' 'màu' 'gì' 'nhất'],['Other' 'Other' 'Other' 'Other' 'Other'],12,general_quirky,general,3.54,48000,1,True,SVM_CLOSED_SET,TRAIN,,exp_svm_spk_0008
12258,dev/25d5b2e6d2bb05b4ee70593b3a478fd6.wav,validation,TRAIN,vi-VN,6557ebf8541bd32382739c1a,exp_svm_spk_0005,Female,30,giao thông thế nào,giao thông thế nào,['giao' 'thông' 'thế' 'nào'],['Other' 'Other' 'Other' 'Other'],11,transport_traffic,transport,2.94,48000,1,True,SVM_CLOSED_SET,TRAIN,,exp_svm_spk_0008
14195,dev/fccb75f5a9b56d9ee52735d491b212d0.wav,validation,TRAIN,vi-VN,6557ebf8541bd32382739c1a,exp_svm_spk_0005,Female,30,hỏi cố vấn của tôi,hỏi cố vấn của tôi,['hỏi' 'cố' 'vấn' 'của' 'tôi'],['Other' 'Other' 'Other' 'Other' 'Other'],4,qa_stock,qa,3.06,48000,1,True,SVM_CLOSED_SET,TRAIN,,exp_svm_spk_0008
12414,dev/ae8b76e9daea0d2ddb9db94bf0922c8e.wav,validation,TRAIN,vi-VN,6557ebf8541bd32382739c1a,exp_svm_spk_0005,Female,30,cho tôi biết tình trạng giao thông hiện tại,cho tôi biết tình trạng giao thông hiện tại,['cho' 'tôi' 'biết' 'tình' 'trạng' 'giao' 'thông' 'hiện' 'tại'],['Other' 'Other' 'Other' 'Other' 'Other' 'Other' 'Other' 'Other' 'Other'],11,transport_traffic,transport,4.68,48000,1,True,SVM_CLOSED_SET,TRAIN,,exp_svm_spk_0008
7184,dev/b727bcd6dbeb742b45a312a4bf39d322.wav,validation,TRAIN,vi-VN,6557ebf8541bd32382739c1a,exp_svm_spk_0005,Female,30,tôi muốn đến sinh nhật thủy vào thứ bảy lúc mười giờ tối,tôi muốn đến [event_name : sinh nhật] [person : thủy] vào [date : thứ bảy] lúc [time : mười giờ tối],"['tôi' 'muốn' 'đến' 'sinh' 'nhật' 'thủy' 'vào' 'thứ' 'bảy' 'lúc' 'mười'
 'giờ' 'tối']","['Other' 'Other' 'Other' 'event_name' 'event_name' 'person' 'Other' 'date'
 'date' 'Other' 'time' 'time' 'time']",50,calendar_set,calendar,5.94,48000,1,True,SVM_CLOSED_SET,TRAIN,,exp_svm_spk_0008
10388,dev/421aedc677fa1d786a35b83e48c9fe7e.wav,validation,TRAIN,vi-VN,6557ebf8541bd32382739c1a,exp_svm_spk_0005,Female,30,bạn có thể đặt tên giai điệu đó không,bạn có thể [game_name : đặt tên giai điệu] đó không,['bạn' 'có' 'thể' 'đặt' 'tên' 'giai' 'điệu' 'đó' 'không'],"['Other' 'Other' 'Other' 'game_name' 'game_name' 'game_name' 'game_name'
 'Other' 'Other']",51,play_game,play,4.02,48000,1,True,SVM_CLOSED_SET,TRAIN,,exp_svm_spk_0008
3843,dev/a07ef02b7e52df774346f65ce6387cbb.wav,validation,TRAIN,vi-VN,6557ebf8541bd32382739c1a,exp_svm_spk_0005,Female,30,đặt cho tôi vài món trung,đặt cho tôi vài món [food_type : trung],['đặt' 'cho' 'tôi' 'vài' 'món' 'trung'],['Other' 'Other' 'Other' 'Other' 'Other' 'food_type'],16,takeaway_order,takeaway,3.6,48000,1,True,SVM_CLOSED_SET,TRAIN,,exp_svm_spk_0008
15265,dev/51b468ce2955a99c5d6c79d994248461.wav,validation,TRAIN,vi-VN,6557ebf8541bd32382739c1a,exp_svm_spk_0005,Female,30,đưa tôi chi tiết tiểu sử twitter của tôi bao gồm tổng số người theo dõi,đưa tôi chi tiết tiểu sử [media_type : twitter] của tôi bao gồm tổng số người theo dõi,"['đưa' 'tôi' 'chi' 'tiết' 'tiểu' 'sử' 'twitter' 'của' 'tôi' 'bao'
 'gồm' 'tổng' 'số' 'người' 'theo' 'dõi']","['Other' 'Other' 'Other' 'Other' 'Other' 'Other' 'media_type' 'Other'
 'Other' 'Other' 'Other' 'Other' 'Other' 'Other' 'Other' 'Other']",27,social_query,social,7.44,48000,1,True,SVM_CLOSED_SET,TRAIN,,exp_svm_spk_0008
5342,dev/b745a04015d06d115e5a89cd9a347443.wav,validation,TRAIN,vi-VN,6557ebf8541bd32382739c1a,exp_svm_spk_0005,Female,30,cho tôi xem tin tức địa phương về wayne county sheriffs,cho tôi xem tin tức địa phương về [news_topic : wayne county sheriffs],"['cho' 'tôi' 'xem' 'tin' 'tức' 'địa' 'phương' 'về' 'wayne' 'county'
 'sheriffs']","['Other' 'Other' 'Other' 'Other' 'Other' 'Other' 'Other' 'Other'
 'news_topic' 'news_topic' 'news_topic']",22,news_query,news,5.64,48000,1,True,SVM_CLOSED_SET,TRAIN,,exp_svm_spk_0008
14010,dev/98db23c9e406e0b022536ceb56c34058.wav,validation,TRAIN,vi-VN,6557ebf8541bd32382739c1a,exp_svm_spk_0005,Female,30,hoài linh sinh năm mấy,[person : hoài linh] sinh năm mấy,['hoài' 'linh' 'sinh' 'năm' 'mấy'],['person' 'person' 'Other' 'Other' 'Other'],49,qa_factoid,qa,3.72,48000,1,True,SVM_CLOSED_SET,TRAIN,,exp_svm_spk_0008
1333,dev/773b3aff35cd9208da3d1fc581e6d2c7.wav,validation,TRAIN,vi-VN,6557ebf8541bd32382739c1a,exp_svm_spk_0005,Female,30,trời nó nóng hôm nay phải không nhỉ,trời nó [weather_descriptor : nóng] [date : hôm nay] phải không nhỉ,['trời' 'nó' 'nóng' 'hôm' 'nay' 'phải' 'không' 'nhỉ'],"['Other' 'Other' 'weather_descriptor' 'date' 'date' 'Other' 'Other'
 'Other']",13,weather_query,weather,4.32,48000,1,True,SVM_CLOSED_SET,TRAIN,,exp_svm_spk_0008
10700,dev/8bb06afda1f030c04bb69eb11ab2c5dd.wav,validation,TRAIN,vi-VN,6557ebf8541bd32382739c1a,exp_svm_spk_0005,Female,30,vui lòng thêm cái này vào danh sách,vui lòng thêm cái này vào danh sách,['vui' 'lòng' 'thêm' 'cái' 'này' 'vào' 'danh' 'sách'],['Other' 'Other' 'Other' 'Other' 'Other' 'Other' 'Other' 'Other'],21,lists_createoradd,lists,4.32,48000,1,True,SVM_CLOSED_SET,TRAIN,,exp_svm_spk_0008
6952,dev/ded86d27b4006e34486e7ed2bdd31e58.wav,validation,TRAIN,vi-VN,6557ebf8541bd32382739c1a,exp_svm_spk_0005,Female,30,dọn dẹp lịch trình sạch sẽ,dọn dẹp lịch trình sạch sẽ,['dọn' 'dẹp' 'lịch' 'trình' 'sạch' 'sẽ'],['Other' 'Other' 'Other' 'Other' 'Other' 'Other'],30,calendar_remove,calendar,3.48,48000,1,True,SVM_CLOSED_SET,TRAIN,,exp_svm_spk_0008
6648,dev/616f8c27e3a4caf445c19bef7be20e65.wav,validation,TRAIN,vi-VN,6557ebf8541bd32382739c1a,exp_svm_spk_0005,Female,30,kể tôi nghe một câu chuyện vui,kể tôi nghe một câu chuyện vui,['kể' 'tôi' 'nghe' 'một' 'câu' 'chuyện' 'vui'],['Other' 'Other' 'Other' 'Other' 'Other' 'Other' 'Other'],25,general_joke,general,3.9,48000,1,True,SVM_CLOSED_SET,TRAIN,,exp_svm_spk_0008
5182,dev/24d2179db1f7e48414fb2edc29825d00.wav,validation,TRAIN,vi-VN,6557ebf8541bd32382739c1a,exp_svm_spk_0005,Female,30,trời sẽ trở nên lộng gió vào thứ năm phải không,trời sẽ trở nên [weather_descriptor : lộng gió] vào [date : thứ năm] phải không,"['trời' 'sẽ' 'trở' 'nên' 'lộng' 'gió' 'vào' 'thứ' 'năm' 'phải'
 'không']","['Other' 'Other' 'Other' 'Other' 'weather_descriptor' 'weather_descriptor'
 'Other' 'date' 'date' 'Other' 'Other']",13,weather_query,weather,4.56,48000,1,True,SVM_CLOSED_SET,TRAIN,,exp_svm_spk_0008
3620,dev/175844297e0f08a415e55fb74492aa1d.wav,validation,TRAIN,vi-VN,6557ebf8541bd32382739c1a,exp_svm_spk_0005,Female,30,thời tiết bây giờ ở sydney như thế nào,thời tiết bây giờ ở [place_name : sydney] như thế nào,['thời' 'tiết' 'bây' 'giờ' 'ở' 'sydney' 'như' 'thế' 'nào'],"['Other' 'Other' 'Other' 'Other' 'Other' 'place_name' 'Other' 'Other'
 'Other']",13,weather_query,weather,4.26,48000,1,True,SVM_CLOSED_SET,TRAIN,,exp_svm_spk_0008
6414,dev/ede6f714e790ee71b0f25bd392aa2f3f.wav,validation,TRAIN,vi-VN,6557ebf8541bd32382739c1a,exp_svm_spk_0005,Female,30,kế hoạch tuần của tôi,kế hoạch tuần của tôi,['kế' 'hoạch' 'tuần' 'của' 'tôi'],['Other' 'Other' 'Other' 'Other' 'Other'],32,calendar_query,calendar,3.72,48000,1,True,SVM_CLOSED_SET,TRAIN,,exp_svm_spk_0008
16030,dev/ac5607560cd11872f150a014668869e9.wav,validation,TRAIN,vi-VN,6557ebf8541bd32382739c1a,exp_svm_spk_0005,Female,30,mở thư điện tử mới từ đồng nghiệp này tại thư điện tử này,mở thư điện tử mới từ [relation : đồng nghiệp] này tại thư điện tử này,"['mở' 'thư' 'điện' 'tử' 'mới' 'từ' 'đồng' 'nghiệp' 'này' 'tại' 'thư'
 'điện' 'tử' 'này']","['Other' 'Other' 'Other' 'Other' 'Other' 'Other' 'relation' 'relation'
 'Other' 'Other' 'Other' 'Other' 'Other' 'Other']",33,email_sendemail,email,6.42,48000,1,True,SVM_CLOSED_SET,TRAIN,,exp_svm_spk_0008
16774,dev/a5ca051ab34e58caf61a3140413f6c5e.wav,validation,TRAIN,vi-VN,6557ebf8541bd32382739c1a,exp_svm_spk_0005,Female,30,mở email của tôi lên,mở email của tôi lên,['mở' 'email' 'của' 'tôi' 'lên'],['Other' 'Other' 'Other' 'Other' 'Other'],44,email_query,email,3.72,48000,1,True,SVM_CLOSED_SET,TRAIN,,exp_svm_spk_0008
9049,dev/ef5dc51d8ce0f0410aeaaf8382053190.wav,validation,TRAIN,vi-VN,6557ebf8541bd32382739c1a,exp_svm_spk_0005,Female,30,đặt báo thức lúc bốn giờ chiều thứ ba,đặt báo thức lúc [time : bốn giờ chiều] [date : thứ ba],['đặt' 'báo' 'thức' 'lúc' 'bốn' 'giờ' 'chiều' 'thứ' 'ba'],['Other' 'Other' 'Other' 'Other' 'time' 'time' 'time' 'date' 'date'],48,alarm_set,alarm,4.5,48000,1,True,SVM_CLOSED_SET,TRAIN,,exp_svm_spk_0008
14421,dev/7b87d7cf7311b02ac8aab4203f063f23.wav,validation,TRAIN,vi-VN,6557ebf8541bd32382739c1a,exp_svm_spk_0005,Female,30,nhà hàng ý gần đây nhất ở đâu,[business_type : nhà hàng] [food_type : ý] gần đây nhất ở đâu,['nhà' 'hàng' 'ý' 'gần' 'đây' 'nhất' 'ở' 'đâu'],"['business_type' 'business_type' 'food_type' 'Other' 'Other' 'Other'
 'Other' 'Other']",19,recommendation_locations,recommendation,4.5,48000,1,True,SVM_CLOSED_SET,TRAIN,,exp_svm_spk_0008
15909,dev/b05650b1935bd8051c142e070b23c246.wav,validation,TRAIN,vi-VN,6557ebf8541bd32382739c1a,exp_svm_spk_0005,Female,30,kiểm tra email từ hai giờ trước,kiểm tra email từ [time : hai giờ trước],['kiểm' 'tra' 'email' 'từ' 'hai' 'giờ' 'trước'],['Other' 'Other' 'Other' 'Other' 'time' 'time' 'time'],44,email_query,email,5.94,48000,1,True,SVM_CLOSED_SET,TRAIN,,exp_svm_spk_0008
7035,dev/240f2f056abf97fe96e90966ed03ad6d.wav,validation,TRAIN,vi-VN,6557ebf8541bd32382739c1a,exp_svm_spk_0005,Female,30,xoá lịch tháng này,xoá lịch [date : tháng này],['xoá' 'lịch' 'tháng' 'này'],['Other' 'Other' 'date' 'date'],30,calendar_remove,calendar,3.06,48000,1,True,SVM_CLOSED_SET,TRAIN,,exp_svm_spk_0008
3056,dev/5e48370b250bde0e889c0fdd6873b745.wav,validation,TRAIN,vi-VN,6557ebf8541bd32382739c1a,exp_svm_spk_0005,Female,30,những gì mới trong chính trị hôm nay bạn có thể lọc ra những tin tức về trump không,những gì mới trong [news_topic : chính trị] [date : hôm nay] bạn có thể lọc ra những tin tức về [person : trump] không,"['những' 'gì' 'mới' 'trong' 'chính' 'trị' 'hôm' 'nay' 'bạn' 'có' 'thể'
 'lọc' 'ra' 'những' 'tin' 'tức' 'về' 'trump' 'không']","['Other' 'Other' 'Other' 'Other' 'news_topic' 'news_topic' 'date' 'date'
 'Other' 'Other' 'Other' 'Other' 'Other' 'Other' 'Other' 'Other' 'Other'
 'person' 'Other']",22,news_query,news,6.96,48000,1,True,SVM_CLOSED_SET,TRAIN,,exp_svm_spk_0008
12834,dev/7dc9e013665fee59baf388c9cc93af43.wav,validation,TRAIN,vi-VN,6557ebf8541bd32382739c1a,exp_svm_spk_0005,Female,30,đặt cho tôi một vé tàu hỏa đi hà nội hôm nay,đặt cho tôi một vé [transport_type : tàu hỏa] đi [place_name : hà nội] [date : hôm nay],['đặt' 'cho' 'tôi' 'một' 'vé' 'tàu' 'hỏa' 'đi' 'hà' 'nội' 'hôm' 'nay'],"['Other' 'Other' 'Other' 'Other' 'Other' 'transport_type' 'transport_type'
 'Other' 'place_name' 'place_name' 'date' 'date']",2,transport_ticket,transport,4.74,48000,1,True,SVM_CLOSED_SET,TRAIN,,exp_svm_spk_0008
353,dev/0fbaa1ed8af4d1696780b46fbaeeb5c4.wav,validation,TRAIN,vi-VN,6557ebf8541bd32382739c1a,exp_svm_spk_0005,Female,30,ngày hai hai tháng ba là thứ mấy trong tuần,[date : ngày hai hai tháng ba] là thứ mấy trong tuần,['ngày' 'hai' 'hai' 'tháng' 'ba' 'là' 'thứ' 'mấy' 'trong' 'tuần'],"['date' 'date' 'date' 'date' 'date' 'Other' 'Other' 'Other' 'Other'
 'Other']",0,datetime_query,datetime,4.8,48000,1,True,SVM_CLOSED_SET,TRAIN,,exp_svm_spk_0008
12149,dev/081c856a8d10eac8aa41f9eb92f5f874.wav,validation,TRAIN,vi-VN,6557ebf8541bd32382739c1a,exp_svm_spk_0005,Female,30,olly đặt một vé đi hà nội bằng tàu thống nhất lúc năm giờ chiều thứ sáu này,olly đặt một vé đi [place_name : hà nội] bằng [transport_name : tàu thống nhất] lúc [time : năm giờ chiều] [date : thứ sáu này],"['olly' 'đặt' 'một' 'vé' 'đi' 'hà' 'nội' 'bằng' 'tàu' 'thống' 'nhất' 'lúc'
 'năm' 'giờ' 'chiều' 'thứ' 'sáu' 'này']","['Other' 'Other' 'Other' 'Other' 'Other' 'place_name' 'place_name' 'Other'
 'transport_name' 'transport_name' 'transport_name' 'Other' 'time' 'time'
 'time' 'date' 'date' 'date']",2,transport_ticket,transport,8.4,48000,1,True,SVM_CLOSED_SET,TRAIN,,exp_svm_spk_0008
9688,dev/98becbb9dc367f75ed82b12397b2e380.wav,validation,TRAIN,vi-VN,6557ebf8541bd32382739c1a,exp_svm_spk_0005,Female,30,bắt đầu chương bảy của tâm lý học về tiền,[player_setting : bắt đầu] chương bảy của [audiobook_name : tâm lý học về tiền],['bắt' 'đầu' 'chương' 'bảy' 'của' 'tâm' 'lý' 'học' 'về' 'tiền'],"['player_setting' 'player_setting' 'Other' 'Other' 'Other'
 'audiobook_name' 'audiobook_name' 'audiobook_name' 'audiobook_name'
 'audiobook_name']",20,play_audiobook,play,4.62,48000,1,True,SVM_CLOSED_SET,TRAIN,,exp_svm_spk_0008
3134,dev/bb2df25d8701986ee4d39a0192394c73.wav,validation,TRAIN,vi-VN,6557ebf8541bd32382739c1a,exp_svm_spk_0005,Female,30,tôi có thể đặt mang đi ở nơi nào gần đây,tôi có thể đặt [order_type : mang đi] ở nơi nào gần đây,['tôi' 'có' 'thể' 'đặt' 'mang' 'đi' 'ở' 'nơi' 'nào' 'gần' 'đây'],"['Other' 'Other' 'Other' 'Other' 'order_type' 'order_type' 'Other' 'Other'
 'Other' 'Other' 'Other']",16,takeaway_order,takeaway,4.92,48000,1,True,SVM_CLOSED_SET,TRAIN,,exp_svm_spk_0008
13892,dev/f0989431862fe89540f237297193aa29.wav,validation,TRAIN,vi-VN,6557ebf8541bd32382739c1a,exp_svm_spk_0005,Female,30,tôi cần phải giữ cho hai đứa trẻ mới biết đi bận rộn cho tôi biết tôi phải làm gì,tôi cần phải giữ cho hai đứa trẻ mới biết đi bận rộn cho tôi biết tôi phải làm gì,"['tôi' 'cần' 'phải' 'giữ' 'cho' 'hai' 'đứa' 'trẻ' 'mới' 'biết' 'đi' 'bận'
 'rộn' 'cho' 'tôi' 'biết' 'tôi' 'phải' 'làm' 'gì']","['Other' 'Other' 'Other' 'Other' 'Other' 'Other' 'Other' 'Other' 'Other'
 'Other' 'Other' 'Other' 'Other' 'Other' 'Other' 'Other' 'Other' 'Other'
 'Other' 'Other']",12,general_quirky,general,7.68,48000,1,True,SVM_CLOSED_SET,TRAIN,,exp_svm_spk_0008
11800,dev/83fb79b7d884f1f57769ab49aadbb4fc.wav,validation,TRAIN,vi-VN,6557ebf8541bd32382739c1a,exp_svm_spk_0005,Female,30,địa điểm cửa hàng quần áo đẹp nhất ở đây ở đâu,địa điểm [business_type : cửa hàng quần áo] đẹp nhất ở đây ở đâu,['địa' 'điểm' 'cửa' 'hàng' 'quần' 'áo' 'đẹp' 'nhất' 'ở' 'đây' 'ở' 'đâu'],"['Other' 'Other' 'business_type' 'business_type' 'business_type'
 'business_type' 'Other' 'Other' 'Other' 'Other' 'Other' 'Other']",19,recommendation_locations,recommendation,5.76,48000,1,True,SVM_CLOSED_SET,TRAIN,,exp_svm_spk_0008
13563,dev/b53d6c071d8eb60caf6c64a6620930ea.wav,validation,TRAIN,vi-VN,6557ebf8541bd32382739c1a,exp_svm_spk_0005,Female,30,khoai tây nghĩa là gì,[definition_word : khoai tây] nghĩa là gì,['khoai' 'tây' 'nghĩa' 'là' 'gì'],['definition_word' 'definition_word' 'Other' 'Other' 'Other'],26,qa_definition,qa,3.12,48000,1,True,SVM_CLOSED_SET,TRAIN,,exp_svm_spk_0008
12923,dev/78f6884689cc8d8fb01b17ee005b1965.wav,validation,TRAIN,vi-VN,5e4247e718b8910d4a2b9a34,exp_svm_spk_0007,Female,32,tôi có thể bắt được chuyến tàu gần nhất lúc mấy giờ,tôi có thể bắt được [transport_type : chuyến tàu] gần nhất lúc mấy giờ,"['tôi' 'có' 'thể' 'bắt' 'được' 'chuyến' 'tàu' 'gần' 'nhất' 'lúc' 'mấy'
 'giờ']","['Other' 'Other' 'Other' 'Other' 'Other' 'transport_type' 'transport_type'
 'Other' 'Other' 'Other' 'Other' 'Other']",42,transport_query,transport,4.44,48000,1,True,SVM_CLOSED_SET,TRAIN,,exp_svm_spk_0009
9299,dev/da5dd56da4f9cbd14a9aeaeb7755553c.wav,validation,TRAIN,vi-VN,5e4247e718b8910d4a2b9a34,exp_svm_spk_0007,Female,32,bạn có thể bắt đầu kênh radio f. m. tám trăm chín mươi không,bạn có thể bắt đầu kênh radio [radio_name : f. m. tám trăm chín mươi] không,"['bạn' 'có' 'thể' 'bắt' 'đầu' 'kênh' 'radio' 'f.' 'm.' 'tám' 'trăm'
 'chín' 'mươi' 'không']","['Other' 'Other' 'Other' 'Other' 'Other' 'Other' 'Other' 'radio_name'
 'radio_name' 'radio_name' 'radio_name' 'radio_name' 'radio_name' 'Other']",36,play_radio,play,6.0,48000,1,True,SVM_CLOSED_SET,TRAIN,,exp_svm_spk_0009
4421,dev/8ef9c577c4eac8faf3accef9a42b8c17.wav,validation,TRAIN,vi-VN,5e4247e718b8910d4a2b9a34,exp_svm_spk_0007,Female,32,tắt tiếng âm thanh,tắt tiếng âm thanh,['tắt' 'tiếng' 'âm' 'thanh'],['Other' 'Other' 'Other' 'Other'],46,audio_volume_mute,audio,2.7,48000,1,True,SVM_CLOSED_SET,TRAIN,,exp_svm_spk_0009
15836,dev/292071b6f205e28e4928fe5192a7c22b.wav,validation,TRAIN,vi-VN,5e4247e718b8910d4a2b9a34,exp_svm_spk_0007,Female,32,mở thư điện tử gần đây nhất của tôi và trả lời,mở thư điện tử gần đây nhất của tôi và trả lời,['mở' 'thư' 'điện' 'tử' 'gần' 'đây' 'nhất' 'của' 'tôi' 'và' 'trả' 'lời'],"['Other' 'Other' 'Other' 'Other' 'Other' 'Other' 'Other' 'Other' 'Other'
 'Other' 'Other' 'Other']",33,email_sendemail,email,4.98,48000,1,True,SVM_CLOSED_SET,TRAIN,,exp_svm_spk_0009
15065,dev/106a8128c29238e84d09eb3856a02c93.wav,validation,TRAIN,vi-VN,5e4247e718b8910d4a2b9a34,exp_svm_spk_0007,Female,32,cho tôi biết brexit sẽ ảnh hưởng đến công dân e. u. thế nào trong dài hạn và trung hạn,cho tôi biết brexit sẽ ảnh hưởng đến công dân e. u. thế nào trong dài hạn và trung hạn,"['cho' 'tôi' 'biết' 'brexit' 'sẽ' 'ảnh' 'hưởng' 'đến' 'công' 'dân' 'e.'
 'u.' 'thế' 'nào' 'trong' 'dài' 'hạn' 'và' 'trung' 'hạn']","['Other' 'Other' 'Other' 'Other' 'Other' 'Other' 'Other' 'Other' 'Other'
 'Other' 'Other' 'Other' 'Other' 'Other' 'Other' 'Other' 'Other' 'Other'
 'Other' 'Other']",49,qa_factoid,qa,7.02,48000,1,True,SVM_CLOSED_SET,TRAIN,,exp_svm_spk_0009
13756,dev/9cf094f0f347bc9cddb38c829d6f4584.wav,validation,TRAIN,vi-VN,5e4247e718b8910d4a2b9a34,exp_svm_spk_0007,Female,32,tìm cho tôi thông tin trên,tìm cho tôi thông tin trên,['tìm' 'cho' 'tôi' 'thông' 'tin' 'trên'],['Other' 'Other' 'Other' 'Other' 'Other' 'Other'],26,qa_definition,qa,3.6,48000,1,True,SVM_CLOSED_SET,TRAIN,,exp_svm_spk_0009
13914,dev/efa27c6b581fb425424262be436d37bd.wav,validation,TRAIN,vi-VN,5e4247e718b8910d4a2b9a34,exp_svm_spk_0007,Female,32,bạn có thể cho tôi biết tỷ giá hối đoái của đồng đô la sang đồng rupee được không,bạn có thể cho tôi biết tỷ giá hối đoái của đồng đô la sang đồng rupee được không,"['bạn' 'có' 'thể' 'cho' 'tôi' 'biết' 'tỷ' 'giá' 'hối' 'đoái' 'của' 'đồng'
 'đô' 'la' 'sang' 'đồng' 'rupee' 'được' 'không']","['Other' 'Other' 'Other' 'Other' 'Other' 'Other' 'Other' 'Other' 'Other'
 'Other' 'Other' 'Other' 'Other' 'Other' 'Other' 'Other' 'Other' 'Other'
 'Other']",49,qa_factoid,qa,6.54,48000,1,True,SVM_CLOSED_SET,TRAIN,,exp_svm_spk_0009
6655,dev/8fae2e284a7332280f5d10a102f0cc67.wav,validation,TRAIN,vi-VN,5e4247e718b8910d4a2b9a34,exp_svm_spk_0007,Female,32,thành phần cần thiết ở tiệm tạp hóa,thành phần cần thiết ở [business_type : tiệm tạp hóa],['thành' 'phần' 'cần' 'thiết' 'ở' 'tiệm' 'tạp' 'hóa'],"['Other' 'Other' 'Other' 'Other' 'Other' 'business_type' 'business_type'
 'business_type']",12,general_quirky,general,3.84,48000,1,True,SVM_CLOSED_SET,TRAIN,,exp_svm_spk_0009
6673,dev/9554b5c7ce75328b338d89f443eb9e34.wav,validation,TRAIN,vi-VN,5e4247e718b8910d4a2b9a34,exp_svm_spk_0007,Female,32,nó như thế nào rồi,nó như thế nào rồi,['nó' 'như' 'thế' 'nào' 'rồi'],['Other' 'Other' 'Other' 'Other' 'Other'],12,general_quirky,general,3.18,48000,1,True,SVM_CLOSED_SET,TRAIN,,exp_svm_spk_0009
13836,dev/5f491a4df79972de1cb4384101e90397.wav,validation,TRAIN,vi-VN,5e4247e718b8910d4a2b9a34,exp_svm_spk_0007,Female,32,tôn giáo nào là đúng đắn nhất,tôn giáo nào là đúng đắn nhất,['tôn' 'giáo' 'nào' 'là' 'đúng' 'đắn' 'nhất'],['Other' 'Other' 'Other' 'Other' 'Other' 'Other' 'Other'],12,general_quirky,general,3.6,48000,1,True,SVM_CLOSED_SET,TRAIN,,exp_svm_spk_0009
13720,dev/a1297792f70694aa58fb0ff80ea55262.wav,validation,TRAIN,vi-VN,5e4247e718b8910d4a2b9a34,exp_svm_spk_0007,Female,32,tỷ giá giữa đô la mỹ và đô la canada là gì,tỷ giá giữa [currency_name : đô la mỹ] và [currency_name : đô la canada] là gì,['tỷ' 'giá' 'giữa' 'đô' 'la' 'mỹ' 'và' 'đô' 'la' 'canada' 'là' 'gì'],"['Other' 'Other' 'Other' 'currency_name' 'currency_name' 'currency_name'
 'Other' 'currency_name' 'currency_name' 'currency_name' 'Other' 'Other']",10,qa_currency,qa,4.62,48000,1,True,SVM_CLOSED_SET,TRAIN,,exp_svm_spk_0009
12464,dev/7310ed8eac52a8e24a0422cce4eb4715.wav,validation,TRAIN,vi-VN,5e4247e718b8910d4a2b9a34,exp_svm_spk_0007,Female,32,cần một chiếc taxi lúc tám giờ sáng ngày mai,cần một chiếc [transport_type : taxi] lúc [time : tám giờ] [timeofday : sáng] [date : ngày mai],['cần' 'một' 'chiếc' 'taxi' 'lúc' 'tám' 'giờ' 'sáng' 'ngày' 'mai'],"['Other' 'Other' 'Other' 'transport_type' 'Other' 'time' 'time'
 'timeofday' 'date' 'date']",54,transport_taxi,transport,4.74,48000,1,True,SVM_CLOSED_SET,TRAIN,,exp_svm_spk_0009
6875,dev/7565c31739f94ac317a5bff1decddea1.wav,validation,TRAIN,vi-VN,5e4247e718b8910d4a2b9a34,exp_svm_spk_0007,Female,32,tôi có các sự kiện nào sắp diễn ra trong lịch không,tôi có các sự kiện nào sắp diễn ra trong lịch không,"['tôi' 'có' 'các' 'sự' 'kiện' 'nào' 'sắp' 'diễn' 'ra' 'trong' 'lịch'
 'không']","['Other' 'Other' 'Other' 'Other' 'Other' 'Other' 'Other' 'Other' 'Other'
 'Other' 'Other' 'Other']",32,calendar_query,calendar,4.74,48000,1,True,SVM_CLOSED_SET,TRAIN,,exp_svm_spk_0009
16848,dev/2e562127443ff912260060535d13c3be.wav,validation,TRAIN,vi-VN,5e4247e718b8910d4a2b9a34,exp_svm_spk_0007,Female,32,tôi cần gửi thư điện tử cho liên và vũ,tôi cần gửi thư điện tử cho [person : liên] và [person : vũ],['tôi' 'cần' 'gửi' 'thư' 'điện' 'tử' 'cho' 'liên' 'và' 'vũ'],"['Other' 'Other' 'Other' 'Other' 'Other' 'Other' 'Other' 'person' 'Other'
 'person']",33,email_sendemail,email,5.28,48000,1,True,SVM_CLOSED_SET,TRAIN,,exp_svm_spk_0009
5937,dev/eb4e5836c3bf6ec703105a22687f34df.wav,validation,TRAIN,vi-VN,5e4247e718b8910d4a2b9a34,exp_svm_spk_0007,Female,32,tôi cần áo mưa cho buổi tối,tôi cần [weather_descriptor : áo mưa cho buổi tối],['tôi' 'cần' 'áo' 'mưa' 'cho' 'buổi' 'tối'],"['Other' 'Other' 'weather_descriptor' 'weather_descriptor'
 'weather_descriptor' 'weather_descriptor' 'weather_descriptor']",13,weather_query,weather,3.48,48000,1,True,SVM_CLOSED_SET,TRAIN,,exp_svm_spk_0009
9253,dev/97b758b700222cbcf17d6fe406772464.wav,validation,TRAIN,vi-VN,5e4247e718b8910d4a2b9a34,exp_svm_spk_0007,Female,32,v. o. v. giao thông,[radio_name : v. o. v. giao thông],['v.' 'o.' 'v.' 'giao' 'thông'],['radio_name' 'radio_name' 'radio_name' 'radio_name' 'radio_name'],36,play_radio,play,2.82,48000,1,True,SVM_CLOSED_SET,TRAIN,,exp_svm_spk_0009
7341,dev/f2788df3acd6d4e14eec428e2c351bf4.wav,validation,TRAIN,vi-VN,5e4247e718b8910d4a2b9a34,exp_svm_spk_0007,Female,32,xóa sự kiện tiếp theo ra khỏi lịch,xóa sự kiện tiếp theo ra khỏi lịch,['xóa' 'sự' 'kiện' 'tiếp' 'theo' 'ra' 'khỏi' 'lịch'],['Other' 'Other' 'Other' 'Other' 'Other' 'Other' 'Other' 'Other'],30,calendar_remove,calendar,3.72,48000,1,True,SVM_CLOSED_SET,TRAIN,,exp_svm_spk_0009
3194,dev/1dfe14a9b7ee079a50288eb0c00bc5d1.wav,validation,TRAIN,vi-VN,5e4247e718b8910d4a2b9a34,exp_svm_spk_0007,Female,32,siri phát danh sách nhạc pop của tôi,siri phát danh sách nhạc [music_genre : pop] của tôi,['siri' 'phát' 'danh' 'sách' 'nhạc' 'pop' 'của' 'tôi'],['Other' 'Other' 'Other' 'Other' 'Other' 'music_genre' 'Other' 'Other'],45,play_music,play,4.38,48000,1,True,SVM_CLOSED_SET,TRAIN,,exp_svm_spk_0009
6115,dev/a54632dd9fe659f545afaadb79d7bb69.wav,validation,TRAIN,vi-VN,5e4247e718b8910d4a2b9a34,exp_svm_spk_0007,Female,32,hey olly đặt một cái pizza với nhiều phó mát,hey olly đặt một cái [food_type : pizza với nhiều phó mát],['hey' 'olly' 'đặt' 'một' 'cái' 'pizza' 'với' 'nhiều' 'phó' 'mát'],"['Other' 'Other' 'Other' 'Other' 'Other' 'food_type' 'food_type'
 'food_type' 'food_type' 'food_type']",16,takeaway_order,takeaway,3.9,48000,1,True,SVM_CLOSED_SET,TRAIN,,exp_svm_spk_0009
17076,dev/b48fdd540077702204aa243f692fe5c7.wav,validation,TRAIN,vi-VN,5e4247e718b8910d4a2b9a34,exp_svm_spk_0007,Female,32,tôi có nhận được email nào từ tuấn hôm nay không,tôi có nhận được email nào từ [person : tuấn] [date : hôm nay] không,['tôi' 'có' 'nhận' 'được' 'email' 'nào' 'từ' 'tuấn' 'hôm' 'nay' 'không'],"['Other' 'Other' 'Other' 'Other' 'Other' 'Other' 'Other' 'person' 'date'
 'date' 'Other']",44,email_query,email,5.1,48000,1,True,SVM_CLOSED_SET,TRAIN,,exp_svm_spk_0009
7066,dev/41d49c5aa8f527f964933cb6c2c9eb2f.wav,validation,TRAIN,vi-VN,5e4247e718b8910d4a2b9a34,exp_svm_spk_0007,Female,32,sự kiện trong lịch của tôi là gì,sự kiện trong lịch của tôi là gì,['sự' 'kiện' 'trong' 'lịch' 'của' 'tôi' 'là' 'gì'],['Other' 'Other' 'Other' 'Other' 'Other' 'Other' 'Other' 'Other'],32,calendar_query,calendar,4.14,48000,1,True,SVM_CLOSED_SET,TRAIN,,exp_svm_spk_0009
13737,dev/1860dd0ca8032e6afd8a14531b8e9338.wav,validation,TRAIN,vi-VN,5e4247e718b8910d4a2b9a34,exp_svm_spk_0007,Female,32,tỉ giá hối đoái giữa mỹ và trung quốc và bao nhiêu,tỉ giá hối đoái giữa [place_name : mỹ] và [place_name : trung quốc] và bao nhiêu,"['tỉ' 'giá' 'hối' 'đoái' 'giữa' 'mỹ' 'và' 'trung' 'quốc' 'và' 'bao'
 'nhiêu']","['Other' 'Other' 'Other' 'Other' 'Other' 'place_name' 'Other' 'place_name'
 'place_name' 'Other' 'Other' 'Other']",10,qa_currency,qa,4.8,48000,1,True,SVM_CLOSED_SET,TRAIN,,exp_svm_spk_0009
2392,dev/2698fd0292dff174f3247001ddde0c44.wav,validation,TRAIN,vi-VN,5e4247e718b8910d4a2b9a34,exp_svm_spk_0007,Female,32,tôi muốn nghe người hãy quên em đi,tôi muốn nghe [song_name : người hãy quên em đi],['tôi' 'muốn' 'nghe' 'người' 'hãy' 'quên' 'em' 'đi'],"['Other' 'Other' 'Other' 'song_name' 'song_name' 'song_name' 'song_name'
 'song_name']",45,play_music,play,3.66,48000,1,True,SVM_CLOSED_SET,TRAIN,,exp_svm_spk_0009
5494,dev/cbc0f2dd2c09a2a07211da79a9dcefd8.wav,validation,TRAIN,vi-VN,5e4247e718b8910d4a2b9a34,exp_svm_spk_0007,Female,32,cuộc bỏ phiếu cuối cùng trước công chúng của tổng thống trump là gì,[news_topic : cuộc bỏ phiếu cuối cùng trước công chúng của tổng thống trump] là gì,"['cuộc' 'bỏ' 'phiếu' 'cuối' 'cùng' 'trước' 'công' 'chúng' 'của'
 'tổng' 'thống' 'trump' 'là' 'gì']","['news_topic' 'news_topic' 'news_topic' 'news_topic' 'news_topic'
 'news_topic' 'news_topic' 'news_topic' 'news_topic' 'news_topic'
 'news_topic' 'news_topic' 'Other' 'Other']",22,news_query,news,5.52,48000,1,True,SVM_CLOSED_SET,TRAIN,,exp_svm_spk_0009
15572,dev/c542dcb662eea4497740f5c88144eed3.wav,validation,TRAIN,vi-VN,5e4247e718b8910d4a2b9a34,exp_svm_spk_0007,Female,32,tweet khiếu nại đến quán trà chanh,[media_type : tweet] khiếu nại đến [business_name : quán trà chanh],['tweet' 'khiếu' 'nại' 'đến' 'quán' 'trà' 'chanh'],"['media_type' 'Other' 'Other' 'Other' 'business_name' 'business_name'
 'business_name']",47,social_post,social,3.6,48000,1,True,SVM_CLOSED_SET,TRAIN,,exp_svm_spk_0009
10554,dev/e5759b9e4815c267b0ae5ed68907f214.wav,validation,TRAIN,vi-VN,5e4247e718b8910d4a2b9a34,exp_svm_spk_0007,Female,32,tôi đang làm gì hôm nay,tôi đang làm gì [date : hôm nay],['tôi' 'đang' 'làm' 'gì' 'hôm' 'nay'],['Other' 'Other' 'Other' 'Other' 'date' 'date'],12,general_quirky,general,3.18,48000,1,True,SVM_CLOSED_SET,TRAIN,,exp_svm_spk_0009
11358,dev/9317833efaa572087dc13d3f82b47bf6.wav,validation,TRAIN,vi-VN,5e4247e718b8910d4a2b9a34,exp_svm_spk_0007,Female,32,chuyển qua podcast tiếp theo,chuyển qua [podcast_descriptor : podcast tiếp theo],['chuyển' 'qua' 'podcast' 'tiếp' 'theo'],"['Other' 'Other' 'podcast_descriptor' 'podcast_descriptor'
 'podcast_descriptor']",58,play_podcasts,play,3.84,48000,1,True,SVM_CLOSED_SET,TRAIN,,exp_svm_spk_0009
16612,dev/6df33fd285c25a0a75b5f1266251f075.wav,validation,TRAIN,vi-VN,5e4247e718b8910d4a2b9a34,exp_svm_spk_0007,Female,32,gửi email đến mẹ nói chúc mừng sinh nhật,gửi email đến [relation : mẹ] nói chúc mừng [event_name : sinh nhật],['gửi' 'email' 'đến' 'mẹ' 'nói' 'chúc' 'mừng' 'sinh' 'nhật'],"['Other' 'Other' 'Other' 'relation' 'Other' 'Other' 'Other' 'event_name'
 'event_name']",33,email_sendemail,email,4.44,48000,1,True,SVM_CLOSED_SET,TRAIN,,exp_svm_spk_0009
10952,dev/582259fe3c00ddb955087dd774d789a5.wav,validation,TRAIN,vi-VN,5e4247e718b8910d4a2b9a34,exp_svm_spk_0007,Female,32,vui lòng xóa danh sách có tên gọi mua sắm,vui lòng xóa danh sách có tên gọi [list_name : mua sắm],['vui' 'lòng' 'xóa' 'danh' 'sách' 'có' 'tên' 'gọi' 'mua' 'sắm'],"['Other' 'Other' 'Other' 'Other' 'Other' 'Other' 'Other' 'Other'
 'list_name' 'list_name']",53,lists_remove,lists,4.2,48000,1,True,SVM_CLOSED_SET,TRAIN,,exp_svm_spk_0009
10245,dev/b97453668b1d165b4274c77620e7dbf8.wav,validation,TRAIN,vi-VN,5e4247e718b8910d4a2b9a34,exp_svm_spk_0007,Female,32,alexa chơi cờ vua với tôi,alexa chơi [game_name : cờ vua] với tôi,['alexa' 'chơi' 'cờ' 'vua' 'với' 'tôi'],['Other' 'Other' 'game_name' 'game_name' 'Other' 'Other'],51,play_game,play,3.42,48000,1,True,SVM_CLOSED_SET,TRAIN,,exp_svm_spk_0009
4360,dev/df9bc60553078f29783ea8f0b7403172.wav,validation,TRAIN,vi-VN,5e4247e718b8910d4a2b9a34,exp_svm_spk_0007,Female,32,tôi muốn nghe âm nhạc tuyệt vời,tôi muốn nghe âm nhạc tuyệt vời,['tôi' 'muốn' 'nghe' 'âm' 'nhạc' 'tuyệt' 'vời'],['Other' 'Other' 'Other' 'Other' 'Other' 'Other' 'Other'],45,play_music,play,3.3,48000,1,True,SVM_CLOSED_SET,TRAIN,,exp_svm_spk_0009
10449,dev/7a3303b9ae125118d28348f2ef580aae.wav,validation,TRAIN,vi-VN,5e4247e718b8910d4a2b9a34,exp_svm_spk_0007,Female,32,tôi muốn hủy chuyến đi đến cần thơ tuần tới,tôi muốn hủy chuyến đi đến cần thơ tuần tới,['tôi' 'muốn' 'hủy' 'chuyến' 'đi' 'đến' 'cần' 'thơ' 'tuần' 'tới'],"['Other' 'Other' 'Other' 'Other' 'Other' 'Other' 'Other' 'Other' 'Other'
 'Other']",53,lists_remove,lists,3.84,48000,1,True,SVM_CLOSED_SET,TRAIN,,exp_svm_spk_0009
17046,dev/fc2b5b97534250b84990eb53c295712a.wav,validation,TRAIN,vi-VN,5e4247e718b8910d4a2b9a34,exp_svm_spk_0007,Female,32,vui lòng cho tôi biết các email mới của việt,vui lòng cho tôi biết các email mới của [person : việt],['vui' 'lòng' 'cho' 'tôi' 'biết' 'các' 'email' 'mới' 'của' 'việt'],"['Other' 'Other' 'Other' 'Other' 'Other' 'Other' 'Other' 'Other' 'Other'
 'person']",44,email_query,email,4.08,48000,1,True,SVM_CLOSED_SET,TRAIN,,exp_svm_spk_0009
10860,dev/c19cff8791c947fd7a7d1636b81d711b.wav,validation,TRAIN,vi-VN,5e4247e718b8910d4a2b9a34,exp_svm_spk_0007,Female,32,bỏ nó ra khỏi danh sách,bỏ nó ra khỏi danh sách,['bỏ' 'nó' 'ra' 'khỏi' 'danh' 'sách'],['Other' 'Other' 'Other' 'Other' 'Other' 'Other'],53,lists_remove,lists,3.6,48000,1,True,SVM_CLOSED_SET,TRAIN,,exp_svm_spk_0009
2040,dev/2c32e90a9f7e54aca60b39bfb5353981.wav,validation,TRAIN,vi-VN,5e4247e718b8910d4a2b9a34,exp_svm_spk_0007,Female,32,một ngày nắng là gì,một ngày [weather_descriptor : nắng] là gì,['một' 'ngày' 'nắng' 'là' 'gì'],['Other' 'Other' 'weather_descriptor' 'Other' 'Other'],13,weather_query,weather,2.94,48000,1,True,SVM_CLOSED_SET,TRAIN,,exp_svm_spk_0009
14207,dev/40abceb5a40541ae2101e76f316277f3.wav,validation,TRAIN,vi-VN,5e4247e718b8910d4a2b9a34,exp_svm_spk_0007,Female,32,hồ ngọc hà sinh năm nào,[person : hồ ngọc hà] sinh năm nào,['hồ' 'ngọc' 'hà' 'sinh' 'năm' 'nào'],['person' 'person' 'person' 'Other' 'Other' 'Other'],49,qa_factoid,qa,3.0,48000,1,True,SVM_CLOSED_SET,TRAIN,,exp_svm_spk_0009
15986,dev/175e7ab1182bfd54dbb428a8b7a7b7e2.wav,validation,TRAIN,vi-VN,5e4247e718b8910d4a2b9a34,exp_svm_spk_0007,Female,32,lưu email này vào danh bạ,lưu email này vào danh bạ,['lưu' 'email' 'này' 'vào' 'danh' 'bạ'],['Other' 'Other' 'Other' 'Other' 'Other' 'Other'],15,email_addcontact,email,3.3,48000,1,True,SVM_CLOSED_SET,TRAIN,,exp_svm_spk_0009
1827,dev/6c60408a976edc5d2b1c2dfd568b64b3.wav,validation,TRAIN,vi-VN,5e4247e718b8910d4a2b9a34,exp_svm_spk_0007,Female,32,có gì đang diễn ra ở new york,có gì đang diễn ra ở [place_name : new york],['có' 'gì' 'đang' 'diễn' 'ra' 'ở' 'new' 'york'],['Other' 'Other' 'Other' 'Other' 'Other' 'Other' 'place_name' 'place_name'],22,news_query,news,3.9,48000,1,True,SVM_CLOSED_SET,TRAIN,,exp_svm_spk_0009
99,dev/ff7e9714bc654bfb0896f06823538379.wav,validation,TRAIN,vi-VN,5e4247e718b8910d4a2b9a34,exp_svm_spk_0007,Female,32,dự báo thời tiết cho tuần là gì,dự báo thời tiết cho [time : tuần] là gì,['dự' 'báo' 'thời' 'tiết' 'cho' 'tuần' 'là' 'gì'],['Other' 'Other' 'Other' 'Other' 'Other' 'time' 'Other' 'Other'],13,weather_query,weather,3.48,48000,1,True,SVM_CLOSED_SET,TRAIN,,exp_svm_spk_0009
11182,dev/bb83e533c7179bc53371ccb6b4db2ba3.wav,validation,TRAIN,vi-VN,5e4247e718b8910d4a2b9a34,exp_svm_spk_0007,Female,32,kế hoạch sức khỏe của tôi,[list_name : kế hoạch sức khỏe] của tôi,['kế' 'hoạch' 'sức' 'khỏe' 'của' 'tôi'],['list_name' 'list_name' 'list_name' 'list_name' 'Other' 'Other'],59,lists_query,lists,3.36,48000,1,True,SVM_CLOSED_SET,TRAIN,,exp_svm_spk_0009
11020,dev/c3f26909a11ba4cce186666ed817031e.wav,validation,TRAIN,vi-VN,5e4247e718b8910d4a2b9a34,exp_svm_spk_0007,Female,32,xóa mua sắm tạp hóa khỏi danh sách,xóa mua sắm tạp hóa khỏi danh sách,['xóa' 'mua' 'sắm' 'tạp' 'hóa' 'khỏi' 'danh' 'sách'],['Other' 'Other' 'Other' 'Other' 'Other' 'Other' 'Other' 'Other'],53,lists_remove,lists,4.02,48000,1,True,SVM_CLOSED_SET,TRAIN,,exp_svm_spk_0009
14882,dev/d1aacd0786ce4a3a1e968d6580054529.wav,validation,TRAIN,vi-VN,5e4247e718b8910d4a2b9a34,exp_svm_spk_0007,Female,32,bao nhiêu đồng rupee ấn độ so sánh với đồng đô la mỹ,bao nhiêu [currency_name : đồng rupee ấn độ] so sánh với [currency_name : đồng đô la mỹ],"['bao' 'nhiêu' 'đồng' 'rupee' 'ấn' 'độ' 'so' 'sánh' 'với' 'đồng' 'đô'
 'la' 'mỹ']","['Other' 'Other' 'currency_name' 'currency_name' 'currency_name'
 'currency_name' 'Other' 'Other' 'Other' 'currency_name' 'currency_name'
 'currency_name' 'currency_name']",10,qa_currency,qa,6.6,48000,1,True,SVM_CLOSED_SET,TRAIN,,exp_svm_spk_0009
4003,dev/3de2abf074e0f9941bfdf98ee1417f47.wav,validation,TRAIN,vi-VN,5e4247e718b8910d4a2b9a34,exp_svm_spk_0007,Female,32,đến giờ tôi nghe một chút bích phương rồi,đến giờ tôi nghe một chút [artist_name : bích phương] rồi,['đến' 'giờ' 'tôi' 'nghe' 'một' 'chút' 'bích' 'phương' 'rồi'],"['Other' 'Other' 'Other' 'Other' 'Other' 'Other' 'artist_name'
 'artist_name' 'Other']",45,play_music,play,4.2,48000,1,True,SVM_CLOSED_SET,TRAIN,,exp_svm_spk_0009
10218,dev/dbf6b0f259ca37ec55058399d7718952.wav,validation,TRAIN,vi-VN,5e4247e718b8910d4a2b9a34,exp_svm_spk_0007,Female,32,thời gian để luộc trứng luộc là bao lâu,thời gian để luộc [food_type : trứng luộc] là bao lâu,['thời' 'gian' 'để' 'luộc' 'trứng' 'luộc' 'là' 'bao' 'lâu'],"['Other' 'Other' 'Other' 'Other' 'food_type' 'food_type' 'Other' 'Other'
 'Other']",9,cooking_recipe,cooking,3.6,48000,1,True,SVM_CLOSED_SET,TRAIN,,exp_svm_spk_0009
5362,dev/8cb8eb600985cfd088eaec9826dae1b4.wav,validation,TRAIN,vi-VN,5e4247e718b8910d4a2b9a34,exp_svm_spk_0007,Female,32,ngày hai mươi tư đến vào khi nào trong tuần tới,[date : ngày hai mươi tư] đến vào khi nào trong [date : tuần tới],['ngày' 'hai' 'mươi' 'tư' 'đến' 'vào' 'khi' 'nào' 'trong' 'tuần' 'tới'],"['date' 'date' 'date' 'date' 'Other' 'Other' 'Other' 'Other' 'Other'
 'date' 'date']",0,datetime_query,datetime,4.8,48000,1,True,SVM_CLOSED_SET,TRAIN,,exp_svm_spk_0009
8549,dev/905dc77241c205e1bcd22b6ce3df37be.wav,validation,TRAIN,vi-VN,5e4247e718b8910d4a2b9a34,exp_svm_spk_0007,Female,32,huỷ sự kiện tiếp theo trên lịch,huỷ sự kiện tiếp theo trên lịch,['huỷ' 'sự' 'kiện' 'tiếp' 'theo' 'trên' 'lịch'],['Other' 'Other' 'Other' 'Other' 'Other' 'Other' 'Other'],30,calendar_remove,calendar,2.82,48000,1,True,SVM_CLOSED_SET,TRAIN,,exp_svm_spk_0009
11693,dev/62587fb4e108ab3480ea30b1a09dd2eb.wav,validation,TRAIN,vi-VN,5e4247e718b8910d4a2b9a34,exp_svm_spk_0007,Female,32,có bộ phim nào mới hôm nay không,có bộ phim nào mới [date : hôm nay] không,['có' 'bộ' 'phim' 'nào' 'mới' 'hôm' 'nay' 'không'],['Other' 'Other' 'Other' 'Other' 'Other' 'date' 'date' 'Other'],55,recommendation_movies,recommendation,3.6,48000,1,True,SVM_CLOSED_SET,TRAIN,,exp_svm_spk_0009
9673,dev/30771fff77559b71d5b2f1714afc602a.wav,validation,TRAIN,vi-VN,5e4247e718b8910d4a2b9a34,exp_svm_spk_0007,Female,32,bạn có thể phát sách nói yêu thích của tôi harry potter không,bạn có thể phát sách nói yêu thích của tôi [audiobook_name : harry potter] không,"['bạn' 'có' 'thể' 'phát' 'sách' 'nói' 'yêu' 'thích' 'của' 'tôi' 'harry'
 'potter' 'không']","['Other' 'Other' 'Other' 'Other' 'Other' 'Other' 'Other' 'Other' 'Other'
 'Other' 'audiobook_name' 'audiobook_name' 'Other']",20,play_audiobook,play,5.76,48000,1,True,SVM_CLOSED_SET,TRAIN,,exp_svm_spk_0009
16533,dev/d028ba89c69c9f004ccf119e9f42a029.wav,validation,TRAIN,vi-VN,5e4247e718b8910d4a2b9a34,exp_svm_spk_0007,Female,32,bạn có thể giúp tôi viết một email đến tuấn,bạn có thể giúp tôi viết một email đến [person : tuấn],['bạn' 'có' 'thể' 'giúp' 'tôi' 'viết' 'một' 'email' 'đến' 'tuấn'],"['Other' 'Other' 'Other' 'Other' 'Other' 'Other' 'Other' 'Other' 'Other'
 'person']",33,email_sendemail,email,4.5,48000,1,True,SVM_CLOSED_SET,TRAIN,,exp_svm_spk_0009
7470,dev/931b92ee1ea53bbc3ba03fc194b8e640.wav,validation,TRAIN,vi-VN,5e4247e718b8910d4a2b9a34,exp_svm_spk_0007,Female,32,đặt một cuộc họp với minh ngày mười tháng ba,đặt một [event_name : cuộc họp] với [person : minh] [date : ngày mười tháng ba],['đặt' 'một' 'cuộc' 'họp' 'với' 'minh' 'ngày' 'mười' 'tháng' 'ba'],"['Other' 'Other' 'event_name' 'event_name' 'Other' 'person' 'date' 'date'
 'date' 'date']",50,calendar_set,calendar,4.5,48000,1,True,SVM_CLOSED_SET,TRAIN,,exp_svm_spk_0009
4483,dev/7fc06da853e26cf252bf7924ed541305.wav,validation,TRAIN,vi-VN,5e4247e718b8910d4a2b9a34,exp_svm_spk_0007,Female,32,tôi có nên mặc váy nhiều lớp hôm nay không,tôi có nên mặc váy nhiều [weather_descriptor : lớp] [date : hôm nay] không,['tôi' 'có' 'nên' 'mặc' 'váy' 'nhiều' 'lớp' 'hôm' 'nay' 'không'],"['Other' 'Other' 'Other' 'Other' 'Other' 'Other' 'weather_descriptor'
 'date' 'date' 'Other']",13,weather_query,weather,4.2,48000,1,True,SVM_CLOSED_SET,TRAIN,,exp_svm_spk_0009
16881,dev/3bdb37153e6b30233784321c2c39536c.wav,validation,TRAIN,vi-VN,5e4247e718b8910d4a2b9a34,exp_svm_spk_0007,Female,32,trả lời thư,trả lời thư,['trả' 'lời' 'thư'],['Other' 'Other' 'Other'],33,email_sendemail,email,2.58,48000,1,True,SVM_CLOSED_SET,TRAIN,,exp_svm_spk_0009
9633,dev/8947fc4c247cf84af5a25fd350f124f5.wav,validation,TRAIN,vi-VN,5e4247e718b8910d4a2b9a34,exp_svm_spk_0007,Female,32,chuyển sang buổi trình diễn của billy bob,chuyển sang buổi trình diễn của billy bob,['chuyển' 'sang' 'buổi' 'trình' 'diễn' 'của' 'billy' 'bob'],['Other' 'Other' 'Other' 'Other' 'Other' 'Other' 'Other' 'Other'],36,play_radio,play,4.08,48000,1,True,SVM_CLOSED_SET,TRAIN,,exp_svm_spk_0009
11283,dev/b8fe48c21886ddebd342c8864ea95f6b.wav,validation,TRAIN,vi-VN,5e4247e718b8910d4a2b9a34,exp_svm_spk_0007,Female,32,mở tập kế tiếp,mở [podcast_descriptor : tập kế tiếp],['mở' 'tập' 'kế' 'tiếp'],['Other' 'podcast_descriptor' 'podcast_descriptor' 'podcast_descriptor'],58,play_podcasts,play,3.12,48000,1,True,SVM_CLOSED_SET,TRAIN,,exp_svm_spk_0009
4292,dev/9cbfcd27f8664e291e2b7617e9656d0a.wav,validation,TRAIN,vi-VN,5e4247e718b8910d4a2b9a34,exp_svm_spk_0007,Female,32,tôi có thể mặc quần áo ngắn khi đi shopping hôm nay không,tôi có thể mặc [weather_descriptor : quần áo ngắn] khi đi shopping [date : hôm nay] không,"['tôi' 'có' 'thể' 'mặc' 'quần' 'áo' 'ngắn' 'khi' 'đi' 'shopping' 'hôm'
 'nay' 'không']","['Other' 'Other' 'Other' 'Other' 'weather_descriptor' 'weather_descriptor'
 'weather_descriptor' 'Other' 'Other' 'Other' 'date' 'date' 'Other']",13,weather_query,weather,5.22,48000,1,True,SVM_CLOSED_SET,TRAIN,,exp_svm_spk_0009
5202,dev/788bcb62d5e4120c710ee9f2ddc438e2.wav,validation,TRAIN,vi-VN,5e4247e718b8910d4a2b9a34,exp_svm_spk_0007,Female,32,vui lòng tắt đèn phòng khách,vui lòng tắt đèn [house_place : phòng khách],['vui' 'lòng' 'tắt' 'đèn' 'phòng' 'khách'],['Other' 'Other' 'Other' 'Other' 'house_place' 'house_place'],40,iot_hue_lightoff,iot,3.24,48000,1,True,SVM_CLOSED_SET,TRAIN,,exp_svm_spk_0009
6823,dev/d00e923b6d01cbf17377e031fb90ff41.wav,validation,TRAIN,vi-VN,5e4247e718b8910d4a2b9a34,exp_svm_spk_0007,Female,32,nhắc tôi đi xem phim ngoài trời cuối tuần này,nhắc tôi đi [event_name : xem phim ngoài trời] [time : cuối tuần] này,['nhắc' 'tôi' 'đi' 'xem' 'phim' 'ngoài' 'trời' 'cuối' 'tuần' 'này'],"['Other' 'Other' 'Other' 'event_name' 'event_name' 'event_name'
 'event_name' 'time' 'time' 'Other']",50,calendar_set,calendar,4.2,48000,1,True,SVM_CLOSED_SET,TRAIN,,exp_svm_spk_0009
5069,dev/b8219108be53006ee934cd0c285b88e4.wav,validation,TRAIN,vi-VN,5e4247e718b8910d4a2b9a34,exp_svm_spk_0007,Female,32,bật wemo,bật [device_type : wemo],['bật' 'wemo'],['Other' 'device_type'],24,iot_wemo_on,iot,2.64,48000,1,True,SVM_CLOSED_SET,TRAIN,,exp_svm_spk_0009
14708,dev/8e55508aeec152c1fdefdef2a7ed419f.wav,validation,TRAIN,vi-VN,5e4247e718b8910d4a2b9a34,exp_svm_spk_0007,Female,32,cổ phiếu làm ơn,cổ phiếu làm ơn,['cổ' 'phiếu' 'làm' 'ơn'],['Other' 'Other' 'Other' 'Other'],4,qa_stock,qa,3.48,48000,1,True,SVM_CLOSED_SET,TRAIN,,exp_svm_spk_0009
14645,dev/2ed94e5f07cd727ebc57c7ede3e71b4e.wav,validation,TRAIN,vi-VN,5e4247e718b8910d4a2b9a34,exp_svm_spk_0007,Female,32,tên công ty chứng khoán,tên công ty chứng khoán,['tên' 'công' 'ty' 'chứng' 'khoán'],['Other' 'Other' 'Other' 'Other' 'Other'],4,qa_stock,qa,3.42,48000,1,True,SVM_CLOSED_SET,TRAIN,,exp_svm_spk_0009
5035,dev/189bad30d31cbc496fd305f2fcdbd5c3.wav,validation,TRAIN,vi-VN,5e4247e718b8910d4a2b9a34,exp_svm_spk_0007,Female,32,thời tiết trong vùng thế nào,thời tiết [place_name : trong vùng] thế nào,['thời' 'tiết' 'trong' 'vùng' 'thế' 'nào'],['Other' 'Other' 'place_name' 'place_name' 'Other' 'Other'],13,weather_query,weather,3.78,48000,1,True,SVM_CLOSED_SET,TRAIN,,exp_svm_spk_0009
8723,dev/d279c5e067a6eddb94099e38fddeb837.wav,validation,TRAIN,vi-VN,5e4247e718b8910d4a2b9a34,exp_svm_spk_0007,Female,32,theo lịch của tôi thì tôi có rảnh vào ngày một tháng tư năm hai ngàn mười bảy không,theo lịch của tôi thì tôi có rảnh vào [date : ngày một tháng tư năm hai ngàn mười bảy] không,"['theo' 'lịch' 'của' 'tôi' 'thì' 'tôi' 'có' 'rảnh' 'vào' 'ngày' 'một'
 'tháng' 'tư' 'năm' 'hai' 'ngàn' 'mười' 'bảy' 'không']","['Other' 'Other' 'Other' 'Other' 'Other' 'Other' 'Other' 'Other' 'Other'
 'date' 'date' 'date' 'date' 'date' 'date' 'date' 'date' 'date' 'Other']",32,calendar_query,calendar,6.54,48000,1,True,SVM_CLOSED_SET,TRAIN,,exp_svm_spk_0009
10904,dev/5290d57a7c774ff2f2f73b0286cd8de1.wav,validation,TRAIN,vi-VN,5e4247e718b8910d4a2b9a34,exp_svm_spk_0007,Female,32,cho tôi biết về danh sách,cho tôi biết về danh sách,['cho' 'tôi' 'biết' 'về' 'danh' 'sách'],['Other' 'Other' 'Other' 'Other' 'Other' 'Other'],59,lists_query,lists,3.06,48000,1,True,SVM_CLOSED_SET,TRAIN,,exp_svm_spk_0009
7571,dev/e10ffb0d0288aefb3a40a566ca62e39f.wav,validation,TRAIN,vi-VN,6573b7471b56f7fc59a7df63,val_enrolled_spk_0001,Female,48,bao giờ đến chu kỳ trả hóa đơn,bao giờ đến [event_name : chu kỳ trả hóa đơn],['bao' 'giờ' 'đến' 'chu' 'kỳ' 'trả' 'hóa' 'đơn'],"['Other' 'Other' 'Other' 'event_name' 'event_name' 'event_name'
 'event_name' 'event_name']",32,calendar_query,calendar,5.46,48000,1,True,SVM_CLOSED_SET,TRAIN,,exp_svm_spk_0010
12674,dev/061db8d10785608cacb2d05f014cb8c1.wav,validation,TRAIN,vi-VN,6573b7471b56f7fc59a7df63,val_enrolled_spk_0001,Female,48,giao thông có đông đúc không,giao thông có đông đúc không,['giao' 'thông' 'có' 'đông' 'đúc' 'không'],['Other' 'Other' 'Other' 'Other' 'Other' 'Other'],11,transport_traffic,transport,4.8,48000,1,True,SVM_CLOSED_SET,TRAIN,,exp_svm_spk_0010
12205,dev/a41868b2ba67bb4602e9821a84457e51.wav,validation,TRAIN,vi-VN,6573b7471b56f7fc59a7df63,val_enrolled_spk_0001,Female,48,bạn có thể gọi một chiếc uber có mặt ở nhà tôi sau mười lăm phút được không,bạn có thể gọi một chiếc [transport_agency : uber] có mặt ở [place_name : nhà] tôi sau [time : mười lăm phút] được không,"['bạn' 'có' 'thể' 'gọi' 'một' 'chiếc' 'uber' 'có' 'mặt' 'ở' 'nhà' 'tôi'
 'sau' 'mười' 'lăm' 'phút' 'được' 'không']","['Other' 'Other' 'Other' 'Other' 'Other' 'Other' 'transport_agency'
 'Other' 'Other' 'Other' 'place_name' 'Other' 'Other' 'time' 'time' 'time'
 'Other' 'Other']",54,transport_taxi,transport,5.58,48000,1,True,SVM_CLOSED_SET,TRAIN,,exp_svm_spk_0010
6927,dev/e7dbd8229e10e0bd781f5eee540c0733.wav,validation,TRAIN,vi-VN,6573b7471b56f7fc59a7df63,val_enrolled_spk_0001,Female,48,xóa tất cả các sự kiện và thông tin,xóa tất cả các sự kiện và thông tin,['xóa' 'tất' 'cả' 'các' 'sự' 'kiện' 'và' 'thông' 'tin'],['Other' 'Other' 'Other' 'Other' 'Other' 'Other' 'Other' 'Other' 'Other'],30,calendar_remove,calendar,2.34,48000,1,True,SVM_CLOSED_SET,TRAIN,,exp_svm_spk_0010
15375,dev/2ddd3a649163f1f6d273ad4d863232bc.wav,validation,TRAIN,vi-VN,6573b7471b56f7fc59a7df63,val_enrolled_spk_0001,Female,48,vui lòng đăng dòng trạng thái trên twitter nói rằng,vui lòng đăng dòng trạng thái trên [media_type : twitter] nói rằng,['vui' 'lòng' 'đăng' 'dòng' 'trạng' 'thái' 'trên' 'twitter' 'nói' 'rằng'],"['Other' 'Other' 'Other' 'Other' 'Other' 'Other' 'Other' 'media_type'
 'Other' 'Other']",47,social_post,social,7.5,48000,1,True,SVM_CLOSED_SET,TRAIN,,exp_svm_spk_0010
16479,dev/3c93d54dbb950031707e79f51ea551ac.wav,validation,TRAIN,vi-VN,6573b7471b56f7fc59a7df63,val_enrolled_spk_0001,Female,48,trả lời email của dũng,trả lời email [person : của dũng],['trả' 'lời' 'email' 'của' 'dũng'],['Other' 'Other' 'Other' 'person' 'person'],33,email_sendemail,email,3.36,48000,1,True,SVM_CLOSED_SET,TRAIN,,exp_svm_spk_0010
9280,dev/0ed21425c1b810f28a7325679c941a30.wav,validation,TRAIN,vi-VN,6573b7471b56f7fc59a7df63,val_enrolled_spk_0001,Female,48,vui lòng điều chỉnh kênh radio,vui lòng điều chỉnh kênh radio,['vui' 'lòng' 'điều' 'chỉnh' 'kênh' 'radio'],['Other' 'Other' 'Other' 'Other' 'Other' 'Other'],36,play_radio,play,2.46,48000,1,True,SVM_CLOSED_SET,TRAIN,,exp_svm_spk_0010
16750,dev/4c4f40bf78cea26481c0a76ef28bece7.wav,validation,TRAIN,vi-VN,6573b7471b56f7fc59a7df63,val_enrolled_spk_0001,Female,48,xem email của tôi,xem email của tôi,['xem' 'email' 'của' 'tôi'],['Other' 'Other' 'Other' 'Other'],44,email_query,email,1.44,48000,1,True,SVM_CLOSED_SET,TRAIN,,exp_svm_spk_0010
17037,dev/d238fd21520f408c619f4475cc168d4a.wav,validation,TRAIN,vi-VN,6573b7471b56f7fc59a7df63,val_enrolled_spk_0001,Female,48,đưa tôi địa chỉ email,đưa tôi [personal_info : địa chỉ email],['đưa' 'tôi' 'địa' 'chỉ' 'email'],['Other' 'Other' 'personal_info' 'personal_info' 'personal_info'],17,email_querycontact,email,2.22,48000,1,True,SVM_CLOSED_SET,TRAIN,,exp_svm_spk_0010
2822,dev/6a2898bf0283a2ccf2d1ca7a904bf18b.wav,validation,TRAIN,vi-VN,6573b7471b56f7fc59a7df63,val_enrolled_spk_0001,Female,48,điều chỉnh các bóng đèn trong nhà thành màu đỏ,điều chỉnh các bóng đèn trong [house_place : nhà] thành [color_type : màu đỏ],['điều' 'chỉnh' 'các' 'bóng' 'đèn' 'trong' 'nhà' 'thành' 'màu' 'đỏ'],"['Other' 'Other' 'Other' 'Other' 'Other' 'Other' 'house_place' 'Other'
 'color_type' 'color_type']",1,iot_hue_lightchange,iot,2.94,48000,1,True,SVM_CLOSED_SET,TRAIN,,exp_svm_spk_0010
14744,dev/7ac1a22db48e3606856b516b80e6e267.wav,validation,TRAIN,vi-VN,6573b7471b56f7fc59a7df63,val_enrolled_spk_0001,Female,48,loại nông cụ nào là vỉ nướng và tôi sử dụng nó như thế nào,loại nông cụ nào là vỉ nướng và tôi sử dụng nó như thế nào,"['loại' 'nông' 'cụ' 'nào' 'là' 'vỉ' 'nướng' 'và' 'tôi' 'sử' 'dụng' 'nó'
 'như' 'thế' 'nào']","['Other' 'Other' 'Other' 'Other' 'Other' 'Other' 'Other' 'Other' 'Other'
 'Other' 'Other' 'Other' 'Other' 'Other' 'Other']",12,general_quirky,general,6.54,48000,1,True,SVM_CLOSED_SET,TRAIN,,exp_svm_spk_0010
3563,dev/f0135ed1d25b6c4ff4d2caa4024f154a.wav,validation,TRAIN,vi-VN,6573b7471b56f7fc59a7df63,val_enrolled_spk_0001,Female,48,làm ơn làm cho tối một tách cà phê,làm ơn làm cho tối một tách cà phê,['làm' 'ơn' 'làm' 'cho' 'tối' 'một' 'tách' 'cà' 'phê'],['Other' 'Other' 'Other' 'Other' 'Other' 'Other' 'Other' 'Other' 'Other'],56,iot_coffee,iot,4.38,48000,1,True,SVM_CLOSED_SET,TRAIN,,exp_svm_spk_0010
12901,dev/3ddbee36e0b03b57a4d162bd415779de.wav,validation,TRAIN,vi-VN,6573b7471b56f7fc59a7df63,val_enrolled_spk_0001,Female,48,vui lòng cho tôi biết thời gian của tàu thống nhất,vui lòng cho tôi biết thời gian của [transport_type : tàu] [transport_name : thống nhất],['vui' 'lòng' 'cho' 'tôi' 'biết' 'thời' 'gian' 'của' 'tàu' 'thống' 'nhất'],"['Other' 'Other' 'Other' 'Other' 'Other' 'Other' 'Other' 'Other'
 'transport_type' 'transport_name' 'transport_name']",42,transport_query,transport,3.66,48000,1,True,SVM_CLOSED_SET,TRAIN,,exp_svm_spk_0010
3018,dev/859bc988a0a4516cd3a3dbcd7979c059.wav,validation,TRAIN,vi-VN,6573b7471b56f7fc59a7df63,val_enrolled_spk_0001,Female,48,tìm đồ ăn của tôi,tìm đồ ăn của tôi,['tìm' 'đồ' 'ăn' 'của' 'tôi'],['Other' 'Other' 'Other' 'Other' 'Other'],3,takeaway_query,takeaway,1.86,48000,1,True,SVM_CLOSED_SET,TRAIN,,exp_svm_spk_0010
1197,dev/8779c7dfd00e0d524fcbca4076c18871.wav,validation,TRAIN,vi-VN,6573b7471b56f7fc59a7df63,val_enrolled_spk_0001,Female,48,trời sẽ mưa phải không,trời sẽ [weather_descriptor : mưa] phải không,['trời' 'sẽ' 'mưa' 'phải' 'không'],['Other' 'Other' 'weather_descriptor' 'Other' 'Other'],13,weather_query,weather,2.28,48000,1,True,SVM_CLOSED_SET,TRAIN,,exp_svm_spk_0010
16945,dev/42c488b64bdff4297f36c782a610900f.wav,validation,TRAIN,vi-VN,6573b7471b56f7fc59a7df63,val_enrolled_spk_0001,Female,48,tôi có email nào,tôi có email nào,['tôi' 'có' 'email' 'nào'],['Other' 'Other' 'Other' 'Other'],44,email_query,email,4.26,48000,1,True,SVM_CLOSED_SET,TRAIN,,exp_svm_spk_0010
12461,dev/34ccbe864dbcbffa35c5b5b615e34e6c.wav,validation,TRAIN,vi-VN,6573b7471b56f7fc59a7df63,val_enrolled_spk_0001,Female,48,mua một vé tàu hỏa,mua một vé [transport_type : tàu hỏa],['mua' 'một' 'vé' 'tàu' 'hỏa'],['Other' 'Other' 'Other' 'transport_type' 'transport_type'],2,transport_ticket,transport,3.0,48000,1,True,SVM_CLOSED_SET,TRAIN,,exp_svm_spk_0010
10486,dev/5c64110d36578416ac519aafbdae50a8.wav,validation,TRAIN,vi-VN,6573b7471b56f7fc59a7df63,val_enrolled_spk_0001,Female,48,xóa danh sách,xóa danh sách,['xóa' 'danh' 'sách'],['Other' 'Other' 'Other'],53,lists_remove,lists,3.06,48000,1,True,SVM_CLOSED_SET,TRAIN,,exp_svm_spk_0010
16574,dev/3e4b209e4ad917397f3c1f381b27c907.wav,validation,TRAIN,vi-VN,6573b7471b56f7fc59a7df63,val_enrolled_spk_0001,Female,48,địa chỉ mới,địa chỉ mới,['địa' 'chỉ' 'mới'],['Other' 'Other' 'Other'],33,email_sendemail,email,2.22,48000,1,True,SVM_CLOSED_SET,TRAIN,,exp_svm_spk_0010
15455,dev/ba2d1da389c2c06d1c10d6cd26d2ce43.wav,validation,TRAIN,vi-VN,6573b7471b56f7fc59a7df63,val_enrolled_spk_0001,Female,48,gửi tweet đến vietnamairlines tôi rất bực vì bị mất hành lý,gửi [media_type : tweet] đến [business_name : vietnamairlines] tôi rất bực vì bị mất hành lý,"['gửi' 'tweet' 'đến' 'vietnamairlines' 'tôi' 'rất' 'bực' 'vì' 'bị' 'mất'
 'hành' 'lý']","['Other' 'media_type' 'Other' 'business_name' 'Other' 'Other' 'Other'
 'Other' 'Other' 'Other' 'Other' 'Other']",47,social_post,social,6.24,48000,1,True,SVM_CLOSED_SET,TRAIN,,exp_svm_spk_0010
8272,dev/cc82a813d6acad520b75699c9aaa5b2f.wav,validation,TRAIN,vi-VN,6573b7471b56f7fc59a7df63,val_enrolled_spk_0001,Female,48,thêm cuộc họp sắp tới vào lịch của tôi,thêm [event_name : cuộc họp] sắp tới vào lịch của tôi,['thêm' 'cuộc' 'họp' 'sắp' 'tới' 'vào' 'lịch' 'của' 'tôi'],"['Other' 'event_name' 'event_name' 'Other' 'Other' 'Other' 'Other' 'Other'
 'Other']",50,calendar_set,calendar,3.06,48000,1,True,SVM_CLOSED_SET,TRAIN,,exp_svm_spk_0010
12587,dev/0220cccee568c1404495c472579c0748.wav,validation,TRAIN,vi-VN,6573b7471b56f7fc59a7df63,val_enrolled_spk_0001,Female,48,lịch tàu hỏa từ sài gòn đi hà nội là gì,lịch [transport_type : tàu] hỏa từ [place_name : sài gòn] đi [place_name : hà nội] là gì,['lịch' 'tàu' 'hỏa' 'từ' 'sài' 'gòn' 'đi' 'hà' 'nội' 'là' 'gì'],"['Other' 'transport_type' 'Other' 'Other' 'place_name' 'place_name'
 'Other' 'place_name' 'place_name' 'Other' 'Other']",42,transport_query,transport,4.32,48000,1,True,SVM_CLOSED_SET,TRAIN,,exp_svm_spk_0010
9287,dev/33b8e99b8d9309954c2a66a7f281466a.wav,validation,TRAIN,vi-VN,6573b7471b56f7fc59a7df63,val_enrolled_spk_0001,Female,48,bật đài phát thanh,bật đài phát thanh,['bật' 'đài' 'phát' 'thanh'],['Other' 'Other' 'Other' 'Other'],36,play_radio,play,1.2,48000,1,True,SVM_CLOSED_SET,TRAIN,,exp_svm_spk_0010
4301,dev/162264766b9276c8cede4371c0cb550f.wav,validation,TRAIN,vi-VN,6573b7471b56f7fc59a7df63,val_enrolled_spk_0001,Female,48,phát nhạc của cá hồi hoang,phát nhạc của [artist_name : cá hồi hoang],['phát' 'nhạc' 'của' 'cá' 'hồi' 'hoang'],['Other' 'Other' 'Other' 'artist_name' 'artist_name' 'artist_name'],45,play_music,play,3.3,48000,1,True,SVM_CLOSED_SET,TRAIN,,exp_svm_spk_0010
12368,dev/f275542217c3369dea2f20b89fcd8041.wav,validation,TRAIN,vi-VN,6573b7471b56f7fc59a7df63,val_enrolled_spk_0001,Female,48,tôi đến phan thiết bằng cách nào,tôi đến [place_name : phan thiết] bằng cách nào,['tôi' 'đến' 'phan' 'thiết' 'bằng' 'cách' 'nào'],['Other' 'Other' 'place_name' 'place_name' 'Other' 'Other' 'Other'],42,transport_query,transport,2.52,48000,1,True,SVM_CLOSED_SET,TRAIN,,exp_svm_spk_0010
4291,dev/c8550b98deecc8955779e62ce98aceca.wav,validation,TRAIN,vi-VN,6573b7471b56f7fc59a7df63,val_enrolled_spk_0001,Female,48,tôi sẽ mang dù để đi làm hôm nay hay không,tôi sẽ mang [weather_descriptor : dù] để đi làm [date : hôm nay] hay không,['tôi' 'sẽ' 'mang' 'dù' 'để' 'đi' 'làm' 'hôm' 'nay' 'hay' 'không'],"['Other' 'Other' 'Other' 'weather_descriptor' 'Other' 'Other' 'Other'
 'date' 'date' 'Other' 'Other']",13,weather_query,weather,3.84,48000,1,True,SVM_CLOSED_SET,TRAIN,,exp_svm_spk_0010
6540,dev/1cbe0b7afd6e21515e8a5ce367ace54f.wav,validation,TRAIN,vi-VN,6573b7471b56f7fc59a7df63,val_enrolled_spk_0001,Female,48,hôm nay cần được đánh dấu là cheat day của tôi,[date : hôm nay] cần được đánh dấu là [event_name : cheat day của tôi],['hôm' 'nay' 'cần' 'được' 'đánh' 'dấu' 'là' 'cheat' 'day' 'của' 'tôi'],"['date' 'date' 'Other' 'Other' 'Other' 'Other' 'Other' 'event_name'
 'event_name' 'event_name' 'event_name']",50,calendar_set,calendar,4.02,48000,1,True,SVM_CLOSED_SET,TRAIN,,exp_svm_spk_0010
9612,dev/38317cefd372022f192c369fbc5de39a.wav,validation,TRAIN,vi-VN,6573b7471b56f7fc59a7df63,val_enrolled_spk_0001,Female,48,đài nào phát nhạc hay buổi sáng này,đài nào phát nhạc hay [timeofday : buổi sáng] này,['đài' 'nào' 'phát' 'nhạc' 'hay' 'buổi' 'sáng' 'này'],['Other' 'Other' 'Other' 'Other' 'Other' 'timeofday' 'timeofday' 'Other'],36,play_radio,play,4.2,48000,1,True,SVM_CLOSED_SET,TRAIN,,exp_svm_spk_0010
2103,dev/28477783ed764929acbb1ba0523b9fa3.wav,validation,TRAIN,vi-VN,6573b7471b56f7fc59a7df63,val_enrolled_spk_0001,Female,48,mở danh sách phát đã phát lần trước của tôi,mở danh sách phát đã phát lần trước của tôi,['mở' 'danh' 'sách' 'phát' 'đã' 'phát' 'lần' 'trước' 'của' 'tôi'],"['Other' 'Other' 'Other' 'Other' 'Other' 'Other' 'Other' 'Other' 'Other'
 'Other']",45,play_music,play,3.9,48000,1,True,SVM_CLOSED_SET,TRAIN,,exp_svm_spk_0010
6513,dev/2afc5d33d279805237c270af3c33629d.wav,validation,TRAIN,vi-VN,6573b7471b56f7fc59a7df63,val_enrolled_spk_0001,Female,48,thời trang,thời trang,['thời' 'trang'],['Other' 'Other'],12,general_quirky,general,2.4,48000,1,True,SVM_CLOSED_SET,TRAIN,,exp_svm_spk_0010
2675,dev/234552324b706b0e901f3ca6c30bb7b2.wav,validation,TRAIN,vi-VN,6573b7471b56f7fc59a7df63,val_enrolled_spk_0001,Female,48,mở danh sách phát,mở danh sách phát,['mở' 'danh' 'sách' 'phát'],['Other' 'Other' 'Other' 'Other'],45,play_music,play,4.2,48000,1,True,SVM_CLOSED_SET,TRAIN,,exp_svm_spk_0010
11503,dev/c32d02fab354694bb8c5f6e7991b786e.wav,validation,TRAIN,vi-VN,6573b7471b56f7fc59a7df63,val_enrolled_spk_0001,Female,48,nút tua lại,nút [player_setting : tua lại],['nút' 'tua' 'lại'],['Other' 'player_setting' 'player_setting'],58,play_podcasts,play,2.4,48000,1,True,SVM_CLOSED_SET,TRAIN,,exp_svm_spk_0010
6420,dev/5f66f18566e4475380d6867ba67e7504.wav,validation,TRAIN,vi-VN,6573b7471b56f7fc59a7df63,val_enrolled_spk_0001,Female,48,sự thật thú vị,sự thật thú vị,['sự' 'thật' 'thú' 'vị'],['Other' 'Other' 'Other' 'Other'],12,general_quirky,general,2.58,48000,1,True,SVM_CLOSED_SET,TRAIN,,exp_svm_spk_0010
8890,dev/f25048ca04279ba6e5955c70d59ca43d.wav,validation,TRAIN,vi-VN,6573b7471b56f7fc59a7df63,val_enrolled_spk_0001,Female,48,đặt lời nhắc,đặt lời nhắc,['đặt' 'lời' 'nhắc'],['Other' 'Other' 'Other'],50,calendar_set,calendar,2.64,48000,1,True,SVM_CLOSED_SET,TRAIN,,exp_svm_spk_0010
12260,dev/f3eaa4d7230a676d7204d2d20ad7ea06.wav,validation,TRAIN,vi-VN,6573b7471b56f7fc59a7df63,val_enrolled_spk_0001,Female,48,đặt cho tôi một vé tàu thống nhất đế hà nội vào thứ năm tuần tới càng muộn càng tốt,đặt cho tôi một vé tàu thống nhất đế [place_name : hà nội] vào [date : thứ năm] tuần tới càng muộn càng tốt,"['đặt' 'cho' 'tôi' 'một' 'vé' 'tàu' 'thống' 'nhất' 'đế' 'hà' 'nội' 'vào'
 'thứ' 'năm' 'tuần' 'tới' 'càng' 'muộn' 'càng' 'tốt']","['Other' 'Other' 'Other' 'Other' 'Other' 'Other' 'Other' 'Other' 'Other'
 'place_name' 'place_name' 'Other' 'date' 'date' 'Other' 'Other' 'Other'
 'Other' 'Other' 'Other']",42,transport_query,transport,9.0,48000,1,True,SVM_CLOSED_SET,TRAIN,,exp_svm_spk_0010
16543,dev/b98654892f1790b218ded513f6d8e4ea.wav,validation,TRAIN,vi-VN,6573b7471b56f7fc59a7df63,val_enrolled_spk_0001,Female,48,olly làm ơn kiểm tra xem tôi có nhận được bất kỳ thư điện tử nào từ mẹ không,olly làm ơn kiểm tra xem tôi có nhận được bất kỳ thư điện tử nào từ [relation : mẹ] không,"['olly' 'làm' 'ơn' 'kiểm' 'tra' 'xem' 'tôi' 'có' 'nhận' 'được' 'bất' 'kỳ'
 'thư' 'điện' 'tử' 'nào' 'từ' 'mẹ' 'không']","['Other' 'Other' 'Other' 'Other' 'Other' 'Other' 'Other' 'Other' 'Other'
 'Other' 'Other' 'Other' 'Other' 'Other' 'Other' 'Other' 'Other'
 'relation' 'Other']",44,email_query,email,7.26,48000,1,True,SVM_CLOSED_SET,TRAIN,,exp_svm_spk_0010
13280,dev/63b20e110c039ae3faa7d204357908fd.wav,validation,TRAIN,vi-VN,6573b7471b56f7fc59a7df63,val_enrolled_spk_0001,Female,48,với tất cả thông tin bạn có thể thu thập trên internet bạn có thể vui lòng cung cấp cho tôi lời giải thích có thể xảy ra nhất về kẻ đã giết tổng thống kennedy không,với tất cả thông tin bạn có thể thu thập trên internet bạn có thể vui lòng cung cấp cho tôi lời giải thích có thể xảy ra nhất về kẻ đã giết tổng thống kennedy không,"['với' 'tất' 'cả' 'thông' 'tin' 'bạn' 'có' 'thể' 'thu' 'thập' 'trên'
 'internet' 'bạn' 'có' 'thể' 'vui' 'lòng' 'cung' 'cấp' 'cho' 'tôi' 'lời'
 'giải' 'thích' 'có' 'thể' 'xảy' 'ra' 'nhất' 'về' 'kẻ' 'đã' 'giết' 'tổng'
 'thống' 'kennedy' 'không']","['Other' 'Other' 'Other' 'Other' 'Other' 'Other' 'Other' 'Other' 'Other'
 'Other' 'Other' 'Other' 'Other' 'Other' 'Other' 'Other' 'Other' 'Other'
 'Other' 'Other' 'Other' 'Other' 'Other' 'Other' 'Other' 'Other' 'Other'
 'Other' 'Other' 'Other' 'Other' 'Other' 'Other' 'Other' 'Other' 'Other'
 'Other']",49,qa_factoid,qa,13.5,48000,1,True,SVM_CLOSED_SET,TRAIN,,exp_svm_spk_0010
10152,dev/02d292a63477465eb6baf962640fcc84.wav,validation,TRAIN,vi-VN,6573b7471b56f7fc59a7df63,val_enrolled_spk_0001,Female,48,lấy công thức làm bánh hotdog,lấy công thức làm bánh [food_type : hotdog],['lấy' 'công' 'thức' 'làm' 'bánh' 'hotdog'],['Other' 'Other' 'Other' 'Other' 'Other' 'food_type'],9,cooking_recipe,cooking,3.3,48000,1,True,SVM_CLOSED_SET,TRAIN,,exp_svm_spk_0010
3652,dev/b7d9dde62f023337858fecf9f66d244f.wav,validation,TRAIN,vi-VN,6573b7471b56f7fc59a7df63,val_enrolled_spk_0001,Female,48,bây giờ là mấy giờ ở vĩnh long,bây giờ là mấy giờ ở [place_name : vĩnh long],['bây' 'giờ' 'là' 'mấy' 'giờ' 'ở' 'vĩnh' 'long'],['Other' 'Other' 'Other' 'Other' 'Other' 'Other' 'place_name' 'place_name'],0,datetime_query,datetime,3.18,48000,1,True,SVM_CLOSED_SET,TRAIN,,exp_svm_spk_0010
10169,dev/023a1afde9c18f3fe201842cb26cc987.wav,validation,TRAIN,vi-VN,6573b7471b56f7fc59a7df63,val_enrolled_spk_0001,Female,48,công thức,công thức,['công' 'thức'],['Other' 'Other'],9,cooking_recipe,cooking,1.74,48000,1,True,SVM_CLOSED_SET,TRAIN,,exp_svm_spk_0010
1272,dev/ce375e9e19845919c4e2a615114622aa.wav,validation,TRAIN,vi-VN,6573b7471b56f7fc59a7df63,val_enrolled_spk_0001,Female,48,ngày năm tháng mười hai là ngày nào,[date : ngày năm tháng mười hai] là ngày nào,['ngày' 'năm' 'tháng' 'mười' 'hai' 'là' 'ngày' 'nào'],['date' 'date' 'date' 'date' 'date' 'Other' 'Other' 'Other'],0,datetime_query,datetime,5.4,48000,1,True,SVM_CLOSED_SET,TRAIN,,exp_svm_spk_0010
2936,dev/fee81273ef4fca77ccd2d68a1221f8ff.wav,validation,TRAIN,vi-VN,6573b7471b56f7fc59a7df63,val_enrolled_spk_0001,Female,48,mở danh sách phát thứ hai,mở [playlist_name : danh sách phát thứ hai],['mở' 'danh' 'sách' 'phát' 'thứ' 'hai'],"['Other' 'playlist_name' 'playlist_name' 'playlist_name' 'playlist_name'
 'playlist_name']",45,play_music,play,1.5,48000,1,True,SVM_CLOSED_SET,TRAIN,,exp_svm_spk_0010
7505,dev/0c1b0eaeb114788161ded7d1ea55a7d1.wav,validation,TRAIN,vi-VN,6573b7471b56f7fc59a7df63,val_enrolled_spk_0001,Female,48,các sự kiện sắp tới,các sự kiện [time : sắp tới],['các' 'sự' 'kiện' 'sắp' 'tới'],['Other' 'Other' 'Other' 'time' 'time'],32,calendar_query,calendar,3.24,48000,1,True,SVM_CLOSED_SET,TRAIN,,exp_svm_spk_0010
885,dev/d540f5ee18fa17651a224f9e9ed82a94.wav,validation,TRAIN,vi-VN,6573b7471b56f7fc59a7df63,val_enrolled_spk_0001,Female,48,báo thức cài lúc tám giờ sáng,báo thức cài lúc [time : tám giờ sáng],['báo' 'thức' 'cài' 'lúc' 'tám' 'giờ' 'sáng'],['Other' 'Other' 'Other' 'Other' 'time' 'time' 'time'],48,alarm_set,alarm,3.18,48000,1,True,SVM_CLOSED_SET,TRAIN,,exp_svm_spk_0010
2417,dev/5a301e14a47956b186d69f0556ec0b33.wav,validation,TRAIN,vi-VN,6573b7471b56f7fc59a7df63,val_enrolled_spk_0001,Female,48,xáo trộn các bài hát trong album này,[player_setting : xáo trộn] các bài hát trong album này,['xáo' 'trộn' 'các' 'bài' 'hát' 'trong' 'album' 'này'],"['player_setting' 'player_setting' 'Other' 'Other' 'Other' 'Other' 'Other'
 'Other']",28,music_settings,music,3.12,48000,1,True,SVM_CLOSED_SET,TRAIN,,exp_svm_spk_0010
10457,dev/281044aab0695e36c8e776b69b6bed92.wav,validation,TRAIN,vi-VN,6573b7471b56f7fc59a7df63,val_enrolled_spk_0001,Female,48,thêm vodka vào danh sách mua sắm cho tiệc của tôi,thêm vodka vào danh sách [list_name : mua sắm cho tiệc] của tôi,['thêm' 'vodka' 'vào' 'danh' 'sách' 'mua' 'sắm' 'cho' 'tiệc' 'của' 'tôi'],"['Other' 'Other' 'Other' 'Other' 'Other' 'list_name' 'list_name'
 'list_name' 'list_name' 'Other' 'Other']",59,lists_query,lists,3.9,48000,1,True,SVM_CLOSED_SET,TRAIN,,exp_svm_spk_0010
312,dev/3bfec2fe9e1ff25dd78d552a8c1a7d1c.wav,validation,TRAIN,vi-VN,6573b7471b56f7fc59a7df63,val_enrolled_spk_0001,Female,48,ở đây quá tối,ở đây quá tối,['ở' 'đây' 'quá' 'tối'],['Other' 'Other' 'Other' 'Other'],41,iot_hue_lighton,iot,3.0,48000,1,True,SVM_CLOSED_SET,TRAIN,,exp_svm_spk_0010
15017,dev/25a5cc2a60e0e94dc6301fa7ba90f01e.wav,validation,TRAIN,vi-VN,6573b7471b56f7fc59a7df63,val_enrolled_spk_0001,Female,48,cho tôi biết bộ phim nào đang chiếu tại rạp tối nay,cho tôi biết bộ phim nào đang chiếu tại rạp [timeofday : tối nay],"['cho' 'tôi' 'biết' 'bộ' 'phim' 'nào' 'đang' 'chiếu' 'tại' 'rạp' 'tối'
 'nay']","['Other' 'Other' 'Other' 'Other' 'Other' 'Other' 'Other' 'Other' 'Other'
 'Other' 'timeofday' 'timeofday']",55,recommendation_movies,recommendation,6.24,48000,1,True,SVM_CLOSED_SET,TRAIN,,exp_svm_spk_0010
10614,dev/a0025228923595740abb629196f391bc.wav,validation,TRAIN,vi-VN,6573b7471b56f7fc59a7df63,val_enrolled_spk_0001,Female,48,danh sách không nên bao gồm tất cả mặt hàng thực phẩm khô,danh sách không nên bao gồm tất cả mặt hàng thực phẩm khô,"['danh' 'sách' 'không' 'nên' 'bao' 'gồm' 'tất' 'cả' 'mặt' 'hàng' 'thực'
 'phẩm' 'khô']","['Other' 'Other' 'Other' 'Other' 'Other' 'Other' 'Other' 'Other' 'Other'
 'Other' 'Other' 'Other' 'Other']",53,lists_remove,lists,4.56,48000,1,True,SVM_CLOSED_SET,TRAIN,,exp_svm_spk_0010
3287,dev/1b0ea210353315a6285afec91ff8a18f.wav,validation,TRAIN,vi-VN,6573b7471b56f7fc59a7df63,val_enrolled_spk_0001,Female,48,bây giờ là mấy giờ ở bến tre,bây giờ là mấy giờ ở [place_name : bến tre],['bây' 'giờ' 'là' 'mấy' 'giờ' 'ở' 'bến' 'tre'],['Other' 'Other' 'Other' 'Other' 'Other' 'Other' 'place_name' 'place_name'],0,datetime_query,datetime,2.34,48000,1,True,SVM_CLOSED_SET,TRAIN,,exp_svm_spk_0010
9489,dev/04583c74bae44b779b7563e640c09845.wav,validation,TRAIN,vi-VN,6573b7471b56f7fc59a7df63,val_enrolled_spk_0001,Female,48,phát chương trình âm nhạc trên rađiô,phát chương trình âm nhạc trên rađiô,['phát' 'chương' 'trình' 'âm' 'nhạc' 'trên' 'rađiô'],['Other' 'Other' 'Other' 'Other' 'Other' 'Other' 'Other'],36,play_radio,play,2.94,48000,1,True,SVM_CLOSED_SET,TRAIN,,exp_svm_spk_0010
4840,dev/97abfad4f61c1f14277716e7ddb9b569.wav,validation,TRAIN,vi-VN,6573b7471b56f7fc59a7df63,val_enrolled_spk_0001,Female,48,phát người hãy quên em đi bởi mỹ tâm,phát [song_name : người hãy quên em đi] bởi [artist_name : mỹ tâm],['phát' 'người' 'hãy' 'quên' 'em' 'đi' 'bởi' 'mỹ' 'tâm'],"['Other' 'song_name' 'song_name' 'song_name' 'song_name' 'song_name'
 'Other' 'artist_name' 'artist_name']",45,play_music,play,3.96,48000,1,True,SVM_CLOSED_SET,TRAIN,,exp_svm_spk_0010
2421,dev/eff20b1c5654c8df479cd3defdcba53b.wav,validation,TRAIN,vi-VN,6573b7471b56f7fc59a7df63,val_enrolled_spk_0001,Female,48,có tin tức gì trên báo mới vậy,có tin tức gì trên [media_type : báo mới] vậy,['có' 'tin' 'tức' 'gì' 'trên' 'báo' 'mới' 'vậy'],['Other' 'Other' 'Other' 'Other' 'Other' 'media_type' 'media_type' 'Other'],22,news_query,news,2.88,48000,1,True,SVM_CLOSED_SET,TRAIN,,exp_svm_spk_0010
2991,dev/a3ccbedc04fe37ae0177fba047f41608.wav,validation,TRAIN,vi-VN,6573b7471b56f7fc59a7df63,val_enrolled_spk_0001,Female,48,tin tức thịnh hành về công nghệ,tin tức thịnh hành về [news_topic : công nghệ],['tin' 'tức' 'thịnh' 'hành' 'về' 'công' 'nghệ'],['Other' 'Other' 'Other' 'Other' 'Other' 'news_topic' 'news_topic'],22,news_query,news,3.36,48000,1,True,SVM_CLOSED_SET,TRAIN,,exp_svm_spk_0010
4979,dev/579317e21175acd0a3861a6605104d28.wav,validation,TRAIN,vi-VN,6573b7471b56f7fc59a7df63,val_enrolled_spk_0001,Female,48,làm ơn nói nhỏ lại chút,làm ơn nói nhỏ lại chút,['làm' 'ơn' 'nói' 'nhỏ' 'lại' 'chút'],['Other' 'Other' 'Other' 'Other' 'Other' 'Other'],35,audio_volume_down,audio,3.36,48000,1,True,SVM_CLOSED_SET,TRAIN,,exp_svm_spk_0010
3394,dev/29f48a12fb2ed4d8f8ec8c9366dbf252.wav,validation,TRAIN,vi-VN,6573b7471b56f7fc59a7df63,val_enrolled_spk_0001,Female,48,vui lòng bật ổ cắm thông minh,vui lòng bật [device_type : ổ cắm thông minh],['vui' 'lòng' 'bật' 'ổ' 'cắm' 'thông' 'minh'],"['Other' 'Other' 'Other' 'device_type' 'device_type' 'device_type'
 'device_type']",24,iot_wemo_on,iot,1.74,48000,1,True,SVM_CLOSED_SET,TRAIN,,exp_svm_spk_0010
11729,dev/d5873ac745b74b5c17f181120e195d8b.wav,validation,TRAIN,vi-VN,6573b7471b56f7fc59a7df63,val_enrolled_spk_0001,Female,48,lập một danh sách việc cần làm khi thăm vườn quốc gia cúc phương,lập một danh sách việc cần làm khi thăm [place_name : vườn quốc gia cúc phương],"['lập' 'một' 'danh' 'sách' 'việc' 'cần' 'làm' 'khi' 'thăm' 'vườn' 'quốc'
 'gia' 'cúc' 'phương']","['Other' 'Other' 'Other' 'Other' 'Other' 'Other' 'Other' 'Other' 'Other'
 'place_name' 'place_name' 'place_name' 'place_name' 'place_name']",6,recommendation_events,recommendation,6.36,48000,1,True,SVM_CLOSED_SET,TRAIN,,exp_svm_spk_0010
2227,dev/e2f3373084af43bcd1a3574f11d602d9.wav,validation,TRAIN,vi-VN,6573b7471b56f7fc59a7df63,val_enrolled_spk_0001,Female,48,vui lòng chuyển đổi chín giờ sáng giờ c. s. t. sang giờ e. s. t.,vui lòng chuyển đổi [time : chín giờ sáng] giờ [place_name : c. s. t.] sang giờ [place_name : e. s. t.],"['vui' 'lòng' 'chuyển' 'đổi' 'chín' 'giờ' 'sáng' 'giờ' 'c.' 's.' 't.'
 'sang' 'giờ' 'e.' 's.' 't.']","['Other' 'Other' 'Other' 'Other' 'time' 'time' 'time' 'Other' 'place_name'
 'place_name' 'place_name' 'Other' 'Other' 'place_name' 'place_name'
 'place_name']",38,datetime_convert,datetime,7.86,48000,1,True,SVM_CLOSED_SET,TRAIN,,exp_svm_spk_0010
14078,dev/b3ce8924f84b8dbc8a542dbd58c1aaed.wav,validation,TRAIN,vi-VN,6573b7471b56f7fc59a7df63,val_enrolled_spk_0001,Female,48,tam giác quỷ burmuda là gì,tam giác quỷ burmuda là gì,['tam' 'giác' 'quỷ' 'burmuda' 'là' 'gì'],['Other' 'Other' 'Other' 'Other' 'Other' 'Other'],49,qa_factoid,qa,3.36,48000,1,True,SVM_CLOSED_SET,TRAIN,,exp_svm_spk_0010
